timestamp,value,date,hour,weekday
2024-12-10 19:00:00+00:00,48.73,2024-12-10,19,1
2024-12-10 20:00:00+00:00,48.49,2024-12-10,20,1
2024-12-10 21:00:00+00:00,47.2,2024-12-10,21,1
2024-12-10 22:00:00+00:00,46.32,2024-12-10,22,1
2024-12-10 23:00:00+00:00,46.01,2024-12-10,23,1
2024-12-11 00:00:00+00:00,45.97,2024-12-11,0,2
2024-12-11 01:00:00+00:00,46.19,2024-12-11,1,2
2024-12-11 02:00:00+00:00,46.59,2024-12-11,2,2
2024-12-11 03:00:00+00:00,46.74,2024-12-11,3,2
2024-12-11 04:00:00+00:00,46.93,2024-12-11,4,2
2024-12-11 05:00:00+00:00,47.12,2024-12-11,5,2
2024-12-11 06:00:00+00:00,47.1,2024-12-11,6,2
2024-12-11 07:00:00+00:00,50.25,2024-12-11,7,2
2024-12-11 08:00:00+00:00,55.7,2024-12-11,8,2
2024-12-11 09:00:00+00:00,56.07,2024-12-11,9,2
2024-12-11 10:00:00+00:00,52.45,2024-12-11,10,2
2024-12-11 11:00:00+00:00,48.71,2024-12-11,11,2
2024-12-11 12:00:00+00:00,47.75,2024-12-11,12,2
2024-12-11 13:00:00+00:00,42.93,2024-12-11,13,2
2024-12-11 14:00:00+00:00,42.85,2024-12-11,14,2
2024-12-11 15:00:00+00:00,44.95,2024-12-11,15,2
2024-12-11 16:00:00+00:00,45.17,2024-12-11,16,2
2024-12-11 17:00:00+00:00,44.72,2024-12-11,17,2
2024-12-11 18:00:00+00:00,45.33,2024-12-11,18,2
2024-12-11 19:00:00+00:00,48.09,2024-12-11,19,2
2024-12-11 20:00:00+00:00,47.99,2024-12-11,20,2
2024-12-11 21:00:00+00:00,46.83,2024-12-11,21,2
2024-12-11 22:00:00+00:00,46.46,2024-12-11,22,2
2024-12-11 23:00:00+00:00,46.4,2024-12-11,23,2
2024-12-12 00:00:00+00:00,45.81,2024-12-12,0,3
2024-12-12 01:00:00+00:00,45.64,2024-12-12,1,3
2024-12-12 02:00:00+00:00,46.09,2024-12-12,2,3
2024-12-12 03:00:00+00:00,46.0,2024-12-12,3,3
2024-12-12 04:00:00+00:00,45.89,2024-12-12,4,3
2024-12-12 05:00:00+00:00,45.41,2024-12-12,5,3
2024-12-12 06:00:00+00:00,45.15,2024-12-12,6,3
2024-12-12 07:00:00+00:00,47.22,2024-12-12,7,3
2024-12-12 08:00:00+00:00,48.92,2024-12-12,8,3
2024-12-12 09:00:00+00:00,45.65,2024-12-12,9,3
2024-12-12 10:00:00+00:00,46.7,2024-12-12,10,3
2024-12-12 11:00:00+00:00,48.1,2024-12-12,11,3
2024-12-12 12:00:00+00:00,49.42,2024-12-12,12,3
2024-12-12 13:00:00+00:00,50.95,2024-12-12,13,3
2024-12-12 14:00:00+00:00,48.81,2024-12-12,14,3
2024-12-12 15:00:00+00:00,49.47,2024-12-12,15,3
2024-12-12 16:00:00+00:00,49.0,2024-12-12,16,3
2024-12-12 17:00:00+00:00,50.41,2024-12-12,17,3
2024-12-12 18:00:00+00:00,50.86,2024-12-12,18,3
2024-12-12 19:00:00+00:00,50.12,2024-12-12,19,3
2024-12-12 20:00:00+00:00,49.48,2024-12-12,20,3
2024-12-12 21:00:00+00:00,49.76,2024-12-12,21,3
2024-12-12 22:00:00+00:00,49.85,2024-12-12,22,3
2024-12-12 23:00:00+00:00,49.76,2024-12-12,23,3
2024-12-13 00:00:00+00:00,49.8,2024-12-13,0,4
2024-12-13 01:00:00+00:00,49.98,2024-12-13,1,4
2024-12-13 02:00:00+00:00,49.91,2024-12-13,2,4
2024-12-13 03:00:00+00:00,50.12,2024-12-13,3,4
2024-12-13 04:00:00+00:00,49.97,2024-12-13,4,4
2024-12-13 05:00:00+00:00,49.53,2024-12-13,5,4
2024-12-13 06:00:00+00:00,49.14,2024-12-13,6,4
2024-12-13 07:00:00+00:00,50.32,2024-12-13,7,4
2024-12-13 08:00:00+00:00,49.89,2024-12-13,8,4
2024-12-13 09:00:00+00:00,49.66,2024-12-13,9,4
2024-12-13 10:00:00+00:00,49.48,2024-12-13,10,4
2024-12-13 11:00:00+00:00,49.88,2024-12-13,11,4
2024-12-13 12:00:00+00:00,50.4,2024-12-13,12,4
2024-12-13 13:00:00+00:00,50.28,2024-12-13,13,4
2024-12-13 14:00:00+00:00,50.57,2024-12-13,14,4
2024-12-13 15:00:00+00:00,50.85,2024-12-13,15,4
2024-12-13 16:00:00+00:00,51.26,2024-12-13,16,4
2024-12-13 17:00:00+00:00,51.78,2024-12-13,17,4
2024-12-13 18:00:00+00:00,52.3,2024-12-13,18,4
2024-12-13 19:00:00+00:00,52.62,2024-12-13,19,4
2024-12-13 20:00:00+00:00,52.62,2024-12-13,20,4
2024-12-13 21:00:00+00:00,52.78,2024-12-13,21,4
2024-12-13 22:00:00+00:00,53.14,2024-12-13,22,4
2024-12-13 23:00:00+00:00,52.76,2024-12-13,23,4
2024-12-14 00:00:00+00:00,52.34,2024-12-14,0,5
2024-12-14 01:00:00+00:00,51.74,2024-12-14,1,5
2024-12-14 02:00:00+00:00,50.94,2024-12-14,2,5
2024-12-14 03:00:00+00:00,50.08,2024-12-14,3,5
2024-12-14 04:00:00+00:00,49.46,2024-12-14,4,5
2024-12-14 05:00:00+00:00,49.5,2024-12-14,5,5
2024-12-14 06:00:00+00:00,49.15,2024-12-14,6,5
2024-12-14 07:00:00+00:00,48.29,2024-12-14,7,5
2024-12-14 08:00:00+00:00,48.51,2024-12-14,8,5
2024-12-14 09:00:00+00:00,47.84,2024-12-14,9,5
2024-12-14 10:00:00+00:00,47.2,2024-12-14,10,5
2024-12-14 11:00:00+00:00,45.71,2024-12-14,11,5
2024-12-14 12:00:00+00:00,44.69,2024-12-14,12,5
2024-12-14 13:00:00+00:00,44.2,2024-12-14,13,5
2024-12-14 14:00:00+00:00,43.69,2024-12-14,14,5
2024-12-14 15:00:00+00:00,43.43,2024-12-14,15,5
2024-12-14 16:00:00+00:00,43.53,2024-12-14,16,5
2024-12-14 17:00:00+00:00,43.87,2024-12-14,17,5
2024-12-14 18:00:00+00:00,44.31,2024-12-14,18,5
2024-12-14 19:00:00+00:00,44.76,2024-12-14,19,5
2024-12-14 20:00:00+00:00,45.05,2024-12-14,20,5
2024-12-14 21:00:00+00:00,45.43,2024-12-14,21,5
2024-12-14 22:00:00+00:00,45.28,2024-12-14,22,5
2024-12-14 23:00:00+00:00,44.89,2024-12-14,23,5
2024-12-15 00:00:00+00:00,44.57,2024-12-15,0,6
2024-12-15 01:00:00+00:00,44.16,2024-12-15,1,6
2024-12-15 02:00:00+00:00,44.06,2024-12-15,2,6
2024-12-15 03:00:00+00:00,43.8,2024-12-15,3,6
2024-12-15 04:00:00+00:00,43.84,2024-12-15,4,6
2024-12-15 05:00:00+00:00,43.71,2024-12-15,5,6
2024-12-15 06:00:00+00:00,43.65,2024-12-15,6,6
2024-12-15 07:00:00+00:00,43.37,2024-12-15,7,6
2024-12-15 08:00:00+00:00,43.57,2024-12-15,8,6
2024-12-15 09:00:00+00:00,43.68,2024-12-15,9,6
2024-12-15 10:00:00+00:00,43.81,2024-12-15,10,6
2024-12-15 11:00:00+00:00,43.66,2024-12-15,11,6
2024-12-15 12:00:00+00:00,42.92,2024-12-15,12,6
2024-12-15 13:00:00+00:00,42.72,2024-12-15,13,6
2024-12-15 14:00:00+00:00,43.12,2024-12-15,14,6
2024-12-15 15:00:00+00:00,43.52,2024-12-15,15,6
2024-12-15 16:00:00+00:00,43.9,2024-12-15,16,6
2024-12-15 17:00:00+00:00,44.19,2024-12-15,17,6
2024-12-15 18:00:00+00:00,44.57,2024-12-15,18,6
2024-12-15 19:00:00+00:00,45.01,2024-12-15,19,6
2024-12-15 20:00:00+00:00,45.32,2024-12-15,20,6
2024-12-15 21:00:00+00:00,45.64,2024-12-15,21,6
2024-12-15 22:00:00+00:00,45.69,2024-12-15,22,6
2024-12-15 23:00:00+00:00,45.85,2024-12-15,23,6
2024-12-16 00:00:00+00:00,45.81,2024-12-16,0,0
2024-12-16 01:00:00+00:00,45.66,2024-12-16,1,0
2024-12-16 02:00:00+00:00,45.56,2024-12-16,2,0
2024-12-16 03:00:00+00:00,45.34,2024-12-16,3,0
2024-12-16 04:00:00+00:00,45.23,2024-12-16,4,0
2024-12-16 05:00:00+00:00,44.75,2024-12-16,5,0
2024-12-16 06:00:00+00:00,44.53,2024-12-16,6,0
2024-12-16 07:00:00+00:00,45.8,2024-12-16,7,0
2024-12-16 08:00:00+00:00,47.96,2024-12-16,8,0
2024-12-16 09:00:00+00:00,51.39,2024-12-16,9,0
2024-12-16 10:00:00+00:00,53.22,2024-12-16,10,0
2024-12-16 11:00:00+00:00,52.84,2024-12-16,11,0
2024-12-16 12:00:00+00:00,52.62,2024-12-16,12,0
2024-12-16 13:00:00+00:00,53.63,2024-12-16,13,0
2024-12-16 14:00:00+00:00,52.67,2024-12-16,14,0
2024-12-16 15:00:00+00:00,52.6,2024-12-16,15,0
2024-12-16 16:00:00+00:00,51.47,2024-12-16,16,0
2024-12-16 17:00:00+00:00,51.56,2024-12-16,17,0
2024-12-16 18:00:00+00:00,51.47,2024-12-16,18,0
2024-12-16 19:00:00+00:00,54.45,2024-12-16,19,0
2024-12-16 20:00:00+00:00,55.6,2024-12-16,20,0
2024-12-16 21:00:00+00:00,55.7,2024-12-16,21,0
2024-12-16 22:00:00+00:00,54.85,2024-12-16,22,0
2024-12-16 23:00:00+00:00,54.54,2024-12-16,23,0
2024-12-17 00:00:00+00:00,54.12,2024-12-17,0,1
2024-12-17 01:00:00+00:00,53.58,2024-12-17,1,1
2024-12-17 02:00:00+00:00,52.84,2024-12-17,2,1
2024-12-17 03:00:00+00:00,51.68,2024-12-17,3,1
2024-12-17 04:00:00+00:00,51.24,2024-12-17,4,1
2024-12-17 05:00:00+00:00,50.89,2024-12-17,5,1
2024-12-17 06:00:00+00:00,49.25,2024-12-17,6,1
2024-12-17 07:00:00+00:00,50.32,2024-12-17,7,1
2024-12-17 08:00:00+00:00,54.29,2024-12-17,8,1
2024-12-17 09:00:00+00:00,54.09,2024-12-17,9,1
2024-12-17 10:00:00+00:00,50.69,2024-12-17,10,1
2024-12-17 11:00:00+00:00,51.63,2024-12-17,11,1
2024-12-17 12:00:00+00:00,50.62,2024-12-17,12,1
2024-12-17 13:00:00+00:00,50.54,2024-12-17,13,1
2024-12-17 14:00:00+00:00,51.06,2024-12-17,14,1
2024-12-17 15:00:00+00:00,49.9,2024-12-17,15,1
2024-12-17 16:00:00+00:00,51.75,2024-12-17,16,1
2024-12-17 17:00:00+00:00,51.63,2024-12-17,17,1
2024-12-17 18:00:00+00:00,50.31,2024-12-17,18,1
2024-12-17 19:00:00+00:00,48.63,2024-12-17,19,1
2024-12-17 20:00:00+00:00,48.42,2024-12-17,20,1
2024-12-17 21:00:00+00:00,50.39,2024-12-17,21,1
2024-12-17 22:00:00+00:00,51.28,2024-12-17,22,1
2024-12-17 23:00:00+00:00,50.89,2024-12-17,23,1
2024-12-18 00:00:00+00:00,50.49,2024-12-18,0,2
2024-12-18 01:00:00+00:00,50.77,2024-12-18,1,2
2024-12-18 02:00:00+00:00,50.49,2024-12-18,2,2
2024-12-18 03:00:00+00:00,49.8,2024-12-18,3,2
2024-12-18 04:00:00+00:00,49.58,2024-12-18,4,2
2024-12-18 05:00:00+00:00,49.05,2024-12-18,5,2
2024-12-18 06:00:00+00:00,48.6,2024-12-18,6,2
2024-12-18 07:00:00+00:00,48.84,2024-12-18,7,2
2024-12-18 08:00:00+00:00,53.39,2024-12-18,8,2
2024-12-18 09:00:00+00:00,54.76,2024-12-18,9,2
2024-12-18 10:00:00+00:00,52.85,2024-12-18,10,2
2024-12-18 11:00:00+00:00,53.71,2024-12-18,11,2
2024-12-18 12:00:00+00:00,49.24,2024-12-18,12,2
2024-12-18 13:00:00+00:00,42.72,2024-12-18,13,2
2024-12-18 14:00:00+00:00,41.09,2024-12-18,14,2
2024-12-18 15:00:00+00:00,44.57,2024-12-18,15,2
2024-12-18 16:00:00+00:00,50.97,2024-12-18,16,2
2024-12-18 17:00:00+00:00,53.59,2024-12-18,17,2
2024-12-18 18:00:00+00:00,52.96,2024-12-18,18,2
2024-12-18 19:00:00+00:00,51.63,2024-12-18,19,2
2024-12-18 20:00:00+00:00,51.29,2024-12-18,20,2
2024-12-18 21:00:00+00:00,51.14,2024-12-18,21,2
2024-12-18 22:00:00+00:00,50.54,2024-12-18,22,2
2024-12-18 23:00:00+00:00,47.62,2024-12-18,23,2
2024-12-19 00:00:00+00:00,44.37,2024-12-19,0,3
2024-12-19 01:00:00+00:00,43.24,2024-12-19,1,3
2024-12-19 02:00:00+00:00,42.99,2024-12-19,2,3
2024-12-19 03:00:00+00:00,41.47,2024-12-19,3,3
2024-12-19 04:00:00+00:00,40.24,2024-12-19,4,3
2024-12-19 05:00:00+00:00,38.75,2024-12-19,5,3
2024-12-19 06:00:00+00:00,38.57,2024-12-19,6,3
2024-12-19 07:00:00+00:00,38.71,2024-12-19,7,3
2024-12-19 08:00:00+00:00,39.03,2024-12-19,8,3
2024-12-19 09:00:00+00:00,41.0,2024-12-19,9,3
2024-12-19 10:00:00+00:00,43.66,2024-12-19,10,3
2024-12-19 11:00:00+00:00,43.99,2024-12-19,11,3
2024-12-19 12:00:00+00:00,43.72,2024-12-19,12,3
2024-12-19 13:00:00+00:00,44.79,2024-12-19,13,3
2024-12-19 14:00:00+00:00,45.23,2024-12-19,14,3
2024-12-19 15:00:00+00:00,43.97,2024-12-19,15,3
2024-12-19 16:00:00+00:00,43.46,2024-12-19,16,3
2024-12-19 17:00:00+00:00,43.16,2024-12-19,17,3
2024-12-19 18:00:00+00:00,46.0,2024-12-19,18,3
2024-12-19 19:00:00+00:00,49.23,2024-12-19,19,3
2024-12-19 20:00:00+00:00,49.55,2024-12-19,20,3
2024-12-19 21:00:00+00:00,48.59,2024-12-19,21,3
2024-12-19 22:00:00+00:00,46.82,2024-12-19,22,3
2024-12-19 23:00:00+00:00,45.52,2024-12-19,23,3
2024-12-20 00:00:00+00:00,44.51,2024-12-20,0,4
2024-12-20 01:00:00+00:00,42.82,2024-12-20,1,4
2024-12-20 02:00:00+00:00,42.3,2024-12-20,2,4
2024-12-20 03:00:00+00:00,41.5,2024-12-20,3,4
2024-12-20 04:00:00+00:00,41.11,2024-12-20,4,4
2024-12-20 05:00:00+00:00,40.59,2024-12-20,5,4
2024-12-20 06:00:00+00:00,39.89,2024-12-20,6,4
2024-12-20 07:00:00+00:00,39.03,2024-12-20,7,4
2024-12-20 08:00:00+00:00,39.74,2024-12-20,8,4
2024-12-20 09:00:00+00:00,39.21,2024-12-20,9,4
2024-12-20 10:00:00+00:00,37.65,2024-12-20,10,4
2024-12-20 11:00:00+00:00,43.88,2024-12-20,11,4
2024-12-20 12:00:00+00:00,42.34,2024-12-20,12,4
2024-12-20 13:00:00+00:00,40.28,2024-12-20,13,4
2024-12-20 14:00:00+00:00,40.21,2024-12-20,14,4
2024-12-20 15:00:00+00:00,40.13,2024-12-20,15,4
2024-12-20 16:00:00+00:00,39.64,2024-12-20,16,4
2024-12-20 17:00:00+00:00,39.15,2024-12-20,17,4
2024-12-20 18:00:00+00:00,39.06,2024-12-20,18,4
2024-12-20 19:00:00+00:00,39.14,2024-12-20,19,4
2024-12-20 20:00:00+00:00,39.26,2024-12-20,20,4
2024-12-20 21:00:00+00:00,39.6,2024-12-20,21,4
2024-12-20 22:00:00+00:00,39.8,2024-12-20,22,4
2024-12-20 23:00:00+00:00,39.89,2024-12-20,23,4
2024-12-21 00:00:00+00:00,39.99,2024-12-21,0,5
2024-12-21 01:00:00+00:00,40.25,2024-12-21,1,5
2024-12-21 02:00:00+00:00,39.92,2024-12-21,2,5
2024-12-21 03:00:00+00:00,39.54,2024-12-21,3,5
2024-12-21 04:00:00+00:00,39.38,2024-12-21,4,5
2024-12-21 05:00:00+00:00,39.33,2024-12-21,5,5
2024-12-21 06:00:00+00:00,39.35,2024-12-21,6,5
2024-12-21 07:00:00+00:00,39.39,2024-12-21,7,5
2024-12-21 08:00:00+00:00,39.42,2024-12-21,8,5
2024-12-21 09:00:00+00:00,39.77,2024-12-21,9,5
2024-12-21 10:00:00+00:00,40.03,2024-12-21,10,5
2024-12-21 11:00:00+00:00,39.77,2024-12-21,11,5
2024-12-21 12:00:00+00:00,39.71,2024-12-21,12,5
2024-12-21 13:00:00+00:00,39.64,2024-12-21,13,5
2024-12-21 14:00:00+00:00,39.62,2024-12-21,14,5
2024-12-21 15:00:00+00:00,39.71,2024-12-21,15,5
2024-12-21 16:00:00+00:00,39.83,2024-12-21,16,5
2024-12-21 17:00:00+00:00,40.05,2024-12-21,17,5
2024-12-21 18:00:00+00:00,40.22,2024-12-21,18,5
2024-12-21 19:00:00+00:00,40.58,2024-12-21,19,5
2024-12-21 20:00:00+00:00,41.18,2024-12-21,20,5
2024-12-21 21:00:00+00:00,41.68,2024-12-21,21,5
2024-12-21 22:00:00+00:00,42.1,2024-12-21,22,5
2024-12-21 23:00:00+00:00,42.0,2024-12-21,23,5
2024-12-22 00:00:00+00:00,42.07,2024-12-22,0,6
2024-12-22 01:00:00+00:00,42.39,2024-12-22,1,6
2024-12-22 02:00:00+00:00,42.58,2024-12-22,2,6
2024-12-22 03:00:00+00:00,42.61,2024-12-22,3,6
2024-12-22 04:00:00+00:00,42.66,2024-12-22,4,6
2024-12-22 05:00:00+00:00,42.66,2024-12-22,5,6
2024-12-22 06:00:00+00:00,42.66,2024-12-22,6,6
2024-12-22 07:00:00+00:00,42.59,2024-12-22,7,6
2024-12-22 08:00:00+00:00,42.72,2024-12-22,8,6
2024-12-22 09:00:00+00:00,42.99,2024-12-22,9,6
2024-12-22 10:00:00+00:00,42.87,2024-12-22,10,6
2024-12-22 11:00:00+00:00,42.67,2024-12-22,11,6
2024-12-22 12:00:00+00:00,42.55,2024-12-22,12,6
2024-12-22 13:00:00+00:00,42.54,2024-12-22,13,6
2024-12-22 14:00:00+00:00,42.6,2024-12-22,14,6
2024-12-22 15:00:00+00:00,42.56,2024-12-22,15,6
2024-12-22 16:00:00+00:00,42.66,2024-12-22,16,6
2024-12-22 17:00:00+00:00,42.69,2024-12-22,17,6
2024-12-22 18:00:00+00:00,41.84,2024-12-22,18,6
2024-12-22 19:00:00+00:00,42.1,2024-12-22,19,6
2024-12-22 20:00:00+00:00,41.9,2024-12-22,20,6
2024-12-22 21:00:00+00:00,41.6,2024-12-22,21,6
2024-12-22 22:00:00+00:00,41.96,2024-12-22,22,6
2024-12-22 23:00:00+00:00,42.22,2024-12-22,23,6
2024-12-23 00:00:00+00:00,42.46,2024-12-23,0,0
2024-12-23 01:00:00+00:00,42.8,2024-12-23,1,0
2024-12-23 02:00:00+00:00,41.08,2024-12-23,2,0
2024-12-23 03:00:00+00:00,38.75,2024-12-23,3,0
2024-12-23 04:00:00+00:00,38.56,2024-12-23,4,0
2024-12-23 05:00:00+00:00,38.03,2024-12-23,5,0
2024-12-23 06:00:00+00:00,37.46,2024-12-23,6,0
2024-12-23 07:00:00+00:00,37.34,2024-12-23,7,0
2024-12-23 08:00:00+00:00,37.4,2024-12-23,8,0
2024-12-23 09:00:00+00:00,37.07,2024-12-23,9,0
2024-12-23 10:00:00+00:00,37.01,2024-12-23,10,0
2024-12-23 11:00:00+00:00,36.28,2024-12-23,11,0
2024-12-23 12:00:00+00:00,35.67,2024-12-23,12,0
2024-12-23 13:00:00+00:00,35.34,2024-12-23,13,0
2024-12-23 14:00:00+00:00,35.0,2024-12-23,14,0
2024-12-23 15:00:00+00:00,34.46,2024-12-23,15,0
2024-12-23 16:00:00+00:00,34.0,2024-12-23,16,0
2024-12-23 17:00:00+00:00,33.47,2024-12-23,17,0
2024-12-23 18:00:00+00:00,33.45,2024-12-23,18,0
2024-12-23 19:00:00+00:00,33.83,2024-12-23,19,0
2024-12-23 20:00:00+00:00,34.48,2024-12-23,20,0
2024-12-23 21:00:00+00:00,34.88,2024-12-23,21,0
2024-12-23 22:00:00+00:00,35.08,2024-12-23,22,0
2024-12-23 23:00:00+00:00,35.41,2024-12-23,23,0
2024-12-24 00:00:00+00:00,35.91,2024-12-24,0,1
2024-12-24 01:00:00+00:00,36.3,2024-12-24,1,1
2024-12-24 02:00:00+00:00,36.71,2024-12-24,2,1
2024-12-24 03:00:00+00:00,37.25,2024-12-24,3,1
2024-12-24 04:00:00+00:00,37.66,2024-12-24,4,1
2024-12-24 05:00:00+00:00,37.93,2024-12-24,5,1
2024-12-24 06:00:00+00:00,38.09,2024-12-24,6,1
2024-12-24 07:00:00+00:00,38.31,2024-12-24,7,1
2024-12-24 08:00:00+00:00,38.72,2024-12-24,8,1
2024-12-24 09:00:00+00:00,39.04,2024-12-24,9,1
2024-12-24 10:00:00+00:00,39.45,2024-12-24,10,1
2024-12-24 11:00:00+00:00,39.72,2024-12-24,11,1
2024-12-24 12:00:00+00:00,39.73,2024-12-24,12,1
2024-12-24 13:00:00+00:00,39.79,2024-12-24,13,1
2024-12-24 14:00:00+00:00,39.85,2024-12-24,14,1
2024-12-24 15:00:00+00:00,39.95,2024-12-24,15,1
2024-12-24 16:00:00+00:00,40.23,2024-12-24,16,1
2024-12-24 17:00:00+00:00,40.45,2024-12-24,17,1
2024-12-24 18:00:00+00:00,40.6,2024-12-24,18,1
2024-12-24 19:00:00+00:00,41.14,2024-12-24,19,1
2024-12-24 20:00:00+00:00,41.65,2024-12-24,20,1
2024-12-24 21:00:00+00:00,42.37,2024-12-24,21,1
2024-12-24 22:00:00+00:00,42.95,2024-12-24,22,1
2024-12-24 23:00:00+00:00,43.37,2024-12-24,23,1
2024-12-25 00:00:00+00:00,43.9,2024-12-25,0,2
2024-12-25 01:00:00+00:00,44.51,2024-12-25,1,2
2024-12-25 02:00:00+00:00,44.94,2024-12-25,2,2
2024-12-25 03:00:00+00:00,45.27,2024-12-25,3,2
2024-12-25 04:00:00+00:00,45.53,2024-12-25,4,2
2024-12-25 05:00:00+00:00,45.81,2024-12-25,5,2
2024-12-25 06:00:00+00:00,46.04,2024-12-25,6,2
2024-12-25 07:00:00+00:00,46.15,2024-12-25,7,2
2024-12-25 08:00:00+00:00,46.27,2024-12-25,8,2
2024-12-25 09:00:00+00:00,46.34,2024-12-25,9,2
2024-12-25 10:00:00+00:00,46.5,2024-12-25,10,2
2024-12-25 11:00:00+00:00,47.78,2024-12-25,11,2
2024-12-25 12:00:00+00:00,49.39,2024-12-25,12,2
2024-12-25 13:00:00+00:00,50.3,2024-12-25,13,2
2024-12-25 14:00:00+00:00,50.81,2024-12-25,14,2
2024-12-25 15:00:00+00:00,51.37,2024-12-25,15,2
2024-12-25 16:00:00+00:00,51.36,2024-12-25,16,2
2024-12-25 17:00:00+00:00,51.67,2024-12-25,17,2
2024-12-25 18:00:00+00:00,51.74,2024-12-25,18,2
2024-12-25 19:00:00+00:00,51.73,2024-12-25,19,2
2024-12-25 20:00:00+00:00,51.38,2024-12-25,20,2
2024-12-25 21:00:00+00:00,51.46,2024-12-25,21,2
2024-12-25 22:00:00+00:00,51.64,2024-12-25,22,2
2024-12-25 23:00:00+00:00,52.14,2024-12-25,23,2
2024-12-26 00:00:00+00:00,52.52,2024-12-26,0,3
2024-12-26 01:00:00+00:00,53.17,2024-12-26,1,3
2024-12-26 02:00:00+00:00,53.61,2024-12-26,2,3
2024-12-26 03:00:00+00:00,54.08,2024-12-26,3,3
2024-12-26 04:00:00+00:00,54.21,2024-12-26,4,3
2024-12-26 05:00:00+00:00,54.44,2024-12-26,5,3
2024-12-26 06:00:00+00:00,54.59,2024-12-26,6,3
2024-12-26 07:00:00+00:00,54.68,2024-12-26,7,3
2024-12-26 08:00:00+00:00,54.95,2024-12-26,8,3
2024-12-26 09:00:00+00:00,55.89,2024-12-26,9,3
2024-12-26 10:00:00+00:00,56.32,2024-12-26,10,3
2024-12-26 11:00:00+00:00,56.26,2024-12-26,11,3
2024-12-26 12:00:00+00:00,56.43,2024-12-26,12,3
2024-12-26 13:00:00+00:00,56.58,2024-12-26,13,3
2024-12-26 14:00:00+00:00,56.36,2024-12-26,14,3
2024-12-26 15:00:00+00:00,55.93,2024-12-26,15,3
2024-12-26 16:00:00+00:00,55.89,2024-12-26,16,3
2024-12-26 17:00:00+00:00,55.67,2024-12-26,17,3
2024-12-26 18:00:00+00:00,55.48,2024-12-26,18,3
2024-12-26 19:00:00+00:00,55.48,2024-12-26,19,3
2024-12-26 20:00:00+00:00,55.67,2024-12-26,20,3
2024-12-26 21:00:00+00:00,55.89,2024-12-26,21,3
2024-12-26 22:00:00+00:00,56.1,2024-12-26,22,3
2024-12-26 23:00:00+00:00,56.31,2024-12-26,23,3
2024-12-27 00:00:00+00:00,56.52,2024-12-27,0,4
2024-12-27 01:00:00+00:00,56.62,2024-12-27,1,4
2024-12-27 02:00:00+00:00,56.87,2024-12-27,2,4
2024-12-27 03:00:00+00:00,56.96,2024-12-27,3,4
2024-12-27 04:00:00+00:00,57.0,2024-12-27,4,4
2024-12-27 05:00:00+00:00,57.01,2024-12-27,5,4
2024-12-27 06:00:00+00:00,57.15,2024-12-27,6,4
2024-12-27 07:00:00+00:00,57.04,2024-12-27,7,4
2024-12-27 08:00:00+00:00,57.02,2024-12-27,8,4
2024-12-27 09:00:00+00:00,57.28,2024-12-27,9,4
2024-12-27 10:00:00+00:00,57.45,2024-12-27,10,4
2024-12-27 11:00:00+00:00,57.27,2024-12-27,11,4
2024-12-27 12:00:00+00:00,57.05,2024-12-27,12,4
2024-12-27 13:00:00+00:00,57.35,2024-12-27,13,4
2024-12-27 14:00:00+00:00,57.48,2024-12-27,14,4
2024-12-27 15:00:00+00:00,57.49,2024-12-27,15,4
2024-12-27 16:00:00+00:00,57.42,2024-12-27,16,4
2024-12-27 17:00:00+00:00,57.41,2024-12-27,17,4
2024-12-27 18:00:00+00:00,57.57,2024-12-27,18,4
2024-12-27 19:00:00+00:00,57.77,2024-12-27,19,4
2024-12-27 20:00:00+00:00,57.97,2024-12-27,20,4
2024-12-27 21:00:00+00:00,57.97,2024-12-27,21,4
2024-12-27 22:00:00+00:00,58.23,2024-12-27,22,4
2024-12-27 23:00:00+00:00,58.32,2024-12-27,23,4
2024-12-28 00:00:00+00:00,58.39,2024-12-28,0,5
2024-12-28 01:00:00+00:00,58.41,2024-12-28,1,5
2024-12-28 02:00:00+00:00,58.47,2024-12-28,2,5
2024-12-28 03:00:00+00:00,58.43,2024-12-28,3,5
2024-12-28 04:00:00+00:00,58.67,2024-12-28,4,5
2024-12-28 05:00:00+00:00,58.86,2024-12-28,5,5
2024-12-28 06:00:00+00:00,58.61,2024-12-28,6,5
2024-12-28 07:00:00+00:00,58.48,2024-12-28,7,5
2024-12-28 08:00:00+00:00,58.06,2024-12-28,8,5
2024-12-28 09:00:00+00:00,57.59,2024-12-28,9,5
2024-12-28 10:00:00+00:00,57.04,2024-12-28,10,5
2024-12-28 11:00:00+00:00,56.18,2024-12-28,11,5
2024-12-28 12:00:00+00:00,55.68,2024-12-28,12,5
2024-12-28 13:00:00+00:00,55.25,2024-12-28,13,5
2024-12-28 14:00:00+00:00,54.96,2024-12-28,14,5
2024-12-28 15:00:00+00:00,54.93,2024-12-28,15,5
2024-12-28 16:00:00+00:00,55.07,2024-12-28,16,5
2024-12-28 17:00:00+00:00,55.23,2024-12-28,17,5
2024-12-28 18:00:00+00:00,55.27,2024-12-28,18,5
2024-12-28 19:00:00+00:00,55.46,2024-12-28,19,5
2024-12-28 20:00:00+00:00,55.83,2024-12-28,20,5
2024-12-28 21:00:00+00:00,56.07,2024-12-28,21,5
2024-12-28 22:00:00+00:00,56.64,2024-12-28,22,5
2024-12-28 23:00:00+00:00,57.07,2024-12-28,23,5
2024-12-29 00:00:00+00:00,56.84,2024-12-29,0,6
2024-12-29 01:00:00+00:00,56.82,2024-12-29,1,6
2024-12-29 02:00:00+00:00,56.4,2024-12-29,2,6
2024-12-29 03:00:00+00:00,56.08,2024-12-29,3,6
2024-12-29 04:00:00+00:00,55.55,2024-12-29,4,6
2024-12-29 05:00:00+00:00,55.47,2024-12-29,5,6
2024-12-29 06:00:00+00:00,55.29,2024-12-29,6,6
2024-12-29 07:00:00+00:00,55.08,2024-12-29,7,6
2024-12-29 08:00:00+00:00,55.02,2024-12-29,8,6
2024-12-29 09:00:00+00:00,54.87,2024-12-29,9,6
2024-12-29 10:00:00+00:00,54.43,2024-12-29,10,6
2024-12-29 11:00:00+00:00,53.9,2024-12-29,11,6
2024-12-29 12:00:00+00:00,53.59,2024-12-29,12,6
2024-12-29 13:00:00+00:00,53.48,2024-12-29,13,6
2024-12-29 14:00:00+00:00,53.38,2024-12-29,14,6
2024-12-29 15:00:00+00:00,53.41,2024-12-29,15,6
2024-12-29 16:00:00+00:00,53.37,2024-12-29,16,6
2024-12-29 17:00:00+00:00,53.43,2024-12-29,17,6
2024-12-29 18:00:00+00:00,53.73,2024-12-29,18,6
2024-12-29 19:00:00+00:00,54.02,2024-12-29,19,6
2024-12-29 20:00:00+00:00,54.46,2024-12-29,20,6
2024-12-29 21:00:00+00:00,54.97,2024-12-29,21,6
2024-12-29 22:00:00+00:00,55.61,2024-12-29,22,6
2024-12-29 23:00:00+00:00,55.92,2024-12-29,23,6
2024-12-30 00:00:00+00:00,56.06,2024-12-30,0,0
2024-12-30 01:00:00+00:00,56.12,2024-12-30,1,0
2024-12-30 02:00:00+00:00,55.97,2024-12-30,2,0
2024-12-30 03:00:00+00:00,55.97,2024-12-30,3,0
2024-12-30 04:00:00+00:00,55.84,2024-12-30,4,0
2024-12-30 05:00:00+00:00,55.73,2024-12-30,5,0
2024-12-30 06:00:00+00:00,55.56,2024-12-30,6,0
2024-12-30 07:00:00+00:00,55.2,2024-12-30,7,0
2024-12-30 08:00:00+00:00,55.04,2024-12-30,8,0
2024-12-30 09:00:00+00:00,54.96,2024-12-30,9,0
2024-12-30 10:00:00+00:00,54.73,2024-12-30,10,0
2024-12-30 11:00:00+00:00,54.34,2024-12-30,11,0
2024-12-30 12:00:00+00:00,54.14,2024-12-30,12,0
2024-12-30 13:00:00+00:00,54.09,2024-12-30,13,0
2024-12-30 14:00:00+00:00,54.12,2024-12-30,14,0
2024-12-30 15:00:00+00:00,54.03,2024-12-30,15,0
2024-12-30 16:00:00+00:00,54.21,2024-12-30,16,0
2024-12-30 17:00:00+00:00,54.28,2024-12-30,17,0
2024-12-30 18:00:00+00:00,54.45,2024-12-30,18,0
2024-12-30 19:00:00+00:00,54.66,2024-12-30,19,0
2024-12-30 20:00:00+00:00,55.16,2024-12-30,20,0
2024-12-30 21:00:00+00:00,56.16,2024-12-30,21,0
2024-12-30 22:00:00+00:00,56.72,2024-12-30,22,0
2024-12-30 23:00:00+00:00,56.98,2024-12-30,23,0
2024-12-31 00:00:00+00:00,57.08,2024-12-31,0,1
2024-12-31 01:00:00+00:00,57.18,2024-12-31,1,1
2024-12-31 02:00:00+00:00,58.02,2024-12-31,2,1
2024-12-31 03:00:00+00:00,58.64,2024-12-31,3,1
2024-12-31 04:00:00+00:00,59.26,2024-12-31,4,1
2024-12-31 05:00:00+00:00,59.35,2024-12-31,5,1
2024-12-31 06:00:00+00:00,59.11,2024-12-31,6,1
2024-12-31 07:00:00+00:00,58.68,2024-12-31,7,1
2024-12-31 08:00:00+00:00,58.82,2024-12-31,8,1
2024-12-31 09:00:00+00:00,59.1,2024-12-31,9,1
2024-12-31 10:00:00+00:00,58.85,2024-12-31,10,1
2024-12-31 11:00:00+00:00,58.95,2024-12-31,11,1
2024-12-31 12:00:00+00:00,59.96,2024-12-31,12,1
2024-12-31 13:00:00+00:00,60.22,2024-12-31,13,1
2024-12-31 14:00:00+00:00,60.2,2024-12-31,14,1
2024-12-31 15:00:00+00:00,60.07,2024-12-31,15,1
2024-12-31 16:00:00+00:00,59.81,2024-12-31,16,1
2024-12-31 17:00:00+00:00,59.79,2024-12-31,17,1
2024-12-31 18:00:00+00:00,60.06,2024-12-31,18,1
2024-12-31 19:00:00+00:00,60.15,2024-12-31,19,1
2024-12-31 20:00:00+00:00,60.53,2024-12-31,20,1
2024-12-31 21:00:00+00:00,61.24,2024-12-31,21,1
2024-12-31 22:00:00+00:00,61.73,2024-12-31,22,1
2024-12-31 23:00:00+00:00,62.16,2024-12-31,23,1
2025-01-01 00:00:00+00:00,62.4,2025-01-01,0,2
2025-01-01 01:00:00+00:00,63.19,2025-01-01,1,2
2025-01-01 02:00:00+00:00,63.35,2025-01-01,2,2
2025-01-01 03:00:00+00:00,63.59,2025-01-01,3,2
2025-01-01 04:00:00+00:00,63.72,2025-01-01,4,2
2025-01-01 05:00:00+00:00,64.0,2025-01-01,5,2
2025-01-01 06:00:00+00:00,63.83,2025-01-01,6,2
2025-01-01 07:00:00+00:00,63.78,2025-01-01,7,2
2025-01-01 08:00:00+00:00,63.54,2025-01-01,8,2
2025-01-01 09:00:00+00:00,64.0,2025-01-01,9,2
2025-01-01 10:00:00+00:00,65.01,2025-01-01,10,2
2025-01-01 11:00:00+00:00,65.93,2025-01-01,11,2
2025-01-01 12:00:00+00:00,66.21,2025-01-01,12,2
2025-01-01 13:00:00+00:00,66.0,2025-01-01,13,2
2025-01-01 14:00:00+00:00,65.88,2025-01-01,14,2
2025-01-01 15:00:00+00:00,66.03,2025-01-01,15,2
2025-01-01 16:00:00+00:00,65.9,2025-01-01,16,2
2025-01-01 17:00:00+00:00,65.77,2025-01-01,17,2
2025-01-01 18:00:00+00:00,65.55,2025-01-01,18,2
2025-01-01 19:00:00+00:00,65.32,2025-01-01,19,2
2025-01-01 20:00:00+00:00,65.17,2025-01-01,20,2
2025-01-01 21:00:00+00:00,65.14,2025-01-01,21,2
2025-01-01 22:00:00+00:00,65.21,2025-01-01,22,2
2025-01-01 23:00:00+00:00,65.27,2025-01-01,23,2
2025-01-02 00:00:00+00:00,65.34,2025-01-02,0,3
2025-01-02 01:00:00+00:00,65.46,2025-01-02,1,3
2025-01-02 02:00:00+00:00,65.74,2025-01-02,2,3
2025-01-02 03:00:00+00:00,65.86,2025-01-02,3,3
2025-01-02 04:00:00+00:00,65.8,2025-01-02,4,3
2025-01-02 05:00:00+00:00,65.71,2025-01-02,5,3
2025-01-02 06:00:00+00:00,65.55,2025-01-02,6,3
2025-01-02 07:00:00+00:00,65.01,2025-01-02,7,3
2025-01-02 08:00:00+00:00,64.35,2025-01-02,8,3
2025-01-02 09:00:00+00:00,63.95,2025-01-02,9,3
2025-01-02 10:00:00+00:00,63.85,2025-01-02,10,3
2025-01-02 11:00:00+00:00,63.41,2025-01-02,11,3
2025-01-02 12:00:00+00:00,62.76,2025-01-02,12,3
2025-01-02 13:00:00+00:00,62.3,2025-01-02,13,3
2025-01-02 14:00:00+00:00,61.88,2025-01-02,14,3
2025-01-02 15:00:00+00:00,61.48,2025-01-02,15,3
2025-01-02 16:00:00+00:00,61.39,2025-01-02,16,3
2025-01-02 17:00:00+00:00,61.33,2025-01-02,17,3
2025-01-02 18:00:00+00:00,61.38,2025-01-02,18,3
2025-01-02 19:00:00+00:00,61.46,2025-01-02,19,3
2025-01-02 20:00:00+00:00,61.6,2025-01-02,20,3
2025-01-02 21:00:00+00:00,61.67,2025-01-02,21,3
2025-01-02 22:00:00+00:00,61.81,2025-01-02,22,3
2025-01-02 23:00:00+00:00,61.87,2025-01-02,23,3
2025-01-03 00:00:00+00:00,61.76,2025-01-03,0,4
2025-01-03 01:00:00+00:00,61.75,2025-01-03,1,4
2025-01-03 02:00:00+00:00,61.41,2025-01-03,2,4
2025-01-03 03:00:00+00:00,61.25,2025-01-03,3,4
2025-01-03 04:00:00+00:00,61.18,2025-01-03,4,4
2025-01-03 05:00:00+00:00,60.6,2025-01-03,5,4
2025-01-03 06:00:00+00:00,60.25,2025-01-03,6,4
2025-01-03 07:00:00+00:00,60.23,2025-01-03,7,4
2025-01-03 08:00:00+00:00,60.1,2025-01-03,8,4
2025-01-03 09:00:00+00:00,59.96,2025-01-03,9,4
2025-01-03 10:00:00+00:00,59.57,2025-01-03,10,4
2025-01-03 11:00:00+00:00,58.79,2025-01-03,11,4
2025-01-03 12:00:00+00:00,57.72,2025-01-03,12,4
2025-01-03 13:00:00+00:00,56.74,2025-01-03,13,4
2025-01-03 14:00:00+00:00,54.6,2025-01-03,14,4
2025-01-03 15:00:00+00:00,50.68,2025-01-03,15,4
2025-01-03 16:00:00+00:00,51.38,2025-01-03,16,4
2025-01-03 17:00:00+00:00,52.03,2025-01-03,17,4
2025-01-03 18:00:00+00:00,51.47,2025-01-03,18,4
2025-01-03 19:00:00+00:00,50.94,2025-01-03,19,4
2025-01-03 20:00:00+00:00,51.56,2025-01-03,20,4
2025-01-03 21:00:00+00:00,52.99,2025-01-03,21,4
2025-01-03 22:00:00+00:00,54.04,2025-01-03,22,4
2025-01-03 23:00:00+00:00,54.34,2025-01-03,23,4
2025-01-04 00:00:00+00:00,54.69,2025-01-04,0,5
2025-01-04 01:00:00+00:00,54.99,2025-01-04,1,5
2025-01-04 02:00:00+00:00,55.09,2025-01-04,2,5
2025-01-04 03:00:00+00:00,55.38,2025-01-04,3,5
2025-01-04 04:00:00+00:00,55.78,2025-01-04,4,5
2025-01-04 05:00:00+00:00,56.08,2025-01-04,5,5
2025-01-04 06:00:00+00:00,56.37,2025-01-04,6,5
2025-01-04 07:00:00+00:00,56.5,2025-01-04,7,5
2025-01-04 08:00:00+00:00,56.6,2025-01-04,8,5
2025-01-04 09:00:00+00:00,56.75,2025-01-04,9,5
2025-01-04 10:00:00+00:00,56.73,2025-01-04,10,5
2025-01-04 11:00:00+00:00,56.33,2025-01-04,11,5
2025-01-04 12:00:00+00:00,55.65,2025-01-04,12,5
2025-01-04 13:00:00+00:00,54.81,2025-01-04,13,5
2025-01-04 14:00:00+00:00,53.95,2025-01-04,14,5
2025-01-04 15:00:00+00:00,53.82,2025-01-04,15,5
2025-01-04 16:00:00+00:00,54.08,2025-01-04,16,5
2025-01-04 17:00:00+00:00,54.25,2025-01-04,17,5
2025-01-04 18:00:00+00:00,54.46,2025-01-04,18,5
2025-01-04 19:00:00+00:00,54.76,2025-01-04,19,5
2025-01-04 20:00:00+00:00,54.85,2025-01-04,20,5
2025-01-04 21:00:00+00:00,55.05,2025-01-04,21,5
2025-01-04 22:00:00+00:00,55.14,2025-01-04,22,5
2025-01-04 23:00:00+00:00,55.44,2025-01-04,23,5
2025-01-05 00:00:00+00:00,55.57,2025-01-05,0,6
2025-01-05 01:00:00+00:00,55.72,2025-01-05,1,6
2025-01-05 02:00:00+00:00,56.02,2025-01-05,2,6
2025-01-05 03:00:00+00:00,56.27,2025-01-05,3,6
2025-01-05 04:00:00+00:00,56.24,2025-01-05,4,6
2025-01-05 05:00:00+00:00,56.13,2025-01-05,5,6
2025-01-05 06:00:00+00:00,56.08,2025-01-05,6,6
2025-01-05 07:00:00+00:00,56.04,2025-01-05,7,6
2025-01-05 08:00:00+00:00,56.26,2025-01-05,8,6
2025-01-05 09:00:00+00:00,56.52,2025-01-05,9,6
2025-01-05 10:00:00+00:00,56.4,2025-01-05,10,6
2025-01-05 11:00:00+00:00,56.58,2025-01-05,11,6
2025-01-05 12:00:00+00:00,56.82,2025-01-05,12,6
2025-01-05 13:00:00+00:00,57.05,2025-01-05,13,6
2025-01-05 14:00:00+00:00,56.89,2025-01-05,14,6
2025-01-05 15:00:00+00:00,56.53,2025-01-05,15,6
2025-01-05 16:00:00+00:00,56.72,2025-01-05,16,6
2025-01-05 17:00:00+00:00,56.99,2025-01-05,17,6
2025-01-05 18:00:00+00:00,57.91,2025-01-05,18,6
2025-01-05 19:00:00+00:00,57.15,2025-01-05,19,6
2025-01-05 20:00:00+00:00,57.21,2025-01-05,20,6
2025-01-05 21:00:00+00:00,57.26,2025-01-05,21,6
2025-01-05 22:00:00+00:00,57.27,2025-01-05,22,6
2025-01-05 23:00:00+00:00,57.3,2025-01-05,23,6
2025-01-06 00:00:00+00:00,57.26,2025-01-06,0,0
2025-01-06 01:00:00+00:00,57.24,2025-01-06,1,0
2025-01-06 02:00:00+00:00,57.25,2025-01-06,2,0
2025-01-06 03:00:00+00:00,57.05,2025-01-06,3,0
2025-01-06 04:00:00+00:00,56.92,2025-01-06,4,0
2025-01-06 05:00:00+00:00,56.81,2025-01-06,5,0
2025-01-06 06:00:00+00:00,56.69,2025-01-06,6,0
2025-01-06 07:00:00+00:00,55.54,2025-01-06,7,0
2025-01-06 08:00:00+00:00,54.07,2025-01-06,8,0
2025-01-06 09:00:00+00:00,53.45,2025-01-06,9,0
2025-01-06 10:00:00+00:00,53.15,2025-01-06,10,0
2025-01-06 11:00:00+00:00,52.88,2025-01-06,11,0
2025-01-06 12:00:00+00:00,52.72,2025-01-06,12,0
2025-01-06 13:00:00+00:00,52.52,2025-01-06,13,0
2025-01-06 14:00:00+00:00,52.29,2025-01-06,14,0
2025-01-06 15:00:00+00:00,52.0,2025-01-06,15,0
2025-01-06 16:00:00+00:00,52.02,2025-01-06,16,0
2025-01-06 17:00:00+00:00,51.83,2025-01-06,17,0
2025-01-06 18:00:00+00:00,50.94,2025-01-06,18,0
2025-01-06 19:00:00+00:00,49.42,2025-01-06,19,0
2025-01-06 20:00:00+00:00,49.24,2025-01-06,20,0
2025-01-06 21:00:00+00:00,50.63,2025-01-06,21,0
2025-01-06 22:00:00+00:00,50.87,2025-01-06,22,0
2025-01-06 23:00:00+00:00,49.99,2025-01-06,23,0
2025-01-07 00:00:00+00:00,50.8,2025-01-07,0,1
2025-01-07 01:00:00+00:00,50.87,2025-01-07,1,1
2025-01-07 02:00:00+00:00,50.94,2025-01-07,2,1
2025-01-07 03:00:00+00:00,51.11,2025-01-07,3,1
2025-01-07 04:00:00+00:00,51.08,2025-01-07,4,1
2025-01-07 05:00:00+00:00,50.98,2025-01-07,5,1
2025-01-07 06:00:00+00:00,50.08,2025-01-07,6,1
2025-01-07 07:00:00+00:00,51.93,2025-01-07,7,1
2025-01-07 08:00:00+00:00,56.7,2025-01-07,8,1
2025-01-07 09:00:00+00:00,58.09,2025-01-07,9,1
2025-01-07 10:00:00+00:00,53.47,2025-01-07,10,1
2025-01-07 11:00:00+00:00,47.9,2025-01-07,11,1
2025-01-07 12:00:00+00:00,51.65,2025-01-07,12,1
2025-01-07 13:00:00+00:00,46.46,2025-01-07,13,1
2025-01-07 14:00:00+00:00,44.08,2025-01-07,14,1
2025-01-07 15:00:00+00:00,49.08,2025-01-07,15,1
2025-01-07 16:00:00+00:00,51.42,2025-01-07,16,1
2025-01-07 17:00:00+00:00,51.74,2025-01-07,17,1
2025-01-07 18:00:00+00:00,53.03,2025-01-07,18,1
2025-01-07 19:00:00+00:00,52.86,2025-01-07,19,1
2025-01-07 20:00:00+00:00,49.92,2025-01-07,20,1
2025-01-07 21:00:00+00:00,49.64,2025-01-07,21,1
2025-01-07 22:00:00+00:00,49.71,2025-01-07,22,1
2025-01-07 23:00:00+00:00,49.75,2025-01-07,23,1
2025-01-08 00:00:00+00:00,49.8,2025-01-08,0,2
2025-01-08 01:00:00+00:00,50.35,2025-01-08,1,2
2025-01-08 02:00:00+00:00,50.6,2025-01-08,2,2
2025-01-08 03:00:00+00:00,50.89,2025-01-08,3,2
2025-01-08 04:00:00+00:00,51.08,2025-01-08,4,2
2025-01-08 05:00:00+00:00,51.15,2025-01-08,5,2
2025-01-08 06:00:00+00:00,51.19,2025-01-08,6,2
2025-01-08 07:00:00+00:00,54.21,2025-01-08,7,2
2025-01-08 08:00:00+00:00,59.15,2025-01-08,8,2
2025-01-08 09:00:00+00:00,59.78,2025-01-08,9,2
2025-01-08 10:00:00+00:00,58.9,2025-01-08,10,2
2025-01-08 11:00:00+00:00,55.99,2025-01-08,11,2
2025-01-08 12:00:00+00:00,54.12,2025-01-08,12,2
2025-01-08 13:00:00+00:00,51.9,2025-01-08,13,2
2025-01-08 14:00:00+00:00,43.9,2025-01-08,14,2
2025-01-08 15:00:00+00:00,45.77,2025-01-08,15,2
2025-01-08 16:00:00+00:00,50.63,2025-01-08,16,2
2025-01-08 17:00:00+00:00,48.46,2025-01-08,17,2
2025-01-08 18:00:00+00:00,49.0,2025-01-08,18,2
2025-01-08 19:00:00+00:00,52.92,2025-01-08,19,2
2025-01-08 20:00:00+00:00,47.66,2025-01-08,20,2
2025-01-08 21:00:00+00:00,44.18,2025-01-08,21,2
2025-01-08 22:00:00+00:00,43.65,2025-01-08,22,2
2025-01-08 23:00:00+00:00,45.16,2025-01-08,23,2
2025-01-09 00:00:00+00:00,46.67,2025-01-09,0,3
2025-01-09 01:00:00+00:00,47.66,2025-01-09,1,3
2025-01-09 02:00:00+00:00,48.9,2025-01-09,2,3
2025-01-09 03:00:00+00:00,50.22,2025-01-09,3,3
2025-01-09 04:00:00+00:00,50.55,2025-01-09,4,3
2025-01-09 05:00:00+00:00,50.82,2025-01-09,5,3
2025-01-09 06:00:00+00:00,51.12,2025-01-09,6,3
2025-01-09 07:00:00+00:00,52.69,2025-01-09,7,3
2025-01-09 08:00:00+00:00,52.67,2025-01-09,8,3
2025-01-09 09:00:00+00:00,51.28,2025-01-09,9,3
2025-01-09 10:00:00+00:00,49.84,2025-01-09,10,3
2025-01-09 11:00:00+00:00,47.87,2025-01-09,11,3
2025-01-09 12:00:00+00:00,47.67,2025-01-09,12,3
2025-01-09 13:00:00+00:00,46.49,2025-01-09,13,3
2025-01-09 14:00:00+00:00,44.37,2025-01-09,14,3
2025-01-09 15:00:00+00:00,44.02,2025-01-09,15,3
2025-01-09 16:00:00+00:00,44.99,2025-01-09,16,3
2025-01-09 17:00:00+00:00,46.96,2025-01-09,17,3
2025-01-09 18:00:00+00:00,48.1,2025-01-09,18,3
2025-01-09 19:00:00+00:00,50.58,2025-01-09,19,3
2025-01-09 20:00:00+00:00,51.64,2025-01-09,20,3
2025-01-09 21:00:00+00:00,51.53,2025-01-09,21,3
2025-01-09 22:00:00+00:00,51.52,2025-01-09,22,3
2025-01-09 23:00:00+00:00,51.44,2025-01-09,23,3
2025-01-10 00:00:00+00:00,51.94,2025-01-10,0,4
2025-01-10 01:00:00+00:00,52.02,2025-01-10,1,4
2025-01-10 02:00:00+00:00,52.14,2025-01-10,2,4
2025-01-10 03:00:00+00:00,52.25,2025-01-10,3,4
2025-01-10 04:00:00+00:00,52.46,2025-01-10,4,4
2025-01-10 05:00:00+00:00,52.71,2025-01-10,5,4
2025-01-10 06:00:00+00:00,52.67,2025-01-10,6,4
2025-01-10 07:00:00+00:00,53.29,2025-01-10,7,4
2025-01-10 08:00:00+00:00,56.3,2025-01-10,8,4
2025-01-10 09:00:00+00:00,56.78,2025-01-10,9,4
2025-01-10 10:00:00+00:00,58.1,2025-01-10,10,4
2025-01-10 11:00:00+00:00,59.23,2025-01-10,11,4
2025-01-10 12:00:00+00:00,58.69,2025-01-10,12,4
2025-01-10 13:00:00+00:00,53.82,2025-01-10,13,4
2025-01-10 14:00:00+00:00,52.63,2025-01-10,14,4
2025-01-10 15:00:00+00:00,51.5,2025-01-10,15,4
2025-01-10 16:00:00+00:00,50.97,2025-01-10,16,4
2025-01-10 17:00:00+00:00,50.53,2025-01-10,17,4
2025-01-10 18:00:00+00:00,49.93,2025-01-10,18,4
2025-01-10 19:00:00+00:00,49.59,2025-01-10,19,4
2025-01-10 20:00:00+00:00,48.99,2025-01-10,20,4
2025-01-10 21:00:00+00:00,49.18,2025-01-10,21,4
2025-01-10 22:00:00+00:00,49.18,2025-01-10,22,4
2025-01-10 23:00:00+00:00,49.32,2025-01-10,23,4
2025-01-11 00:00:00+00:00,49.5,2025-01-11,0,5
2025-01-11 01:00:00+00:00,49.76,2025-01-11,1,5
2025-01-11 02:00:00+00:00,50.0,2025-01-11,2,5
2025-01-11 03:00:00+00:00,49.91,2025-01-11,3,5
2025-01-11 04:00:00+00:00,50.53,2025-01-11,4,5
2025-01-11 05:00:00+00:00,51.26,2025-01-11,5,5
2025-01-11 06:00:00+00:00,51.88,2025-01-11,6,5
2025-01-11 07:00:00+00:00,51.96,2025-01-11,7,5
2025-01-11 08:00:00+00:00,52.43,2025-01-11,8,5
2025-01-11 09:00:00+00:00,53.06,2025-01-11,9,5
2025-01-11 10:00:00+00:00,54.04,2025-01-11,10,5
2025-01-11 11:00:00+00:00,54.06,2025-01-11,11,5
2025-01-11 12:00:00+00:00,53.64,2025-01-11,12,5
2025-01-11 13:00:00+00:00,51.12,2025-01-11,13,5
2025-01-11 14:00:00+00:00,49.45,2025-01-11,14,5
2025-01-11 15:00:00+00:00,47.4,2025-01-11,15,5
2025-01-11 16:00:00+00:00,45.82,2025-01-11,16,5
2025-01-11 17:00:00+00:00,45.74,2025-01-11,17,5
2025-01-11 18:00:00+00:00,45.42,2025-01-11,18,5
2025-01-11 19:00:00+00:00,44.98,2025-01-11,19,5
2025-01-11 20:00:00+00:00,45.35,2025-01-11,20,5
2025-01-11 21:00:00+00:00,45.89,2025-01-11,21,5
2025-01-11 22:00:00+00:00,41.77,2025-01-11,22,5
2025-01-11 23:00:00+00:00,39.38,2025-01-11,23,5
2025-01-12 00:00:00+00:00,37.81,2025-01-12,0,6
2025-01-12 01:00:00+00:00,37.2,2025-01-12,1,6
2025-01-12 02:00:00+00:00,37.15,2025-01-12,2,6
2025-01-12 03:00:00+00:00,37.25,2025-01-12,3,6
2025-01-12 04:00:00+00:00,37.5,2025-01-12,4,6
2025-01-12 05:00:00+00:00,37.67,2025-01-12,5,6
2025-01-12 06:00:00+00:00,37.81,2025-01-12,6,6
2025-01-12 07:00:00+00:00,37.54,2025-01-12,7,6
2025-01-12 08:00:00+00:00,37.78,2025-01-12,8,6
2025-01-12 09:00:00+00:00,37.73,2025-01-12,9,6
2025-01-12 10:00:00+00:00,37.11,2025-01-12,10,6
2025-01-12 11:00:00+00:00,36.28,2025-01-12,11,6
2025-01-12 12:00:00+00:00,36.31,2025-01-12,12,6
2025-01-12 13:00:00+00:00,36.89,2025-01-12,13,6
2025-01-12 14:00:00+00:00,37.65,2025-01-12,14,6
2025-01-12 15:00:00+00:00,38.34,2025-01-12,15,6
2025-01-12 16:00:00+00:00,38.85,2025-01-12,16,6
2025-01-12 17:00:00+00:00,39.4,2025-01-12,17,6
2025-01-12 18:00:00+00:00,40.03,2025-01-12,18,6
2025-01-12 19:00:00+00:00,40.79,2025-01-12,19,6
2025-01-12 20:00:00+00:00,41.58,2025-01-12,20,6
2025-01-12 21:00:00+00:00,42.38,2025-01-12,21,6
2025-01-12 22:00:00+00:00,42.94,2025-01-12,22,6
2025-01-12 23:00:00+00:00,43.5,2025-01-12,23,6
2025-01-13 00:00:00+00:00,44.15,2025-01-13,0,0
2025-01-13 01:00:00+00:00,44.79,2025-01-13,1,0
2025-01-13 02:00:00+00:00,44.39,2025-01-13,2,0
2025-01-13 03:00:00+00:00,43.63,2025-01-13,3,0
2025-01-13 04:00:00+00:00,43.09,2025-01-13,4,0
2025-01-13 05:00:00+00:00,42.61,2025-01-13,5,0
2025-01-13 06:00:00+00:00,41.85,2025-01-13,6,0
2025-01-13 07:00:00+00:00,42.9,2025-01-13,7,0
2025-01-13 08:00:00+00:00,45.02,2025-01-13,8,0
2025-01-13 09:00:00+00:00,44.07,2025-01-13,9,0
2025-01-13 10:00:00+00:00,44.85,2025-01-13,10,0
2025-01-13 11:00:00+00:00,38.86,2025-01-13,11,0
2025-01-13 12:00:00+00:00,37.75,2025-01-13,12,0
2025-01-13 13:00:00+00:00,36.76,2025-01-13,13,0
2025-01-13 14:00:00+00:00,36.03,2025-01-13,14,0
2025-01-13 15:00:00+00:00,35.92,2025-01-13,15,0
2025-01-13 16:00:00+00:00,34.77,2025-01-13,16,0
2025-01-13 17:00:00+00:00,34.28,2025-01-13,17,0
2025-01-13 18:00:00+00:00,34.74,2025-01-13,18,0
2025-01-13 19:00:00+00:00,34.38,2025-01-13,19,0
2025-01-13 20:00:00+00:00,34.95,2025-01-13,20,0
2025-01-13 21:00:00+00:00,35.9,2025-01-13,21,0
2025-01-13 22:00:00+00:00,36.71,2025-01-13,22,0
2025-01-13 23:00:00+00:00,37.24,2025-01-13,23,0
2025-01-14 00:00:00+00:00,37.1,2025-01-14,0,1
2025-01-14 01:00:00+00:00,36.85,2025-01-14,1,1
2025-01-14 02:00:00+00:00,36.67,2025-01-14,2,1
2025-01-14 03:00:00+00:00,37.04,2025-01-14,3,1
2025-01-14 04:00:00+00:00,36.8,2025-01-14,4,1
2025-01-14 05:00:00+00:00,36.56,2025-01-14,5,1
2025-01-14 06:00:00+00:00,35.6,2025-01-14,6,1
2025-01-14 07:00:00+00:00,36.0,2025-01-14,7,1
2025-01-14 08:00:00+00:00,41.76,2025-01-14,8,1
2025-01-14 09:00:00+00:00,40.14,2025-01-14,9,1
2025-01-14 10:00:00+00:00,36.84,2025-01-14,10,1
2025-01-14 11:00:00+00:00,38.91,2025-01-14,11,1
2025-01-14 12:00:00+00:00,35.16,2025-01-14,12,1
2025-01-14 13:00:00+00:00,31.07,2025-01-14,13,1
2025-01-14 14:00:00+00:00,28.97,2025-01-14,14,1
2025-01-14 15:00:00+00:00,32.8,2025-01-14,15,1
2025-01-14 16:00:00+00:00,32.31,2025-01-14,16,1
2025-01-14 17:00:00+00:00,32.75,2025-01-14,17,1
2025-01-14 18:00:00+00:00,37.61,2025-01-14,18,1
2025-01-14 19:00:00+00:00,39.57,2025-01-14,19,1
2025-01-14 20:00:00+00:00,38.5,2025-01-14,20,1
2025-01-14 21:00:00+00:00,38.19,2025-01-14,21,1
2025-01-14 22:00:00+00:00,38.22,2025-01-14,22,1
2025-01-14 23:00:00+00:00,37.46,2025-01-14,23,1
2025-01-15 00:00:00+00:00,37.34,2025-01-15,0,2
2025-01-15 01:00:00+00:00,37.27,2025-01-15,1,2
2025-01-15 02:00:00+00:00,36.47,2025-01-15,2,2
2025-01-15 03:00:00+00:00,35.73,2025-01-15,3,2
2025-01-15 04:00:00+00:00,34.94,2025-01-15,4,2
2025-01-15 05:00:00+00:00,33.87,2025-01-15,5,2
2025-01-15 06:00:00+00:00,33.22,2025-01-15,6,2
2025-01-15 07:00:00+00:00,34.51,2025-01-15,7,2
2025-01-15 08:00:00+00:00,38.84,2025-01-15,8,2
2025-01-15 09:00:00+00:00,41.63,2025-01-15,9,2
2025-01-15 10:00:00+00:00,39.79,2025-01-15,10,2
2025-01-15 11:00:00+00:00,34.07,2025-01-15,11,2
2025-01-15 12:00:00+00:00,31.09,2025-01-15,12,2
2025-01-15 13:00:00+00:00,28.48,2025-01-15,13,2
2025-01-15 14:00:00+00:00,27.41,2025-01-15,14,2
2025-01-15 15:00:00+00:00,27.48,2025-01-15,15,2
2025-01-15 16:00:00+00:00,29.44,2025-01-15,16,2
2025-01-15 17:00:00+00:00,33.65,2025-01-15,17,2
2025-01-15 18:00:00+00:00,37.19,2025-01-15,18,2
2025-01-15 19:00:00+00:00,40.95,2025-01-15,19,2
2025-01-15 20:00:00+00:00,41.27,2025-01-15,20,2
2025-01-15 21:00:00+00:00,40.74,2025-01-15,21,2
2025-01-15 22:00:00+00:00,40.06,2025-01-15,22,2
2025-01-15 23:00:00+00:00,39.44,2025-01-15,23,2
2025-01-16 00:00:00+00:00,38.65,2025-01-16,0,3
2025-01-16 01:00:00+00:00,38.31,2025-01-16,1,3
2025-01-16 02:00:00+00:00,37.81,2025-01-16,2,3
2025-01-16 03:00:00+00:00,37.58,2025-01-16,3,3
2025-01-16 04:00:00+00:00,36.48,2025-01-16,4,3
2025-01-16 05:00:00+00:00,34.92,2025-01-16,5,3
2025-01-16 06:00:00+00:00,33.34,2025-01-16,6,3
2025-01-16 07:00:00+00:00,32.6,2025-01-16,7,3
2025-01-16 08:00:00+00:00,36.01,2025-01-16,8,3
2025-01-16 09:00:00+00:00,38.22,2025-01-16,9,3
2025-01-16 10:00:00+00:00,40.28,2025-01-16,10,3
2025-01-16 11:00:00+00:00,44.02,2025-01-16,11,3
2025-01-16 12:00:00+00:00,44.12,2025-01-16,12,3
2025-01-16 13:00:00+00:00,42.78,2025-01-16,13,3
2025-01-16 14:00:00+00:00,39.7,2025-01-16,14,3
2025-01-16 15:00:00+00:00,44.12,2025-01-16,15,3
2025-01-16 16:00:00+00:00,47.02,2025-01-16,16,3
2025-01-16 17:00:00+00:00,48.2,2025-01-16,17,3
2025-01-16 18:00:00+00:00,46.12,2025-01-16,18,3
2025-01-16 19:00:00+00:00,46.79,2025-01-16,19,3
2025-01-16 20:00:00+00:00,46.57,2025-01-16,20,3
2025-01-16 21:00:00+00:00,47.27,2025-01-16,21,3
2025-01-16 22:00:00+00:00,46.63,2025-01-16,22,3
2025-01-16 23:00:00+00:00,45.94,2025-01-16,23,3
2025-01-17 00:00:00+00:00,46.03,2025-01-17,0,4
2025-01-17 01:00:00+00:00,46.31,2025-01-17,1,4
2025-01-17 02:00:00+00:00,47.23,2025-01-17,2,4
2025-01-17 03:00:00+00:00,47.08,2025-01-17,3,4
2025-01-17 04:00:00+00:00,46.81,2025-01-17,4,4
2025-01-17 05:00:00+00:00,47.2,2025-01-17,5,4
2025-01-17 06:00:00+00:00,47.44,2025-01-17,6,4
2025-01-17 07:00:00+00:00,48.45,2025-01-17,7,4
2025-01-17 08:00:00+00:00,53.09,2025-01-17,8,4
2025-01-17 09:00:00+00:00,53.77,2025-01-17,9,4
2025-01-17 10:00:00+00:00,53.52,2025-01-17,10,4
2025-01-17 11:00:00+00:00,55.0,2025-01-17,11,4
2025-01-17 12:00:00+00:00,56.25,2025-01-17,12,4
2025-01-17 13:00:00+00:00,56.05,2025-01-17,13,4
2025-01-17 14:00:00+00:00,51.76,2025-01-17,14,4
2025-01-17 15:00:00+00:00,49.8,2025-01-17,15,4
2025-01-17 16:00:00+00:00,47.78,2025-01-17,16,4
2025-01-17 17:00:00+00:00,46.42,2025-01-17,17,4
2025-01-17 18:00:00+00:00,45.66,2025-01-17,18,4
2025-01-17 19:00:00+00:00,44.65,2025-01-17,19,4
2025-01-17 20:00:00+00:00,44.88,2025-01-17,20,4
2025-01-17 21:00:00+00:00,45.73,2025-01-17,21,4
2025-01-17 22:00:00+00:00,45.96,2025-01-17,22,4
2025-01-17 23:00:00+00:00,45.99,2025-01-17,23,4
2025-01-18 00:00:00+00:00,45.97,2025-01-18,0,5
2025-01-18 01:00:00+00:00,46.05,2025-01-18,1,5
2025-01-18 02:00:00+00:00,46.43,2025-01-18,2,5
2025-01-18 03:00:00+00:00,46.23,2025-01-18,3,5
2025-01-18 04:00:00+00:00,45.76,2025-01-18,4,5
2025-01-18 05:00:00+00:00,45.47,2025-01-18,5,5
2025-01-18 06:00:00+00:00,45.18,2025-01-18,6,5
2025-01-18 07:00:00+00:00,44.61,2025-01-18,7,5
2025-01-18 08:00:00+00:00,44.32,2025-01-18,8,5
2025-01-18 09:00:00+00:00,43.96,2025-01-18,9,5
2025-01-18 10:00:00+00:00,43.7,2025-01-18,10,5
2025-01-18 11:00:00+00:00,43.37,2025-01-18,11,5
2025-01-18 12:00:00+00:00,42.9,2025-01-18,12,5
2025-01-18 13:00:00+00:00,42.62,2025-01-18,13,5
2025-01-18 14:00:00+00:00,42.48,2025-01-18,14,5
2025-01-18 15:00:00+00:00,42.36,2025-01-18,15,5
2025-01-18 16:00:00+00:00,42.33,2025-01-18,16,5
2025-01-18 17:00:00+00:00,42.42,2025-01-18,17,5
2025-01-18 18:00:00+00:00,42.76,2025-01-18,18,5
2025-01-18 19:00:00+00:00,43.13,2025-01-18,19,5
2025-01-18 20:00:00+00:00,43.77,2025-01-18,20,5
2025-01-18 21:00:00+00:00,44.59,2025-01-18,21,5
2025-01-18 22:00:00+00:00,45.23,2025-01-18,22,5
2025-01-18 23:00:00+00:00,45.66,2025-01-18,23,5
2025-01-19 00:00:00+00:00,45.93,2025-01-19,0,6
2025-01-19 01:00:00+00:00,45.67,2025-01-19,1,6
2025-01-19 02:00:00+00:00,45.68,2025-01-19,2,6
2025-01-19 03:00:00+00:00,45.33,2025-01-19,3,6
2025-01-19 04:00:00+00:00,44.97,2025-01-19,4,6
2025-01-19 05:00:00+00:00,44.53,2025-01-19,5,6
2025-01-19 06:00:00+00:00,44.13,2025-01-19,6,6
2025-01-19 07:00:00+00:00,43.73,2025-01-19,7,6
2025-01-19 08:00:00+00:00,43.24,2025-01-19,8,6
2025-01-19 09:00:00+00:00,43.08,2025-01-19,9,6
2025-01-19 10:00:00+00:00,43.15,2025-01-19,10,6
2025-01-19 11:00:00+00:00,42.99,2025-01-19,11,6
2025-01-19 12:00:00+00:00,42.7,2025-01-19,12,6
2025-01-19 13:00:00+00:00,42.55,2025-01-19,13,6
2025-01-19 14:00:00+00:00,42.41,2025-01-19,14,6
2025-01-19 15:00:00+00:00,42.4,2025-01-19,15,6
2025-01-19 16:00:00+00:00,42.36,2025-01-19,16,6
2025-01-19 17:00:00+00:00,42.42,2025-01-19,17,6
2025-01-19 18:00:00+00:00,42.91,2025-01-19,18,6
2025-01-19 19:00:00+00:00,43.48,2025-01-19,19,6
2025-01-19 20:00:00+00:00,44.08,2025-01-19,20,6
2025-01-19 21:00:00+00:00,44.67,2025-01-19,21,6
2025-01-19 22:00:00+00:00,45.54,2025-01-19,22,6
2025-01-19 23:00:00+00:00,46.07,2025-01-19,23,6
2025-01-20 00:00:00+00:00,46.15,2025-01-20,0,0
2025-01-20 01:00:00+00:00,45.88,2025-01-20,1,0
2025-01-20 02:00:00+00:00,45.58,2025-01-20,2,0
2025-01-20 03:00:00+00:00,45.5,2025-01-20,3,0
2025-01-20 04:00:00+00:00,45.36,2025-01-20,4,0
2025-01-20 05:00:00+00:00,45.05,2025-01-20,5,0
2025-01-20 06:00:00+00:00,44.82,2025-01-20,6,0
2025-01-20 07:00:00+00:00,49.09,2025-01-20,7,0
2025-01-20 08:00:00+00:00,50.59,2025-01-20,8,0
2025-01-20 09:00:00+00:00,49.74,2025-01-20,9,0
2025-01-20 10:00:00+00:00,49.41,2025-01-20,10,0
2025-01-20 11:00:00+00:00,51.25,2025-01-20,11,0
2025-01-20 12:00:00+00:00,50.35,2025-01-20,12,0
2025-01-20 13:00:00+00:00,48.76,2025-01-20,13,0
2025-01-20 14:00:00+00:00,47.81,2025-01-20,14,0
2025-01-20 15:00:00+00:00,48.89,2025-01-20,15,0
2025-01-20 16:00:00+00:00,49.19,2025-01-20,16,0
2025-01-20 17:00:00+00:00,49.16,2025-01-20,17,0
2025-01-20 18:00:00+00:00,49.54,2025-01-20,18,0
2025-01-20 19:00:00+00:00,50.49,2025-01-20,19,0
2025-01-20 20:00:00+00:00,51.39,2025-01-20,20,0
2025-01-20 21:00:00+00:00,51.78,2025-01-20,21,0
2025-01-20 22:00:00+00:00,52.11,2025-01-20,22,0
2025-01-20 23:00:00+00:00,52.12,2025-01-20,23,0
2025-01-21 00:00:00+00:00,52.07,2025-01-21,0,1
2025-01-21 01:00:00+00:00,52.08,2025-01-21,1,1
2025-01-21 02:00:00+00:00,52.66,2025-01-21,2,1
2025-01-21 03:00:00+00:00,53.39,2025-01-21,3,1
2025-01-21 04:00:00+00:00,54.19,2025-01-21,4,1
2025-01-21 05:00:00+00:00,54.51,2025-01-21,5,1
2025-01-21 06:00:00+00:00,55.25,2025-01-21,6,1
2025-01-21 07:00:00+00:00,59.68,2025-01-21,7,1
2025-01-21 08:00:00+00:00,59.91,2025-01-21,8,1
2025-01-21 09:00:00+00:00,59.04,2025-01-21,9,1
2025-01-21 10:00:00+00:00,58.85,2025-01-21,10,1
2025-01-21 11:00:00+00:00,57.62,2025-01-21,11,1
2025-01-21 12:00:00+00:00,56.86,2025-01-21,12,1
2025-01-21 13:00:00+00:00,57.45,2025-01-21,13,1
2025-01-21 14:00:00+00:00,58.3,2025-01-21,14,1
2025-01-21 15:00:00+00:00,62.31,2025-01-21,15,1
2025-01-21 16:00:00+00:00,63.46,2025-01-21,16,1
2025-01-21 17:00:00+00:00,58.66,2025-01-21,17,1
2025-01-21 18:00:00+00:00,58.42,2025-01-21,18,1
2025-01-21 19:00:00+00:00,59.13,2025-01-21,19,1
2025-01-21 20:00:00+00:00,59.51,2025-01-21,20,1
2025-01-21 21:00:00+00:00,59.76,2025-01-21,21,1
2025-01-21 22:00:00+00:00,59.6,2025-01-21,22,1
2025-01-21 23:00:00+00:00,59.23,2025-01-21,23,1
2025-01-22 00:00:00+00:00,58.72,2025-01-22,0,2
2025-01-22 01:00:00+00:00,58.12,2025-01-22,1,2
2025-01-22 02:00:00+00:00,57.71,2025-01-22,2,2
2025-01-22 03:00:00+00:00,57.63,2025-01-22,3,2
2025-01-22 04:00:00+00:00,57.36,2025-01-22,4,2
2025-01-22 05:00:00+00:00,56.52,2025-01-22,5,2
2025-01-22 06:00:00+00:00,55.7,2025-01-22,6,2
2025-01-22 07:00:00+00:00,54.72,2025-01-22,7,2
2025-01-22 08:00:00+00:00,54.59,2025-01-22,8,2
2025-01-22 09:00:00+00:00,55.35,2025-01-22,9,2
2025-01-22 10:00:00+00:00,56.86,2025-01-22,10,2
2025-01-22 11:00:00+00:00,58.11,2025-01-22,11,2
2025-01-22 12:00:00+00:00,57.93,2025-01-22,12,2
2025-01-22 13:00:00+00:00,56.9,2025-01-22,13,2
2025-01-22 14:00:00+00:00,56.33,2025-01-22,14,2
2025-01-22 15:00:00+00:00,51.77,2025-01-22,15,2
2025-01-22 16:00:00+00:00,44.24,2025-01-22,16,2
2025-01-22 17:00:00+00:00,44.48,2025-01-22,17,2
2025-01-22 18:00:00+00:00,45.51,2025-01-22,18,2
2025-01-22 19:00:00+00:00,46.85,2025-01-22,19,2
2025-01-22 20:00:00+00:00,48.0,2025-01-22,20,2
2025-01-22 21:00:00+00:00,49.04,2025-01-22,21,2
2025-01-22 22:00:00+00:00,49.61,2025-01-22,22,2
2025-01-22 23:00:00+00:00,50.11,2025-01-22,23,2
2025-01-23 00:00:00+00:00,50.49,2025-01-23,0,3
2025-01-23 01:00:00+00:00,50.89,2025-01-23,1,3
2025-01-23 02:00:00+00:00,51.26,2025-01-23,2,3
2025-01-23 03:00:00+00:00,51.04,2025-01-23,3,3
2025-01-23 04:00:00+00:00,51.15,2025-01-23,4,3
2025-01-23 05:00:00+00:00,50.94,2025-01-23,5,3
2025-01-23 06:00:00+00:00,50.48,2025-01-23,6,3
2025-01-23 07:00:00+00:00,51.99,2025-01-23,7,3
2025-01-23 08:00:00+00:00,52.98,2025-01-23,8,3
2025-01-23 09:00:00+00:00,52.46,2025-01-23,9,3
2025-01-23 10:00:00+00:00,51.5,2025-01-23,10,3
2025-01-23 11:00:00+00:00,49.23,2025-01-23,11,3
2025-01-23 12:00:00+00:00,48.97,2025-01-23,12,3
2025-01-23 13:00:00+00:00,48.6,2025-01-23,13,3
2025-01-23 14:00:00+00:00,46.75,2025-01-23,14,3
2025-01-23 15:00:00+00:00,45.62,2025-01-23,15,3
2025-01-23 16:00:00+00:00,44.39,2025-01-23,16,3
2025-01-23 17:00:00+00:00,45.7,2025-01-23,17,3
2025-01-23 18:00:00+00:00,48.38,2025-01-23,18,3
2025-01-23 19:00:00+00:00,48.44,2025-01-23,19,3
2025-01-23 20:00:00+00:00,48.92,2025-01-23,20,3
2025-01-23 21:00:00+00:00,49.48,2025-01-23,21,3
2025-01-23 22:00:00+00:00,49.79,2025-01-23,22,3
2025-01-23 23:00:00+00:00,49.93,2025-01-23,23,3
2025-01-24 00:00:00+00:00,49.99,2025-01-24,0,4
2025-01-24 01:00:00+00:00,50.27,2025-01-24,1,4
2025-01-24 02:00:00+00:00,51.18,2025-01-24,2,4
2025-01-24 03:00:00+00:00,51.64,2025-01-24,3,4
2025-01-24 04:00:00+00:00,52.07,2025-01-24,4,4
2025-01-24 05:00:00+00:00,51.79,2025-01-24,5,4
2025-01-24 06:00:00+00:00,51.32,2025-01-24,6,4
2025-01-24 07:00:00+00:00,52.51,2025-01-24,7,4
2025-01-24 08:00:00+00:00,55.03,2025-01-24,8,4
2025-01-24 09:00:00+00:00,53.67,2025-01-24,9,4
2025-01-24 10:00:00+00:00,51.88,2025-01-24,10,4
2025-01-24 11:00:00+00:00,51.77,2025-01-24,11,4
2025-01-24 12:00:00+00:00,49.34,2025-01-24,12,4
2025-01-24 13:00:00+00:00,49.74,2025-01-24,13,4
2025-01-24 14:00:00+00:00,48.83,2025-01-24,14,4
2025-01-24 15:00:00+00:00,47.42,2025-01-24,15,4
2025-01-24 16:00:00+00:00,46.61,2025-01-24,16,4
2025-01-24 17:00:00+00:00,46.72,2025-01-24,17,4
2025-01-24 18:00:00+00:00,47.03,2025-01-24,18,4
2025-01-24 19:00:00+00:00,47.52,2025-01-24,19,4
2025-01-24 20:00:00+00:00,47.95,2025-01-24,20,4
2025-01-24 21:00:00+00:00,48.31,2025-01-24,21,4
2025-01-24 22:00:00+00:00,48.34,2025-01-24,22,4
2025-01-24 23:00:00+00:00,48.38,2025-01-24,23,4
2025-01-25 00:00:00+00:00,48.58,2025-01-25,0,5
2025-01-25 01:00:00+00:00,48.75,2025-01-25,1,5
2025-01-25 02:00:00+00:00,49.06,2025-01-25,2,5
2025-01-25 03:00:00+00:00,49.16,2025-01-25,3,5
2025-01-25 04:00:00+00:00,49.34,2025-01-25,4,5
2025-01-25 05:00:00+00:00,49.56,2025-01-25,5,5
2025-01-25 06:00:00+00:00,49.85,2025-01-25,6,5
2025-01-25 07:00:00+00:00,50.12,2025-01-25,7,5
2025-01-25 08:00:00+00:00,50.35,2025-01-25,8,5
2025-01-25 09:00:00+00:00,50.46,2025-01-25,9,5
2025-01-25 10:00:00+00:00,50.52,2025-01-25,10,5
2025-01-25 11:00:00+00:00,50.83,2025-01-25,11,5
2025-01-25 12:00:00+00:00,50.66,2025-01-25,12,5
2025-01-25 13:00:00+00:00,49.33,2025-01-25,13,5
2025-01-25 14:00:00+00:00,48.46,2025-01-25,14,5
2025-01-25 15:00:00+00:00,48.58,2025-01-25,15,5
2025-01-25 16:00:00+00:00,49.09,2025-01-25,16,5
2025-01-25 17:00:00+00:00,49.62,2025-01-25,17,5
2025-01-25 18:00:00+00:00,49.92,2025-01-25,18,5
2025-01-25 19:00:00+00:00,49.83,2025-01-25,19,5
2025-01-25 20:00:00+00:00,49.73,2025-01-25,20,5
2025-01-25 21:00:00+00:00,49.57,2025-01-25,21,5
2025-01-25 22:00:00+00:00,49.49,2025-01-25,22,5
2025-01-25 23:00:00+00:00,49.33,2025-01-25,23,5
2025-01-26 00:00:00+00:00,49.29,2025-01-26,0,6
2025-01-26 01:00:00+00:00,49.28,2025-01-26,1,6
2025-01-26 02:00:00+00:00,49.44,2025-01-26,2,6
2025-01-26 03:00:00+00:00,49.3,2025-01-26,3,6
2025-01-26 04:00:00+00:00,49.3,2025-01-26,4,6
2025-01-26 05:00:00+00:00,49.2,2025-01-26,5,6
2025-01-26 06:00:00+00:00,49.14,2025-01-26,6,6
2025-01-26 07:00:00+00:00,49.16,2025-01-26,7,6
2025-01-26 08:00:00+00:00,49.22,2025-01-26,8,6
2025-01-26 09:00:00+00:00,49.84,2025-01-26,9,6
2025-01-26 10:00:00+00:00,49.91,2025-01-26,10,6
2025-01-26 11:00:00+00:00,49.46,2025-01-26,11,6
2025-01-26 12:00:00+00:00,48.47,2025-01-26,12,6
2025-01-26 13:00:00+00:00,47.73,2025-01-26,13,6
2025-01-26 14:00:00+00:00,47.56,2025-01-26,14,6
2025-01-26 15:00:00+00:00,47.73,2025-01-26,15,6
2025-01-26 16:00:00+00:00,48.31,2025-01-26,16,6
2025-01-26 17:00:00+00:00,48.64,2025-01-26,17,6
2025-01-26 18:00:00+00:00,49.04,2025-01-26,18,6
2025-01-26 19:00:00+00:00,49.34,2025-01-26,19,6
2025-01-26 20:00:00+00:00,49.55,2025-01-26,20,6
2025-01-26 21:00:00+00:00,49.78,2025-01-26,21,6
2025-01-26 22:00:00+00:00,49.99,2025-01-26,22,6
2025-01-26 23:00:00+00:00,50.23,2025-01-26,23,6
2025-01-27 00:00:00+00:00,50.37,2025-01-27,0,0
2025-01-27 01:00:00+00:00,50.51,2025-01-27,1,0
2025-01-27 02:00:00+00:00,50.64,2025-01-27,2,0
2025-01-27 03:00:00+00:00,50.77,2025-01-27,3,0
2025-01-27 04:00:00+00:00,51.13,2025-01-27,4,0
2025-01-27 05:00:00+00:00,52.11,2025-01-27,5,0
2025-01-27 06:00:00+00:00,53.87,2025-01-27,6,0
2025-01-27 07:00:00+00:00,56.94,2025-01-27,7,0
2025-01-27 08:00:00+00:00,58.05,2025-01-27,8,0
2025-01-27 09:00:00+00:00,55.89,2025-01-27,9,0
2025-01-27 10:00:00+00:00,54.11,2025-01-27,10,0
2025-01-27 11:00:00+00:00,51.32,2025-01-27,11,0
2025-01-27 12:00:00+00:00,47.83,2025-01-27,12,0
2025-01-27 13:00:00+00:00,47.6,2025-01-27,13,0
2025-01-27 14:00:00+00:00,46.32,2025-01-27,14,0
2025-01-27 15:00:00+00:00,49.67,2025-01-27,15,0
2025-01-27 16:00:00+00:00,52.3,2025-01-27,16,0
2025-01-27 17:00:00+00:00,53.01,2025-01-27,17,0
2025-01-27 18:00:00+00:00,54.78,2025-01-27,18,0
2025-01-27 19:00:00+00:00,54.3,2025-01-27,19,0
2025-01-27 20:00:00+00:00,51.17,2025-01-27,20,0
2025-01-27 21:00:00+00:00,48.35,2025-01-27,21,0
2025-01-27 22:00:00+00:00,46.49,2025-01-27,22,0
2025-01-27 23:00:00+00:00,46.04,2025-01-27,23,0
2025-01-28 00:00:00+00:00,44.52,2025-01-28,0,1
2025-01-28 01:00:00+00:00,42.49,2025-01-28,1,1
2025-01-28 02:00:00+00:00,41.89,2025-01-28,2,1
2025-01-28 03:00:00+00:00,40.58,2025-01-28,3,1
2025-01-28 04:00:00+00:00,40.51,2025-01-28,4,1
2025-01-28 05:00:00+00:00,42.13,2025-01-28,5,1
2025-01-28 06:00:00+00:00,44.03,2025-01-28,6,1
2025-01-28 07:00:00+00:00,44.23,2025-01-28,7,1
2025-01-28 08:00:00+00:00,46.75,2025-01-28,8,1
2025-01-28 09:00:00+00:00,44.77,2025-01-28,9,1
2025-01-28 10:00:00+00:00,42.16,2025-01-28,10,1
2025-01-28 11:00:00+00:00,43.41,2025-01-28,11,1
2025-01-28 12:00:00+00:00,41.6,2025-01-28,12,1
2025-01-28 13:00:00+00:00,35.41,2025-01-28,13,1
2025-01-28 14:00:00+00:00,33.83,2025-01-28,14,1
2025-01-28 15:00:00+00:00,34.49,2025-01-28,15,1
2025-01-28 16:00:00+00:00,37.41,2025-01-28,16,1
2025-01-28 17:00:00+00:00,36.5,2025-01-28,17,1
2025-01-28 18:00:00+00:00,36.14,2025-01-28,18,1
2025-01-28 19:00:00+00:00,36.47,2025-01-28,19,1
2025-01-28 20:00:00+00:00,37.35,2025-01-28,20,1
2025-01-28 21:00:00+00:00,38.75,2025-01-28,21,1
2025-01-28 22:00:00+00:00,39.4,2025-01-28,22,1
2025-01-28 23:00:00+00:00,39.99,2025-01-28,23,1
2025-01-29 00:00:00+00:00,40.08,2025-01-29,0,2
2025-01-29 01:00:00+00:00,40.42,2025-01-29,1,2
2025-01-29 02:00:00+00:00,40.65,2025-01-29,2,2
2025-01-29 03:00:00+00:00,40.75,2025-01-29,3,2
2025-01-29 04:00:00+00:00,40.83,2025-01-29,4,2
2025-01-29 05:00:00+00:00,41.18,2025-01-29,5,2
2025-01-29 06:00:00+00:00,42.03,2025-01-29,6,2
2025-01-29 07:00:00+00:00,45.36,2025-01-29,7,2
2025-01-29 08:00:00+00:00,53.24,2025-01-29,8,2
2025-01-29 09:00:00+00:00,54.24,2025-01-29,9,2
2025-01-29 10:00:00+00:00,47.87,2025-01-29,10,2
2025-01-29 11:00:00+00:00,47.8,2025-01-29,11,2
2025-01-29 12:00:00+00:00,42.12,2025-01-29,12,2
2025-01-29 13:00:00+00:00,42.08,2025-01-29,13,2
2025-01-29 14:00:00+00:00,40.92,2025-01-29,14,2
2025-01-29 15:00:00+00:00,42.57,2025-01-29,15,2
2025-01-29 16:00:00+00:00,45.02,2025-01-29,16,2
2025-01-29 17:00:00+00:00,46.46,2025-01-29,17,2
2025-01-29 18:00:00+00:00,47.48,2025-01-29,18,2
2025-01-29 19:00:00+00:00,48.52,2025-01-29,19,2
2025-01-29 20:00:00+00:00,45.57,2025-01-29,20,2
2025-01-29 21:00:00+00:00,44.47,2025-01-29,21,2
2025-01-29 22:00:00+00:00,44.05,2025-01-29,22,2
2025-01-29 23:00:00+00:00,43.93,2025-01-29,23,2
2025-01-30 00:00:00+00:00,44.68,2025-01-30,0,3
2025-01-30 01:00:00+00:00,44.8,2025-01-30,1,3
2025-01-30 02:00:00+00:00,43.82,2025-01-30,2,3
2025-01-30 03:00:00+00:00,42.99,2025-01-30,3,3
2025-01-30 04:00:00+00:00,42.59,2025-01-30,4,3
2025-01-30 05:00:00+00:00,42.17,2025-01-30,5,3
2025-01-30 06:00:00+00:00,41.42,2025-01-30,6,3
2025-01-30 07:00:00+00:00,41.87,2025-01-30,7,3
2025-01-30 08:00:00+00:00,43.43,2025-01-30,8,3
2025-01-30 09:00:00+00:00,42.82,2025-01-30,9,3
2025-01-30 10:00:00+00:00,40.5,2025-01-30,10,3
2025-01-30 11:00:00+00:00,37.19,2025-01-30,11,3
2025-01-30 12:00:00+00:00,35.59,2025-01-30,12,3
2025-01-30 13:00:00+00:00,34.39,2025-01-30,13,3
2025-01-30 14:00:00+00:00,33.69,2025-01-30,14,3
2025-01-30 15:00:00+00:00,36.79,2025-01-30,15,3
2025-01-30 16:00:00+00:00,39.13,2025-01-30,16,3
2025-01-30 17:00:00+00:00,38.48,2025-01-30,17,3
2025-01-30 18:00:00+00:00,35.95,2025-01-30,18,3
2025-01-30 19:00:00+00:00,36.9,2025-01-30,19,3
2025-01-30 20:00:00+00:00,37.42,2025-01-30,20,3
2025-01-30 21:00:00+00:00,37.41,2025-01-30,21,3
2025-01-30 22:00:00+00:00,37.32,2025-01-30,22,3
2025-01-30 23:00:00+00:00,37.31,2025-01-30,23,3
2025-01-31 00:00:00+00:00,37.34,2025-01-31,0,4
2025-01-31 01:00:00+00:00,37.32,2025-01-31,1,4
2025-01-31 02:00:00+00:00,37.22,2025-01-31,2,4
2025-01-31 03:00:00+00:00,37.13,2025-01-31,3,4
2025-01-31 04:00:00+00:00,36.96,2025-01-31,4,4
2025-01-31 05:00:00+00:00,37.48,2025-01-31,5,4
2025-01-31 06:00:00+00:00,38.04,2025-01-31,6,4
2025-01-31 07:00:00+00:00,39.27,2025-01-31,7,4
2025-01-31 08:00:00+00:00,43.25,2025-01-31,8,4
2025-01-31 09:00:00+00:00,39.72,2025-01-31,9,4
2025-01-31 10:00:00+00:00,39.05,2025-01-31,10,4
2025-01-31 11:00:00+00:00,42.52,2025-01-31,11,4
2025-01-31 12:00:00+00:00,42.01,2025-01-31,12,4
2025-01-31 13:00:00+00:00,39.34,2025-01-31,13,4
2025-01-31 14:00:00+00:00,38.04,2025-01-31,14,4
2025-01-31 15:00:00+00:00,38.57,2025-01-31,15,4
2025-01-31 16:00:00+00:00,40.38,2025-01-31,16,4
2025-01-31 17:00:00+00:00,42.55,2025-01-31,17,4
2025-01-31 18:00:00+00:00,43.3,2025-01-31,18,4
2025-01-31 19:00:00+00:00,44.89,2025-01-31,19,4
2025-01-31 20:00:00+00:00,44.99,2025-01-31,20,4
2025-01-31 21:00:00+00:00,44.77,2025-01-31,21,4
2025-01-31 22:00:00+00:00,44.9,2025-01-31,22,4
2025-01-31 23:00:00+00:00,44.63,2025-01-31,23,4
2025-02-01 00:00:00+00:00,44.48,2025-02-01,0,5
2025-02-01 01:00:00+00:00,44.37,2025-02-01,1,5
2025-02-01 02:00:00+00:00,44.4,2025-02-01,2,5
2025-02-01 03:00:00+00:00,43.65,2025-02-01,3,5
2025-02-01 04:00:00+00:00,42.67,2025-02-01,4,5
2025-02-01 05:00:00+00:00,41.22,2025-02-01,5,5
2025-02-01 06:00:00+00:00,40.13,2025-02-01,6,5
2025-02-01 07:00:00+00:00,39.47,2025-02-01,7,5
2025-02-01 08:00:00+00:00,39.0,2025-02-01,8,5
2025-02-01 09:00:00+00:00,38.54,2025-02-01,9,5
2025-02-01 10:00:00+00:00,38.29,2025-02-01,10,5
2025-02-01 11:00:00+00:00,38.51,2025-02-01,11,5
2025-02-01 12:00:00+00:00,38.16,2025-02-01,12,5
2025-02-01 13:00:00+00:00,37.99,2025-02-01,13,5
2025-02-01 14:00:00+00:00,37.95,2025-02-01,14,5
2025-02-01 15:00:00+00:00,37.81,2025-02-01,15,5
2025-02-01 16:00:00+00:00,39.65,2025-02-01,16,5
2025-02-01 17:00:00+00:00,40.83,2025-02-01,17,5
2025-02-01 18:00:00+00:00,41.79,2025-02-01,18,5
2025-02-01 19:00:00+00:00,42.98,2025-02-01,19,5
2025-02-01 20:00:00+00:00,43.78,2025-02-01,20,5
2025-02-01 21:00:00+00:00,44.47,2025-02-01,21,5
2025-02-01 22:00:00+00:00,45.07,2025-02-01,22,5
2025-02-01 23:00:00+00:00,45.82,2025-02-01,23,5
2025-02-02 00:00:00+00:00,46.53,2025-02-02,0,6
2025-02-02 01:00:00+00:00,47.17,2025-02-02,1,6
2025-02-02 02:00:00+00:00,47.89,2025-02-02,2,6
2025-02-02 03:00:00+00:00,48.1,2025-02-02,3,6
2025-02-02 04:00:00+00:00,47.97,2025-02-02,4,6
2025-02-02 05:00:00+00:00,47.12,2025-02-02,5,6
2025-02-02 06:00:00+00:00,46.62,2025-02-02,6,6
2025-02-02 07:00:00+00:00,46.16,2025-02-02,7,6
2025-02-02 08:00:00+00:00,45.48,2025-02-02,8,6
2025-02-02 09:00:00+00:00,45.34,2025-02-02,9,6
2025-02-02 10:00:00+00:00,44.84,2025-02-02,10,6
2025-02-02 11:00:00+00:00,44.51,2025-02-02,11,6
2025-02-02 12:00:00+00:00,44.13,2025-02-02,12,6
2025-02-02 13:00:00+00:00,43.82,2025-02-02,13,6
2025-02-02 14:00:00+00:00,43.49,2025-02-02,14,6
2025-02-02 15:00:00+00:00,43.33,2025-02-02,15,6
2025-02-02 16:00:00+00:00,43.25,2025-02-02,16,6
2025-02-02 17:00:00+00:00,43.22,2025-02-02,17,6
2025-02-02 18:00:00+00:00,43.34,2025-02-02,18,6
2025-02-02 19:00:00+00:00,43.66,2025-02-02,19,6
2025-02-02 20:00:00+00:00,44.12,2025-02-02,20,6
2025-02-02 21:00:00+00:00,44.39,2025-02-02,21,6
2025-02-02 22:00:00+00:00,44.66,2025-02-02,22,6
2025-02-02 23:00:00+00:00,44.89,2025-02-02,23,6
2025-02-03 00:00:00+00:00,44.85,2025-02-03,0,0
2025-02-03 01:00:00+00:00,44.59,2025-02-03,1,0
2025-02-03 02:00:00+00:00,44.52,2025-02-03,2,0
2025-02-03 03:00:00+00:00,44.06,2025-02-03,3,0
2025-02-03 04:00:00+00:00,43.82,2025-02-03,4,0
2025-02-03 05:00:00+00:00,43.24,2025-02-03,5,0
2025-02-03 06:00:00+00:00,42.02,2025-02-03,6,0
2025-02-03 07:00:00+00:00,40.61,2025-02-03,7,0
2025-02-03 08:00:00+00:00,39.81,2025-02-03,8,0
2025-02-03 09:00:00+00:00,40.71,2025-02-03,9,0
2025-02-03 10:00:00+00:00,44.07,2025-02-03,10,0
2025-02-03 11:00:00+00:00,40.75,2025-02-03,11,0
2025-02-03 12:00:00+00:00,40.87,2025-02-03,12,0
2025-02-03 13:00:00+00:00,37.9,2025-02-03,13,0
2025-02-03 14:00:00+00:00,36.16,2025-02-03,14,0
2025-02-03 15:00:00+00:00,37.34,2025-02-03,15,0
2025-02-03 16:00:00+00:00,37.57,2025-02-03,16,0
2025-02-03 17:00:00+00:00,37.51,2025-02-03,17,0
2025-02-03 18:00:00+00:00,38.67,2025-02-03,18,0
2025-02-03 19:00:00+00:00,39.86,2025-02-03,19,0
2025-02-03 20:00:00+00:00,40.49,2025-02-03,20,0
2025-02-03 21:00:00+00:00,41.1,2025-02-03,21,0
2025-02-03 22:00:00+00:00,41.31,2025-02-03,22,0
2025-02-03 23:00:00+00:00,41.39,2025-02-03,23,0
2025-02-04 00:00:00+00:00,41.39,2025-02-04,0,1
2025-02-04 01:00:00+00:00,41.43,2025-02-04,1,1
2025-02-04 02:00:00+00:00,41.37,2025-02-04,2,1
2025-02-04 03:00:00+00:00,41.11,2025-02-04,3,1
2025-02-04 04:00:00+00:00,41.06,2025-02-04,4,1
2025-02-04 05:00:00+00:00,40.96,2025-02-04,5,1
2025-02-04 06:00:00+00:00,41.4,2025-02-04,6,1
2025-02-04 07:00:00+00:00,42.46,2025-02-04,7,1
2025-02-04 08:00:00+00:00,46.72,2025-02-04,8,1
2025-02-04 09:00:00+00:00,39.91,2025-02-04,9,1
2025-02-04 10:00:00+00:00,37.82,2025-02-04,10,1
2025-02-04 11:00:00+00:00,42.02,2025-02-04,11,1
2025-02-04 12:00:00+00:00,41.05,2025-02-04,12,1
2025-02-04 13:00:00+00:00,36.95,2025-02-04,13,1
2025-02-04 14:00:00+00:00,35.21,2025-02-04,14,1
2025-02-04 15:00:00+00:00,41.21,2025-02-04,15,1
2025-02-04 16:00:00+00:00,44.57,2025-02-04,16,1
2025-02-04 17:00:00+00:00,43.18,2025-02-04,17,1
2025-02-04 18:00:00+00:00,37.95,2025-02-04,18,1
2025-02-04 19:00:00+00:00,39.13,2025-02-04,19,1
2025-02-04 20:00:00+00:00,40.88,2025-02-04,20,1
2025-02-04 21:00:00+00:00,42.38,2025-02-04,21,1
2025-02-04 22:00:00+00:00,43.39,2025-02-04,22,1
2025-02-04 23:00:00+00:00,44.18,2025-02-04,23,1
2025-02-05 00:00:00+00:00,44.25,2025-02-05,0,2
2025-02-05 01:00:00+00:00,43.57,2025-02-05,1,2
2025-02-05 02:00:00+00:00,42.89,2025-02-05,2,2
2025-02-05 03:00:00+00:00,42.0,2025-02-05,3,2
2025-02-05 04:00:00+00:00,41.5,2025-02-05,4,2
2025-02-05 05:00:00+00:00,40.32,2025-02-05,5,2
2025-02-05 06:00:00+00:00,39.68,2025-02-05,6,2
2025-02-05 07:00:00+00:00,41.09,2025-02-05,7,2
2025-02-05 08:00:00+00:00,41.6,2025-02-05,8,2
2025-02-05 09:00:00+00:00,42.11,2025-02-05,9,2
2025-02-05 10:00:00+00:00,38.18,2025-02-05,10,2
2025-02-05 11:00:00+00:00,41.05,2025-02-05,11,2
2025-02-05 12:00:00+00:00,39.15,2025-02-05,12,2
2025-02-05 13:00:00+00:00,37.38,2025-02-05,13,2
2025-02-05 14:00:00+00:00,37.0,2025-02-05,14,2
2025-02-05 15:00:00+00:00,42.29,2025-02-05,15,2
2025-02-05 16:00:00+00:00,44.03,2025-02-05,16,2
2025-02-05 17:00:00+00:00,42.23,2025-02-05,17,2
2025-02-05 18:00:00+00:00,42.5,2025-02-05,18,2
2025-02-05 19:00:00+00:00,43.24,2025-02-05,19,2
2025-02-05 20:00:00+00:00,44.28,2025-02-05,20,2
2025-02-05 21:00:00+00:00,44.67,2025-02-05,21,2
2025-02-05 22:00:00+00:00,44.87,2025-02-05,22,2
2025-02-05 23:00:00+00:00,44.92,2025-02-05,23,2
2025-02-06 00:00:00+00:00,44.72,2025-02-06,0,3
2025-02-06 01:00:00+00:00,44.22,2025-02-06,1,3
2025-02-06 02:00:00+00:00,43.55,2025-02-06,2,3
2025-02-06 03:00:00+00:00,42.87,2025-02-06,3,3
2025-02-06 04:00:00+00:00,42.34,2025-02-06,4,3
2025-02-06 05:00:00+00:00,41.61,2025-02-06,5,3
2025-02-06 06:00:00+00:00,40.95,2025-02-06,6,3
2025-02-06 07:00:00+00:00,40.12,2025-02-06,7,3
2025-02-06 08:00:00+00:00,41.95,2025-02-06,8,3
2025-02-06 09:00:00+00:00,41.5,2025-02-06,9,3
2025-02-06 10:00:00+00:00,38.25,2025-02-06,10,3
2025-02-06 11:00:00+00:00,40.55,2025-02-06,11,3
2025-02-06 12:00:00+00:00,40.85,2025-02-06,12,3
2025-02-06 13:00:00+00:00,40.63,2025-02-06,13,3
2025-02-06 14:00:00+00:00,40.15,2025-02-06,14,3
2025-02-06 15:00:00+00:00,39.74,2025-02-06,15,3
2025-02-06 16:00:00+00:00,41.13,2025-02-06,16,3
2025-02-06 17:00:00+00:00,41.35,2025-02-06,17,3
2025-02-06 18:00:00+00:00,42.36,2025-02-06,18,3
2025-02-06 19:00:00+00:00,43.2,2025-02-06,19,3
2025-02-06 20:00:00+00:00,43.57,2025-02-06,20,3
2025-02-06 21:00:00+00:00,43.74,2025-02-06,21,3
2025-02-06 22:00:00+00:00,44.13,2025-02-06,22,3
2025-02-06 23:00:00+00:00,44.01,2025-02-06,23,3
2025-02-07 00:00:00+00:00,43.77,2025-02-07,0,4
2025-02-07 01:00:00+00:00,43.5,2025-02-07,1,4
2025-02-07 02:00:00+00:00,43.34,2025-02-07,2,4
2025-02-07 03:00:00+00:00,43.04,2025-02-07,3,4
2025-02-07 04:00:00+00:00,42.86,2025-02-07,4,4
2025-02-07 05:00:00+00:00,42.26,2025-02-07,5,4
2025-02-07 06:00:00+00:00,41.28,2025-02-07,6,4
2025-02-07 07:00:00+00:00,46.72,2025-02-07,7,4
2025-02-07 08:00:00+00:00,52.59,2025-02-07,8,4
2025-02-07 09:00:00+00:00,51.25,2025-02-07,9,4
2025-02-07 10:00:00+00:00,45.05,2025-02-07,10,4
2025-02-07 11:00:00+00:00,40.62,2025-02-07,11,4
2025-02-07 12:00:00+00:00,39.52,2025-02-07,12,4
2025-02-07 13:00:00+00:00,35.41,2025-02-07,13,4
2025-02-07 14:00:00+00:00,35.97,2025-02-07,14,4
2025-02-07 15:00:00+00:00,43.97,2025-02-07,15,4
2025-02-07 16:00:00+00:00,43.46,2025-02-07,16,4
2025-02-07 17:00:00+00:00,41.89,2025-02-07,17,4
2025-02-07 18:00:00+00:00,42.7,2025-02-07,18,4
2025-02-07 19:00:00+00:00,44.32,2025-02-07,19,4
2025-02-07 20:00:00+00:00,44.37,2025-02-07,20,4
2025-02-07 21:00:00+00:00,44.53,2025-02-07,21,4
2025-02-07 22:00:00+00:00,44.38,2025-02-07,22,4
2025-02-07 23:00:00+00:00,44.03,2025-02-07,23,4
2025-02-08 00:00:00+00:00,44.3,2025-02-08,0,5
2025-02-08 01:00:00+00:00,44.66,2025-02-08,1,5
2025-02-08 02:00:00+00:00,44.76,2025-02-08,2,5
2025-02-08 03:00:00+00:00,45.11,2025-02-08,3,5
2025-02-08 04:00:00+00:00,45.77,2025-02-08,4,5
2025-02-08 05:00:00+00:00,47.0,2025-02-08,5,5
2025-02-08 06:00:00+00:00,47.46,2025-02-08,6,5
2025-02-08 07:00:00+00:00,47.53,2025-02-08,7,5
2025-02-08 08:00:00+00:00,47.71,2025-02-08,8,5
2025-02-08 09:00:00+00:00,47.69,2025-02-08,9,5
2025-02-08 10:00:00+00:00,45.54,2025-02-08,10,5
2025-02-08 11:00:00+00:00,39.68,2025-02-08,11,5
2025-02-08 12:00:00+00:00,36.51,2025-02-08,12,5
2025-02-08 13:00:00+00:00,33.99,2025-02-08,13,5
2025-02-08 14:00:00+00:00,32.82,2025-02-08,14,5
2025-02-08 15:00:00+00:00,34.0,2025-02-08,15,5
2025-02-08 16:00:00+00:00,35.96,2025-02-08,16,5
2025-02-08 17:00:00+00:00,37.25,2025-02-08,17,5
2025-02-08 18:00:00+00:00,38.76,2025-02-08,18,5
2025-02-08 19:00:00+00:00,40.01,2025-02-08,19,5
2025-02-08 20:00:00+00:00,41.19,2025-02-08,20,5
2025-02-08 21:00:00+00:00,42.01,2025-02-08,21,5
2025-02-08 22:00:00+00:00,42.92,2025-02-08,22,5
2025-02-08 23:00:00+00:00,43.56,2025-02-08,23,5
2025-02-09 00:00:00+00:00,44.6,2025-02-09,0,6
2025-02-09 01:00:00+00:00,45.17,2025-02-09,1,6
2025-02-09 02:00:00+00:00,45.59,2025-02-09,2,6
2025-02-09 03:00:00+00:00,46.06,2025-02-09,3,6
2025-02-09 04:00:00+00:00,46.62,2025-02-09,4,6
2025-02-09 05:00:00+00:00,45.85,2025-02-09,5,6
2025-02-09 06:00:00+00:00,45.03,2025-02-09,6,6
2025-02-09 07:00:00+00:00,44.44,2025-02-09,7,6
2025-02-09 08:00:00+00:00,44.24,2025-02-09,8,6
2025-02-09 09:00:00+00:00,44.03,2025-02-09,9,6
2025-02-09 10:00:00+00:00,43.37,2025-02-09,10,6
2025-02-09 11:00:00+00:00,42.88,2025-02-09,11,6
2025-02-09 12:00:00+00:00,42.86,2025-02-09,12,6
2025-02-09 13:00:00+00:00,42.93,2025-02-09,13,6
2025-02-09 14:00:00+00:00,43.04,2025-02-09,14,6
2025-02-09 15:00:00+00:00,43.33,2025-02-09,15,6
2025-02-09 16:00:00+00:00,43.6,2025-02-09,16,6
2025-02-09 17:00:00+00:00,43.95,2025-02-09,17,6
2025-02-09 18:00:00+00:00,44.76,2025-02-09,18,6
2025-02-09 19:00:00+00:00,45.23,2025-02-09,19,6
2025-02-09 20:00:00+00:00,45.67,2025-02-09,20,6
2025-02-09 21:00:00+00:00,46.06,2025-02-09,21,6
2025-02-09 22:00:00+00:00,46.32,2025-02-09,22,6
2025-02-09 23:00:00+00:00,46.94,2025-02-09,23,6
2025-02-10 00:00:00+00:00,46.77,2025-02-10,0,0
2025-02-10 01:00:00+00:00,46.54,2025-02-10,1,0
2025-02-10 02:00:00+00:00,46.32,2025-02-10,2,0
2025-02-10 03:00:00+00:00,46.26,2025-02-10,3,0
2025-02-10 04:00:00+00:00,46.12,2025-02-10,4,0
2025-02-10 05:00:00+00:00,45.9,2025-02-10,5,0
2025-02-10 06:00:00+00:00,44.51,2025-02-10,6,0
2025-02-10 07:00:00+00:00,46.51,2025-02-10,7,0
2025-02-10 08:00:00+00:00,51.91,2025-02-10,8,0
2025-02-10 09:00:00+00:00,54.08,2025-02-10,9,0
2025-02-10 10:00:00+00:00,51.75,2025-02-10,10,0
2025-02-10 11:00:00+00:00,47.87,2025-02-10,11,0
2025-02-10 12:00:00+00:00,47.83,2025-02-10,12,0
2025-02-10 13:00:00+00:00,48.55,2025-02-10,13,0
2025-02-10 14:00:00+00:00,49.88,2025-02-10,14,0
2025-02-10 15:00:00+00:00,53.53,2025-02-10,15,0
2025-02-10 16:00:00+00:00,56.59,2025-02-10,16,0
2025-02-10 17:00:00+00:00,55.18,2025-02-10,17,0
2025-02-10 18:00:00+00:00,55.54,2025-02-10,18,0
2025-02-10 19:00:00+00:00,57.03,2025-02-10,19,0
2025-02-10 20:00:00+00:00,56.7,2025-02-10,20,0
2025-02-10 21:00:00+00:00,56.14,2025-02-10,21,0
2025-02-10 22:00:00+00:00,55.43,2025-02-10,22,0
2025-02-10 23:00:00+00:00,54.79,2025-02-10,23,0
2025-02-11 00:00:00+00:00,54.35,2025-02-11,0,1
2025-02-11 01:00:00+00:00,53.96,2025-02-11,1,1
2025-02-11 02:00:00+00:00,53.84,2025-02-11,2,1
2025-02-11 03:00:00+00:00,53.82,2025-02-11,3,1
2025-02-11 04:00:00+00:00,53.8,2025-02-11,4,1
2025-02-11 05:00:00+00:00,53.45,2025-02-11,5,1
2025-02-11 06:00:00+00:00,53.24,2025-02-11,6,1
2025-02-11 07:00:00+00:00,53.67,2025-02-11,7,1
2025-02-11 08:00:00+00:00,52.43,2025-02-11,8,1
2025-02-11 09:00:00+00:00,51.22,2025-02-11,9,1
2025-02-11 10:00:00+00:00,52.73,2025-02-11,10,1
2025-02-11 11:00:00+00:00,52.73,2025-02-11,11,1
2025-02-11 12:00:00+00:00,50.36,2025-02-11,12,1
2025-02-11 13:00:00+00:00,49.97,2025-02-11,13,1
2025-02-11 14:00:00+00:00,51.38,2025-02-11,14,1
2025-02-11 15:00:00+00:00,52.81,2025-02-11,15,1
2025-02-11 16:00:00+00:00,51.95,2025-02-11,16,1
2025-02-11 17:00:00+00:00,51.52,2025-02-11,17,1
2025-02-11 18:00:00+00:00,53.37,2025-02-11,18,1
2025-02-11 19:00:00+00:00,53.62,2025-02-11,19,1
2025-02-11 20:00:00+00:00,53.2,2025-02-11,20,1
2025-02-11 21:00:00+00:00,53.64,2025-02-11,21,1
2025-02-11 22:00:00+00:00,53.83,2025-02-11,22,1
2025-02-11 23:00:00+00:00,54.19,2025-02-11,23,1
2025-02-12 00:00:00+00:00,54.54,2025-02-12,0,2
2025-02-12 01:00:00+00:00,53.77,2025-02-12,1,2
2025-02-12 02:00:00+00:00,53.56,2025-02-12,2,2
2025-02-12 03:00:00+00:00,53.86,2025-02-12,3,2
2025-02-12 04:00:00+00:00,53.78,2025-02-12,4,2
2025-02-12 05:00:00+00:00,53.37,2025-02-12,5,2
2025-02-12 06:00:00+00:00,53.15,2025-02-12,6,2
2025-02-12 07:00:00+00:00,53.77,2025-02-12,7,2
2025-02-12 08:00:00+00:00,55.18,2025-02-12,8,2
2025-02-12 09:00:00+00:00,58.74,2025-02-12,9,2
2025-02-12 10:00:00+00:00,56.86,2025-02-12,10,2
2025-02-12 11:00:00+00:00,55.61,2025-02-12,11,2
2025-02-12 12:00:00+00:00,55.18,2025-02-12,12,2
2025-02-12 13:00:00+00:00,55.04,2025-02-12,13,2
2025-02-12 14:00:00+00:00,55.32,2025-02-12,14,2
2025-02-12 15:00:00+00:00,56.64,2025-02-12,15,2
2025-02-12 16:00:00+00:00,56.35,2025-02-12,16,2
2025-02-12 17:00:00+00:00,57.28,2025-02-12,17,2
2025-02-12 18:00:00+00:00,58.36,2025-02-12,18,2
2025-02-12 19:00:00+00:00,59.64,2025-02-12,19,2
2025-02-12 20:00:00+00:00,59.42,2025-02-12,20,2
2025-02-12 21:00:00+00:00,56.97,2025-02-12,21,2
2025-02-12 22:00:00+00:00,54.46,2025-02-12,22,2
2025-02-12 23:00:00+00:00,53.12,2025-02-12,23,2
2025-02-13 00:00:00+00:00,52.61,2025-02-13,0,3
2025-02-13 01:00:00+00:00,51.71,2025-02-13,1,3
2025-02-13 02:00:00+00:00,50.44,2025-02-13,2,3
2025-02-13 03:00:00+00:00,49.99,2025-02-13,3,3
2025-02-13 04:00:00+00:00,49.83,2025-02-13,4,3
2025-02-13 05:00:00+00:00,49.05,2025-02-13,5,3
2025-02-13 06:00:00+00:00,48.27,2025-02-13,6,3
2025-02-13 07:00:00+00:00,47.33,2025-02-13,7,3
2025-02-13 08:00:00+00:00,46.44,2025-02-13,8,3
2025-02-13 09:00:00+00:00,47.25,2025-02-13,9,3
2025-02-13 10:00:00+00:00,47.58,2025-02-13,10,3
2025-02-13 11:00:00+00:00,42.93,2025-02-13,11,3
2025-02-13 12:00:00+00:00,41.85,2025-02-13,12,3
2025-02-13 13:00:00+00:00,40.85,2025-02-13,13,3
2025-02-13 14:00:00+00:00,39.97,2025-02-13,14,3
2025-02-13 15:00:00+00:00,40.58,2025-02-13,15,3
2025-02-13 16:00:00+00:00,43.18,2025-02-13,16,3
2025-02-13 17:00:00+00:00,45.07,2025-02-13,17,3
2025-02-13 18:00:00+00:00,45.39,2025-02-13,18,3
2025-02-13 19:00:00+00:00,45.16,2025-02-13,19,3
2025-02-13 20:00:00+00:00,45.34,2025-02-13,20,3
2025-02-13 21:00:00+00:00,46.2,2025-02-13,21,3
2025-02-13 22:00:00+00:00,47.08,2025-02-13,22,3
2025-02-13 23:00:00+00:00,47.6,2025-02-13,23,3
2025-02-14 00:00:00+00:00,47.34,2025-02-14,0,4
2025-02-14 01:00:00+00:00,47.17,2025-02-14,1,4
2025-02-14 02:00:00+00:00,46.96,2025-02-14,2,4
2025-02-14 03:00:00+00:00,46.78,2025-02-14,3,4
2025-02-14 04:00:00+00:00,46.69,2025-02-14,4,4
2025-02-14 05:00:00+00:00,46.13,2025-02-14,5,4
2025-02-14 06:00:00+00:00,45.77,2025-02-14,6,4
2025-02-14 07:00:00+00:00,47.52,2025-02-14,7,4
2025-02-14 08:00:00+00:00,52.07,2025-02-14,8,4
2025-02-14 09:00:00+00:00,53.96,2025-02-14,9,4
2025-02-14 10:00:00+00:00,50.48,2025-02-14,10,4
2025-02-14 11:00:00+00:00,50.85,2025-02-14,11,4
2025-02-14 12:00:00+00:00,49.85,2025-02-14,12,4
2025-02-14 13:00:00+00:00,48.23,2025-02-14,13,4
2025-02-14 14:00:00+00:00,48.14,2025-02-14,14,4
2025-02-14 15:00:00+00:00,49.0,2025-02-14,15,4
2025-02-14 16:00:00+00:00,49.64,2025-02-14,16,4
2025-02-14 17:00:00+00:00,49.68,2025-02-14,17,4
2025-02-14 18:00:00+00:00,49.98,2025-02-14,18,4
2025-02-14 19:00:00+00:00,50.9,2025-02-14,19,4
2025-02-14 20:00:00+00:00,51.3,2025-02-14,20,4
2025-02-14 21:00:00+00:00,51.26,2025-02-14,21,4
2025-02-14 22:00:00+00:00,51.19,2025-02-14,22,4
2025-02-14 23:00:00+00:00,51.05,2025-02-14,23,4
2025-02-15 00:00:00+00:00,50.72,2025-02-15,0,5
2025-02-15 01:00:00+00:00,50.48,2025-02-15,1,5
2025-02-15 02:00:00+00:00,50.25,2025-02-15,2,5
2025-02-15 03:00:00+00:00,49.7,2025-02-15,3,5
2025-02-15 04:00:00+00:00,49.25,2025-02-15,4,5
2025-02-15 05:00:00+00:00,49.71,2025-02-15,5,5
2025-02-15 06:00:00+00:00,50.66,2025-02-15,6,5
2025-02-15 07:00:00+00:00,51.41,2025-02-15,7,5
2025-02-15 08:00:00+00:00,51.79,2025-02-15,8,5
2025-02-15 09:00:00+00:00,52.9,2025-02-15,9,5
2025-02-15 10:00:00+00:00,53.13,2025-02-15,10,5
2025-02-15 11:00:00+00:00,52.97,2025-02-15,11,5
2025-02-15 12:00:00+00:00,52.95,2025-02-15,12,5
2025-02-15 13:00:00+00:00,53.01,2025-02-15,13,5
2025-02-15 14:00:00+00:00,53.07,2025-02-15,14,5
2025-02-15 15:00:00+00:00,53.3,2025-02-15,15,5
2025-02-15 16:00:00+00:00,53.95,2025-02-15,16,5
2025-02-15 17:00:00+00:00,54.46,2025-02-15,17,5
2025-02-15 18:00:00+00:00,54.83,2025-02-15,18,5
2025-02-15 19:00:00+00:00,55.43,2025-02-15,19,5
2025-02-15 20:00:00+00:00,55.66,2025-02-15,20,5
2025-02-15 21:00:00+00:00,56.12,2025-02-15,21,5
2025-02-15 22:00:00+00:00,56.49,2025-02-15,22,5
2025-02-15 23:00:00+00:00,56.39,2025-02-15,23,5
2025-02-16 00:00:00+00:00,56.36,2025-02-16,0,6
2025-02-16 01:00:00+00:00,55.98,2025-02-16,1,6
2025-02-16 02:00:00+00:00,55.6,2025-02-16,2,6
2025-02-16 03:00:00+00:00,55.0,2025-02-16,3,6
2025-02-16 04:00:00+00:00,54.6,2025-02-16,4,6
2025-02-16 05:00:00+00:00,54.21,2025-02-16,5,6
2025-02-16 06:00:00+00:00,53.81,2025-02-16,6,6
2025-02-16 07:00:00+00:00,53.52,2025-02-16,7,6
2025-02-16 08:00:00+00:00,53.37,2025-02-16,8,6
2025-02-16 09:00:00+00:00,53.72,2025-02-16,9,6
2025-02-16 10:00:00+00:00,54.16,2025-02-16,10,6
2025-02-16 11:00:00+00:00,54.21,2025-02-16,11,6
2025-02-16 12:00:00+00:00,54.2,2025-02-16,12,6
2025-02-16 13:00:00+00:00,54.5,2025-02-16,13,6
2025-02-16 14:00:00+00:00,54.79,2025-02-16,14,6
2025-02-16 15:00:00+00:00,55.04,2025-02-16,15,6
2025-02-16 16:00:00+00:00,55.39,2025-02-16,16,6
2025-02-16 17:00:00+00:00,55.69,2025-02-16,17,6
2025-02-16 18:00:00+00:00,56.26,2025-02-16,18,6
2025-02-16 19:00:00+00:00,57.0,2025-02-16,19,6
2025-02-16 20:00:00+00:00,57.24,2025-02-16,20,6
2025-02-16 21:00:00+00:00,57.66,2025-02-16,21,6
2025-02-16 22:00:00+00:00,57.74,2025-02-16,22,6
2025-02-16 23:00:00+00:00,58.56,2025-02-16,23,6
2025-02-17 00:00:00+00:00,59.39,2025-02-17,0,0
2025-02-17 01:00:00+00:00,59.77,2025-02-17,1,0
2025-02-17 02:00:00+00:00,59.82,2025-02-17,2,0
2025-02-17 03:00:00+00:00,59.47,2025-02-17,3,0
2025-02-17 04:00:00+00:00,59.17,2025-02-17,4,0
2025-02-17 05:00:00+00:00,58.9,2025-02-17,5,0
2025-02-17 06:00:00+00:00,58.67,2025-02-17,6,0
2025-02-17 07:00:00+00:00,58.44,2025-02-17,7,0
2025-02-17 08:00:00+00:00,58.54,2025-02-17,8,0
2025-02-17 09:00:00+00:00,56.18,2025-02-17,9,0
2025-02-17 10:00:00+00:00,56.98,2025-02-17,10,0
2025-02-17 11:00:00+00:00,55.66,2025-02-17,11,0
2025-02-17 12:00:00+00:00,53.44,2025-02-17,12,0
2025-02-17 13:00:00+00:00,53.06,2025-02-17,13,0
2025-02-17 14:00:00+00:00,55.29,2025-02-17,14,0
2025-02-17 15:00:00+00:00,59.34,2025-02-17,15,0
2025-02-17 16:00:00+00:00,58.5,2025-02-17,16,0
2025-02-17 17:00:00+00:00,57.48,2025-02-17,17,0
2025-02-17 18:00:00+00:00,57.08,2025-02-17,18,0
2025-02-17 19:00:00+00:00,59.25,2025-02-17,19,0
2025-02-17 20:00:00+00:00,59.19,2025-02-17,20,0
2025-02-17 21:00:00+00:00,58.59,2025-02-17,21,0
2025-02-17 22:00:00+00:00,58.15,2025-02-17,22,0
2025-02-17 23:00:00+00:00,57.8,2025-02-17,23,0
2025-02-18 00:00:00+00:00,57.75,2025-02-18,0,1
2025-02-18 01:00:00+00:00,57.94,2025-02-18,1,1
2025-02-18 02:00:00+00:00,57.24,2025-02-18,2,1
2025-02-18 03:00:00+00:00,56.75,2025-02-18,3,1
2025-02-18 04:00:00+00:00,56.64,2025-02-18,4,1
2025-02-18 05:00:00+00:00,56.35,2025-02-18,5,1
2025-02-18 06:00:00+00:00,56.09,2025-02-18,6,1
2025-02-18 07:00:00+00:00,55.49,2025-02-18,7,1
2025-02-18 08:00:00+00:00,54.99,2025-02-18,8,1
2025-02-18 09:00:00+00:00,52.74,2025-02-18,9,1
2025-02-18 10:00:00+00:00,51.56,2025-02-18,10,1
2025-02-18 11:00:00+00:00,52.33,2025-02-18,11,1
2025-02-18 12:00:00+00:00,53.4,2025-02-18,12,1
2025-02-18 13:00:00+00:00,52.47,2025-02-18,13,1
2025-02-18 14:00:00+00:00,53.24,2025-02-18,14,1
2025-02-18 15:00:00+00:00,56.34,2025-02-18,15,1
2025-02-18 16:00:00+00:00,57.41,2025-02-18,16,1
2025-02-18 17:00:00+00:00,57.29,2025-02-18,17,1
2025-02-18 18:00:00+00:00,58.98,2025-02-18,18,1
2025-02-18 19:00:00+00:00,59.26,2025-02-18,19,1
2025-02-18 20:00:00+00:00,57.66,2025-02-18,20,1
2025-02-18 21:00:00+00:00,57.98,2025-02-18,21,1
2025-02-18 22:00:00+00:00,58.28,2025-02-18,22,1
2025-02-18 23:00:00+00:00,58.36,2025-02-18,23,1
2025-02-19 00:00:00+00:00,58.36,2025-02-19,0,2
2025-02-19 01:00:00+00:00,58.26,2025-02-19,1,2
2025-02-19 02:00:00+00:00,58.25,2025-02-19,2,2
2025-02-19 03:00:00+00:00,58.39,2025-02-19,3,2
2025-02-19 04:00:00+00:00,58.21,2025-02-19,4,2
2025-02-19 05:00:00+00:00,57.91,2025-02-19,5,2
2025-02-19 06:00:00+00:00,57.3,2025-02-19,6,2
2025-02-19 07:00:00+00:00,57.69,2025-02-19,7,2
2025-02-19 08:00:00+00:00,55.84,2025-02-19,8,2
2025-02-19 09:00:00+00:00,56.17,2025-02-19,9,2
2025-02-19 10:00:00+00:00,56.83,2025-02-19,10,2
2025-02-19 11:00:00+00:00,56.27,2025-02-19,11,2
2025-02-19 12:00:00+00:00,53.98,2025-02-19,12,2
2025-02-19 13:00:00+00:00,54.15,2025-02-19,13,2
2025-02-19 14:00:00+00:00,54.79,2025-02-19,14,2
2025-02-19 15:00:00+00:00,57.46,2025-02-19,15,2
2025-02-19 16:00:00+00:00,56.45,2025-02-19,16,2
2025-02-19 17:00:00+00:00,56.81,2025-02-19,17,2
2025-02-19 18:00:00+00:00,57.39,2025-02-19,18,2
2025-02-19 19:00:00+00:00,56.53,2025-02-19,19,2
2025-02-19 20:00:00+00:00,56.31,2025-02-19,20,2
2025-02-19 21:00:00+00:00,56.69,2025-02-19,21,2
2025-02-19 22:00:00+00:00,56.67,2025-02-19,22,2
2025-02-19 23:00:00+00:00,56.54,2025-02-19,23,2
2025-02-20 00:00:00+00:00,56.45,2025-02-20,0,3
2025-02-20 01:00:00+00:00,56.32,2025-02-20,1,3
2025-02-20 02:00:00+00:00,56.34,2025-02-20,2,3
2025-02-20 03:00:00+00:00,56.3,2025-02-20,3,3
2025-02-20 04:00:00+00:00,56.35,2025-02-20,4,3
2025-02-20 05:00:00+00:00,56.29,2025-02-20,5,3
2025-02-20 06:00:00+00:00,55.69,2025-02-20,6,3
2025-02-20 07:00:00+00:00,54.06,2025-02-20,7,3
2025-02-20 08:00:00+00:00,54.3,2025-02-20,8,3
2025-02-20 09:00:00+00:00,52.85,2025-02-20,9,3
2025-02-20 10:00:00+00:00,52.07,2025-02-20,10,3
2025-02-20 11:00:00+00:00,54.44,2025-02-20,11,3
2025-02-20 12:00:00+00:00,53.37,2025-02-20,12,3
2025-02-20 13:00:00+00:00,52.48,2025-02-20,13,3
2025-02-20 14:00:00+00:00,52.85,2025-02-20,14,3
2025-02-20 15:00:00+00:00,54.16,2025-02-20,15,3
2025-02-20 16:00:00+00:00,53.03,2025-02-20,16,3
2025-02-20 17:00:00+00:00,53.01,2025-02-20,17,3
2025-02-20 18:00:00+00:00,53.91,2025-02-20,18,3
2025-02-20 19:00:00+00:00,53.64,2025-02-20,19,3
2025-02-20 20:00:00+00:00,53.38,2025-02-20,20,3
2025-02-20 21:00:00+00:00,53.89,2025-02-20,21,3
2025-02-20 22:00:00+00:00,54.09,2025-02-20,22,3
2025-02-20 23:00:00+00:00,54.37,2025-02-20,23,3
2025-02-21 00:00:00+00:00,54.63,2025-02-21,0,4
2025-02-21 01:00:00+00:00,54.8,2025-02-21,1,4
2025-02-21 02:00:00+00:00,55.14,2025-02-21,2,4
2025-02-21 03:00:00+00:00,55.35,2025-02-21,3,4
2025-02-21 04:00:00+00:00,55.54,2025-02-21,4,4
2025-02-21 05:00:00+00:00,55.82,2025-02-21,5,4
2025-02-21 06:00:00+00:00,56.08,2025-02-21,6,4
2025-02-21 07:00:00+00:00,58.36,2025-02-21,7,4
2025-02-21 08:00:00+00:00,57.64,2025-02-21,8,4
2025-02-21 09:00:00+00:00,56.48,2025-02-21,9,4
2025-02-21 10:00:00+00:00,56.59,2025-02-21,10,4
2025-02-21 11:00:00+00:00,57.82,2025-02-21,11,4
2025-02-21 12:00:00+00:00,55.69,2025-02-21,12,4
2025-02-21 13:00:00+00:00,54.84,2025-02-21,13,4
2025-02-21 14:00:00+00:00,54.14,2025-02-21,14,4
2025-02-21 15:00:00+00:00,54.39,2025-02-21,15,4
2025-02-21 16:00:00+00:00,55.38,2025-02-21,16,4
2025-02-21 17:00:00+00:00,55.94,2025-02-21,17,4
2025-02-21 18:00:00+00:00,56.41,2025-02-21,18,4
2025-02-21 19:00:00+00:00,56.79,2025-02-21,19,4
2025-02-21 20:00:00+00:00,57.07,2025-02-21,20,4
2025-02-21 21:00:00+00:00,57.15,2025-02-21,21,4
2025-02-21 22:00:00+00:00,57.12,2025-02-21,22,4
2025-02-21 23:00:00+00:00,56.97,2025-02-21,23,4
2025-02-22 00:00:00+00:00,56.65,2025-02-22,0,5
2025-02-22 01:00:00+00:00,56.45,2025-02-22,1,5
2025-02-22 02:00:00+00:00,55.99,2025-02-22,2,5
2025-02-22 03:00:00+00:00,55.45,2025-02-22,3,5
2025-02-22 04:00:00+00:00,54.99,2025-02-22,4,5
2025-02-22 05:00:00+00:00,54.4,2025-02-22,5,5
2025-02-22 06:00:00+00:00,54.24,2025-02-22,6,5
2025-02-22 07:00:00+00:00,54.23,2025-02-22,7,5
2025-02-22 08:00:00+00:00,54.45,2025-02-22,8,5
2025-02-22 09:00:00+00:00,54.45,2025-02-22,9,5
2025-02-22 10:00:00+00:00,54.86,2025-02-22,10,5
2025-02-22 11:00:00+00:00,55.16,2025-02-22,11,5
2025-02-22 12:00:00+00:00,55.26,2025-02-22,12,5
2025-02-22 13:00:00+00:00,55.14,2025-02-22,13,5
2025-02-22 14:00:00+00:00,55.39,2025-02-22,14,5
2025-02-22 15:00:00+00:00,55.87,2025-02-22,15,5
2025-02-22 16:00:00+00:00,56.11,2025-02-22,16,5
2025-02-22 17:00:00+00:00,56.54,2025-02-22,17,5
2025-02-22 18:00:00+00:00,57.3,2025-02-22,18,5
2025-02-22 19:00:00+00:00,57.89,2025-02-22,19,5
2025-02-22 20:00:00+00:00,59.15,2025-02-22,20,5
2025-02-22 21:00:00+00:00,59.19,2025-02-22,21,5
2025-02-22 22:00:00+00:00,58.93,2025-02-22,22,5
2025-02-22 23:00:00+00:00,58.51,2025-02-22,23,5
2025-02-23 00:00:00+00:00,58.55,2025-02-23,0,6
2025-02-23 01:00:00+00:00,58.59,2025-02-23,1,6
2025-02-23 02:00:00+00:00,58.54,2025-02-23,2,6
2025-02-23 03:00:00+00:00,58.35,2025-02-23,3,6
2025-02-23 04:00:00+00:00,58.03,2025-02-23,4,6
2025-02-23 05:00:00+00:00,57.84,2025-02-23,5,6
2025-02-23 06:00:00+00:00,58.16,2025-02-23,6,6
2025-02-23 07:00:00+00:00,58.46,2025-02-23,7,6
2025-02-23 08:00:00+00:00,58.71,2025-02-23,8,6
2025-02-23 09:00:00+00:00,58.45,2025-02-23,9,6
2025-02-23 10:00:00+00:00,58.27,2025-02-23,10,6
2025-02-23 11:00:00+00:00,58.09,2025-02-23,11,6
2025-02-23 12:00:00+00:00,57.79,2025-02-23,12,6
2025-02-23 13:00:00+00:00,56.83,2025-02-23,13,6
2025-02-23 14:00:00+00:00,55.84,2025-02-23,14,6
2025-02-23 15:00:00+00:00,55.07,2025-02-23,15,6
2025-02-23 16:00:00+00:00,54.29,2025-02-23,16,6
2025-02-23 17:00:00+00:00,53.77,2025-02-23,17,6
2025-02-23 18:00:00+00:00,53.27,2025-02-23,18,6
2025-02-23 19:00:00+00:00,52.85,2025-02-23,19,6
2025-02-23 20:00:00+00:00,52.83,2025-02-23,20,6
2025-02-23 21:00:00+00:00,52.51,2025-02-23,21,6
2025-02-23 22:00:00+00:00,52.41,2025-02-23,22,6
2025-02-23 23:00:00+00:00,52.4,2025-02-23,23,6
2025-02-24 00:00:00+00:00,52.29,2025-02-24,0,0
2025-02-24 01:00:00+00:00,52.05,2025-02-24,1,0
2025-02-24 02:00:00+00:00,51.75,2025-02-24,2,0
2025-02-24 03:00:00+00:00,51.68,2025-02-24,3,0
2025-02-24 04:00:00+00:00,51.24,2025-02-24,4,0
2025-02-24 05:00:00+00:00,50.51,2025-02-24,5,0
2025-02-24 06:00:00+00:00,49.57,2025-02-24,6,0
2025-02-24 07:00:00+00:00,50.31,2025-02-24,7,0
2025-02-24 08:00:00+00:00,52.55,2025-02-24,8,0
2025-02-24 09:00:00+00:00,52.28,2025-02-24,9,0
2025-02-24 10:00:00+00:00,50.93,2025-02-24,10,0
2025-02-24 11:00:00+00:00,51.56,2025-02-24,11,0
2025-02-24 12:00:00+00:00,47.04,2025-02-24,12,0
2025-02-24 13:00:00+00:00,42.48,2025-02-24,13,0
2025-02-24 14:00:00+00:00,39.68,2025-02-24,14,0
2025-02-24 15:00:00+00:00,42.54,2025-02-24,15,0
2025-02-24 16:00:00+00:00,42.65,2025-02-24,16,0
2025-02-24 17:00:00+00:00,41.09,2025-02-24,17,0
2025-02-24 18:00:00+00:00,42.15,2025-02-24,18,0
2025-02-24 19:00:00+00:00,43.4,2025-02-24,19,0
2025-02-24 20:00:00+00:00,42.73,2025-02-24,20,0
2025-02-24 21:00:00+00:00,42.62,2025-02-24,21,0
2025-02-24 22:00:00+00:00,42.81,2025-02-24,22,0
2025-02-24 23:00:00+00:00,42.64,2025-02-24,23,0
2025-02-25 00:00:00+00:00,41.58,2025-02-25,0,1
2025-02-25 01:00:00+00:00,41.75,2025-02-25,1,1
2025-02-25 02:00:00+00:00,42.53,2025-02-25,2,1
2025-02-25 03:00:00+00:00,43.05,2025-02-25,3,1
2025-02-25 04:00:00+00:00,43.53,2025-02-25,4,1
2025-02-25 05:00:00+00:00,43.84,2025-02-25,5,1
2025-02-25 06:00:00+00:00,44.34,2025-02-25,6,1
2025-02-25 07:00:00+00:00,45.04,2025-02-25,7,1
2025-02-25 08:00:00+00:00,42.46,2025-02-25,8,1
2025-02-25 09:00:00+00:00,42.17,2025-02-25,9,1
2025-02-25 10:00:00+00:00,43.28,2025-02-25,10,1
2025-02-25 11:00:00+00:00,45.59,2025-02-25,11,1
2025-02-25 12:00:00+00:00,46.1,2025-02-25,12,1
2025-02-25 13:00:00+00:00,46.56,2025-02-25,13,1
2025-02-25 14:00:00+00:00,46.06,2025-02-25,14,1
2025-02-25 15:00:00+00:00,49.64,2025-02-25,15,1
2025-02-25 16:00:00+00:00,53.12,2025-02-25,16,1
2025-02-25 17:00:00+00:00,52.09,2025-02-25,17,1
2025-02-25 18:00:00+00:00,50.43,2025-02-25,18,1
2025-02-25 19:00:00+00:00,49.45,2025-02-25,19,1
2025-02-25 20:00:00+00:00,46.19,2025-02-25,20,1
2025-02-25 21:00:00+00:00,44.6,2025-02-25,21,1
2025-02-25 22:00:00+00:00,43.98,2025-02-25,22,1
2025-02-25 23:00:00+00:00,43.77,2025-02-25,23,1
2025-02-26 00:00:00+00:00,43.23,2025-02-26,0,2
2025-02-26 01:00:00+00:00,41.98,2025-02-26,1,2
2025-02-26 02:00:00+00:00,41.02,2025-02-26,2,2
2025-02-26 03:00:00+00:00,40.74,2025-02-26,3,2
2025-02-26 04:00:00+00:00,40.81,2025-02-26,4,2
2025-02-26 05:00:00+00:00,40.27,2025-02-26,5,2
2025-02-26 06:00:00+00:00,39.64,2025-02-26,6,2
2025-02-26 07:00:00+00:00,39.29,2025-02-26,7,2
2025-02-26 08:00:00+00:00,44.21,2025-02-26,8,2
2025-02-26 09:00:00+00:00,44.97,2025-02-26,9,2
2025-02-26 10:00:00+00:00,43.65,2025-02-26,10,2
2025-02-26 11:00:00+00:00,36.26,2025-02-26,11,2
2025-02-26 12:00:00+00:00,35.46,2025-02-26,12,2
2025-02-26 13:00:00+00:00,33.9,2025-02-26,13,2
2025-02-26 14:00:00+00:00,32.11,2025-02-26,14,2
2025-02-26 15:00:00+00:00,35.16,2025-02-26,15,2
2025-02-26 16:00:00+00:00,39.08,2025-02-26,16,2
2025-02-26 17:00:00+00:00,41.57,2025-02-26,17,2
2025-02-26 18:00:00+00:00,43.74,2025-02-26,18,2
2025-02-26 19:00:00+00:00,44.67,2025-02-26,19,2
2025-02-26 20:00:00+00:00,44.96,2025-02-26,20,2
2025-02-26 21:00:00+00:00,45.53,2025-02-26,21,2
2025-02-26 22:00:00+00:00,45.48,2025-02-26,22,2
2025-02-26 23:00:00+00:00,44.87,2025-02-26,23,2
2025-02-27 00:00:00+00:00,44.03,2025-02-27,0,3
2025-02-27 01:00:00+00:00,43.22,2025-02-27,1,3
2025-02-27 02:00:00+00:00,42.87,2025-02-27,2,3
2025-02-27 03:00:00+00:00,42.48,2025-02-27,3,3
2025-02-27 04:00:00+00:00,42.12,2025-02-27,4,3
2025-02-27 05:00:00+00:00,41.13,2025-02-27,5,3
2025-02-27 06:00:00+00:00,40.52,2025-02-27,6,3
2025-02-27 07:00:00+00:00,39.57,2025-02-27,7,3
2025-02-27 08:00:00+00:00,38.67,2025-02-27,8,3
2025-02-27 09:00:00+00:00,40.3,2025-02-27,9,3
2025-02-27 10:00:00+00:00,41.0,2025-02-27,10,3
2025-02-27 11:00:00+00:00,40.7,2025-02-27,11,3
2025-02-27 12:00:00+00:00,40.72,2025-02-27,12,3
2025-02-27 13:00:00+00:00,37.41,2025-02-27,13,3
2025-02-27 14:00:00+00:00,37.05,2025-02-27,14,3
2025-02-27 15:00:00+00:00,37.58,2025-02-27,15,3
2025-02-27 16:00:00+00:00,37.95,2025-02-27,16,3
2025-02-27 17:00:00+00:00,40.41,2025-02-27,17,3
2025-02-27 18:00:00+00:00,44.42,2025-02-27,18,3
2025-02-27 19:00:00+00:00,45.26,2025-02-27,19,3
2025-02-27 20:00:00+00:00,45.04,2025-02-27,20,3
2025-02-27 21:00:00+00:00,44.77,2025-02-27,21,3
2025-02-27 22:00:00+00:00,44.73,2025-02-27,22,3
2025-02-27 23:00:00+00:00,44.56,2025-02-27,23,3
2025-02-28 00:00:00+00:00,44.32,2025-02-28,0,4
2025-02-28 01:00:00+00:00,43.9,2025-02-28,1,4
2025-02-28 02:00:00+00:00,43.52,2025-02-28,2,4
2025-02-28 03:00:00+00:00,43.33,2025-02-28,3,4
2025-02-28 04:00:00+00:00,42.98,2025-02-28,4,4
2025-02-28 05:00:00+00:00,42.42,2025-02-28,5,4
2025-02-28 06:00:00+00:00,41.77,2025-02-28,6,4
2025-02-28 07:00:00+00:00,41.5,2025-02-28,7,4
2025-02-28 08:00:00+00:00,42.01,2025-02-28,8,4
2025-02-28 09:00:00+00:00,43.03,2025-02-28,9,4
2025-02-28 10:00:00+00:00,46.59,2025-02-28,10,4
2025-02-28 11:00:00+00:00,50.6,2025-02-28,11,4
2025-02-28 12:00:00+00:00,52.17,2025-02-28,12,4
2025-02-28 13:00:00+00:00,52.3,2025-02-28,13,4
2025-02-28 14:00:00+00:00,52.56,2025-02-28,14,4
2025-02-28 15:00:00+00:00,52.84,2025-02-28,15,4
2025-02-28 16:00:00+00:00,52.84,2025-02-28,16,4
2025-02-28 17:00:00+00:00,53.2,2025-02-28,17,4
2025-02-28 18:00:00+00:00,53.13,2025-02-28,18,4
2025-02-28 19:00:00+00:00,53.32,2025-02-28,19,4
2025-02-28 20:00:00+00:00,53.38,2025-02-28,20,4
2025-02-28 21:00:00+00:00,53.35,2025-02-28,21,4
2025-02-28 22:00:00+00:00,53.22,2025-02-28,22,4
2025-02-28 23:00:00+00:00,53.15,2025-02-28,23,4
2025-03-01 00:00:00+00:00,52.93,2025-03-01,0,5
2025-03-01 01:00:00+00:00,52.8,2025-03-01,1,5
2025-03-01 02:00:00+00:00,52.59,2025-03-01,2,5
2025-03-01 03:00:00+00:00,52.51,2025-03-01,3,5
2025-03-01 04:00:00+00:00,52.99,2025-03-01,4,5
2025-03-01 05:00:00+00:00,53.22,2025-03-01,5,5
2025-03-01 06:00:00+00:00,53.48,2025-03-01,6,5
2025-03-01 07:00:00+00:00,54.11,2025-03-01,7,5
2025-03-01 08:00:00+00:00,54.67,2025-03-01,8,5
2025-03-01 09:00:00+00:00,54.97,2025-03-01,9,5
2025-03-01 10:00:00+00:00,55.17,2025-03-01,10,5
2025-03-01 11:00:00+00:00,55.1,2025-03-01,11,5
2025-03-01 12:00:00+00:00,54.65,2025-03-01,12,5
2025-03-01 13:00:00+00:00,53.2,2025-03-01,13,5
2025-03-01 14:00:00+00:00,52.53,2025-03-01,14,5
2025-03-01 15:00:00+00:00,51.86,2025-03-01,15,5
2025-03-01 16:00:00+00:00,51.59,2025-03-01,16,5
2025-03-01 17:00:00+00:00,51.11,2025-03-01,17,5
2025-03-01 18:00:00+00:00,50.49,2025-03-01,18,5
2025-03-01 19:00:00+00:00,50.3,2025-03-01,19,5
2025-03-01 20:00:00+00:00,50.61,2025-03-01,20,5
2025-03-01 21:00:00+00:00,51.17,2025-03-01,21,5
2025-03-01 22:00:00+00:00,51.49,2025-03-01,22,5
2025-03-01 23:00:00+00:00,51.89,2025-03-01,23,5
2025-03-02 00:00:00+00:00,52.15,2025-03-02,0,6
2025-03-02 01:00:00+00:00,52.59,2025-03-02,1,6
2025-03-02 02:00:00+00:00,52.72,2025-03-02,2,6
2025-03-02 03:00:00+00:00,52.87,2025-03-02,3,6
2025-03-02 04:00:00+00:00,52.81,2025-03-02,4,6
2025-03-02 05:00:00+00:00,52.52,2025-03-02,5,6
2025-03-02 06:00:00+00:00,51.86,2025-03-02,6,6
2025-03-02 07:00:00+00:00,51.1,2025-03-02,7,6
2025-03-02 08:00:00+00:00,50.55,2025-03-02,8,6
2025-03-02 09:00:00+00:00,50.46,2025-03-02,9,6
2025-03-02 10:00:00+00:00,50.39,2025-03-02,10,6
2025-03-02 11:00:00+00:00,50.71,2025-03-02,11,6
2025-03-02 12:00:00+00:00,51.26,2025-03-02,12,6
2025-03-02 13:00:00+00:00,52.5,2025-03-02,13,6
2025-03-02 14:00:00+00:00,53.44,2025-03-02,14,6
2025-03-02 15:00:00+00:00,54.2,2025-03-02,15,6
2025-03-02 16:00:00+00:00,55.06,2025-03-02,16,6
2025-03-02 17:00:00+00:00,56.06,2025-03-02,17,6
2025-03-02 18:00:00+00:00,57.16,2025-03-02,18,6
2025-03-02 19:00:00+00:00,58.24,2025-03-02,19,6
2025-03-02 20:00:00+00:00,59.54,2025-03-02,20,6
2025-03-02 21:00:00+00:00,59.83,2025-03-02,21,6
2025-03-02 22:00:00+00:00,60.49,2025-03-02,22,6
2025-03-02 23:00:00+00:00,61.61,2025-03-02,23,6
2025-03-03 00:00:00+00:00,61.94,2025-03-03,0,0
2025-03-03 01:00:00+00:00,62.28,2025-03-03,1,0
2025-03-03 02:00:00+00:00,63.06,2025-03-03,2,0
2025-03-03 03:00:00+00:00,64.1,2025-03-03,3,0
2025-03-03 04:00:00+00:00,64.56,2025-03-03,4,0
2025-03-03 05:00:00+00:00,64.32,2025-03-03,5,0
2025-03-03 06:00:00+00:00,65.75,2025-03-03,6,0
2025-03-03 07:00:00+00:00,63.81,2025-03-03,7,0
2025-03-03 08:00:00+00:00,63.08,2025-03-03,8,0
2025-03-03 09:00:00+00:00,64.69,2025-03-03,9,0
2025-03-03 10:00:00+00:00,67.2,2025-03-03,10,0
2025-03-03 11:00:00+00:00,68.01,2025-03-03,11,0
2025-03-03 12:00:00+00:00,68.25,2025-03-03,12,0
2025-03-03 13:00:00+00:00,66.22,2025-03-03,13,0
2025-03-03 14:00:00+00:00,66.21,2025-03-03,14,0
2025-03-03 15:00:00+00:00,67.0,2025-03-03,15,0
2025-03-03 16:00:00+00:00,67.66,2025-03-03,16,0
2025-03-03 17:00:00+00:00,66.28,2025-03-03,17,0
2025-03-03 18:00:00+00:00,64.95,2025-03-03,18,0
2025-03-03 19:00:00+00:00,65.55,2025-03-03,19,0
2025-03-03 20:00:00+00:00,65.17,2025-03-03,20,0
2025-03-03 21:00:00+00:00,65.76,2025-03-03,21,0
2025-03-03 22:00:00+00:00,66.37,2025-03-03,22,0
2025-03-03 23:00:00+00:00,67.39,2025-03-03,23,0
2025-03-04 00:00:00+00:00,68.28,2025-03-04,0,1
2025-03-04 01:00:00+00:00,68.92,2025-03-04,1,1
2025-03-04 02:00:00+00:00,69.2,2025-03-04,2,1
2025-03-04 03:00:00+00:00,69.76,2025-03-04,3,1
2025-03-04 04:00:00+00:00,70.16,2025-03-04,4,1
2025-03-04 05:00:00+00:00,70.12,2025-03-04,5,1
2025-03-04 06:00:00+00:00,69.42,2025-03-04,6,1
2025-03-04 07:00:00+00:00,68.42,2025-03-04,7,1
2025-03-04 08:00:00+00:00,68.93,2025-03-04,8,1
2025-03-04 09:00:00+00:00,69.98,2025-03-04,9,1
2025-03-04 10:00:00+00:00,69.79,2025-03-04,10,1
2025-03-04 11:00:00+00:00,69.9,2025-03-04,11,1
2025-03-04 12:00:00+00:00,70.6,2025-03-04,12,1
2025-03-04 13:00:00+00:00,70.98,2025-03-04,13,1
2025-03-04 14:00:00+00:00,71.67,2025-03-04,14,1
2025-03-04 15:00:00+00:00,71.99,2025-03-04,15,1
2025-03-04 16:00:00+00:00,71.74,2025-03-04,16,1
2025-03-04 17:00:00+00:00,71.25,2025-03-04,17,1
2025-03-04 18:00:00+00:00,71.2,2025-03-04,18,1
2025-03-04 19:00:00+00:00,71.25,2025-03-04,19,1
2025-03-04 20:00:00+00:00,71.42,2025-03-04,20,1
2025-03-04 21:00:00+00:00,71.8,2025-03-04,21,1
2025-03-04 22:00:00+00:00,71.98,2025-03-04,22,1
2025-03-04 23:00:00+00:00,72.48,2025-03-04,23,1
2025-03-05 00:00:00+00:00,73.43,2025-03-05,0,2
2025-03-05 01:00:00+00:00,74.08,2025-03-05,1,2
2025-03-05 02:00:00+00:00,74.19,2025-03-05,2,2
2025-03-05 03:00:00+00:00,74.38,2025-03-05,3,2
2025-03-05 04:00:00+00:00,74.58,2025-03-05,4,2
2025-03-05 05:00:00+00:00,74.62,2025-03-05,5,2
2025-03-05 06:00:00+00:00,74.87,2025-03-05,6,2
2025-03-05 07:00:00+00:00,74.87,2025-03-05,7,2
2025-03-05 08:00:00+00:00,74.28,2025-03-05,8,2
2025-03-05 09:00:00+00:00,74.32,2025-03-05,9,2
2025-03-05 10:00:00+00:00,74.23,2025-03-05,10,2
2025-03-05 11:00:00+00:00,74.64,2025-03-05,11,2
2025-03-05 12:00:00+00:00,74.73,2025-03-05,12,2
2025-03-05 13:00:00+00:00,74.68,2025-03-05,13,2
2025-03-05 14:00:00+00:00,75.26,2025-03-05,14,2
2025-03-05 15:00:00+00:00,75.46,2025-03-05,15,2
2025-03-05 16:00:00+00:00,75.7,2025-03-05,16,2
2025-03-05 17:00:00+00:00,76.23,2025-03-05,17,2
2025-03-05 18:00:00+00:00,76.86,2025-03-05,18,2
2025-03-05 19:00:00+00:00,77.11,2025-03-05,19,2
2025-03-05 20:00:00+00:00,77.38,2025-03-05,20,2
2025-03-05 21:00:00+00:00,77.29,2025-03-05,21,2
2025-03-05 22:00:00+00:00,77.47,2025-03-05,22,2
2025-03-05 23:00:00+00:00,77.42,2025-03-05,23,2
2025-03-06 00:00:00+00:00,77.45,2025-03-06,0,3
2025-03-06 01:00:00+00:00,77.23,2025-03-06,1,3
2025-03-06 02:00:00+00:00,77.35,2025-03-06,2,3
2025-03-06 03:00:00+00:00,77.55,2025-03-06,3,3
2025-03-06 04:00:00+00:00,77.86,2025-03-06,4,3
2025-03-06 05:00:00+00:00,78.19,2025-03-06,5,3
2025-03-06 06:00:00+00:00,78.43,2025-03-06,6,3
2025-03-06 07:00:00+00:00,78.47,2025-03-06,7,3
2025-03-06 08:00:00+00:00,78.39,2025-03-06,8,3
2025-03-06 09:00:00+00:00,78.45,2025-03-06,9,3
2025-03-06 10:00:00+00:00,78.45,2025-03-06,10,3
2025-03-06 11:00:00+00:00,78.47,2025-03-06,11,3
2025-03-06 12:00:00+00:00,78.61,2025-03-06,12,3
2025-03-06 13:00:00+00:00,78.61,2025-03-06,13,3
2025-03-06 14:00:00+00:00,78.0,2025-03-06,14,3
2025-03-06 15:00:00+00:00,77.81,2025-03-06,15,3
2025-03-06 16:00:00+00:00,77.81,2025-03-06,16,3
2025-03-06 17:00:00+00:00,77.8,2025-03-06,17,3
2025-03-06 18:00:00+00:00,77.89,2025-03-06,18,3
2025-03-06 19:00:00+00:00,77.92,2025-03-06,19,3
2025-03-06 20:00:00+00:00,77.66,2025-03-06,20,3
2025-03-06 21:00:00+00:00,77.51,2025-03-06,21,3
2025-03-06 22:00:00+00:00,77.28,2025-03-06,22,3
2025-03-06 23:00:00+00:00,76.88,2025-03-06,23,3
2025-03-07 00:00:00+00:00,76.74,2025-03-07,0,4
2025-03-07 01:00:00+00:00,76.01,2025-03-07,1,4
2025-03-07 02:00:00+00:00,75.08,2025-03-07,2,4
2025-03-07 03:00:00+00:00,74.38,2025-03-07,3,4
2025-03-07 04:00:00+00:00,73.93,2025-03-07,4,4
2025-03-07 05:00:00+00:00,73.27,2025-03-07,5,4
2025-03-07 06:00:00+00:00,71.36,2025-03-07,6,4
2025-03-07 07:00:00+00:00,70.52,2025-03-07,7,4
2025-03-07 08:00:00+00:00,70.54,2025-03-07,8,4
2025-03-07 09:00:00+00:00,72.38,2025-03-07,9,4
2025-03-07 10:00:00+00:00,70.9,2025-03-07,10,4
2025-03-07 11:00:00+00:00,69.68,2025-03-07,11,4
2025-03-07 12:00:00+00:00,69.04,2025-03-07,12,4
2025-03-07 13:00:00+00:00,69.13,2025-03-07,13,4
2025-03-07 14:00:00+00:00,68.41,2025-03-07,14,4
2025-03-07 15:00:00+00:00,67.85,2025-03-07,15,4
2025-03-07 16:00:00+00:00,67.34,2025-03-07,16,4
2025-03-07 17:00:00+00:00,66.94,2025-03-07,17,4
2025-03-07 18:00:00+00:00,66.85,2025-03-07,18,4
2025-03-07 19:00:00+00:00,66.38,2025-03-07,19,4
2025-03-07 20:00:00+00:00,66.1,2025-03-07,20,4
2025-03-07 21:00:00+00:00,67.03,2025-03-07,21,4
2025-03-07 22:00:00+00:00,67.81,2025-03-07,22,4
2025-03-07 23:00:00+00:00,68.2,2025-03-07,23,4
2025-03-08 00:00:00+00:00,68.47,2025-03-08,0,5
2025-03-08 01:00:00+00:00,68.73,2025-03-08,1,5
2025-03-08 02:00:00+00:00,68.82,2025-03-08,2,5
2025-03-08 03:00:00+00:00,68.93,2025-03-08,3,5
2025-03-08 04:00:00+00:00,69.02,2025-03-08,4,5
2025-03-08 05:00:00+00:00,69.17,2025-03-08,5,5
2025-03-08 06:00:00+00:00,69.29,2025-03-08,6,5
2025-03-08 07:00:00+00:00,69.35,2025-03-08,7,5
2025-03-08 08:00:00+00:00,69.54,2025-03-08,8,5
2025-03-08 09:00:00+00:00,69.78,2025-03-08,9,5
2025-03-08 10:00:00+00:00,70.19,2025-03-08,10,5
2025-03-08 11:00:00+00:00,70.48,2025-03-08,11,5
2025-03-08 12:00:00+00:00,70.73,2025-03-08,12,5
2025-03-08 13:00:00+00:00,70.71,2025-03-08,13,5
2025-03-08 14:00:00+00:00,70.66,2025-03-08,14,5
2025-03-08 15:00:00+00:00,70.97,2025-03-08,15,5
2025-03-08 16:00:00+00:00,71.41,2025-03-08,16,5
2025-03-08 17:00:00+00:00,71.66,2025-03-08,17,5
2025-03-08 18:00:00+00:00,71.68,2025-03-08,18,5
2025-03-08 19:00:00+00:00,71.86,2025-03-08,19,5
2025-03-08 20:00:00+00:00,71.92,2025-03-08,20,5
2025-03-08 21:00:00+00:00,71.96,2025-03-08,21,5
2025-03-08 22:00:00+00:00,69.34,2025-03-08,22,5
2025-03-08 23:00:00+00:00,67.2,2025-03-08,23,5
2025-03-09 00:00:00+00:00,65.9,2025-03-09,0,6
2025-03-09 01:00:00+00:00,64.48,2025-03-09,1,6
2025-03-09 02:00:00+00:00,60.99,2025-03-09,2,6
2025-03-09 03:00:00+00:00,58.33,2025-03-09,3,6
2025-03-09 04:00:00+00:00,57.73,2025-03-09,4,6
2025-03-09 05:00:00+00:00,57.61,2025-03-09,5,6
2025-03-09 06:00:00+00:00,57.69,2025-03-09,6,6
2025-03-09 07:00:00+00:00,57.65,2025-03-09,7,6
2025-03-09 08:00:00+00:00,56.65,2025-03-09,8,6
2025-03-09 09:00:00+00:00,55.35,2025-03-09,9,6
2025-03-09 10:00:00+00:00,53.34,2025-03-09,10,6
2025-03-09 11:00:00+00:00,51.36,2025-03-09,11,6
2025-03-09 12:00:00+00:00,49.35,2025-03-09,12,6
2025-03-09 13:00:00+00:00,47.49,2025-03-09,13,6
2025-03-09 14:00:00+00:00,45.95,2025-03-09,14,6
2025-03-09 15:00:00+00:00,45.86,2025-03-09,15,6
2025-03-09 16:00:00+00:00,49.74,2025-03-09,16,6
2025-03-09 17:00:00+00:00,51.64,2025-03-09,17,6
2025-03-09 18:00:00+00:00,52.42,2025-03-09,18,6
2025-03-09 19:00:00+00:00,53.22,2025-03-09,19,6
2025-03-09 20:00:00+00:00,53.64,2025-03-09,20,6
2025-03-09 21:00:00+00:00,53.84,2025-03-09,21,6
2025-03-09 22:00:00+00:00,53.41,2025-03-09,22,6
2025-03-09 23:00:00+00:00,53.14,2025-03-09,23,6
2025-03-10 00:00:00+00:00,53.5,2025-03-10,0,0
2025-03-10 01:00:00+00:00,53.8,2025-03-10,1,0
2025-03-10 02:00:00+00:00,53.89,2025-03-10,2,0
2025-03-10 03:00:00+00:00,53.86,2025-03-10,3,0
2025-03-10 04:00:00+00:00,54.01,2025-03-10,4,0
2025-03-10 05:00:00+00:00,53.94,2025-03-10,5,0
2025-03-10 06:00:00+00:00,54.22,2025-03-10,6,0
2025-03-10 07:00:00+00:00,56.01,2025-03-10,7,0
2025-03-10 08:00:00+00:00,57.87,2025-03-10,8,0
2025-03-10 09:00:00+00:00,55.69,2025-03-10,9,0
2025-03-10 10:00:00+00:00,53.17,2025-03-10,10,0
2025-03-10 11:00:00+00:00,50.6,2025-03-10,11,0
2025-03-10 12:00:00+00:00,48.71,2025-03-10,12,0
2025-03-10 13:00:00+00:00,47.28,2025-03-10,13,0
2025-03-10 14:00:00+00:00,45.89,2025-03-10,14,0
2025-03-10 15:00:00+00:00,44.85,2025-03-10,15,0
2025-03-10 16:00:00+00:00,42.43,2025-03-10,16,0
2025-03-10 17:00:00+00:00,46.36,2025-03-10,17,0
2025-03-10 18:00:00+00:00,51.21,2025-03-10,18,0
2025-03-10 19:00:00+00:00,53.69,2025-03-10,19,0
2025-03-10 20:00:00+00:00,54.66,2025-03-10,20,0
2025-03-10 21:00:00+00:00,55.29,2025-03-10,21,0
2025-03-10 22:00:00+00:00,56.01,2025-03-10,22,0
2025-03-10 23:00:00+00:00,56.87,2025-03-10,23,0
2025-03-11 00:00:00+00:00,58.23,2025-03-11,0,1
2025-03-11 01:00:00+00:00,59.71,2025-03-11,1,1
2025-03-11 02:00:00+00:00,58.64,2025-03-11,2,1
2025-03-11 03:00:00+00:00,57.04,2025-03-11,3,1
2025-03-11 04:00:00+00:00,55.87,2025-03-11,4,1
2025-03-11 05:00:00+00:00,54.91,2025-03-11,5,1
2025-03-11 06:00:00+00:00,54.47,2025-03-11,6,1
2025-03-11 07:00:00+00:00,53.95,2025-03-11,7,1
2025-03-11 08:00:00+00:00,53.07,2025-03-11,8,1
2025-03-11 09:00:00+00:00,51.67,2025-03-11,9,1
2025-03-11 10:00:00+00:00,50.54,2025-03-11,10,1
2025-03-11 11:00:00+00:00,49.49,2025-03-11,11,1
2025-03-11 12:00:00+00:00,48.02,2025-03-11,12,1
2025-03-11 13:00:00+00:00,46.37,2025-03-11,13,1
2025-03-11 14:00:00+00:00,44.24,2025-03-11,14,1
2025-03-11 15:00:00+00:00,51.26,2025-03-11,15,1
2025-03-11 16:00:00+00:00,54.66,2025-03-11,16,1
2025-03-11 17:00:00+00:00,52.99,2025-03-11,17,1
2025-03-11 18:00:00+00:00,54.76,2025-03-11,18,1
2025-03-11 19:00:00+00:00,55.32,2025-03-11,19,1
2025-03-11 20:00:00+00:00,53.45,2025-03-11,20,1
2025-03-11 21:00:00+00:00,53.51,2025-03-11,21,1
2025-03-11 22:00:00+00:00,53.63,2025-03-11,22,1
2025-03-11 23:00:00+00:00,54.18,2025-03-11,23,1
2025-03-12 00:00:00+00:00,54.39,2025-03-12,0,2
2025-03-12 01:00:00+00:00,54.05,2025-03-12,1,2
2025-03-12 02:00:00+00:00,53.8,2025-03-12,2,2
2025-03-12 03:00:00+00:00,54.0,2025-03-12,3,2
2025-03-12 04:00:00+00:00,53.21,2025-03-12,4,2
2025-03-12 05:00:00+00:00,52.15,2025-03-12,5,2
2025-03-12 06:00:00+00:00,51.41,2025-03-12,6,2
2025-03-12 07:00:00+00:00,50.68,2025-03-12,7,2
2025-03-12 08:00:00+00:00,50.27,2025-03-12,8,2
2025-03-12 09:00:00+00:00,49.87,2025-03-12,9,2
2025-03-12 10:00:00+00:00,45.98,2025-03-12,10,2
2025-03-12 11:00:00+00:00,43.79,2025-03-12,11,2
2025-03-12 12:00:00+00:00,42.89,2025-03-12,12,2
2025-03-12 13:00:00+00:00,40.18,2025-03-12,13,2
2025-03-12 14:00:00+00:00,39.11,2025-03-12,14,2
2025-03-12 15:00:00+00:00,42.09,2025-03-12,15,2
2025-03-12 16:00:00+00:00,44.09,2025-03-12,16,2
2025-03-12 17:00:00+00:00,43.83,2025-03-12,17,2
2025-03-12 18:00:00+00:00,41.96,2025-03-12,18,2
2025-03-12 19:00:00+00:00,44.19,2025-03-12,19,2
2025-03-12 20:00:00+00:00,45.4,2025-03-12,20,2
2025-03-12 21:00:00+00:00,44.99,2025-03-12,21,2
2025-03-12 22:00:00+00:00,44.82,2025-03-12,22,2
2025-03-12 23:00:00+00:00,44.5,2025-03-12,23,2
2025-03-13 00:00:00+00:00,44.26,2025-03-13,0,3
2025-03-13 01:00:00+00:00,44.53,2025-03-13,1,3
2025-03-13 02:00:00+00:00,44.74,2025-03-13,2,3
2025-03-13 03:00:00+00:00,45.31,2025-03-13,3,3
2025-03-13 04:00:00+00:00,45.56,2025-03-13,4,3
2025-03-13 05:00:00+00:00,45.53,2025-03-13,5,3
2025-03-13 06:00:00+00:00,45.8,2025-03-13,6,3
2025-03-13 07:00:00+00:00,46.0,2025-03-13,7,3
2025-03-13 08:00:00+00:00,45.91,2025-03-13,8,3
2025-03-13 09:00:00+00:00,45.67,2025-03-13,9,3
2025-03-13 10:00:00+00:00,46.0,2025-03-13,10,3
2025-03-13 11:00:00+00:00,46.49,2025-03-13,11,3
2025-03-13 12:00:00+00:00,46.52,2025-03-13,12,3
2025-03-13 13:00:00+00:00,47.53,2025-03-13,13,3
2025-03-13 14:00:00+00:00,49.06,2025-03-13,14,3
2025-03-13 15:00:00+00:00,55.27,2025-03-13,15,3
2025-03-13 16:00:00+00:00,56.98,2025-03-13,16,3
2025-03-13 17:00:00+00:00,56.61,2025-03-13,17,3
2025-03-13 18:00:00+00:00,54.6,2025-03-13,18,3
2025-03-13 19:00:00+00:00,57.21,2025-03-13,19,3
2025-03-13 20:00:00+00:00,57.2,2025-03-13,20,3
2025-03-13 21:00:00+00:00,56.73,2025-03-13,21,3
2025-03-13 22:00:00+00:00,55.88,2025-03-13,22,3
2025-03-13 23:00:00+00:00,55.77,2025-03-13,23,3
2025-03-14 00:00:00+00:00,55.62,2025-03-14,0,4
2025-03-14 01:00:00+00:00,55.28,2025-03-14,1,4
2025-03-14 02:00:00+00:00,55.05,2025-03-14,2,4
2025-03-14 03:00:00+00:00,54.79,2025-03-14,3,4
2025-03-14 04:00:00+00:00,54.44,2025-03-14,4,4
2025-03-14 05:00:00+00:00,53.82,2025-03-14,5,4
2025-03-14 06:00:00+00:00,53.19,2025-03-14,6,4
2025-03-14 07:00:00+00:00,52.7,2025-03-14,7,4
2025-03-14 08:00:00+00:00,51.59,2025-03-14,8,4
2025-03-14 09:00:00+00:00,51.11,2025-03-14,9,4
2025-03-14 10:00:00+00:00,51.97,2025-03-14,10,4
2025-03-14 11:00:00+00:00,52.69,2025-03-14,11,4
2025-03-14 12:00:00+00:00,53.3,2025-03-14,12,4
2025-03-14 13:00:00+00:00,53.33,2025-03-14,13,4
2025-03-14 14:00:00+00:00,53.35,2025-03-14,14,4
2025-03-14 15:00:00+00:00,52.52,2025-03-14,15,4
2025-03-14 16:00:00+00:00,51.3,2025-03-14,16,4
2025-03-14 17:00:00+00:00,51.62,2025-03-14,17,4
2025-03-14 18:00:00+00:00,52.02,2025-03-14,18,4
2025-03-14 19:00:00+00:00,51.81,2025-03-14,19,4
2025-03-14 20:00:00+00:00,51.29,2025-03-14,20,4
2025-03-14 21:00:00+00:00,51.84,2025-03-14,21,4
2025-03-14 22:00:00+00:00,52.18,2025-03-14,22,4
2025-03-14 23:00:00+00:00,52.66,2025-03-14,23,4
2025-03-15 00:00:00+00:00,52.85,2025-03-15,0,5
2025-03-15 01:00:00+00:00,53.03,2025-03-15,1,5
2025-03-15 02:00:00+00:00,53.3,2025-03-15,2,5
2025-03-15 03:00:00+00:00,52.92,2025-03-15,3,5
2025-03-15 04:00:00+00:00,51.36,2025-03-15,4,5
2025-03-15 05:00:00+00:00,49.91,2025-03-15,5,5
2025-03-15 06:00:00+00:00,48.02,2025-03-15,6,5
2025-03-15 07:00:00+00:00,46.83,2025-03-15,7,5
2025-03-15 08:00:00+00:00,46.51,2025-03-15,8,5
2025-03-15 09:00:00+00:00,44.53,2025-03-15,9,5
2025-03-15 10:00:00+00:00,43.07,2025-03-15,10,5
2025-03-15 11:00:00+00:00,40.56,2025-03-15,11,5
2025-03-15 12:00:00+00:00,38.31,2025-03-15,12,5
2025-03-15 13:00:00+00:00,36.23,2025-03-15,13,5
2025-03-15 14:00:00+00:00,35.78,2025-03-15,14,5
2025-03-15 15:00:00+00:00,35.89,2025-03-15,15,5
2025-03-15 16:00:00+00:00,36.47,2025-03-15,16,5
2025-03-15 17:00:00+00:00,37.22,2025-03-15,17,5
2025-03-15 18:00:00+00:00,38.25,2025-03-15,18,5
2025-03-15 19:00:00+00:00,39.26,2025-03-15,19,5
2025-03-15 20:00:00+00:00,40.13,2025-03-15,20,5
2025-03-15 21:00:00+00:00,41.12,2025-03-15,21,5
2025-03-15 22:00:00+00:00,41.93,2025-03-15,22,5
2025-03-15 23:00:00+00:00,42.33,2025-03-15,23,5
2025-03-16 00:00:00+00:00,42.82,2025-03-16,0,6
2025-03-16 01:00:00+00:00,43.1,2025-03-16,1,6
2025-03-16 02:00:00+00:00,43.25,2025-03-16,2,6
2025-03-16 03:00:00+00:00,43.53,2025-03-16,3,6
2025-03-16 04:00:00+00:00,43.86,2025-03-16,4,6
2025-03-16 05:00:00+00:00,44.15,2025-03-16,5,6
2025-03-16 06:00:00+00:00,44.31,2025-03-16,6,6
2025-03-16 07:00:00+00:00,44.42,2025-03-16,7,6
2025-03-16 08:00:00+00:00,44.51,2025-03-16,8,6
2025-03-16 09:00:00+00:00,44.71,2025-03-16,9,6
2025-03-16 10:00:00+00:00,45.01,2025-03-16,10,6
2025-03-16 11:00:00+00:00,45.57,2025-03-16,11,6
2025-03-16 12:00:00+00:00,46.39,2025-03-16,12,6
2025-03-16 13:00:00+00:00,46.73,2025-03-16,13,6
2025-03-16 14:00:00+00:00,48.16,2025-03-16,14,6
2025-03-16 15:00:00+00:00,48.93,2025-03-16,15,6
2025-03-16 16:00:00+00:00,49.52,2025-03-16,16,6
2025-03-16 17:00:00+00:00,50.49,2025-03-16,17,6
2025-03-16 18:00:00+00:00,50.44,2025-03-16,18,6
2025-03-16 19:00:00+00:00,50.67,2025-03-16,19,6
2025-03-16 20:00:00+00:00,51.03,2025-03-16,20,6
2025-03-16 21:00:00+00:00,51.31,2025-03-16,21,6
2025-03-16 22:00:00+00:00,51.65,2025-03-16,22,6
2025-03-16 23:00:00+00:00,51.96,2025-03-16,23,6
2025-03-17 00:00:00+00:00,52.42,2025-03-17,0,0
2025-03-17 01:00:00+00:00,52.7,2025-03-17,1,0
2025-03-17 02:00:00+00:00,52.68,2025-03-17,2,0
2025-03-17 03:00:00+00:00,52.42,2025-03-17,3,0
2025-03-17 04:00:00+00:00,51.93,2025-03-17,4,0
2025-03-17 05:00:00+00:00,51.51,2025-03-17,5,0
2025-03-17 06:00:00+00:00,51.33,2025-03-17,6,0
2025-03-17 07:00:00+00:00,51.5,2025-03-17,7,0
2025-03-17 08:00:00+00:00,51.9,2025-03-17,8,0
2025-03-17 09:00:00+00:00,52.3,2025-03-17,9,0
2025-03-17 10:00:00+00:00,53.11,2025-03-17,10,0
2025-03-17 11:00:00+00:00,54.81,2025-03-17,11,0
2025-03-17 12:00:00+00:00,54.46,2025-03-17,12,0
2025-03-17 13:00:00+00:00,53.93,2025-03-17,13,0
2025-03-17 14:00:00+00:00,53.63,2025-03-17,14,0
2025-03-17 15:00:00+00:00,53.49,2025-03-17,15,0
2025-03-17 16:00:00+00:00,53.41,2025-03-17,16,0
2025-03-17 17:00:00+00:00,53.37,2025-03-17,17,0
2025-03-17 18:00:00+00:00,53.48,2025-03-17,18,0
2025-03-17 19:00:00+00:00,53.48,2025-03-17,19,0
2025-03-17 20:00:00+00:00,53.51,2025-03-17,20,0
2025-03-17 21:00:00+00:00,53.35,2025-03-17,21,0
2025-03-17 22:00:00+00:00,53.66,2025-03-17,22,0
2025-03-17 23:00:00+00:00,54.3,2025-03-17,23,0
2025-03-18 00:00:00+00:00,54.43,2025-03-18,0,1
2025-03-18 01:00:00+00:00,54.4,2025-03-18,1,1
2025-03-18 02:00:00+00:00,54.54,2025-03-18,2,1
2025-03-18 03:00:00+00:00,54.69,2025-03-18,3,1
2025-03-18 04:00:00+00:00,54.96,2025-03-18,4,1
2025-03-18 05:00:00+00:00,55.05,2025-03-18,5,1
2025-03-18 06:00:00+00:00,55.38,2025-03-18,6,1
2025-03-18 07:00:00+00:00,56.0,2025-03-18,7,1
2025-03-18 08:00:00+00:00,57.21,2025-03-18,8,1
2025-03-18 09:00:00+00:00,58.08,2025-03-18,9,1
2025-03-18 10:00:00+00:00,58.5,2025-03-18,10,1
2025-03-18 11:00:00+00:00,58.96,2025-03-18,11,1
2025-03-18 12:00:00+00:00,59.29,2025-03-18,12,1
2025-03-18 13:00:00+00:00,59.41,2025-03-18,13,1
2025-03-18 14:00:00+00:00,59.59,2025-03-18,14,1
2025-03-18 15:00:00+00:00,60.6,2025-03-18,15,1
2025-03-18 16:00:00+00:00,61.32,2025-03-18,16,1
2025-03-18 17:00:00+00:00,61.97,2025-03-18,17,1
2025-03-18 18:00:00+00:00,62.49,2025-03-18,18,1
2025-03-18 19:00:00+00:00,62.78,2025-03-18,19,1
2025-03-18 20:00:00+00:00,63.57,2025-03-18,20,1
2025-03-18 21:00:00+00:00,64.26,2025-03-18,21,1
2025-03-18 22:00:00+00:00,64.14,2025-03-18,22,1
2025-03-18 23:00:00+00:00,64.04,2025-03-18,23,1
2025-03-19 00:00:00+00:00,64.52,2025-03-19,0,2
2025-03-19 01:00:00+00:00,65.27,2025-03-19,1,2
2025-03-19 02:00:00+00:00,66.64,2025-03-19,2,2
2025-03-19 03:00:00+00:00,67.03,2025-03-19,3,2
2025-03-19 04:00:00+00:00,67.41,2025-03-19,4,2
2025-03-19 05:00:00+00:00,67.22,2025-03-19,5,2
2025-03-19 06:00:00+00:00,67.39,2025-03-19,6,2
2025-03-19 07:00:00+00:00,67.42,2025-03-19,7,2
2025-03-19 08:00:00+00:00,67.79,2025-03-19,8,2
2025-03-19 09:00:00+00:00,68.81,2025-03-19,9,2
2025-03-19 10:00:00+00:00,69.27,2025-03-19,10,2
2025-03-19 11:00:00+00:00,69.97,2025-03-19,11,2
2025-03-19 12:00:00+00:00,70.51,2025-03-19,12,2
2025-03-19 13:00:00+00:00,70.78,2025-03-19,13,2
2025-03-19 14:00:00+00:00,71.68,2025-03-19,14,2
2025-03-19 15:00:00+00:00,72.5,2025-03-19,15,2
2025-03-19 16:00:00+00:00,71.93,2025-03-19,16,2
2025-03-19 17:00:00+00:00,72.34,2025-03-19,17,2
2025-03-19 18:00:00+00:00,72.97,2025-03-19,18,2
2025-03-19 19:00:00+00:00,72.29,2025-03-19,19,2
2025-03-19 20:00:00+00:00,71.87,2025-03-19,20,2
2025-03-19 21:00:00+00:00,71.56,2025-03-19,21,2
2025-03-19 22:00:00+00:00,71.77,2025-03-19,22,2
2025-03-19 23:00:00+00:00,72.11,2025-03-19,23,2
2025-03-20 00:00:00+00:00,72.4,2025-03-20,0,3
2025-03-20 01:00:00+00:00,72.57,2025-03-20,1,3
2025-03-20 02:00:00+00:00,72.62,2025-03-20,2,3
2025-03-20 03:00:00+00:00,72.34,2025-03-20,3,3
2025-03-20 04:00:00+00:00,72.64,2025-03-20,4,3
2025-03-20 05:00:00+00:00,72.96,2025-03-20,5,3
2025-03-20 06:00:00+00:00,72.46,2025-03-20,6,3
2025-03-20 07:00:00+00:00,71.22,2025-03-20,7,3
2025-03-20 08:00:00+00:00,70.82,2025-03-20,8,3
2025-03-20 09:00:00+00:00,70.56,2025-03-20,9,3
2025-03-20 10:00:00+00:00,70.59,2025-03-20,10,3
2025-03-20 11:00:00+00:00,71.33,2025-03-20,11,3
2025-03-20 12:00:00+00:00,72.29,2025-03-20,12,3
2025-03-20 13:00:00+00:00,72.74,2025-03-20,13,3
2025-03-20 14:00:00+00:00,74.21,2025-03-20,14,3
2025-03-20 15:00:00+00:00,74.92,2025-03-20,15,3
2025-03-20 16:00:00+00:00,74.75,2025-03-20,16,3
2025-03-20 17:00:00+00:00,74.48,2025-03-20,17,3
2025-03-20 18:00:00+00:00,75.05,2025-03-20,18,3
2025-03-20 19:00:00+00:00,74.94,2025-03-20,19,3
2025-03-20 20:00:00+00:00,74.84,2025-03-20,20,3
2025-03-20 21:00:00+00:00,74.71,2025-03-20,21,3
2025-03-20 22:00:00+00:00,74.67,2025-03-20,22,3
2025-03-20 23:00:00+00:00,74.44,2025-03-20,23,3
2025-03-21 00:00:00+00:00,74.15,2025-03-21,0,4
2025-03-21 01:00:00+00:00,73.79,2025-03-21,1,4
2025-03-21 02:00:00+00:00,73.48,2025-03-21,2,4
2025-03-21 03:00:00+00:00,73.34,2025-03-21,3,4
2025-03-21 04:00:00+00:00,73.27,2025-03-21,4,4
2025-03-21 05:00:00+00:00,73.05,2025-03-21,5,4
2025-03-21 06:00:00+00:00,72.79,2025-03-21,6,4
2025-03-21 07:00:00+00:00,73.52,2025-03-21,7,4
2025-03-21 08:00:00+00:00,73.34,2025-03-21,8,4
2025-03-21 09:00:00+00:00,71.49,2025-03-21,9,4
2025-03-21 10:00:00+00:00,69.18,2025-03-21,10,4
2025-03-21 11:00:00+00:00,63.86,2025-03-21,11,4
2025-03-21 12:00:00+00:00,53.5,2025-03-21,12,4
2025-03-21 13:00:00+00:00,47.98,2025-03-21,13,4
2025-03-21 14:00:00+00:00,44.84,2025-03-21,14,4
2025-03-21 15:00:00+00:00,43.9,2025-03-21,15,4
2025-03-21 16:00:00+00:00,44.02,2025-03-21,16,4
2025-03-21 17:00:00+00:00,45.11,2025-03-21,17,4
2025-03-21 18:00:00+00:00,46.21,2025-03-21,18,4
2025-03-21 19:00:00+00:00,47.64,2025-03-21,19,4
2025-03-21 20:00:00+00:00,48.29,2025-03-21,20,4
2025-03-21 21:00:00+00:00,49.85,2025-03-21,21,4
2025-03-21 22:00:00+00:00,51.08,2025-03-21,22,4
2025-03-21 23:00:00+00:00,51.93,2025-03-21,23,4
2025-03-22 00:00:00+00:00,52.68,2025-03-22,0,5
2025-03-22 01:00:00+00:00,53.25,2025-03-22,1,5
2025-03-22 02:00:00+00:00,53.89,2025-03-22,2,5
2025-03-22 03:00:00+00:00,54.36,2025-03-22,3,5
2025-03-22 04:00:00+00:00,53.82,2025-03-22,4,5
2025-03-22 05:00:00+00:00,52.3,2025-03-22,5,5
2025-03-22 06:00:00+00:00,51.99,2025-03-22,6,5
2025-03-22 07:00:00+00:00,51.99,2025-03-22,7,5
2025-03-22 08:00:00+00:00,51.89,2025-03-22,8,5
2025-03-22 09:00:00+00:00,49.29,2025-03-22,9,5
2025-03-22 10:00:00+00:00,46.64,2025-03-22,10,5
2025-03-22 11:00:00+00:00,44.51,2025-03-22,11,5
2025-03-22 12:00:00+00:00,43.06,2025-03-22,12,5
2025-03-22 13:00:00+00:00,43.06,2025-03-22,13,5
2025-03-22 14:00:00+00:00,43.83,2025-03-22,14,5
2025-03-22 15:00:00+00:00,44.78,2025-03-22,15,5
2025-03-22 16:00:00+00:00,46.01,2025-03-22,16,5
2025-03-22 17:00:00+00:00,46.49,2025-03-22,17,5
2025-03-22 18:00:00+00:00,46.95,2025-03-22,18,5
2025-03-22 19:00:00+00:00,47.48,2025-03-22,19,5
2025-03-22 20:00:00+00:00,47.96,2025-03-22,20,5
2025-03-22 21:00:00+00:00,48.27,2025-03-22,21,5
2025-03-22 22:00:00+00:00,48.55,2025-03-22,22,5
2025-03-22 23:00:00+00:00,48.85,2025-03-22,23,5
2025-03-23 00:00:00+00:00,48.73,2025-03-23,0,6
2025-03-23 01:00:00+00:00,48.36,2025-03-23,1,6
2025-03-23 02:00:00+00:00,47.63,2025-03-23,2,6
2025-03-23 03:00:00+00:00,47.83,2025-03-23,3,6
2025-03-23 04:00:00+00:00,47.69,2025-03-23,4,6
2025-03-23 05:00:00+00:00,47.47,2025-03-23,5,6
2025-03-23 06:00:00+00:00,47.45,2025-03-23,6,6
2025-03-23 07:00:00+00:00,47.06,2025-03-23,7,6
2025-03-23 08:00:00+00:00,46.81,2025-03-23,8,6
2025-03-23 09:00:00+00:00,46.09,2025-03-23,9,6
2025-03-23 10:00:00+00:00,43.35,2025-03-23,10,6
2025-03-23 11:00:00+00:00,41.72,2025-03-23,11,6
2025-03-23 12:00:00+00:00,40.6,2025-03-23,12,6
2025-03-23 13:00:00+00:00,39.79,2025-03-23,13,6
2025-03-23 14:00:00+00:00,39.23,2025-03-23,14,6
2025-03-23 15:00:00+00:00,38.99,2025-03-23,15,6
2025-03-23 16:00:00+00:00,37.91,2025-03-23,16,6
2025-03-23 17:00:00+00:00,39.1,2025-03-23,17,6
2025-03-23 18:00:00+00:00,40.97,2025-03-23,18,6
2025-03-23 19:00:00+00:00,42.28,2025-03-23,19,6
2025-03-23 20:00:00+00:00,43.33,2025-03-23,20,6
2025-03-23 21:00:00+00:00,44.32,2025-03-23,21,6
2025-03-23 22:00:00+00:00,45.16,2025-03-23,22,6
2025-03-23 23:00:00+00:00,45.68,2025-03-23,23,6
2025-03-24 00:00:00+00:00,46.48,2025-03-24,0,0
2025-03-24 01:00:00+00:00,47.37,2025-03-24,1,0
2025-03-24 02:00:00+00:00,47.95,2025-03-24,2,0
2025-03-24 03:00:00+00:00,48.36,2025-03-24,3,0
2025-03-24 04:00:00+00:00,48.4,2025-03-24,4,0
2025-03-24 05:00:00+00:00,48.31,2025-03-24,5,0
2025-03-24 06:00:00+00:00,48.25,2025-03-24,6,0
2025-03-24 07:00:00+00:00,46.89,2025-03-24,7,0
2025-03-24 08:00:00+00:00,45.84,2025-03-24,8,0
2025-03-24 09:00:00+00:00,44.58,2025-03-24,9,0
2025-03-24 10:00:00+00:00,43.12,2025-03-24,10,0
2025-03-24 11:00:00+00:00,41.65,2025-03-24,11,0
2025-03-24 12:00:00+00:00,40.96,2025-03-24,12,0
2025-03-24 13:00:00+00:00,40.59,2025-03-24,13,0
2025-03-24 14:00:00+00:00,40.74,2025-03-24,14,0
2025-03-24 15:00:00+00:00,43.56,2025-03-24,15,0
2025-03-24 16:00:00+00:00,44.82,2025-03-24,16,0
2025-03-24 17:00:00+00:00,45.8,2025-03-24,17,0
2025-03-24 18:00:00+00:00,46.19,2025-03-24,18,0
2025-03-24 19:00:00+00:00,46.51,2025-03-24,19,0
2025-03-24 20:00:00+00:00,47.55,2025-03-24,20,0
2025-03-24 21:00:00+00:00,48.62,2025-03-24,21,0
2025-03-24 22:00:00+00:00,49.42,2025-03-24,22,0
2025-03-24 23:00:00+00:00,49.84,2025-03-24,23,0
2025-03-25 00:00:00+00:00,49.84,2025-03-25,0,1
2025-03-25 01:00:00+00:00,49.84,2025-03-25,1,1
2025-03-25 02:00:00+00:00,49.84,2025-03-25,2,1
2025-03-25 03:00:00+00:00,49.84,2025-03-25,3,1
2025-03-25 04:00:00+00:00,49.84,2025-03-25,4,1
2025-03-25 05:00:00+00:00,49.84,2025-03-25,5,1
2025-03-25 06:00:00+00:00,49.84,2025-03-25,6,1
2025-03-25 07:00:00+00:00,49.84,2025-03-25,7,1
2025-03-25 08:00:00+00:00,49.84,2025-03-25,8,1
2025-03-25 09:00:00+00:00,49.84,2025-03-25,9,1
2025-03-25 10:00:00+00:00,49.84,2025-03-25,10,1
2025-03-25 11:00:00+00:00,49.84,2025-03-25,11,1
2025-03-25 12:00:00+00:00,49.84,2025-03-25,12,1
2025-03-25 13:00:00+00:00,49.84,2025-03-25,13,1
2025-03-25 14:00:00+00:00,49.84,2025-03-25,14,1
2025-03-25 15:00:00+00:00,49.84,2025-03-25,15,1
2025-03-25 16:00:00+00:00,49.84,2025-03-25,16,1
2025-03-25 17:00:00+00:00,49.84,2025-03-25,17,1
2025-03-25 18:00:00+00:00,48.95,2025-03-25,18,1
2025-03-25 19:00:00+00:00,46.6,2025-03-25,19,1
2025-03-25 20:00:00+00:00,47.39,2025-03-25,20,1
2025-03-25 21:00:00+00:00,48.6,2025-03-25,21,1
2025-03-25 22:00:00+00:00,49.2,2025-03-25,22,1
2025-03-25 23:00:00+00:00,50.43,2025-03-25,23,1
2025-03-26 00:00:00+00:00,52.45,2025-03-26,0,2
2025-03-26 01:00:00+00:00,53.19,2025-03-26,1,2
2025-03-26 02:00:00+00:00,52.41,2025-03-26,2,2
2025-03-26 03:00:00+00:00,52.0,2025-03-26,3,2
2025-03-26 04:00:00+00:00,51.53,2025-03-26,4,2
2025-03-26 05:00:00+00:00,50.7,2025-03-26,5,2
2025-03-26 06:00:00+00:00,49.64,2025-03-26,6,2
2025-03-26 07:00:00+00:00,47.88,2025-03-26,7,2
2025-03-26 08:00:00+00:00,46.89,2025-03-26,8,2
2025-03-26 09:00:00+00:00,46.58,2025-03-26,9,2
2025-03-26 10:00:00+00:00,45.92,2025-03-26,10,2
2025-03-26 11:00:00+00:00,45.03,2025-03-26,11,2
2025-03-26 12:00:00+00:00,44.76,2025-03-26,12,2
2025-03-26 13:00:00+00:00,44.7,2025-03-26,13,2
2025-03-26 14:00:00+00:00,43.83,2025-03-26,14,2
2025-03-26 15:00:00+00:00,44.31,2025-03-26,15,2
2025-03-26 16:00:00+00:00,43.81,2025-03-26,16,2
2025-03-26 17:00:00+00:00,42.73,2025-03-26,17,2
2025-03-26 18:00:00+00:00,43.55,2025-03-26,18,2
2025-03-26 19:00:00+00:00,44.33,2025-03-26,19,2
2025-03-26 20:00:00+00:00,45.23,2025-03-26,20,2
2025-03-26 21:00:00+00:00,46.09,2025-03-26,21,2
2025-03-26 22:00:00+00:00,46.4,2025-03-26,22,2
2025-03-26 23:00:00+00:00,46.57,2025-03-26,23,2
2025-03-27 00:00:00+00:00,46.64,2025-03-27,0,3
2025-03-27 01:00:00+00:00,46.69,2025-03-27,1,3
2025-03-27 02:00:00+00:00,46.28,2025-03-27,2,3
2025-03-27 03:00:00+00:00,45.86,2025-03-27,3,3
2025-03-27 04:00:00+00:00,46.08,2025-03-27,4,3
2025-03-27 05:00:00+00:00,45.04,2025-03-27,5,3
2025-03-27 06:00:00+00:00,43.97,2025-03-27,6,3
2025-03-27 07:00:00+00:00,43.07,2025-03-27,7,3
2025-03-27 08:00:00+00:00,42.99,2025-03-27,8,3
2025-03-27 09:00:00+00:00,42.89,2025-03-27,9,3
2025-03-27 10:00:00+00:00,43.13,2025-03-27,10,3
2025-03-27 11:00:00+00:00,43.82,2025-03-27,11,3
2025-03-27 12:00:00+00:00,43.99,2025-03-27,12,3
2025-03-27 13:00:00+00:00,43.84,2025-03-27,13,3
2025-03-27 14:00:00+00:00,42.41,2025-03-27,14,3
2025-03-27 15:00:00+00:00,45.44,2025-03-27,15,3
2025-03-27 16:00:00+00:00,46.68,2025-03-27,16,3
2025-03-27 17:00:00+00:00,47.27,2025-03-27,17,3
2025-03-27 18:00:00+00:00,49.53,2025-03-27,18,3
2025-03-27 19:00:00+00:00,53.25,2025-03-27,19,3
2025-03-27 20:00:00+00:00,52.42,2025-03-27,20,3
2025-03-27 21:00:00+00:00,52.14,2025-03-27,21,3
2025-03-27 22:00:00+00:00,51.91,2025-03-27,22,3
2025-03-27 23:00:00+00:00,51.92,2025-03-27,23,3
2025-03-28 00:00:00+00:00,51.99,2025-03-28,0,4
2025-03-28 01:00:00+00:00,51.5,2025-03-28,1,4
2025-03-28 02:00:00+00:00,51.12,2025-03-28,2,4
2025-03-28 03:00:00+00:00,50.63,2025-03-28,3,4
2025-03-28 04:00:00+00:00,50.34,2025-03-28,4,4
2025-03-28 05:00:00+00:00,49.91,2025-03-28,5,4
2025-03-28 06:00:00+00:00,49.22,2025-03-28,6,4
2025-03-28 07:00:00+00:00,46.16,2025-03-28,7,4
2025-03-28 08:00:00+00:00,45.41,2025-03-28,8,4
2025-03-28 09:00:00+00:00,45.44,2025-03-28,9,4
2025-03-28 10:00:00+00:00,45.03,2025-03-28,10,4
2025-03-28 11:00:00+00:00,42.01,2025-03-28,11,4
2025-03-28 12:00:00+00:00,42.01,2025-03-28,12,4
2025-03-28 13:00:00+00:00,42.0,2025-03-28,13,4
2025-03-28 14:00:00+00:00,41.98,2025-03-28,14,4
2025-03-28 15:00:00+00:00,41.93,2025-03-28,15,4
2025-03-28 16:00:00+00:00,41.91,2025-03-28,16,4
2025-03-28 17:00:00+00:00,40.91,2025-03-28,17,4
2025-03-28 18:00:00+00:00,41.46,2025-03-28,18,4
2025-03-28 19:00:00+00:00,42.43,2025-03-28,19,4
2025-03-28 20:00:00+00:00,43.08,2025-03-28,20,4
2025-03-28 21:00:00+00:00,43.4,2025-03-28,21,4
2025-03-28 22:00:00+00:00,43.67,2025-03-28,22,4
2025-03-28 23:00:00+00:00,41.64,2025-03-28,23,4
2025-03-29 00:00:00+00:00,39.78,2025-03-29,0,5
2025-03-29 01:00:00+00:00,38.47,2025-03-29,1,5
2025-03-29 02:00:00+00:00,36.4,2025-03-29,2,5
2025-03-29 03:00:00+00:00,35.77,2025-03-29,3,5
2025-03-29 04:00:00+00:00,35.78,2025-03-29,4,5
2025-03-29 05:00:00+00:00,36.4,2025-03-29,5,5
2025-03-29 06:00:00+00:00,37.07,2025-03-29,6,5
2025-03-29 07:00:00+00:00,37.48,2025-03-29,7,5
2025-03-29 08:00:00+00:00,36.54,2025-03-29,8,5
2025-03-29 09:00:00+00:00,36.41,2025-03-29,9,5
2025-03-29 10:00:00+00:00,34.29,2025-03-29,10,5
2025-03-29 11:00:00+00:00,31.65,2025-03-29,11,5
2025-03-29 12:00:00+00:00,29.74,2025-03-29,12,5
2025-03-29 13:00:00+00:00,28.16,2025-03-29,13,5
2025-03-29 14:00:00+00:00,27.26,2025-03-29,14,5
2025-03-29 15:00:00+00:00,26.85,2025-03-29,15,5
2025-03-29 16:00:00+00:00,26.35,2025-03-29,16,5
2025-03-29 17:00:00+00:00,26.07,2025-03-29,17,5
2025-03-29 18:00:00+00:00,26.51,2025-03-29,18,5
2025-03-29 19:00:00+00:00,27.05,2025-03-29,19,5
2025-03-29 20:00:00+00:00,27.39,2025-03-29,20,5
2025-03-29 21:00:00+00:00,27.61,2025-03-29,21,5
2025-03-29 22:00:00+00:00,28.28,2025-03-29,22,5
2025-03-29 23:00:00+00:00,28.93,2025-03-29,23,5
2025-03-30 00:00:00+00:00,29.41,2025-03-30,0,6
2025-03-30 01:00:00+00:00,29.66,2025-03-30,1,6
2025-03-30 02:00:00+00:00,30.2,2025-03-30,2,6
2025-03-30 03:00:00+00:00,30.43,2025-03-30,3,6
2025-03-30 04:00:00+00:00,30.84,2025-03-30,4,6
2025-03-30 05:00:00+00:00,31.2,2025-03-30,5,6
2025-03-30 06:00:00+00:00,31.47,2025-03-30,6,6
2025-03-30 07:00:00+00:00,32.01,2025-03-30,7,6
2025-03-30 08:00:00+00:00,31.86,2025-03-30,8,6
2025-03-30 09:00:00+00:00,31.14,2025-03-30,9,6
2025-03-30 10:00:00+00:00,30.74,2025-03-30,10,6
2025-03-30 11:00:00+00:00,30.44,2025-03-30,11,6
2025-03-30 12:00:00+00:00,30.45,2025-03-30,12,6
2025-03-30 13:00:00+00:00,30.83,2025-03-30,13,6
2025-03-30 14:00:00+00:00,31.23,2025-03-30,14,6
2025-03-30 15:00:00+00:00,31.78,2025-03-30,15,6
2025-03-30 16:00:00+00:00,32.41,2025-03-30,16,6
2025-03-30 17:00:00+00:00,32.83,2025-03-30,17,6
2025-03-30 18:00:00+00:00,32.93,2025-03-30,18,6
2025-03-30 19:00:00+00:00,33.24,2025-03-30,19,6
2025-03-30 20:00:00+00:00,33.87,2025-03-30,20,6
2025-03-30 21:00:00+00:00,34.74,2025-03-30,21,6
2025-03-30 22:00:00+00:00,35.83,2025-03-30,22,6
2025-03-30 23:00:00+00:00,36.52,2025-03-30,23,6
2025-03-31 00:00:00+00:00,37.2,2025-03-31,0,0
2025-03-31 01:00:00+00:00,37.69,2025-03-31,1,0
2025-03-31 02:00:00+00:00,38.21,2025-03-31,2,0
2025-03-31 03:00:00+00:00,38.69,2025-03-31,3,0
2025-03-31 04:00:00+00:00,38.61,2025-03-31,4,0
2025-03-31 05:00:00+00:00,38.28,2025-03-31,5,0
2025-03-31 06:00:00+00:00,37.49,2025-03-31,6,0
2025-03-31 07:00:00+00:00,36.74,2025-03-31,7,0
2025-03-31 08:00:00+00:00,36.7,2025-03-31,8,0
2025-03-31 09:00:00+00:00,36.65,2025-03-31,9,0
2025-03-31 10:00:00+00:00,36.8,2025-03-31,10,0
2025-03-31 11:00:00+00:00,36.87,2025-03-31,11,0
2025-03-31 12:00:00+00:00,37.08,2025-03-31,12,0
2025-03-31 13:00:00+00:00,37.28,2025-03-31,13,0
2025-03-31 14:00:00+00:00,40.19,2025-03-31,14,0
2025-03-31 15:00:00+00:00,43.06,2025-03-31,15,0
2025-03-31 16:00:00+00:00,36.55,2025-03-31,16,0
2025-03-31 17:00:00+00:00,34.37,2025-03-31,17,0
2025-03-31 18:00:00+00:00,37.02,2025-03-31,18,0
2025-03-31 19:00:00+00:00,38.87,2025-03-31,19,0
2025-03-31 20:00:00+00:00,39.04,2025-03-31,20,0
2025-03-31 21:00:00+00:00,38.94,2025-03-31,21,0
2025-03-31 22:00:00+00:00,39.01,2025-03-31,22,0
2025-03-31 23:00:00+00:00,41.47,2025-03-31,23,0
2025-04-01 00:00:00+00:00,42.46,2025-04-01,0,1
2025-04-01 01:00:00+00:00,43.26,2025-04-01,1,1
2025-04-01 02:00:00+00:00,44.01,2025-04-01,2,1
2025-04-01 03:00:00+00:00,44.52,2025-04-01,3,1
2025-04-01 04:00:00+00:00,45.16,2025-04-01,4,1
2025-04-01 05:00:00+00:00,46.47,2025-04-01,5,1
2025-04-01 06:00:00+00:00,45.33,2025-04-01,6,1
2025-04-01 07:00:00+00:00,45.05,2025-04-01,7,1
2025-04-01 08:00:00+00:00,45.13,2025-04-01,8,1
2025-04-01 09:00:00+00:00,45.0,2025-04-01,9,1
2025-04-01 10:00:00+00:00,44.67,2025-04-01,10,1
2025-04-01 11:00:00+00:00,44.8,2025-04-01,11,1
2025-04-01 12:00:00+00:00,45.58,2025-04-01,12,1
2025-04-01 13:00:00+00:00,46.78,2025-04-01,13,1
2025-04-01 14:00:00+00:00,52.12,2025-04-01,14,1
2025-04-01 15:00:00+00:00,54.85,2025-04-01,15,1
2025-04-01 16:00:00+00:00,53.46,2025-04-01,16,1
2025-04-01 17:00:00+00:00,51.58,2025-04-01,17,1
2025-04-01 18:00:00+00:00,49.96,2025-04-01,18,1
2025-04-01 19:00:00+00:00,49.72,2025-04-01,19,1
2025-04-01 20:00:00+00:00,50.14,2025-04-01,20,1
2025-04-01 21:00:00+00:00,50.51,2025-04-01,21,1
2025-04-01 22:00:00+00:00,50.98,2025-04-01,22,1
2025-04-01 23:00:00+00:00,51.9,2025-04-01,23,1
2025-04-02 00:00:00+00:00,52.25,2025-04-02,0,2
2025-04-02 01:00:00+00:00,52.23,2025-04-02,1,2
2025-04-02 02:00:00+00:00,51.96,2025-04-02,2,2
2025-04-02 03:00:00+00:00,51.78,2025-04-02,3,2
2025-04-02 04:00:00+00:00,50.82,2025-04-02,4,2
2025-04-02 05:00:00+00:00,50.01,2025-04-02,5,2
2025-04-02 06:00:00+00:00,49.11,2025-04-02,6,2
2025-04-02 07:00:00+00:00,49.81,2025-04-02,7,2
2025-04-02 08:00:00+00:00,50.68,2025-04-02,8,2
2025-04-02 09:00:00+00:00,49.51,2025-04-02,9,2
2025-04-02 10:00:00+00:00,48.74,2025-04-02,10,2
2025-04-02 11:00:00+00:00,48.64,2025-04-02,11,2
2025-04-02 12:00:00+00:00,48.7,2025-04-02,12,2
2025-04-02 13:00:00+00:00,49.01,2025-04-02,13,2
2025-04-02 14:00:00+00:00,51.54,2025-04-02,14,2
2025-04-02 15:00:00+00:00,53.12,2025-04-02,15,2
2025-04-02 16:00:00+00:00,53.75,2025-04-02,16,2
2025-04-02 17:00:00+00:00,53.84,2025-04-02,17,2
2025-04-02 18:00:00+00:00,53.69,2025-04-02,18,2
2025-04-02 19:00:00+00:00,53.27,2025-04-02,19,2
2025-04-02 20:00:00+00:00,53.46,2025-04-02,20,2
2025-04-02 21:00:00+00:00,53.41,2025-04-02,21,2
2025-04-02 22:00:00+00:00,53.26,2025-04-02,22,2
2025-04-02 23:00:00+00:00,53.18,2025-04-02,23,2
2025-04-03 00:00:00+00:00,53.23,2025-04-03,0,3
2025-04-03 01:00:00+00:00,53.33,2025-04-03,1,3
2025-04-03 02:00:00+00:00,53.46,2025-04-03,2,3
2025-04-03 03:00:00+00:00,53.69,2025-04-03,3,3
2025-04-03 04:00:00+00:00,53.91,2025-04-03,4,3
2025-04-03 05:00:00+00:00,54.58,2025-04-03,5,3
2025-04-03 06:00:00+00:00,61.54,2025-04-03,6,3
2025-04-03 07:00:00+00:00,61.63,2025-04-03,7,3
2025-04-03 08:00:00+00:00,60.1,2025-04-03,8,3
2025-04-03 09:00:00+00:00,57.45,2025-04-03,9,3
2025-04-03 10:00:00+00:00,56.8,2025-04-03,10,3
2025-04-03 11:00:00+00:00,56.42,2025-04-03,11,3
2025-04-03 12:00:00+00:00,55.76,2025-04-03,12,3
2025-04-03 13:00:00+00:00,55.37,2025-04-03,13,3
2025-04-03 14:00:00+00:00,57.76,2025-04-03,14,3
2025-04-03 15:00:00+00:00,58.11,2025-04-03,15,3
2025-04-03 16:00:00+00:00,58.21,2025-04-03,16,3
2025-04-03 17:00:00+00:00,58.97,2025-04-03,17,3
2025-04-03 18:00:00+00:00,58.71,2025-04-03,18,3
2025-04-03 19:00:00+00:00,58.72,2025-04-03,19,3
2025-04-03 20:00:00+00:00,58.74,2025-04-03,20,3
2025-04-03 21:00:00+00:00,58.84,2025-04-03,21,3
2025-04-03 22:00:00+00:00,58.93,2025-04-03,22,3
2025-04-03 23:00:00+00:00,59.17,2025-04-03,23,3
2025-04-04 00:00:00+00:00,59.32,2025-04-04,0,4
2025-04-04 01:00:00+00:00,59.58,2025-04-04,1,4
2025-04-04 02:00:00+00:00,59.61,2025-04-04,2,4
2025-04-04 03:00:00+00:00,59.47,2025-04-04,3,4
2025-04-04 04:00:00+00:00,59.08,2025-04-04,4,4
2025-04-04 05:00:00+00:00,59.16,2025-04-04,5,4
2025-04-04 06:00:00+00:00,59.28,2025-04-04,6,4
2025-04-04 07:00:00+00:00,59.0,2025-04-04,7,4
2025-04-04 08:00:00+00:00,58.42,2025-04-04,8,4
2025-04-04 09:00:00+00:00,58.1,2025-04-04,9,4
2025-04-04 10:00:00+00:00,57.77,2025-04-04,10,4
2025-04-04 11:00:00+00:00,57.73,2025-04-04,11,4
2025-04-04 12:00:00+00:00,57.55,2025-04-04,12,4
2025-04-04 13:00:00+00:00,56.83,2025-04-04,13,4
2025-04-04 14:00:00+00:00,56.46,2025-04-04,14,4
2025-04-04 15:00:00+00:00,56.31,2025-04-04,15,4
2025-04-04 16:00:00+00:00,56.1,2025-04-04,16,4
2025-04-04 17:00:00+00:00,56.49,2025-04-04,17,4
2025-04-04 18:00:00+00:00,56.8,2025-04-04,18,4
2025-04-04 19:00:00+00:00,57.25,2025-04-04,19,4
2025-04-04 20:00:00+00:00,57.39,2025-04-04,20,4
2025-04-04 21:00:00+00:00,57.58,2025-04-04,21,4
2025-04-04 22:00:00+00:00,57.99,2025-04-04,22,4
2025-04-04 23:00:00+00:00,58.24,2025-04-04,23,4
2025-04-05 00:00:00+00:00,58.09,2025-04-05,0,5
2025-04-05 01:00:00+00:00,57.83,2025-04-05,1,5
2025-04-05 02:00:00+00:00,57.81,2025-04-05,2,5
2025-04-05 03:00:00+00:00,57.56,2025-04-05,3,5
2025-04-05 04:00:00+00:00,57.22,2025-04-05,4,5
2025-04-05 05:00:00+00:00,57.12,2025-04-05,5,5
2025-04-05 06:00:00+00:00,57.04,2025-04-05,6,5
2025-04-05 07:00:00+00:00,56.91,2025-04-05,7,5
2025-04-05 08:00:00+00:00,55.5,2025-04-05,8,5
2025-04-05 09:00:00+00:00,53.83,2025-04-05,9,5
2025-04-05 10:00:00+00:00,51.03,2025-04-05,10,5
2025-04-05 11:00:00+00:00,47.37,2025-04-05,11,5
2025-04-05 12:00:00+00:00,44.65,2025-04-05,12,5
2025-04-05 13:00:00+00:00,43.28,2025-04-05,13,5
2025-04-05 14:00:00+00:00,42.68,2025-04-05,14,5
2025-04-05 15:00:00+00:00,42.27,2025-04-05,15,5
2025-04-05 16:00:00+00:00,41.39,2025-04-05,16,5
2025-04-05 17:00:00+00:00,41.45,2025-04-05,17,5
2025-04-05 18:00:00+00:00,43.09,2025-04-05,18,5
2025-04-05 19:00:00+00:00,44.45,2025-04-05,19,5
2025-04-05 20:00:00+00:00,45.13,2025-04-05,20,5
2025-04-05 21:00:00+00:00,45.52,2025-04-05,21,5
2025-04-05 22:00:00+00:00,45.99,2025-04-05,22,5
2025-04-05 23:00:00+00:00,46.21,2025-04-05,23,5
2025-04-06 00:00:00+00:00,46.48,2025-04-06,0,6
2025-04-06 01:00:00+00:00,46.63,2025-04-06,1,6
2025-04-06 02:00:00+00:00,46.62,2025-04-06,2,6
2025-04-06 03:00:00+00:00,46.85,2025-04-06,3,6
2025-04-06 04:00:00+00:00,47.14,2025-04-06,4,6
2025-04-06 05:00:00+00:00,47.23,2025-04-06,5,6
2025-04-06 06:00:00+00:00,47.51,2025-04-06,6,6
2025-04-06 07:00:00+00:00,47.96,2025-04-06,7,6
2025-04-06 08:00:00+00:00,48.18,2025-04-06,8,6
2025-04-06 09:00:00+00:00,48.23,2025-04-06,9,6
2025-04-06 10:00:00+00:00,47.85,2025-04-06,10,6
2025-04-06 11:00:00+00:00,47.26,2025-04-06,11,6
2025-04-06 12:00:00+00:00,46.05,2025-04-06,12,6
2025-04-06 13:00:00+00:00,45.4,2025-04-06,13,6
2025-04-06 14:00:00+00:00,44.76,2025-04-06,14,6
2025-04-06 15:00:00+00:00,44.63,2025-04-06,15,6
2025-04-06 16:00:00+00:00,45.01,2025-04-06,16,6
2025-04-06 17:00:00+00:00,45.41,2025-04-06,17,6
2025-04-06 18:00:00+00:00,45.45,2025-04-06,18,6
2025-04-06 19:00:00+00:00,45.67,2025-04-06,19,6
2025-04-06 20:00:00+00:00,46.14,2025-04-06,20,6
2025-04-06 21:00:00+00:00,46.6,2025-04-06,21,6
2025-04-06 22:00:00+00:00,47.08,2025-04-06,22,6
2025-04-06 23:00:00+00:00,48.15,2025-04-06,23,6
2025-04-07 00:00:00+00:00,48.46,2025-04-07,0,0
2025-04-07 01:00:00+00:00,48.69,2025-04-07,1,0
2025-04-07 02:00:00+00:00,48.8,2025-04-07,2,0
2025-04-07 03:00:00+00:00,48.86,2025-04-07,3,0
2025-04-07 04:00:00+00:00,49.11,2025-04-07,4,0
2025-04-07 05:00:00+00:00,48.88,2025-04-07,5,0
2025-04-07 06:00:00+00:00,48.21,2025-04-07,6,0
2025-04-07 07:00:00+00:00,49.19,2025-04-07,7,0
2025-04-07 08:00:00+00:00,49.66,2025-04-07,8,0
2025-04-07 09:00:00+00:00,50.1,2025-04-07,9,0
2025-04-07 10:00:00+00:00,50.26,2025-04-07,10,0
2025-04-07 11:00:00+00:00,49.3,2025-04-07,11,0
2025-04-07 12:00:00+00:00,48.51,2025-04-07,12,0
2025-04-07 13:00:00+00:00,47.58,2025-04-07,13,0
2025-04-07 14:00:00+00:00,48.74,2025-04-07,14,0
2025-04-07 15:00:00+00:00,52.47,2025-04-07,15,0
2025-04-07 16:00:00+00:00,47.87,2025-04-07,16,0
2025-04-07 17:00:00+00:00,48.43,2025-04-07,17,0
2025-04-07 18:00:00+00:00,49.16,2025-04-07,18,0
2025-04-07 19:00:00+00:00,49.81,2025-04-07,19,0
2025-04-07 20:00:00+00:00,50.38,2025-04-07,20,0
2025-04-07 21:00:00+00:00,50.74,2025-04-07,21,0
2025-04-07 22:00:00+00:00,51.0,2025-04-07,22,0
2025-04-07 23:00:00+00:00,51.26,2025-04-07,23,0
2025-04-08 00:00:00+00:00,51.45,2025-04-08,0,1
2025-04-08 01:00:00+00:00,51.71,2025-04-08,1,1
2025-04-08 02:00:00+00:00,51.56,2025-04-08,2,1
2025-04-08 03:00:00+00:00,51.38,2025-04-08,3,1
2025-04-08 04:00:00+00:00,51.01,2025-04-08,4,1
2025-04-08 05:00:00+00:00,50.67,2025-04-08,5,1
2025-04-08 06:00:00+00:00,51.56,2025-04-08,6,1
2025-04-08 07:00:00+00:00,50.9,2025-04-08,7,1
2025-04-08 08:00:00+00:00,51.2,2025-04-08,8,1
2025-04-08 09:00:00+00:00,52.44,2025-04-08,9,1
2025-04-08 10:00:00+00:00,53.21,2025-04-08,10,1
2025-04-08 11:00:00+00:00,53.65,2025-04-08,11,1
2025-04-08 12:00:00+00:00,54.13,2025-04-08,12,1
2025-04-08 13:00:00+00:00,53.85,2025-04-08,13,1
2025-04-08 14:00:00+00:00,55.26,2025-04-08,14,1
2025-04-08 15:00:00+00:00,55.22,2025-04-08,15,1
2025-04-08 16:00:00+00:00,55.07,2025-04-08,16,1
2025-04-08 17:00:00+00:00,56.51,2025-04-08,17,1
2025-04-08 18:00:00+00:00,54.65,2025-04-08,18,1
2025-04-08 19:00:00+00:00,54.21,2025-04-08,19,1
2025-04-08 20:00:00+00:00,54.63,2025-04-08,20,1
2025-04-08 21:00:00+00:00,54.54,2025-04-08,21,1
2025-04-08 22:00:00+00:00,54.46,2025-04-08,22,1
2025-04-08 23:00:00+00:00,54.42,2025-04-08,23,1
2025-04-09 00:00:00+00:00,54.35,2025-04-09,0,2
2025-04-09 01:00:00+00:00,54.26,2025-04-09,1,2
2025-04-09 02:00:00+00:00,54.33,2025-04-09,2,2
2025-04-09 03:00:00+00:00,54.33,2025-04-09,3,2
2025-04-09 04:00:00+00:00,54.43,2025-04-09,4,2
2025-04-09 05:00:00+00:00,54.69,2025-04-09,5,2
2025-04-09 06:00:00+00:00,54.49,2025-04-09,6,2
2025-04-09 07:00:00+00:00,56.46,2025-04-09,7,2
2025-04-09 08:00:00+00:00,55.38,2025-04-09,8,2
2025-04-09 09:00:00+00:00,54.09,2025-04-09,9,2
2025-04-09 10:00:00+00:00,53.47,2025-04-09,10,2
2025-04-09 11:00:00+00:00,53.64,2025-04-09,11,2
2025-04-09 12:00:00+00:00,53.54,2025-04-09,12,2
2025-04-09 13:00:00+00:00,53.3,2025-04-09,13,2
2025-04-09 14:00:00+00:00,49.42,2025-04-09,14,2
2025-04-09 15:00:00+00:00,47.44,2025-04-09,15,2
2025-04-09 16:00:00+00:00,46.23,2025-04-09,16,2
2025-04-09 17:00:00+00:00,46.25,2025-04-09,17,2
2025-04-09 18:00:00+00:00,50.62,2025-04-09,18,2
2025-04-09 19:00:00+00:00,53.22,2025-04-09,19,2
2025-04-09 20:00:00+00:00,53.42,2025-04-09,20,2
2025-04-09 21:00:00+00:00,53.51,2025-04-09,21,2
2025-04-09 22:00:00+00:00,53.47,2025-04-09,22,2
2025-04-09 23:00:00+00:00,53.54,2025-04-09,23,2
2025-04-10 00:00:00+00:00,53.36,2025-04-10,0,3
2025-04-10 01:00:00+00:00,53.11,2025-04-10,1,3
2025-04-10 02:00:00+00:00,53.04,2025-04-10,2,3
2025-04-10 03:00:00+00:00,52.63,2025-04-10,3,3
2025-04-10 04:00:00+00:00,51.32,2025-04-10,4,3
2025-04-10 05:00:00+00:00,49.93,2025-04-10,5,3
2025-04-10 06:00:00+00:00,49.11,2025-04-10,6,3
2025-04-10 07:00:00+00:00,50.53,2025-04-10,7,3
2025-04-10 08:00:00+00:00,52.23,2025-04-10,8,3
2025-04-10 09:00:00+00:00,52.3,2025-04-10,9,3
2025-04-10 10:00:00+00:00,52.48,2025-04-10,10,3
2025-04-10 11:00:00+00:00,52.68,2025-04-10,11,3
2025-04-10 12:00:00+00:00,52.98,2025-04-10,12,3
2025-04-10 13:00:00+00:00,52.89,2025-04-10,13,3
2025-04-10 14:00:00+00:00,54.96,2025-04-10,14,3
2025-04-10 15:00:00+00:00,55.61,2025-04-10,15,3
2025-04-10 16:00:00+00:00,56.15,2025-04-10,16,3
2025-04-10 17:00:00+00:00,56.14,2025-04-10,17,3
2025-04-10 18:00:00+00:00,56.75,2025-04-10,18,3
2025-04-10 19:00:00+00:00,56.13,2025-04-10,19,3
2025-04-10 20:00:00+00:00,56.01,2025-04-10,20,3
2025-04-10 21:00:00+00:00,55.98,2025-04-10,21,3
2025-04-10 22:00:00+00:00,55.85,2025-04-10,22,3
2025-04-10 23:00:00+00:00,55.7,2025-04-10,23,3
2025-04-11 00:00:00+00:00,55.53,2025-04-11,0,4
2025-04-11 01:00:00+00:00,55.33,2025-04-11,1,4
2025-04-11 02:00:00+00:00,55.11,2025-04-11,2,4
2025-04-11 03:00:00+00:00,54.92,2025-04-11,3,4
2025-04-11 04:00:00+00:00,54.58,2025-04-11,4,4
2025-04-11 05:00:00+00:00,54.63,2025-04-11,5,4
2025-04-11 06:00:00+00:00,55.03,2025-04-11,6,4
2025-04-11 07:00:00+00:00,55.96,2025-04-11,7,4
2025-04-11 08:00:00+00:00,57.71,2025-04-11,8,4
2025-04-11 09:00:00+00:00,56.36,2025-04-11,9,4
2025-04-11 10:00:00+00:00,55.1,2025-04-11,10,4
2025-04-11 11:00:00+00:00,54.48,2025-04-11,11,4
2025-04-11 12:00:00+00:00,54.04,2025-04-11,12,4
2025-04-11 13:00:00+00:00,54.28,2025-04-11,13,4
2025-04-11 14:00:00+00:00,54.33,2025-04-11,14,4
2025-04-11 15:00:00+00:00,54.3,2025-04-11,15,4
2025-04-11 16:00:00+00:00,54.41,2025-04-11,16,4
2025-04-11 17:00:00+00:00,54.51,2025-04-11,17,4
2025-04-11 18:00:00+00:00,54.54,2025-04-11,18,4
2025-04-11 19:00:00+00:00,54.87,2025-04-11,19,4
2025-04-11 20:00:00+00:00,55.18,2025-04-11,20,4
2025-04-11 21:00:00+00:00,55.33,2025-04-11,21,4
2025-04-11 22:00:00+00:00,55.55,2025-04-11,22,4
2025-04-11 23:00:00+00:00,55.64,2025-04-11,23,4
2025-04-12 00:00:00+00:00,55.62,2025-04-12,0,5
2025-04-12 01:00:00+00:00,55.65,2025-04-12,1,5
2025-04-12 02:00:00+00:00,56.04,2025-04-12,2,5
2025-04-12 03:00:00+00:00,56.5,2025-04-12,3,5
2025-04-12 04:00:00+00:00,55.88,2025-04-12,4,5
2025-04-12 05:00:00+00:00,55.16,2025-04-12,5,5
2025-04-12 06:00:00+00:00,54.63,2025-04-12,6,5
2025-04-12 07:00:00+00:00,54.28,2025-04-12,7,5
2025-04-12 08:00:00+00:00,54.22,2025-04-12,8,5
2025-04-12 09:00:00+00:00,54.3,2025-04-12,9,5
2025-04-12 10:00:00+00:00,53.95,2025-04-12,10,5
2025-04-12 11:00:00+00:00,53.88,2025-04-12,11,5
2025-04-12 12:00:00+00:00,54.06,2025-04-12,12,5
2025-04-12 13:00:00+00:00,53.88,2025-04-12,13,5
2025-04-12 14:00:00+00:00,53.77,2025-04-12,14,5
2025-04-12 15:00:00+00:00,53.77,2025-04-12,15,5
2025-04-12 16:00:00+00:00,54.13,2025-04-12,16,5
2025-04-12 17:00:00+00:00,54.57,2025-04-12,17,5
2025-04-12 18:00:00+00:00,55.11,2025-04-12,18,5
2025-04-12 19:00:00+00:00,55.18,2025-04-12,19,5
2025-04-12 20:00:00+00:00,55.41,2025-04-12,20,5
2025-04-12 21:00:00+00:00,55.73,2025-04-12,21,5
2025-04-12 22:00:00+00:00,56.05,2025-04-12,22,5
2025-04-12 23:00:00+00:00,56.52,2025-04-12,23,5
2025-04-13 00:00:00+00:00,56.97,2025-04-13,0,6
2025-04-13 01:00:00+00:00,56.9,2025-04-13,1,6
2025-04-13 02:00:00+00:00,56.92,2025-04-13,2,6
2025-04-13 03:00:00+00:00,57.04,2025-04-13,3,6
2025-04-13 04:00:00+00:00,57.02,2025-04-13,4,6
2025-04-13 05:00:00+00:00,56.93,2025-04-13,5,6
2025-04-13 06:00:00+00:00,57.0,2025-04-13,6,6
2025-04-13 07:00:00+00:00,56.83,2025-04-13,7,6
2025-04-13 08:00:00+00:00,56.6,2025-04-13,8,6
2025-04-13 09:00:00+00:00,56.34,2025-04-13,9,6
2025-04-13 10:00:00+00:00,56.24,2025-04-13,10,6
2025-04-13 11:00:00+00:00,56.23,2025-04-13,11,6
2025-04-13 12:00:00+00:00,56.33,2025-04-13,12,6
2025-04-13 13:00:00+00:00,56.18,2025-04-13,13,6
2025-04-13 14:00:00+00:00,56.03,2025-04-13,14,6
2025-04-13 15:00:00+00:00,55.97,2025-04-13,15,6
2025-04-13 16:00:00+00:00,55.94,2025-04-13,16,6
2025-04-13 17:00:00+00:00,56.11,2025-04-13,17,6
2025-04-13 18:00:00+00:00,56.22,2025-04-13,18,6
2025-04-13 19:00:00+00:00,56.34,2025-04-13,19,6
2025-04-13 20:00:00+00:00,56.52,2025-04-13,20,6
2025-04-13 21:00:00+00:00,57.18,2025-04-13,21,6
2025-04-13 22:00:00+00:00,57.8,2025-04-13,22,6
2025-04-13 23:00:00+00:00,57.7,2025-04-13,23,6
2025-04-14 00:00:00+00:00,57.75,2025-04-14,0,0
2025-04-14 01:00:00+00:00,58.01,2025-04-14,1,0
2025-04-14 02:00:00+00:00,58.04,2025-04-14,2,0
2025-04-14 03:00:00+00:00,58.1,2025-04-14,3,0
2025-04-14 04:00:00+00:00,58.25,2025-04-14,4,0
2025-04-14 05:00:00+00:00,58.75,2025-04-14,5,0
2025-04-14 06:00:00+00:00,59.17,2025-04-14,6,0
2025-04-14 07:00:00+00:00,59.93,2025-04-14,7,0
2025-04-14 08:00:00+00:00,60.06,2025-04-14,8,0
2025-04-14 09:00:00+00:00,61.08,2025-04-14,9,0
2025-04-14 10:00:00+00:00,60.01,2025-04-14,10,0
2025-04-14 11:00:00+00:00,59.85,2025-04-14,11,0
2025-04-14 12:00:00+00:00,59.51,2025-04-14,12,0
2025-04-14 13:00:00+00:00,59.64,2025-04-14,13,0
2025-04-14 14:00:00+00:00,62.76,2025-04-14,14,0
2025-04-14 15:00:00+00:00,62.59,2025-04-14,15,0
2025-04-14 16:00:00+00:00,60.95,2025-04-14,16,0
2025-04-14 17:00:00+00:00,61.99,2025-04-14,17,0
2025-04-14 18:00:00+00:00,62.46,2025-04-14,18,0
2025-04-14 19:00:00+00:00,62.38,2025-04-14,19,0
2025-04-14 20:00:00+00:00,62.66,2025-04-14,20,0
2025-04-14 21:00:00+00:00,62.63,2025-04-14,21,0
2025-04-14 22:00:00+00:00,62.08,2025-04-14,22,0
2025-04-14 23:00:00+00:00,61.53,2025-04-14,23,0
2025-04-15 00:00:00+00:00,60.14,2025-04-15,0,1
2025-04-15 01:00:00+00:00,58.99,2025-04-15,1,1
2025-04-15 02:00:00+00:00,56.93,2025-04-15,2,1
2025-04-15 03:00:00+00:00,54.61,2025-04-15,3,1
2025-04-15 04:00:00+00:00,53.26,2025-04-15,4,1
2025-04-15 05:00:00+00:00,51.93,2025-04-15,5,1
2025-04-15 06:00:00+00:00,51.39,2025-04-15,6,1
2025-04-15 07:00:00+00:00,50.86,2025-04-15,7,1
2025-04-15 08:00:00+00:00,47.9,2025-04-15,8,1
2025-04-15 09:00:00+00:00,43.85,2025-04-15,9,1
2025-04-15 10:00:00+00:00,41.65,2025-04-15,10,1
2025-04-15 11:00:00+00:00,39.78,2025-04-15,11,1
2025-04-15 12:00:00+00:00,38.23,2025-04-15,12,1
2025-04-15 13:00:00+00:00,36.03,2025-04-15,13,1
2025-04-15 14:00:00+00:00,33.68,2025-04-15,14,1
2025-04-15 15:00:00+00:00,34.98,2025-04-15,15,1
2025-04-15 16:00:00+00:00,34.32,2025-04-15,16,1
2025-04-15 17:00:00+00:00,34.35,2025-04-15,17,1
2025-04-15 18:00:00+00:00,34.48,2025-04-15,18,1
2025-04-15 19:00:00+00:00,35.83,2025-04-15,19,1
2025-04-15 20:00:00+00:00,36.86,2025-04-15,20,1
2025-04-15 21:00:00+00:00,37.31,2025-04-15,21,1
2025-04-15 22:00:00+00:00,37.63,2025-04-15,22,1
2025-04-15 23:00:00+00:00,37.79,2025-04-15,23,1
2025-04-16 00:00:00+00:00,37.92,2025-04-16,0,2
2025-04-16 01:00:00+00:00,38.16,2025-04-16,1,2
2025-04-16 02:00:00+00:00,38.46,2025-04-16,2,2
2025-04-16 03:00:00+00:00,38.77,2025-04-16,3,2
2025-04-16 04:00:00+00:00,38.8,2025-04-16,4,2
2025-04-16 05:00:00+00:00,38.32,2025-04-16,5,2
2025-04-16 06:00:00+00:00,38.4,2025-04-16,6,2
2025-04-16 07:00:00+00:00,37.83,2025-04-16,7,2
2025-04-16 08:00:00+00:00,36.0,2025-04-16,8,2
2025-04-16 09:00:00+00:00,35.35,2025-04-16,9,2
2025-04-16 10:00:00+00:00,34.47,2025-04-16,10,2
2025-04-16 11:00:00+00:00,32.58,2025-04-16,11,2
2025-04-16 12:00:00+00:00,30.82,2025-04-16,12,2
2025-04-16 13:00:00+00:00,28.76,2025-04-16,13,2
2025-04-16 14:00:00+00:00,27.72,2025-04-16,14,2
2025-04-16 15:00:00+00:00,27.34,2025-04-16,15,2
2025-04-16 16:00:00+00:00,29.61,2025-04-16,16,2
2025-04-16 17:00:00+00:00,28.86,2025-04-16,17,2
2025-04-16 18:00:00+00:00,28.78,2025-04-16,18,2
2025-04-16 19:00:00+00:00,30.15,2025-04-16,19,2
2025-04-16 20:00:00+00:00,31.24,2025-04-16,20,2
2025-04-16 21:00:00+00:00,33.12,2025-04-16,21,2
2025-04-16 22:00:00+00:00,34.62,2025-04-16,22,2
2025-04-16 23:00:00+00:00,35.06,2025-04-16,23,2
2025-04-17 00:00:00+00:00,35.59,2025-04-17,0,3
2025-04-17 01:00:00+00:00,37.0,2025-04-17,1,3
2025-04-17 02:00:00+00:00,38.05,2025-04-17,2,3
2025-04-17 03:00:00+00:00,38.54,2025-04-17,3,3
2025-04-17 04:00:00+00:00,39.23,2025-04-17,4,3
2025-04-17 05:00:00+00:00,40.04,2025-04-17,5,3
2025-04-17 06:00:00+00:00,39.99,2025-04-17,6,3
2025-04-17 07:00:00+00:00,40.58,2025-04-17,7,3
2025-04-17 08:00:00+00:00,40.11,2025-04-17,8,3
2025-04-17 09:00:00+00:00,37.22,2025-04-17,9,3
2025-04-17 10:00:00+00:00,36.35,2025-04-17,10,3
2025-04-17 11:00:00+00:00,36.4,2025-04-17,11,3
2025-04-17 12:00:00+00:00,36.11,2025-04-17,12,3
2025-04-17 13:00:00+00:00,35.16,2025-04-17,13,3
2025-04-17 14:00:00+00:00,34.54,2025-04-17,14,3
2025-04-17 15:00:00+00:00,33.91,2025-04-17,15,3
2025-04-17 16:00:00+00:00,33.53,2025-04-17,16,3
2025-04-17 17:00:00+00:00,32.76,2025-04-17,17,3
2025-04-17 18:00:00+00:00,32.63,2025-04-17,18,3
2025-04-17 19:00:00+00:00,33.6,2025-04-17,19,3
2025-04-17 20:00:00+00:00,34.51,2025-04-17,20,3
2025-04-17 21:00:00+00:00,35.53,2025-04-17,21,3
2025-04-17 22:00:00+00:00,36.36,2025-04-17,22,3
2025-04-17 23:00:00+00:00,37.59,2025-04-17,23,3
2025-04-18 00:00:00+00:00,38.66,2025-04-18,0,4
2025-04-18 01:00:00+00:00,40.03,2025-04-18,1,4
2025-04-18 02:00:00+00:00,41.14,2025-04-18,2,4
2025-04-18 03:00:00+00:00,41.79,2025-04-18,3,4
2025-04-18 04:00:00+00:00,42.51,2025-04-18,4,4
2025-04-18 05:00:00+00:00,42.95,2025-04-18,5,4
2025-04-18 06:00:00+00:00,43.15,2025-04-18,6,4
2025-04-18 07:00:00+00:00,43.19,2025-04-18,7,4
2025-04-18 08:00:00+00:00,43.27,2025-04-18,8,4
2025-04-18 09:00:00+00:00,43.02,2025-04-18,9,4
2025-04-18 10:00:00+00:00,42.1,2025-04-18,10,4
2025-04-18 11:00:00+00:00,40.74,2025-04-18,11,4
2025-04-18 12:00:00+00:00,40.38,2025-04-18,12,4
2025-04-18 13:00:00+00:00,41.42,2025-04-18,13,4
2025-04-18 14:00:00+00:00,41.99,2025-04-18,14,4
2025-04-18 15:00:00+00:00,42.18,2025-04-18,15,4
2025-04-18 16:00:00+00:00,42.27,2025-04-18,16,4
2025-04-18 17:00:00+00:00,42.05,2025-04-18,17,4
2025-04-18 18:00:00+00:00,44.02,2025-04-18,18,4
2025-04-18 19:00:00+00:00,43.69,2025-04-18,19,4
2025-04-18 20:00:00+00:00,43.68,2025-04-18,20,4
2025-04-18 21:00:00+00:00,44.14,2025-04-18,21,4
2025-04-18 22:00:00+00:00,44.51,2025-04-18,22,4
2025-04-18 23:00:00+00:00,44.97,2025-04-18,23,4
2025-04-19 00:00:00+00:00,45.61,2025-04-19,0,5
2025-04-19 01:00:00+00:00,45.89,2025-04-19,1,5
2025-04-19 02:00:00+00:00,46.38,2025-04-19,2,5
2025-04-19 03:00:00+00:00,46.82,2025-04-19,3,5
2025-04-19 04:00:00+00:00,47.37,2025-04-19,4,5
2025-04-19 05:00:00+00:00,47.38,2025-04-19,5,5
2025-04-19 06:00:00+00:00,47.61,2025-04-19,6,5
2025-04-19 07:00:00+00:00,47.62,2025-04-19,7,5
2025-04-19 08:00:00+00:00,46.98,2025-04-19,8,5
2025-04-19 09:00:00+00:00,44.52,2025-04-19,9,5
2025-04-19 10:00:00+00:00,42.76,2025-04-19,10,5
2025-04-19 11:00:00+00:00,39.74,2025-04-19,11,5
2025-04-19 12:00:00+00:00,36.16,2025-04-19,12,5
2025-04-19 13:00:00+00:00,34.93,2025-04-19,13,5
2025-04-19 14:00:00+00:00,32.67,2025-04-19,14,5
2025-04-19 15:00:00+00:00,30.91,2025-04-19,15,5
2025-04-19 16:00:00+00:00,29.6,2025-04-19,16,5
2025-04-19 17:00:00+00:00,29.66,2025-04-19,17,5
2025-04-19 18:00:00+00:00,30.43,2025-04-19,18,5
2025-04-19 19:00:00+00:00,31.77,2025-04-19,19,5
2025-04-19 20:00:00+00:00,32.97,2025-04-19,20,5
2025-04-19 21:00:00+00:00,33.93,2025-04-19,21,5
2025-04-19 22:00:00+00:00,34.8,2025-04-19,22,5
2025-04-19 23:00:00+00:00,35.41,2025-04-19,23,5
2025-04-20 00:00:00+00:00,35.98,2025-04-20,0,6
2025-04-20 01:00:00+00:00,36.63,2025-04-20,1,6
2025-04-20 02:00:00+00:00,36.98,2025-04-20,2,6
2025-04-20 03:00:00+00:00,37.57,2025-04-20,3,6
2025-04-20 04:00:00+00:00,37.81,2025-04-20,4,6
2025-04-20 05:00:00+00:00,38.24,2025-04-20,5,6
2025-04-20 06:00:00+00:00,38.32,2025-04-20,6,6
2025-04-20 07:00:00+00:00,38.5,2025-04-20,7,6
2025-04-20 08:00:00+00:00,38.52,2025-04-20,8,6
2025-04-20 09:00:00+00:00,38.77,2025-04-20,9,6
2025-04-20 10:00:00+00:00,38.59,2025-04-20,10,6
2025-04-20 11:00:00+00:00,38.07,2025-04-20,11,6
2025-04-20 12:00:00+00:00,37.21,2025-04-20,12,6
2025-04-20 13:00:00+00:00,36.65,2025-04-20,13,6
2025-04-20 14:00:00+00:00,35.52,2025-04-20,14,6
2025-04-20 15:00:00+00:00,34.65,2025-04-20,15,6
2025-04-20 16:00:00+00:00,33.82,2025-04-20,16,6
2025-04-20 17:00:00+00:00,34.26,2025-04-20,17,6
2025-04-20 18:00:00+00:00,34.9,2025-04-20,18,6
2025-04-20 19:00:00+00:00,35.24,2025-04-20,19,6
2025-04-20 20:00:00+00:00,35.58,2025-04-20,20,6
2025-04-20 21:00:00+00:00,36.2,2025-04-20,21,6
2025-04-20 22:00:00+00:00,36.89,2025-04-20,22,6
2025-04-20 23:00:00+00:00,37.55,2025-04-20,23,6
2025-04-21 00:00:00+00:00,38.24,2025-04-21,0,0
2025-04-21 01:00:00+00:00,38.98,2025-04-21,1,0
2025-04-21 02:00:00+00:00,39.57,2025-04-21,2,0
2025-04-21 03:00:00+00:00,39.99,2025-04-21,3,0
2025-04-21 04:00:00+00:00,40.25,2025-04-21,4,0
2025-04-21 05:00:00+00:00,40.5,2025-04-21,5,0
2025-04-21 06:00:00+00:00,40.85,2025-04-21,6,0
2025-04-21 07:00:00+00:00,41.08,2025-04-21,7,0
2025-04-21 08:00:00+00:00,41.09,2025-04-21,8,0
2025-04-21 09:00:00+00:00,40.64,2025-04-21,9,0
2025-04-21 10:00:00+00:00,40.31,2025-04-21,10,0
2025-04-21 11:00:00+00:00,39.75,2025-04-21,11,0
2025-04-21 12:00:00+00:00,39.41,2025-04-21,12,0
2025-04-21 13:00:00+00:00,39.3,2025-04-21,13,0
2025-04-21 14:00:00+00:00,39.49,2025-04-21,14,0
2025-04-21 15:00:00+00:00,40.43,2025-04-21,15,0
2025-04-21 16:00:00+00:00,40.86,2025-04-21,16,0
2025-04-21 17:00:00+00:00,41.53,2025-04-21,17,0
2025-04-21 18:00:00+00:00,43.09,2025-04-21,18,0
2025-04-21 19:00:00+00:00,43.89,2025-04-21,19,0
2025-04-21 20:00:00+00:00,44.14,2025-04-21,20,0
2025-04-21 21:00:00+00:00,44.51,2025-04-21,21,0
2025-04-21 22:00:00+00:00,44.76,2025-04-21,22,0
2025-04-21 23:00:00+00:00,45.03,2025-04-21,23,0
2025-04-22 00:00:00+00:00,45.39,2025-04-22,0,1
2025-04-22 01:00:00+00:00,45.71,2025-04-22,1,1
2025-04-22 02:00:00+00:00,45.86,2025-04-22,2,1
2025-04-22 03:00:00+00:00,46.05,2025-04-22,3,1
2025-04-22 04:00:00+00:00,46.13,2025-04-22,4,1
2025-04-22 05:00:00+00:00,46.41,2025-04-22,5,1
2025-04-22 06:00:00+00:00,46.84,2025-04-22,6,1
2025-04-22 07:00:00+00:00,47.2,2025-04-22,7,1
2025-04-22 08:00:00+00:00,47.53,2025-04-22,8,1
2025-04-22 09:00:00+00:00,47.7,2025-04-22,9,1
2025-04-22 10:00:00+00:00,48.19,2025-04-22,10,1
2025-04-22 11:00:00+00:00,48.23,2025-04-22,11,1
2025-04-22 12:00:00+00:00,48.71,2025-04-22,12,1
2025-04-22 13:00:00+00:00,49.19,2025-04-22,13,1
2025-04-22 14:00:00+00:00,49.94,2025-04-22,14,1
2025-04-22 15:00:00+00:00,51.48,2025-04-22,15,1
2025-04-22 16:00:00+00:00,51.55,2025-04-22,16,1
2025-04-22 17:00:00+00:00,51.78,2025-04-22,17,1
2025-04-22 18:00:00+00:00,51.81,2025-04-22,18,1
2025-04-22 19:00:00+00:00,52.02,2025-04-22,19,1
2025-04-22 20:00:00+00:00,52.26,2025-04-22,20,1
2025-04-22 21:00:00+00:00,52.97,2025-04-22,21,1
2025-04-22 22:00:00+00:00,53.38,2025-04-22,22,1
2025-04-22 23:00:00+00:00,53.86,2025-04-22,23,1
2025-04-23 00:00:00+00:00,53.78,2025-04-23,0,2
2025-04-23 01:00:00+00:00,54.28,2025-04-23,1,2
2025-04-23 02:00:00+00:00,54.57,2025-04-23,2,2
2025-04-23 03:00:00+00:00,54.52,2025-04-23,3,2
2025-04-23 04:00:00+00:00,53.81,2025-04-23,4,2
2025-04-23 05:00:00+00:00,53.57,2025-04-23,5,2
2025-04-23 06:00:00+00:00,53.56,2025-04-23,6,2
2025-04-23 07:00:00+00:00,53.31,2025-04-23,7,2
2025-04-23 08:00:00+00:00,52.94,2025-04-23,8,2
2025-04-23 09:00:00+00:00,52.37,2025-04-23,9,2
2025-04-23 10:00:00+00:00,51.45,2025-04-23,10,2
2025-04-23 11:00:00+00:00,50.66,2025-04-23,11,2
2025-04-23 12:00:00+00:00,49.83,2025-04-23,12,2
2025-04-23 13:00:00+00:00,49.16,2025-04-23,13,2
2025-04-23 14:00:00+00:00,47.95,2025-04-23,14,2
2025-04-23 15:00:00+00:00,47.67,2025-04-23,15,2
2025-04-23 16:00:00+00:00,47.67,2025-04-23,16,2
2025-04-23 17:00:00+00:00,47.69,2025-04-23,17,2
2025-04-23 18:00:00+00:00,47.66,2025-04-23,18,2
2025-04-23 19:00:00+00:00,48.03,2025-04-23,19,2
2025-04-23 20:00:00+00:00,48.07,2025-04-23,20,2
2025-04-23 21:00:00+00:00,48.41,2025-04-23,21,2
2025-04-23 22:00:00+00:00,48.93,2025-04-23,22,2
2025-04-23 23:00:00+00:00,49.22,2025-04-23,23,2
2025-04-24 00:00:00+00:00,49.45,2025-04-24,0,3
2025-04-24 01:00:00+00:00,49.53,2025-04-24,1,3
2025-04-24 02:00:00+00:00,49.6,2025-04-24,2,3
2025-04-24 03:00:00+00:00,49.66,2025-04-24,3,3
2025-04-24 04:00:00+00:00,49.65,2025-04-24,4,3
2025-04-24 05:00:00+00:00,49.74,2025-04-24,5,3
2025-04-24 06:00:00+00:00,49.86,2025-04-24,6,3
2025-04-24 07:00:00+00:00,50.11,2025-04-24,7,3
2025-04-24 08:00:00+00:00,50.38,2025-04-24,8,3
2025-04-24 09:00:00+00:00,50.36,2025-04-24,9,3
2025-04-24 10:00:00+00:00,49.96,2025-04-24,10,3
2025-04-24 11:00:00+00:00,49.8,2025-04-24,11,3
2025-04-24 12:00:00+00:00,49.63,2025-04-24,12,3
2025-04-24 13:00:00+00:00,49.22,2025-04-24,13,3
2025-04-24 14:00:00+00:00,49.01,2025-04-24,14,3
2025-04-24 15:00:00+00:00,49.11,2025-04-24,15,3
2025-04-24 16:00:00+00:00,49.13,2025-04-24,16,3
2025-04-24 17:00:00+00:00,49.25,2025-04-24,17,3
2025-04-24 18:00:00+00:00,48.57,2025-04-24,18,3
2025-04-24 19:00:00+00:00,48.72,2025-04-24,19,3
2025-04-24 20:00:00+00:00,48.9,2025-04-24,20,3
2025-04-24 21:00:00+00:00,49.14,2025-04-24,21,3
2025-04-24 22:00:00+00:00,49.63,2025-04-24,22,3
2025-04-24 23:00:00+00:00,50.05,2025-04-24,23,3
2025-04-25 00:00:00+00:00,50.56,2025-04-25,0,4
2025-04-25 01:00:00+00:00,51.02,2025-04-25,1,4
2025-04-25 02:00:00+00:00,51.53,2025-04-25,2,4
2025-04-25 03:00:00+00:00,51.65,2025-04-25,3,4
2025-04-25 04:00:00+00:00,51.95,2025-04-25,4,4
2025-04-25 05:00:00+00:00,52.05,2025-04-25,5,4
2025-04-25 06:00:00+00:00,52.05,2025-04-25,6,4
2025-04-25 07:00:00+00:00,52.1,2025-04-25,7,4
2025-04-25 08:00:00+00:00,52.16,2025-04-25,8,4
2025-04-25 09:00:00+00:00,52.35,2025-04-25,9,4
2025-04-25 10:00:00+00:00,52.67,2025-04-25,10,4
2025-04-25 11:00:00+00:00,52.95,2025-04-25,11,4
2025-04-25 12:00:00+00:00,52.95,2025-04-25,12,4
2025-04-25 13:00:00+00:00,52.98,2025-04-25,13,4
2025-04-25 14:00:00+00:00,53.13,2025-04-25,14,4
2025-04-25 15:00:00+00:00,53.64,2025-04-25,15,4
2025-04-25 16:00:00+00:00,53.84,2025-04-25,16,4
2025-04-25 17:00:00+00:00,54.28,2025-04-25,17,4
2025-04-25 18:00:00+00:00,54.65,2025-04-25,18,4
2025-04-25 19:00:00+00:00,54.64,2025-04-25,19,4
2025-04-25 20:00:00+00:00,54.25,2025-04-25,20,4
2025-04-25 21:00:00+00:00,54.3,2025-04-25,21,4
2025-04-25 22:00:00+00:00,54.4,2025-04-25,22,4
2025-04-25 23:00:00+00:00,54.73,2025-04-25,23,4
2025-04-26 00:00:00+00:00,54.76,2025-04-26,0,5
2025-04-26 01:00:00+00:00,54.99,2025-04-26,1,5
2025-04-26 02:00:00+00:00,55.21,2025-04-26,2,5
2025-04-26 03:00:00+00:00,55.2,2025-04-26,3,5
2025-04-26 04:00:00+00:00,55.28,2025-04-26,4,5
2025-04-26 05:00:00+00:00,55.28,2025-04-26,5,5
2025-04-26 06:00:00+00:00,55.38,2025-04-26,6,5
2025-04-26 07:00:00+00:00,55.58,2025-04-26,7,5
2025-04-26 08:00:00+00:00,55.76,2025-04-26,8,5
2025-04-26 09:00:00+00:00,55.88,2025-04-26,9,5
2025-04-26 10:00:00+00:00,55.84,2025-04-26,10,5
2025-04-26 11:00:00+00:00,55.63,2025-04-26,11,5
2025-04-26 12:00:00+00:00,55.32,2025-04-26,12,5
2025-04-26 13:00:00+00:00,54.97,2025-04-26,13,5
2025-04-26 14:00:00+00:00,54.84,2025-04-26,14,5
2025-04-26 15:00:00+00:00,54.8,2025-04-26,15,5
2025-04-26 16:00:00+00:00,54.45,2025-04-26,16,5
2025-04-26 17:00:00+00:00,54.14,2025-04-26,17,5
2025-04-26 18:00:00+00:00,53.88,2025-04-26,18,5
2025-04-26 19:00:00+00:00,53.78,2025-04-26,19,5
2025-04-26 20:00:00+00:00,53.79,2025-04-26,20,5
2025-04-26 21:00:00+00:00,53.83,2025-04-26,21,5
2025-04-26 22:00:00+00:00,53.85,2025-04-26,22,5
2025-04-26 23:00:00+00:00,53.86,2025-04-26,23,5
2025-04-27 00:00:00+00:00,53.94,2025-04-27,0,6
2025-04-27 01:00:00+00:00,52.11,2025-04-27,1,6
2025-04-27 02:00:00+00:00,48.53,2025-04-27,2,6
2025-04-27 03:00:00+00:00,46.24,2025-04-27,3,6
2025-04-27 04:00:00+00:00,45.74,2025-04-27,4,6
2025-04-27 05:00:00+00:00,45.86,2025-04-27,5,6
2025-04-27 06:00:00+00:00,45.94,2025-04-27,6,6
2025-04-27 07:00:00+00:00,45.48,2025-04-27,7,6
2025-04-27 08:00:00+00:00,44.44,2025-04-27,8,6
2025-04-27 09:00:00+00:00,43.49,2025-04-27,9,6
2025-04-27 10:00:00+00:00,43.05,2025-04-27,10,6
2025-04-27 11:00:00+00:00,42.94,2025-04-27,11,6
2025-04-27 12:00:00+00:00,42.9,2025-04-27,12,6
2025-04-27 13:00:00+00:00,42.63,2025-04-27,13,6
2025-04-27 14:00:00+00:00,42.16,2025-04-27,14,6
2025-04-27 15:00:00+00:00,41.92,2025-04-27,15,6
2025-04-27 16:00:00+00:00,42.16,2025-04-27,16,6
2025-04-27 17:00:00+00:00,42.25,2025-04-27,17,6
2025-04-27 18:00:00+00:00,42.64,2025-04-27,18,6
2025-04-27 19:00:00+00:00,42.87,2025-04-27,19,6
2025-04-27 20:00:00+00:00,43.46,2025-04-27,20,6
2025-04-27 21:00:00+00:00,43.98,2025-04-27,21,6
2025-04-27 22:00:00+00:00,44.47,2025-04-27,22,6
2025-04-27 23:00:00+00:00,45.06,2025-04-27,23,6
2025-04-28 00:00:00+00:00,45.57,2025-04-28,0,0
2025-04-28 01:00:00+00:00,46.11,2025-04-28,1,0
2025-04-28 02:00:00+00:00,46.64,2025-04-28,2,0
2025-04-28 03:00:00+00:00,47.47,2025-04-28,3,0
2025-04-28 04:00:00+00:00,47.7,2025-04-28,4,0
2025-04-28 05:00:00+00:00,48.3,2025-04-28,5,0
2025-04-28 06:00:00+00:00,48.52,2025-04-28,6,0
2025-04-28 07:00:00+00:00,48.94,2025-04-28,7,0
2025-04-28 08:00:00+00:00,48.71,2025-04-28,8,0
2025-04-28 09:00:00+00:00,47.76,2025-04-28,9,0
2025-04-28 10:00:00+00:00,47.25,2025-04-28,10,0
2025-04-28 11:00:00+00:00,47.1,2025-04-28,11,0
2025-04-28 12:00:00+00:00,47.1,2025-04-28,12,0
2025-04-28 13:00:00+00:00,47.1,2025-04-28,13,0
2025-04-28 14:00:00+00:00,47.1,2025-04-28,14,0
2025-04-28 15:00:00+00:00,47.1,2025-04-28,15,0
2025-04-28 16:00:00+00:00,47.1,2025-04-28,16,0
2025-04-28 17:00:00+00:00,47.1,2025-04-28,17,0
2025-04-28 18:00:00+00:00,47.1,2025-04-28,18,0
2025-04-28 19:00:00+00:00,47.1,2025-04-28,19,0
2025-04-28 20:00:00+00:00,47.1,2025-04-28,20,0
2025-04-28 21:00:00+00:00,47.1,2025-04-28,21,0
2025-04-28 22:00:00+00:00,47.1,2025-04-28,22,0
2025-04-28 23:00:00+00:00,47.1,2025-04-28,23,0
2025-04-29 00:00:00+00:00,47.1,2025-04-29,0,1
2025-04-29 01:00:00+00:00,47.1,2025-04-29,1,1
2025-04-29 02:00:00+00:00,47.1,2025-04-29,2,1
2025-04-29 03:00:00+00:00,47.1,2025-04-29,3,1
2025-04-29 04:00:00+00:00,47.1,2025-04-29,4,1
2025-04-29 05:00:00+00:00,47.1,2025-04-29,5,1
2025-04-29 06:00:00+00:00,47.1,2025-04-29,6,1
2025-04-29 07:00:00+00:00,47.1,2025-04-29,7,1
2025-04-29 08:00:00+00:00,47.1,2025-04-29,8,1
2025-04-29 09:00:00+00:00,47.1,2025-04-29,9,1
2025-04-29 10:00:00+00:00,47.1,2025-04-29,10,1
2025-04-29 11:00:00+00:00,47.1,2025-04-29,11,1
2025-04-29 12:00:00+00:00,47.1,2025-04-29,12,1
2025-04-29 13:00:00+00:00,47.1,2025-04-29,13,1
2025-04-29 14:00:00+00:00,47.1,2025-04-29,14,1
2025-04-29 15:00:00+00:00,47.1,2025-04-29,15,1
2025-04-29 16:00:00+00:00,47.1,2025-04-29,16,1
2025-04-29 17:00:00+00:00,47.1,2025-04-29,17,1
2025-04-29 18:00:00+00:00,47.1,2025-04-29,18,1
2025-04-29 19:00:00+00:00,47.1,2025-04-29,19,1
2025-04-29 20:00:00+00:00,47.1,2025-04-29,20,1
2025-04-29 21:00:00+00:00,47.1,2025-04-29,21,1
2025-04-29 22:00:00+00:00,47.1,2025-04-29,22,1
2025-04-29 23:00:00+00:00,47.1,2025-04-29,23,1
2025-04-30 00:00:00+00:00,52.57,2025-04-30,0,2
2025-04-30 01:00:00+00:00,53.97,2025-04-30,1,2
2025-04-30 02:00:00+00:00,53.92,2025-04-30,2,2
2025-04-30 03:00:00+00:00,53.71,2025-04-30,3,2
2025-04-30 04:00:00+00:00,53.41,2025-04-30,4,2
2025-04-30 05:00:00+00:00,53.21,2025-04-30,5,2
2025-04-30 06:00:00+00:00,53.54,2025-04-30,6,2
2025-04-30 07:00:00+00:00,54.45,2025-04-30,7,2
2025-04-30 08:00:00+00:00,54.97,2025-04-30,8,2
2025-04-30 09:00:00+00:00,55.11,2025-04-30,9,2
2025-04-30 10:00:00+00:00,55.14,2025-04-30,10,2
2025-04-30 11:00:00+00:00,55.32,2025-04-30,11,2
2025-04-30 12:00:00+00:00,55.38,2025-04-30,12,2
2025-04-30 13:00:00+00:00,55.21,2025-04-30,13,2
2025-04-30 14:00:00+00:00,55.25,2025-04-30,14,2
2025-04-30 15:00:00+00:00,55.69,2025-04-30,15,2
2025-04-30 16:00:00+00:00,56.51,2025-04-30,16,2
2025-04-30 17:00:00+00:00,56.9,2025-04-30,17,2
2025-04-30 18:00:00+00:00,57.1,2025-04-30,18,2
2025-04-30 19:00:00+00:00,57.24,2025-04-30,19,2
2025-04-30 20:00:00+00:00,57.3,2025-04-30,20,2
2025-04-30 21:00:00+00:00,57.37,2025-04-30,21,2
2025-04-30 22:00:00+00:00,57.24,2025-04-30,22,2
2025-04-30 23:00:00+00:00,57.12,2025-04-30,23,2
2025-05-01 00:00:00+00:00,56.63,2025-05-01,0,3
2025-05-01 01:00:00+00:00,56.31,2025-05-01,1,3
2025-05-01 02:00:00+00:00,56.16,2025-05-01,2,3
2025-05-01 03:00:00+00:00,56.0,2025-05-01,3,3
2025-05-01 04:00:00+00:00,56.11,2025-05-01,4,3
2025-05-01 05:00:00+00:00,55.87,2025-05-01,5,3
2025-05-01 06:00:00+00:00,55.72,2025-05-01,6,3
2025-05-01 07:00:00+00:00,55.82,2025-05-01,7,3
2025-05-01 08:00:00+00:00,55.76,2025-05-01,8,3
2025-05-01 09:00:00+00:00,55.86,2025-05-01,9,3
2025-05-01 10:00:00+00:00,56.0,2025-05-01,10,3
2025-05-01 11:00:00+00:00,56.23,2025-05-01,11,3
2025-05-01 12:00:00+00:00,56.5,2025-05-01,12,3
2025-05-01 13:00:00+00:00,56.71,2025-05-01,13,3
2025-05-01 14:00:00+00:00,56.9,2025-05-01,14,3
2025-05-01 15:00:00+00:00,57.31,2025-05-01,15,3
2025-05-01 16:00:00+00:00,57.7,2025-05-01,16,3
2025-05-01 17:00:00+00:00,57.64,2025-05-01,17,3
2025-05-01 18:00:00+00:00,57.4,2025-05-01,18,3
2025-05-01 19:00:00+00:00,57.77,2025-05-01,19,3
2025-05-01 20:00:00+00:00,58.11,2025-05-01,20,3
2025-05-01 21:00:00+00:00,58.56,2025-05-01,21,3
2025-05-01 22:00:00+00:00,58.96,2025-05-01,22,3
2025-05-01 23:00:00+00:00,59.16,2025-05-01,23,3
2025-05-02 00:00:00+00:00,59.13,2025-05-02,0,4
2025-05-02 01:00:00+00:00,59.06,2025-05-02,1,4
2025-05-02 02:00:00+00:00,58.93,2025-05-02,2,4
2025-05-02 03:00:00+00:00,58.79,2025-05-02,3,4
2025-05-02 04:00:00+00:00,59.09,2025-05-02,4,4
2025-05-02 05:00:00+00:00,59.59,2025-05-02,5,4
2025-05-02 06:00:00+00:00,59.94,2025-05-02,6,4
2025-05-02 07:00:00+00:00,60.12,2025-05-02,7,4
2025-05-02 08:00:00+00:00,60.14,2025-05-02,8,4
2025-05-02 09:00:00+00:00,60.34,2025-05-02,9,4
2025-05-02 10:00:00+00:00,60.49,2025-05-02,10,4
2025-05-02 11:00:00+00:00,60.82,2025-05-02,11,4
2025-05-02 12:00:00+00:00,61.0,2025-05-02,12,4
2025-05-02 13:00:00+00:00,61.08,2025-05-02,13,4
2025-05-02 14:00:00+00:00,60.98,2025-05-02,14,4
2025-05-02 15:00:00+00:00,61.04,2025-05-02,15,4
2025-05-02 16:00:00+00:00,61.11,2025-05-02,16,4
2025-05-02 17:00:00+00:00,61.17,2025-05-02,17,4
2025-05-02 18:00:00+00:00,61.02,2025-05-02,18,4
2025-05-02 19:00:00+00:00,60.91,2025-05-02,19,4
2025-05-02 20:00:00+00:00,60.71,2025-05-02,20,4
2025-05-02 21:00:00+00:00,60.58,2025-05-02,21,4
2025-05-02 22:00:00+00:00,60.34,2025-05-02,22,4
2025-05-02 23:00:00+00:00,60.12,2025-05-02,23,4
2025-05-03 00:00:00+00:00,60.05,2025-05-03,0,5
2025-05-03 01:00:00+00:00,60.42,2025-05-03,1,5
2025-05-03 02:00:00+00:00,60.85,2025-05-03,2,5
2025-05-03 03:00:00+00:00,61.14,2025-05-03,3,5
2025-05-03 04:00:00+00:00,60.72,2025-05-03,4,5
2025-05-03 05:00:00+00:00,60.39,2025-05-03,5,5
2025-05-03 06:00:00+00:00,60.25,2025-05-03,6,5
2025-05-03 07:00:00+00:00,60.19,2025-05-03,7,5
2025-05-03 08:00:00+00:00,60.1,2025-05-03,8,5
2025-05-03 09:00:00+00:00,59.98,2025-05-03,9,5
2025-05-03 10:00:00+00:00,59.73,2025-05-03,10,5
2025-05-03 11:00:00+00:00,59.47,2025-05-03,11,5
2025-05-03 12:00:00+00:00,58.65,2025-05-03,12,5
2025-05-03 13:00:00+00:00,58.45,2025-05-03,13,5
2025-05-03 14:00:00+00:00,58.72,2025-05-03,14,5
2025-05-03 15:00:00+00:00,58.6,2025-05-03,15,5
2025-05-03 16:00:00+00:00,58.25,2025-05-03,16,5
2025-05-03 17:00:00+00:00,57.83,2025-05-03,17,5
2025-05-03 18:00:00+00:00,57.82,2025-05-03,18,5
2025-05-03 19:00:00+00:00,58.32,2025-05-03,19,5
2025-05-03 20:00:00+00:00,57.92,2025-05-03,20,5
2025-05-03 21:00:00+00:00,58.32,2025-05-03,21,5
2025-05-03 22:00:00+00:00,58.47,2025-05-03,22,5
2025-05-03 23:00:00+00:00,58.63,2025-05-03,23,5
2025-05-04 00:00:00+00:00,59.02,2025-05-04,0,6
2025-05-04 01:00:00+00:00,58.86,2025-05-04,1,6
2025-05-04 02:00:00+00:00,56.82,2025-05-04,2,6
2025-05-04 03:00:00+00:00,55.44,2025-05-04,3,6
2025-05-04 04:00:00+00:00,54.18,2025-05-04,4,6
2025-05-04 05:00:00+00:00,53.31,2025-05-04,5,6
2025-05-04 06:00:00+00:00,52.11,2025-05-04,6,6
2025-05-04 07:00:00+00:00,50.43,2025-05-04,7,6
2025-05-04 08:00:00+00:00,47.43,2025-05-04,8,6
2025-05-04 09:00:00+00:00,44.88,2025-05-04,9,6
2025-05-04 10:00:00+00:00,43.16,2025-05-04,10,6
2025-05-04 11:00:00+00:00,41.11,2025-05-04,11,6
2025-05-04 12:00:00+00:00,39.51,2025-05-04,12,6
2025-05-04 13:00:00+00:00,39.02,2025-05-04,13,6
2025-05-04 14:00:00+00:00,40.26,2025-05-04,14,6
2025-05-04 15:00:00+00:00,39.79,2025-05-04,15,6
2025-05-04 16:00:00+00:00,39.0,2025-05-04,16,6
2025-05-04 17:00:00+00:00,37.79,2025-05-04,17,6
2025-05-04 18:00:00+00:00,35.29,2025-05-04,18,6
2025-05-04 19:00:00+00:00,35.94,2025-05-04,19,6
2025-05-04 20:00:00+00:00,37.6,2025-05-04,20,6
2025-05-04 21:00:00+00:00,38.65,2025-05-04,21,6
2025-05-04 22:00:00+00:00,40.0,2025-05-04,22,6
2025-05-04 23:00:00+00:00,41.5,2025-05-04,23,6
2025-05-05 00:00:00+00:00,42.3,2025-05-05,0,0
2025-05-05 01:00:00+00:00,42.95,2025-05-05,1,0
2025-05-05 02:00:00+00:00,43.8,2025-05-05,2,0
2025-05-05 03:00:00+00:00,45.16,2025-05-05,3,0
2025-05-05 04:00:00+00:00,45.63,2025-05-05,4,0
2025-05-05 05:00:00+00:00,46.19,2025-05-05,5,0
2025-05-05 06:00:00+00:00,46.53,2025-05-05,6,0
2025-05-05 07:00:00+00:00,45.95,2025-05-05,7,0
2025-05-05 08:00:00+00:00,43.94,2025-05-05,8,0
2025-05-05 09:00:00+00:00,43.58,2025-05-05,9,0
2025-05-05 10:00:00+00:00,42.06,2025-05-05,10,0
2025-05-05 11:00:00+00:00,42.83,2025-05-05,11,0
2025-05-05 12:00:00+00:00,44.11,2025-05-05,12,0
2025-05-05 13:00:00+00:00,43.5,2025-05-05,13,0
2025-05-05 14:00:00+00:00,44.57,2025-05-05,14,0
2025-05-05 15:00:00+00:00,40.72,2025-05-05,15,0
2025-05-05 16:00:00+00:00,38.14,2025-05-05,16,0
2025-05-05 17:00:00+00:00,42.29,2025-05-05,17,0
2025-05-05 18:00:00+00:00,40.99,2025-05-05,18,0
2025-05-05 19:00:00+00:00,42.82,2025-05-05,19,0
2025-05-05 20:00:00+00:00,43.5,2025-05-05,20,0
2025-05-05 21:00:00+00:00,44.05,2025-05-05,21,0
2025-05-05 22:00:00+00:00,44.35,2025-05-05,22,0
2025-05-05 23:00:00+00:00,45.0,2025-05-05,23,0
2025-05-06 00:00:00+00:00,45.25,2025-05-06,0,1
2025-05-06 01:00:00+00:00,44.92,2025-05-06,1,1
2025-05-06 02:00:00+00:00,43.97,2025-05-06,2,1
2025-05-06 03:00:00+00:00,42.4,2025-05-06,3,1
2025-05-06 04:00:00+00:00,40.97,2025-05-06,4,1
2025-05-06 05:00:00+00:00,39.96,2025-05-06,5,1
2025-05-06 06:00:00+00:00,39.06,2025-05-06,6,1
2025-05-06 07:00:00+00:00,39.28,2025-05-06,7,1
2025-05-06 08:00:00+00:00,37.95,2025-05-06,8,1
2025-05-06 09:00:00+00:00,36.05,2025-05-06,9,1
2025-05-06 10:00:00+00:00,35.34,2025-05-06,10,1
2025-05-06 11:00:00+00:00,31.72,2025-05-06,11,1
2025-05-06 12:00:00+00:00,31.93,2025-05-06,12,1
2025-05-06 13:00:00+00:00,32.67,2025-05-06,13,1
2025-05-06 14:00:00+00:00,35.0,2025-05-06,14,1
2025-05-06 15:00:00+00:00,36.37,2025-05-06,15,1
2025-05-06 16:00:00+00:00,38.7,2025-05-06,16,1
2025-05-06 17:00:00+00:00,39.4,2025-05-06,17,1
2025-05-06 18:00:00+00:00,38.89,2025-05-06,18,1
2025-05-06 19:00:00+00:00,38.93,2025-05-06,19,1
2025-05-06 20:00:00+00:00,38.98,2025-05-06,20,1
2025-05-06 21:00:00+00:00,39.17,2025-05-06,21,1
2025-05-06 22:00:00+00:00,39.44,2025-05-06,22,1
2025-05-06 23:00:00+00:00,39.77,2025-05-06,23,1
2025-05-07 00:00:00+00:00,40.19,2025-05-07,0,2
2025-05-07 01:00:00+00:00,40.51,2025-05-07,1,2
2025-05-07 02:00:00+00:00,40.33,2025-05-07,2,2
2025-05-07 03:00:00+00:00,40.26,2025-05-07,3,2
2025-05-07 04:00:00+00:00,40.02,2025-05-07,4,2
2025-05-07 05:00:00+00:00,38.84,2025-05-07,5,2
2025-05-07 06:00:00+00:00,37.42,2025-05-07,6,2
2025-05-07 07:00:00+00:00,37.13,2025-05-07,7,2
2025-05-07 08:00:00+00:00,37.47,2025-05-07,8,2
2025-05-07 09:00:00+00:00,39.1,2025-05-07,9,2
2025-05-07 10:00:00+00:00,41.85,2025-05-07,10,2
2025-05-07 11:00:00+00:00,43.01,2025-05-07,11,2
2025-05-07 12:00:00+00:00,43.02,2025-05-07,12,2
2025-05-07 13:00:00+00:00,43.93,2025-05-07,13,2
2025-05-07 14:00:00+00:00,46.51,2025-05-07,14,2
2025-05-07 15:00:00+00:00,45.25,2025-05-07,15,2
2025-05-07 16:00:00+00:00,45.57,2025-05-07,16,2
2025-05-07 17:00:00+00:00,46.86,2025-05-07,17,2
2025-05-07 18:00:00+00:00,47.21,2025-05-07,18,2
2025-05-07 19:00:00+00:00,46.16,2025-05-07,19,2
2025-05-07 20:00:00+00:00,45.94,2025-05-07,20,2
2025-05-07 21:00:00+00:00,46.07,2025-05-07,21,2
2025-05-07 22:00:00+00:00,46.57,2025-05-07,22,2
2025-05-07 23:00:00+00:00,47.17,2025-05-07,23,2
2025-05-08 00:00:00+00:00,47.44,2025-05-08,0,3
2025-05-08 01:00:00+00:00,47.89,2025-05-08,1,3
2025-05-08 02:00:00+00:00,48.34,2025-05-08,2,3
2025-05-08 03:00:00+00:00,48.65,2025-05-08,3,3
2025-05-08 04:00:00+00:00,49.24,2025-05-08,4,3
2025-05-08 05:00:00+00:00,50.06,2025-05-08,5,3
2025-05-08 06:00:00+00:00,50.55,2025-05-08,6,3
2025-05-08 07:00:00+00:00,50.55,2025-05-08,7,3
2025-05-08 08:00:00+00:00,51.04,2025-05-08,8,3
2025-05-08 09:00:00+00:00,50.86,2025-05-08,9,3
2025-05-08 10:00:00+00:00,50.58,2025-05-08,10,3
2025-05-08 11:00:00+00:00,50.27,2025-05-08,11,3
2025-05-08 12:00:00+00:00,50.1,2025-05-08,12,3
2025-05-08 13:00:00+00:00,49.98,2025-05-08,13,3
2025-05-08 14:00:00+00:00,51.29,2025-05-08,14,3
2025-05-08 15:00:00+00:00,51.18,2025-05-08,15,3
2025-05-08 16:00:00+00:00,52.61,2025-05-08,16,3
2025-05-08 17:00:00+00:00,53.05,2025-05-08,17,3
2025-05-08 18:00:00+00:00,52.21,2025-05-08,18,3
2025-05-08 19:00:00+00:00,51.62,2025-05-08,19,3
2025-05-08 20:00:00+00:00,51.84,2025-05-08,20,3
2025-05-08 21:00:00+00:00,52.42,2025-05-08,21,3
2025-05-08 22:00:00+00:00,52.88,2025-05-08,22,3
2025-05-08 23:00:00+00:00,53.27,2025-05-08,23,3
2025-05-09 00:00:00+00:00,53.15,2025-05-09,0,4
2025-05-09 01:00:00+00:00,53.11,2025-05-09,1,4
2025-05-09 02:00:00+00:00,53.02,2025-05-09,2,4
2025-05-09 03:00:00+00:00,52.91,2025-05-09,3,4
2025-05-09 04:00:00+00:00,52.83,2025-05-09,4,4
2025-05-09 05:00:00+00:00,52.77,2025-05-09,5,4
2025-05-09 06:00:00+00:00,54.11,2025-05-09,6,4
2025-05-09 07:00:00+00:00,55.0,2025-05-09,7,4
2025-05-09 08:00:00+00:00,55.78,2025-05-09,8,4
2025-05-09 09:00:00+00:00,55.53,2025-05-09,9,4
2025-05-09 10:00:00+00:00,53.48,2025-05-09,10,4
2025-05-09 11:00:00+00:00,52.5,2025-05-09,11,4
2025-05-09 12:00:00+00:00,52.47,2025-05-09,12,4
2025-05-09 13:00:00+00:00,53.0,2025-05-09,13,4
2025-05-09 14:00:00+00:00,52.8,2025-05-09,14,4
2025-05-09 15:00:00+00:00,52.7,2025-05-09,15,4
2025-05-09 16:00:00+00:00,52.2,2025-05-09,16,4
2025-05-09 17:00:00+00:00,51.15,2025-05-09,17,4
2025-05-09 18:00:00+00:00,50.74,2025-05-09,18,4
2025-05-09 19:00:00+00:00,51.22,2025-05-09,19,4
2025-05-09 20:00:00+00:00,51.76,2025-05-09,20,4
2025-05-09 21:00:00+00:00,52.18,2025-05-09,21,4
2025-05-09 22:00:00+00:00,52.74,2025-05-09,22,4
2025-05-09 23:00:00+00:00,53.02,2025-05-09,23,4
2025-05-10 00:00:00+00:00,53.18,2025-05-10,0,5
2025-05-10 01:00:00+00:00,53.45,2025-05-10,1,5
2025-05-10 02:00:00+00:00,53.73,2025-05-10,2,5
2025-05-10 03:00:00+00:00,53.88,2025-05-10,3,5
2025-05-10 04:00:00+00:00,53.89,2025-05-10,4,5
2025-05-10 05:00:00+00:00,54.08,2025-05-10,5,5
2025-05-10 06:00:00+00:00,54.13,2025-05-10,6,5
2025-05-10 07:00:00+00:00,54.36,2025-05-10,7,5
2025-05-10 08:00:00+00:00,54.78,2025-05-10,8,5
2025-05-10 09:00:00+00:00,55.19,2025-05-10,9,5
2025-05-10 10:00:00+00:00,55.38,2025-05-10,10,5
2025-05-10 11:00:00+00:00,55.37,2025-05-10,11,5
2025-05-10 12:00:00+00:00,55.45,2025-05-10,12,5
2025-05-10 13:00:00+00:00,55.37,2025-05-10,13,5
2025-05-10 14:00:00+00:00,55.31,2025-05-10,14,5
2025-05-10 15:00:00+00:00,55.28,2025-05-10,15,5
2025-05-10 16:00:00+00:00,55.39,2025-05-10,16,5
2025-05-10 17:00:00+00:00,55.62,2025-05-10,17,5
2025-05-10 18:00:00+00:00,55.87,2025-05-10,18,5
2025-05-10 19:00:00+00:00,56.21,2025-05-10,19,5
2025-05-10 20:00:00+00:00,55.99,2025-05-10,20,5
2025-05-10 21:00:00+00:00,55.69,2025-05-10,21,5
2025-05-10 22:00:00+00:00,55.38,2025-05-10,22,5
2025-05-10 23:00:00+00:00,55.68,2025-05-10,23,5
2025-05-11 00:00:00+00:00,55.27,2025-05-11,0,6
2025-05-11 01:00:00+00:00,54.63,2025-05-11,1,6
2025-05-11 02:00:00+00:00,54.62,2025-05-11,2,6
2025-05-11 03:00:00+00:00,54.51,2025-05-11,3,6
2025-05-11 04:00:00+00:00,54.69,2025-05-11,4,6
2025-05-11 05:00:00+00:00,54.7,2025-05-11,5,6
2025-05-11 06:00:00+00:00,55.37,2025-05-11,6,6
2025-05-11 07:00:00+00:00,55.79,2025-05-11,7,6
2025-05-11 08:00:00+00:00,55.53,2025-05-11,8,6
2025-05-11 09:00:00+00:00,54.67,2025-05-11,9,6
2025-05-11 10:00:00+00:00,52.59,2025-05-11,10,6
2025-05-11 11:00:00+00:00,49.84,2025-05-11,11,6
2025-05-11 12:00:00+00:00,46.88,2025-05-11,12,6
2025-05-11 13:00:00+00:00,43.22,2025-05-11,13,6
2025-05-11 14:00:00+00:00,39.75,2025-05-11,14,6
2025-05-11 15:00:00+00:00,36.65,2025-05-11,15,6
2025-05-11 16:00:00+00:00,34.44,2025-05-11,16,6
2025-05-11 17:00:00+00:00,31.9,2025-05-11,17,6
2025-05-11 18:00:00+00:00,30.9,2025-05-11,18,6
2025-05-11 19:00:00+00:00,31.28,2025-05-11,19,6
2025-05-11 20:00:00+00:00,33.64,2025-05-11,20,6
2025-05-11 21:00:00+00:00,35.78,2025-05-11,21,6
2025-05-11 22:00:00+00:00,37.89,2025-05-11,22,6
2025-05-11 23:00:00+00:00,39.44,2025-05-11,23,6
2025-05-12 00:00:00+00:00,40.48,2025-05-12,0,0
2025-05-12 01:00:00+00:00,40.58,2025-05-12,1,0
2025-05-12 02:00:00+00:00,41.02,2025-05-12,2,0
2025-05-12 03:00:00+00:00,41.28,2025-05-12,3,0
2025-05-12 04:00:00+00:00,41.14,2025-05-12,4,0
2025-05-12 05:00:00+00:00,40.8,2025-05-12,5,0
2025-05-12 06:00:00+00:00,41.26,2025-05-12,6,0
2025-05-12 07:00:00+00:00,42.82,2025-05-12,7,0
2025-05-12 08:00:00+00:00,42.72,2025-05-12,8,0
2025-05-12 09:00:00+00:00,41.74,2025-05-12,9,0
2025-05-12 10:00:00+00:00,41.42,2025-05-12,10,0
2025-05-12 11:00:00+00:00,40.86,2025-05-12,11,0
2025-05-12 12:00:00+00:00,40.87,2025-05-12,12,0
2025-05-12 13:00:00+00:00,41.69,2025-05-12,13,0
2025-05-12 14:00:00+00:00,45.07,2025-05-12,14,0
2025-05-12 15:00:00+00:00,46.38,2025-05-12,15,0
2025-05-12 16:00:00+00:00,45.78,2025-05-12,16,0
2025-05-12 17:00:00+00:00,45.88,2025-05-12,17,0
2025-05-12 18:00:00+00:00,47.68,2025-05-12,18,0
2025-05-12 19:00:00+00:00,48.2,2025-05-12,19,0
2025-05-12 20:00:00+00:00,48.5,2025-05-12,20,0
2025-05-12 21:00:00+00:00,48.58,2025-05-12,21,0
2025-05-12 22:00:00+00:00,48.61,2025-05-12,22,0
2025-05-12 23:00:00+00:00,48.42,2025-05-12,23,0
2025-05-13 00:00:00+00:00,48.44,2025-05-13,0,1
2025-05-13 01:00:00+00:00,48.71,2025-05-13,1,1
2025-05-13 02:00:00+00:00,49.27,2025-05-13,2,1
2025-05-13 03:00:00+00:00,49.24,2025-05-13,3,1
2025-05-13 04:00:00+00:00,48.55,2025-05-13,4,1
2025-05-13 05:00:00+00:00,47.85,2025-05-13,5,1
2025-05-13 06:00:00+00:00,47.32,2025-05-13,6,1
2025-05-13 07:00:00+00:00,48.08,2025-05-13,7,1
2025-05-13 08:00:00+00:00,48.49,2025-05-13,8,1
2025-05-13 09:00:00+00:00,48.84,2025-05-13,9,1
2025-05-13 10:00:00+00:00,49.24,2025-05-13,10,1
2025-05-13 11:00:00+00:00,49.89,2025-05-13,11,1
2025-05-13 12:00:00+00:00,50.94,2025-05-13,12,1
2025-05-13 13:00:00+00:00,51.18,2025-05-13,13,1
2025-05-13 14:00:00+00:00,54.85,2025-05-13,14,1
2025-05-13 15:00:00+00:00,56.12,2025-05-13,15,1
2025-05-13 16:00:00+00:00,54.06,2025-05-13,16,1
2025-05-13 17:00:00+00:00,53.81,2025-05-13,17,1
2025-05-13 18:00:00+00:00,53.25,2025-05-13,18,1
2025-05-13 19:00:00+00:00,52.83,2025-05-13,19,1
2025-05-13 20:00:00+00:00,52.97,2025-05-13,20,1
2025-05-13 21:00:00+00:00,53.06,2025-05-13,21,1
2025-05-13 22:00:00+00:00,53.25,2025-05-13,22,1
2025-05-13 23:00:00+00:00,53.51,2025-05-13,23,1
2025-05-14 00:00:00+00:00,53.67,2025-05-14,0,2
2025-05-14 01:00:00+00:00,53.78,2025-05-14,1,2
2025-05-14 02:00:00+00:00,53.88,2025-05-14,2,2
2025-05-14 03:00:00+00:00,53.86,2025-05-14,3,2
2025-05-14 04:00:00+00:00,53.97,2025-05-14,4,2
2025-05-14 05:00:00+00:00,54.52,2025-05-14,5,2
2025-05-14 06:00:00+00:00,54.49,2025-05-14,6,2
2025-05-14 07:00:00+00:00,54.37,2025-05-14,7,2
2025-05-14 08:00:00+00:00,54.75,2025-05-14,8,2
2025-05-14 09:00:00+00:00,55.45,2025-05-14,9,2
2025-05-14 10:00:00+00:00,55.04,2025-05-14,10,2
2025-05-14 11:00:00+00:00,54.67,2025-05-14,11,2
2025-05-14 12:00:00+00:00,55.32,2025-05-14,12,2
2025-05-14 13:00:00+00:00,54.75,2025-05-14,13,2
2025-05-14 14:00:00+00:00,56.13,2025-05-14,14,2
2025-05-14 15:00:00+00:00,57.74,2025-05-14,15,2
2025-05-14 16:00:00+00:00,55.59,2025-05-14,16,2
2025-05-14 17:00:00+00:00,54.32,2025-05-14,17,2
2025-05-14 18:00:00+00:00,53.12,2025-05-14,18,2
2025-05-14 19:00:00+00:00,53.01,2025-05-14,19,2
2025-05-14 20:00:00+00:00,53.24,2025-05-14,20,2
2025-05-14 21:00:00+00:00,53.44,2025-05-14,21,2
2025-05-14 22:00:00+00:00,53.63,2025-05-14,22,2
2025-05-14 23:00:00+00:00,53.73,2025-05-14,23,2
2025-05-15 00:00:00+00:00,53.42,2025-05-15,0,3
2025-05-15 01:00:00+00:00,53.3,2025-05-15,1,3
2025-05-15 02:00:00+00:00,52.84,2025-05-15,2,3
2025-05-15 03:00:00+00:00,52.4,2025-05-15,3,3
2025-05-15 04:00:00+00:00,51.47,2025-05-15,4,3
2025-05-15 05:00:00+00:00,49.88,2025-05-15,5,3
2025-05-15 06:00:00+00:00,49.62,2025-05-15,6,3
2025-05-15 07:00:00+00:00,50.29,2025-05-15,7,3
2025-05-15 08:00:00+00:00,49.97,2025-05-15,8,3
2025-05-15 09:00:00+00:00,49.92,2025-05-15,9,3
2025-05-15 10:00:00+00:00,49.13,2025-05-15,10,3
2025-05-15 11:00:00+00:00,44.38,2025-05-15,11,3
2025-05-15 12:00:00+00:00,41.83,2025-05-15,12,3
2025-05-15 13:00:00+00:00,42.17,2025-05-15,13,3
2025-05-15 14:00:00+00:00,42.6,2025-05-15,14,3
2025-05-15 15:00:00+00:00,42.53,2025-05-15,15,3
2025-05-15 16:00:00+00:00,41.46,2025-05-15,16,3
2025-05-15 17:00:00+00:00,39.53,2025-05-15,17,3
2025-05-15 18:00:00+00:00,39.12,2025-05-15,18,3
2025-05-15 19:00:00+00:00,40.92,2025-05-15,19,3
2025-05-15 20:00:00+00:00,42.53,2025-05-15,20,3
2025-05-15 21:00:00+00:00,43.11,2025-05-15,21,3
2025-05-15 22:00:00+00:00,43.59,2025-05-15,22,3
2025-05-15 23:00:00+00:00,44.12,2025-05-15,23,3
2025-05-16 00:00:00+00:00,44.69,2025-05-16,0,4
2025-05-16 01:00:00+00:00,44.95,2025-05-16,1,4
2025-05-16 02:00:00+00:00,44.94,2025-05-16,2,4
2025-05-16 03:00:00+00:00,44.91,2025-05-16,3,4
2025-05-16 04:00:00+00:00,45.17,2025-05-16,4,4
2025-05-16 05:00:00+00:00,44.7,2025-05-16,5,4
2025-05-16 06:00:00+00:00,44.13,2025-05-16,6,4
2025-05-16 07:00:00+00:00,43.3,2025-05-16,7,4
2025-05-16 08:00:00+00:00,42.46,2025-05-16,8,4
2025-05-16 09:00:00+00:00,40.7,2025-05-16,9,4
2025-05-16 10:00:00+00:00,37.25,2025-05-16,10,4
2025-05-16 11:00:00+00:00,35.65,2025-05-16,11,4
2025-05-16 12:00:00+00:00,36.5,2025-05-16,12,4
2025-05-16 13:00:00+00:00,36.74,2025-05-16,13,4
2025-05-16 14:00:00+00:00,37.81,2025-05-16,14,4
2025-05-16 15:00:00+00:00,39.26,2025-05-16,15,4
2025-05-16 16:00:00+00:00,39.79,2025-05-16,16,4
2025-05-16 17:00:00+00:00,40.77,2025-05-16,17,4
2025-05-16 18:00:00+00:00,43.15,2025-05-16,18,4
2025-05-16 19:00:00+00:00,43.68,2025-05-16,19,4
2025-05-16 20:00:00+00:00,44.58,2025-05-16,20,4
2025-05-16 21:00:00+00:00,45.3,2025-05-16,21,4
2025-05-16 22:00:00+00:00,45.84,2025-05-16,22,4
2025-05-16 23:00:00+00:00,46.33,2025-05-16,23,4
2025-05-17 00:00:00+00:00,46.83,2025-05-17,0,5
2025-05-17 01:00:00+00:00,47.4,2025-05-17,1,5
2025-05-17 02:00:00+00:00,47.58,2025-05-17,2,5
2025-05-17 03:00:00+00:00,47.5,2025-05-17,3,5
2025-05-17 04:00:00+00:00,47.52,2025-05-17,4,5
2025-05-17 05:00:00+00:00,47.7,2025-05-17,5,5
2025-05-17 06:00:00+00:00,47.99,2025-05-17,6,5
2025-05-17 07:00:00+00:00,48.51,2025-05-17,7,5
2025-05-17 08:00:00+00:00,48.51,2025-05-17,8,5
2025-05-17 09:00:00+00:00,48.12,2025-05-17,9,5
2025-05-17 10:00:00+00:00,47.95,2025-05-17,10,5
2025-05-17 11:00:00+00:00,48.01,2025-05-17,11,5
2025-05-17 12:00:00+00:00,48.26,2025-05-17,12,5
2025-05-17 13:00:00+00:00,48.55,2025-05-17,13,5
2025-05-17 14:00:00+00:00,48.73,2025-05-17,14,5
2025-05-17 15:00:00+00:00,49.16,2025-05-17,15,5
2025-05-17 16:00:00+00:00,49.76,2025-05-17,16,5
2025-05-17 17:00:00+00:00,49.8,2025-05-17,17,5
2025-05-17 18:00:00+00:00,50.24,2025-05-17,18,5
2025-05-17 19:00:00+00:00,51.0,2025-05-17,19,5
2025-05-17 20:00:00+00:00,51.53,2025-05-17,20,5
2025-05-17 21:00:00+00:00,51.87,2025-05-17,21,5
2025-05-17 22:00:00+00:00,52.18,2025-05-17,22,5
2025-05-17 23:00:00+00:00,52.4,2025-05-17,23,5
2025-05-18 00:00:00+00:00,52.6,2025-05-18,0,6
2025-05-18 01:00:00+00:00,52.97,2025-05-18,1,6
2025-05-18 02:00:00+00:00,53.28,2025-05-18,2,6
2025-05-18 03:00:00+00:00,53.33,2025-05-18,3,6
2025-05-18 04:00:00+00:00,53.43,2025-05-18,4,6
2025-05-18 05:00:00+00:00,53.35,2025-05-18,5,6
2025-05-18 06:00:00+00:00,53.37,2025-05-18,6,6
2025-05-18 07:00:00+00:00,53.62,2025-05-18,7,6
2025-05-18 08:00:00+00:00,53.62,2025-05-18,8,6
2025-05-18 09:00:00+00:00,53.23,2025-05-18,9,6
2025-05-18 10:00:00+00:00,52.88,2025-05-18,10,6
2025-05-18 11:00:00+00:00,52.57,2025-05-18,11,6
2025-05-18 12:00:00+00:00,51.82,2025-05-18,12,6
2025-05-18 13:00:00+00:00,51.28,2025-05-18,13,6
2025-05-18 14:00:00+00:00,50.6,2025-05-18,14,6
2025-05-18 15:00:00+00:00,49.92,2025-05-18,15,6
2025-05-18 16:00:00+00:00,49.29,2025-05-18,16,6
2025-05-18 17:00:00+00:00,47.99,2025-05-18,17,6
2025-05-18 18:00:00+00:00,47.54,2025-05-18,18,6
2025-05-18 19:00:00+00:00,48.22,2025-05-18,19,6
2025-05-18 20:00:00+00:00,48.72,2025-05-18,20,6
2025-05-18 21:00:00+00:00,49.02,2025-05-18,21,6
2025-05-18 22:00:00+00:00,49.27,2025-05-18,22,6
2025-05-18 23:00:00+00:00,49.44,2025-05-18,23,6
2025-05-19 00:00:00+00:00,49.77,2025-05-19,0,0
2025-05-19 01:00:00+00:00,49.91,2025-05-19,1,0
2025-05-19 02:00:00+00:00,49.88,2025-05-19,2,0
2025-05-19 03:00:00+00:00,49.5,2025-05-19,3,0
2025-05-19 04:00:00+00:00,48.74,2025-05-19,4,0
2025-05-19 05:00:00+00:00,47.8,2025-05-19,5,0
2025-05-19 06:00:00+00:00,47.64,2025-05-19,6,0
2025-05-19 07:00:00+00:00,47.02,2025-05-19,7,0
2025-05-19 08:00:00+00:00,46.51,2025-05-19,8,0
2025-05-19 09:00:00+00:00,46.68,2025-05-19,9,0
2025-05-19 10:00:00+00:00,46.49,2025-05-19,10,0
2025-05-19 11:00:00+00:00,42.84,2025-05-19,11,0
2025-05-19 12:00:00+00:00,37.95,2025-05-19,12,0
2025-05-19 13:00:00+00:00,37.26,2025-05-19,13,0
2025-05-19 14:00:00+00:00,34.91,2025-05-19,14,0
2025-05-19 15:00:00+00:00,30.2,2025-05-19,15,0
2025-05-19 16:00:00+00:00,27.82,2025-05-19,16,0
2025-05-19 17:00:00+00:00,27.04,2025-05-19,17,0
2025-05-19 18:00:00+00:00,27.41,2025-05-19,18,0
2025-05-19 19:00:00+00:00,27.68,2025-05-19,19,0
2025-05-19 20:00:00+00:00,29.01,2025-05-19,20,0
2025-05-19 21:00:00+00:00,30.42,2025-05-19,21,0
2025-05-19 22:00:00+00:00,31.59,2025-05-19,22,0
2025-05-19 23:00:00+00:00,32.75,2025-05-19,23,0
2025-05-20 00:00:00+00:00,34.09,2025-05-20,0,1
2025-05-20 01:00:00+00:00,35.91,2025-05-20,1,1
2025-05-20 02:00:00+00:00,37.19,2025-05-20,2,1
2025-05-20 03:00:00+00:00,37.79,2025-05-20,3,1
2025-05-20 04:00:00+00:00,37.99,2025-05-20,4,1
2025-05-20 05:00:00+00:00,38.34,2025-05-20,5,1
2025-05-20 06:00:00+00:00,38.1,2025-05-20,6,1
2025-05-20 07:00:00+00:00,38.47,2025-05-20,7,1
2025-05-20 08:00:00+00:00,36.95,2025-05-20,8,1
2025-05-20 09:00:00+00:00,35.89,2025-05-20,9,1
2025-05-20 10:00:00+00:00,35.08,2025-05-20,10,1
2025-05-20 11:00:00+00:00,33.77,2025-05-20,11,1
2025-05-20 12:00:00+00:00,34.39,2025-05-20,12,1
2025-05-20 13:00:00+00:00,35.34,2025-05-20,13,1
2025-05-20 14:00:00+00:00,39.56,2025-05-20,14,1
2025-05-20 15:00:00+00:00,43.81,2025-05-20,15,1
2025-05-20 16:00:00+00:00,41.56,2025-05-20,16,1
2025-05-20 17:00:00+00:00,42.89,2025-05-20,17,1
2025-05-20 18:00:00+00:00,43.23,2025-05-20,18,1
2025-05-20 19:00:00+00:00,43.17,2025-05-20,19,1
2025-05-20 20:00:00+00:00,42.98,2025-05-20,20,1
2025-05-20 21:00:00+00:00,42.85,2025-05-20,21,1
2025-05-20 22:00:00+00:00,43.01,2025-05-20,22,1
2025-05-20 23:00:00+00:00,43.26,2025-05-20,23,1
2025-05-21 00:00:00+00:00,43.39,2025-05-21,0,2
2025-05-21 01:00:00+00:00,43.46,2025-05-21,1,2
2025-05-21 02:00:00+00:00,43.48,2025-05-21,2,2
2025-05-21 03:00:00+00:00,43.2,2025-05-21,3,2
2025-05-21 04:00:00+00:00,42.86,2025-05-21,4,2
2025-05-21 05:00:00+00:00,43.09,2025-05-21,5,2
2025-05-21 06:00:00+00:00,43.02,2025-05-21,6,2
2025-05-21 07:00:00+00:00,43.88,2025-05-21,7,2
2025-05-21 08:00:00+00:00,43.57,2025-05-21,8,2
2025-05-21 09:00:00+00:00,41.25,2025-05-21,9,2
2025-05-21 10:00:00+00:00,41.49,2025-05-21,10,2
2025-05-21 11:00:00+00:00,41.88,2025-05-21,11,2
2025-05-21 12:00:00+00:00,41.92,2025-05-21,12,2
2025-05-21 13:00:00+00:00,42.4,2025-05-21,13,2
2025-05-21 14:00:00+00:00,45.02,2025-05-21,14,2
2025-05-21 15:00:00+00:00,46.99,2025-05-21,15,2
2025-05-21 16:00:00+00:00,45.1,2025-05-21,16,2
2025-05-21 17:00:00+00:00,47.24,2025-05-21,17,2
2025-05-21 18:00:00+00:00,50.82,2025-05-21,18,2
2025-05-21 19:00:00+00:00,50.22,2025-05-21,19,2
2025-05-21 20:00:00+00:00,49.88,2025-05-21,20,2
2025-05-21 21:00:00+00:00,49.47,2025-05-21,21,2
2025-05-21 22:00:00+00:00,49.03,2025-05-21,22,2
2025-05-21 23:00:00+00:00,48.68,2025-05-21,23,2
2025-05-22 00:00:00+00:00,48.5,2025-05-22,0,3
2025-05-22 01:00:00+00:00,48.31,2025-05-22,1,3
2025-05-22 02:00:00+00:00,48.29,2025-05-22,2,3
2025-05-22 03:00:00+00:00,48.24,2025-05-22,3,3
2025-05-22 04:00:00+00:00,48.17,2025-05-22,4,3
2025-05-22 05:00:00+00:00,48.85,2025-05-22,5,3
2025-05-22 06:00:00+00:00,50.21,2025-05-22,6,3
2025-05-22 07:00:00+00:00,50.02,2025-05-22,7,3
2025-05-22 08:00:00+00:00,50.01,2025-05-22,8,3
2025-05-22 09:00:00+00:00,49.52,2025-05-22,9,3
2025-05-22 10:00:00+00:00,49.88,2025-05-22,10,3
2025-05-22 11:00:00+00:00,49.87,2025-05-22,11,3
2025-05-22 12:00:00+00:00,49.22,2025-05-22,12,3
2025-05-22 13:00:00+00:00,48.54,2025-05-22,13,3
2025-05-22 14:00:00+00:00,50.06,2025-05-22,14,3
2025-05-22 15:00:00+00:00,46.09,2025-05-22,15,3
2025-05-22 16:00:00+00:00,49.59,2025-05-22,16,3
2025-05-22 17:00:00+00:00,51.58,2025-05-22,17,3
2025-05-22 18:00:00+00:00,53.77,2025-05-22,18,3
2025-05-22 19:00:00+00:00,53.21,2025-05-22,19,3
2025-05-22 20:00:00+00:00,51.66,2025-05-22,20,3
2025-05-22 21:00:00+00:00,50.74,2025-05-22,21,3
2025-05-22 22:00:00+00:00,50.06,2025-05-22,22,3
2025-05-22 23:00:00+00:00,49.56,2025-05-22,23,3
2025-05-23 00:00:00+00:00,49.18,2025-05-23,0,4
2025-05-23 01:00:00+00:00,48.03,2025-05-23,1,4
2025-05-23 02:00:00+00:00,46.6,2025-05-23,2,4
2025-05-23 03:00:00+00:00,46.25,2025-05-23,3,4
2025-05-23 04:00:00+00:00,44.87,2025-05-23,4,4
2025-05-23 05:00:00+00:00,44.42,2025-05-23,5,4
2025-05-23 06:00:00+00:00,43.21,2025-05-23,6,4
2025-05-23 07:00:00+00:00,42.69,2025-05-23,7,4
2025-05-23 08:00:00+00:00,43.54,2025-05-23,8,4
2025-05-23 09:00:00+00:00,45.36,2025-05-23,9,4
2025-05-23 10:00:00+00:00,46.6,2025-05-23,10,4
2025-05-23 11:00:00+00:00,47.09,2025-05-23,11,4
2025-05-23 12:00:00+00:00,47.82,2025-05-23,12,4
2025-05-23 13:00:00+00:00,49.55,2025-05-23,13,4
2025-05-23 14:00:00+00:00,49.11,2025-05-23,14,4
2025-05-23 15:00:00+00:00,49.16,2025-05-23,15,4
2025-05-23 16:00:00+00:00,48.0,2025-05-23,16,4
2025-05-23 17:00:00+00:00,47.59,2025-05-23,17,4
2025-05-23 18:00:00+00:00,47.14,2025-05-23,18,4
2025-05-23 19:00:00+00:00,46.74,2025-05-23,19,4
2025-05-23 20:00:00+00:00,46.62,2025-05-23,20,4
2025-05-23 21:00:00+00:00,47.71,2025-05-23,21,4
2025-05-23 22:00:00+00:00,48.65,2025-05-23,22,4
2025-05-23 23:00:00+00:00,49.77,2025-05-23,23,4
2025-05-24 00:00:00+00:00,50.33,2025-05-24,0,5
2025-05-24 01:00:00+00:00,49.68,2025-05-24,1,5
2025-05-24 02:00:00+00:00,48.67,2025-05-24,2,5
2025-05-24 03:00:00+00:00,48.47,2025-05-24,3,5
2025-05-24 04:00:00+00:00,47.93,2025-05-24,4,5
2025-05-24 05:00:00+00:00,46.38,2025-05-24,5,5
2025-05-24 06:00:00+00:00,46.08,2025-05-24,6,5
2025-05-24 07:00:00+00:00,45.93,2025-05-24,7,5
2025-05-24 08:00:00+00:00,45.15,2025-05-24,8,5
2025-05-24 09:00:00+00:00,44.19,2025-05-24,9,5
2025-05-24 10:00:00+00:00,43.86,2025-05-24,10,5
2025-05-24 11:00:00+00:00,43.51,2025-05-24,11,5
2025-05-24 12:00:00+00:00,43.44,2025-05-24,12,5
2025-05-24 13:00:00+00:00,43.72,2025-05-24,13,5
2025-05-24 14:00:00+00:00,43.95,2025-05-24,14,5
2025-05-24 15:00:00+00:00,43.89,2025-05-24,15,5
2025-05-24 16:00:00+00:00,43.3,2025-05-24,16,5
2025-05-24 17:00:00+00:00,42.98,2025-05-24,17,5
2025-05-24 18:00:00+00:00,43.03,2025-05-24,18,5
2025-05-24 19:00:00+00:00,43.18,2025-05-24,19,5
2025-05-24 20:00:00+00:00,43.36,2025-05-24,20,5
2025-05-24 21:00:00+00:00,43.58,2025-05-24,21,5
2025-05-24 22:00:00+00:00,43.62,2025-05-24,22,5
2025-05-24 23:00:00+00:00,44.11,2025-05-24,23,5
2025-05-25 00:00:00+00:00,44.23,2025-05-25,0,6
2025-05-25 01:00:00+00:00,44.28,2025-05-25,1,6
2025-05-25 02:00:00+00:00,44.27,2025-05-25,2,6
2025-05-25 03:00:00+00:00,43.94,2025-05-25,3,6
2025-05-25 04:00:00+00:00,43.96,2025-05-25,4,6
2025-05-25 05:00:00+00:00,43.44,2025-05-25,5,6
2025-05-25 06:00:00+00:00,42.93,2025-05-25,6,6
2025-05-25 07:00:00+00:00,42.84,2025-05-25,7,6
2025-05-25 08:00:00+00:00,42.9,2025-05-25,8,6
2025-05-25 09:00:00+00:00,42.77,2025-05-25,9,6
2025-05-25 10:00:00+00:00,42.49,2025-05-25,10,6
2025-05-25 11:00:00+00:00,42.11,2025-05-25,11,6
2025-05-25 12:00:00+00:00,41.67,2025-05-25,12,6
2025-05-25 13:00:00+00:00,41.2,2025-05-25,13,6
2025-05-25 14:00:00+00:00,40.98,2025-05-25,14,6
2025-05-25 15:00:00+00:00,41.16,2025-05-25,15,6
2025-05-25 16:00:00+00:00,41.58,2025-05-25,16,6
2025-05-25 17:00:00+00:00,41.62,2025-05-25,17,6
2025-05-25 18:00:00+00:00,41.75,2025-05-25,18,6
2025-05-25 19:00:00+00:00,42.61,2025-05-25,19,6
2025-05-25 20:00:00+00:00,43.15,2025-05-25,20,6
2025-05-25 21:00:00+00:00,43.79,2025-05-25,21,6
2025-05-25 22:00:00+00:00,44.11,2025-05-25,22,6
2025-05-25 23:00:00+00:00,44.63,2025-05-25,23,6
2025-05-26 00:00:00+00:00,45.28,2025-05-26,0,0
2025-05-26 01:00:00+00:00,45.72,2025-05-26,1,0
2025-05-26 02:00:00+00:00,46.07,2025-05-26,2,0
2025-05-26 03:00:00+00:00,46.49,2025-05-26,3,0
2025-05-26 04:00:00+00:00,46.66,2025-05-26,4,0
2025-05-26 05:00:00+00:00,46.56,2025-05-26,5,0
2025-05-26 06:00:00+00:00,47.53,2025-05-26,6,0
2025-05-26 07:00:00+00:00,48.35,2025-05-26,7,0
2025-05-26 08:00:00+00:00,48.78,2025-05-26,8,0
2025-05-26 09:00:00+00:00,49.23,2025-05-26,9,0
2025-05-26 10:00:00+00:00,50.78,2025-05-26,10,0
2025-05-26 11:00:00+00:00,51.64,2025-05-26,11,0
2025-05-26 12:00:00+00:00,52.53,2025-05-26,12,0
2025-05-26 13:00:00+00:00,53.74,2025-05-26,13,0
2025-05-26 14:00:00+00:00,55.17,2025-05-26,14,0
2025-05-26 15:00:00+00:00,56.41,2025-05-26,15,0
2025-05-26 16:00:00+00:00,55.95,2025-05-26,16,0
2025-05-26 17:00:00+00:00,57.22,2025-05-26,17,0
2025-05-26 18:00:00+00:00,56.91,2025-05-26,18,0
2025-05-26 19:00:00+00:00,55.97,2025-05-26,19,0
2025-05-26 20:00:00+00:00,55.12,2025-05-26,20,0
2025-05-26 21:00:00+00:00,54.88,2025-05-26,21,0
2025-05-26 22:00:00+00:00,54.58,2025-05-26,22,0
2025-05-26 23:00:00+00:00,54.27,2025-05-26,23,0
2025-05-27 00:00:00+00:00,54.09,2025-05-27,0,1
2025-05-27 01:00:00+00:00,53.99,2025-05-27,1,1
2025-05-27 02:00:00+00:00,53.79,2025-05-27,2,1
2025-05-27 03:00:00+00:00,53.64,2025-05-27,3,1
2025-05-27 04:00:00+00:00,53.22,2025-05-27,4,1
2025-05-27 05:00:00+00:00,52.75,2025-05-27,5,1
2025-05-27 06:00:00+00:00,54.12,2025-05-27,6,1
2025-05-27 07:00:00+00:00,54.56,2025-05-27,7,1
2025-05-27 08:00:00+00:00,52.57,2025-05-27,8,1
2025-05-27 09:00:00+00:00,52.03,2025-05-27,9,1
2025-05-27 10:00:00+00:00,53.26,2025-05-27,10,1
2025-05-27 11:00:00+00:00,52.52,2025-05-27,11,1
2025-05-27 12:00:00+00:00,50.75,2025-05-27,12,1
2025-05-27 13:00:00+00:00,51.41,2025-05-27,13,1
2025-05-27 14:00:00+00:00,53.19,2025-05-27,14,1
2025-05-27 15:00:00+00:00,53.68,2025-05-27,15,1
2025-05-27 16:00:00+00:00,54.41,2025-05-27,16,1
2025-05-27 17:00:00+00:00,55.58,2025-05-27,17,1
2025-05-27 18:00:00+00:00,54.85,2025-05-27,18,1
2025-05-27 19:00:00+00:00,54.16,2025-05-27,19,1
2025-05-27 20:00:00+00:00,53.72,2025-05-27,20,1
2025-05-27 21:00:00+00:00,53.36,2025-05-27,21,1
2025-05-27 22:00:00+00:00,53.2,2025-05-27,22,1
2025-05-27 23:00:00+00:00,53.06,2025-05-27,23,1
2025-05-28 00:00:00+00:00,53.15,2025-05-28,0,2
2025-05-28 01:00:00+00:00,53.29,2025-05-28,1,2
2025-05-28 02:00:00+00:00,53.24,2025-05-28,2,2
2025-05-28 03:00:00+00:00,52.63,2025-05-28,3,2
2025-05-28 04:00:00+00:00,51.47,2025-05-28,4,2
2025-05-28 05:00:00+00:00,50.03,2025-05-28,5,2
2025-05-28 06:00:00+00:00,50.28,2025-05-28,6,2
2025-05-28 07:00:00+00:00,50.84,2025-05-28,7,2
2025-05-28 08:00:00+00:00,52.06,2025-05-28,8,2
2025-05-28 09:00:00+00:00,52.56,2025-05-28,9,2
2025-05-28 10:00:00+00:00,47.49,2025-05-28,10,2
2025-05-28 11:00:00+00:00,44.94,2025-05-28,11,2
2025-05-28 12:00:00+00:00,48.34,2025-05-28,12,2
2025-05-28 13:00:00+00:00,46.68,2025-05-28,13,2
2025-05-28 14:00:00+00:00,47.14,2025-05-28,14,2
2025-05-28 15:00:00+00:00,46.75,2025-05-28,15,2
2025-05-28 16:00:00+00:00,45.5,2025-05-28,16,2
2025-05-28 17:00:00+00:00,41.1,2025-05-28,17,2
2025-05-28 18:00:00+00:00,47.46,2025-05-28,18,2
2025-05-28 19:00:00+00:00,49.77,2025-05-28,19,2
2025-05-28 20:00:00+00:00,50.04,2025-05-28,20,2
2025-05-28 21:00:00+00:00,50.23,2025-05-28,21,2
2025-05-28 22:00:00+00:00,50.51,2025-05-28,22,2
2025-05-28 23:00:00+00:00,50.65,2025-05-28,23,2
2025-05-29 00:00:00+00:00,50.75,2025-05-29,0,3
2025-05-29 01:00:00+00:00,50.88,2025-05-29,1,3
2025-05-29 02:00:00+00:00,50.99,2025-05-29,2,3
2025-05-29 03:00:00+00:00,51.12,2025-05-29,3,3
2025-05-29 04:00:00+00:00,51.15,2025-05-29,4,3
2025-05-29 05:00:00+00:00,51.4,2025-05-29,5,3
2025-05-29 06:00:00+00:00,52.65,2025-05-29,6,3
2025-05-29 07:00:00+00:00,53.4,2025-05-29,7,3
2025-05-29 08:00:00+00:00,53.08,2025-05-29,8,3
2025-05-29 09:00:00+00:00,52.45,2025-05-29,9,3
2025-05-29 10:00:00+00:00,47.28,2025-05-29,10,3
2025-05-29 11:00:00+00:00,46.26,2025-05-29,11,3
2025-05-29 12:00:00+00:00,50.35,2025-05-29,12,3
2025-05-29 13:00:00+00:00,51.93,2025-05-29,13,3
2025-05-29 14:00:00+00:00,52.4,2025-05-29,14,3
2025-05-29 15:00:00+00:00,45.79,2025-05-29,15,3
2025-05-29 16:00:00+00:00,51.68,2025-05-29,16,3
2025-05-29 17:00:00+00:00,50.91,2025-05-29,17,3
2025-05-29 18:00:00+00:00,43.88,2025-05-29,18,3
2025-05-29 19:00:00+00:00,45.72,2025-05-29,19,3
2025-05-29 20:00:00+00:00,46.89,2025-05-29,20,3
2025-05-29 21:00:00+00:00,47.71,2025-05-29,21,3
2025-05-29 22:00:00+00:00,48.52,2025-05-29,22,3
2025-05-29 23:00:00+00:00,49.35,2025-05-29,23,3
2025-05-30 00:00:00+00:00,50.32,2025-05-30,0,4
2025-05-30 01:00:00+00:00,50.5,2025-05-30,1,4
2025-05-30 02:00:00+00:00,50.64,2025-05-30,2,4
2025-05-30 03:00:00+00:00,50.9,2025-05-30,3,4
2025-05-30 04:00:00+00:00,51.39,2025-05-30,4,4
2025-05-30 05:00:00+00:00,52.01,2025-05-30,5,4
2025-05-30 06:00:00+00:00,55.04,2025-05-30,6,4
2025-05-30 07:00:00+00:00,56.72,2025-05-30,7,4
2025-05-30 08:00:00+00:00,55.92,2025-05-30,8,4
2025-05-30 09:00:00+00:00,53.96,2025-05-30,9,4
2025-05-30 10:00:00+00:00,48.54,2025-05-30,10,4
2025-05-30 11:00:00+00:00,42.49,2025-05-30,11,4
2025-05-30 12:00:00+00:00,41.97,2025-05-30,12,4
2025-05-30 13:00:00+00:00,44.74,2025-05-30,13,4
2025-05-30 14:00:00+00:00,49.61,2025-05-30,14,4
2025-05-30 15:00:00+00:00,51.34,2025-05-30,15,4
2025-05-30 16:00:00+00:00,52.74,2025-05-30,16,4
2025-05-30 17:00:00+00:00,53.06,2025-05-30,17,4
2025-05-30 18:00:00+00:00,53.14,2025-05-30,18,4
2025-05-30 19:00:00+00:00,52.48,2025-05-30,19,4
2025-05-30 20:00:00+00:00,52.38,2025-05-30,20,4
2025-05-30 21:00:00+00:00,52.53,2025-05-30,21,4
2025-05-30 22:00:00+00:00,52.47,2025-05-30,22,4
2025-05-30 23:00:00+00:00,52.51,2025-05-30,23,4
2025-05-31 00:00:00+00:00,52.52,2025-05-31,0,5
2025-05-31 01:00:00+00:00,52.73,2025-05-31,1,5
2025-05-31 02:00:00+00:00,53.07,2025-05-31,2,5
2025-05-31 03:00:00+00:00,53.2,2025-05-31,3,5
2025-05-31 04:00:00+00:00,53.42,2025-05-31,4,5
2025-05-31 05:00:00+00:00,53.5,2025-05-31,5,5
2025-05-31 06:00:00+00:00,53.41,2025-05-31,6,5
2025-05-31 07:00:00+00:00,53.47,2025-05-31,7,5
2025-05-31 08:00:00+00:00,53.45,2025-05-31,8,5
2025-05-31 09:00:00+00:00,53.28,2025-05-31,9,5
2025-05-31 10:00:00+00:00,52.74,2025-05-31,10,5
2025-05-31 11:00:00+00:00,49.78,2025-05-31,11,5
2025-05-31 12:00:00+00:00,40.48,2025-05-31,12,5
2025-05-31 13:00:00+00:00,41.91,2025-05-31,13,5
2025-05-31 14:00:00+00:00,47.3,2025-05-31,14,5
2025-05-31 15:00:00+00:00,46.35,2025-05-31,15,5
2025-05-31 16:00:00+00:00,48.73,2025-05-31,16,5
2025-05-31 17:00:00+00:00,51.74,2025-05-31,17,5
2025-05-31 18:00:00+00:00,46.9,2025-05-31,18,5
2025-05-31 19:00:00+00:00,50.95,2025-05-31,19,5
2025-05-31 20:00:00+00:00,51.66,2025-05-31,20,5
2025-05-31 21:00:00+00:00,52.36,2025-05-31,21,5
2025-05-31 22:00:00+00:00,53.56,2025-05-31,22,5
2025-05-31 23:00:00+00:00,54.53,2025-05-31,23,5
2025-06-01 00:00:00+00:00,55.64,2025-06-01,0,6
2025-06-01 01:00:00+00:00,56.36,2025-06-01,1,6
2025-06-01 02:00:00+00:00,57.08,2025-06-01,2,6
2025-06-01 03:00:00+00:00,58.33,2025-06-01,3,6
2025-06-01 04:00:00+00:00,60.86,2025-06-01,4,6
2025-06-01 05:00:00+00:00,60.8,2025-06-01,5,6
2025-06-01 06:00:00+00:00,60.54,2025-06-01,6,6
2025-06-01 07:00:00+00:00,59.89,2025-06-01,7,6
2025-06-01 08:00:00+00:00,59.45,2025-06-01,8,6
2025-06-01 09:00:00+00:00,58.67,2025-06-01,9,6
2025-06-01 10:00:00+00:00,57.69,2025-06-01,10,6
2025-06-01 11:00:00+00:00,56.0,2025-06-01,11,6
2025-06-01 12:00:00+00:00,54.64,2025-06-01,12,6
2025-06-01 13:00:00+00:00,53.92,2025-06-01,13,6
2025-06-01 14:00:00+00:00,52.58,2025-06-01,14,6
2025-06-01 15:00:00+00:00,52.87,2025-06-01,15,6
2025-06-01 16:00:00+00:00,53.94,2025-06-01,16,6
2025-06-01 17:00:00+00:00,54.36,2025-06-01,17,6
2025-06-01 18:00:00+00:00,54.78,2025-06-01,18,6
2025-06-01 19:00:00+00:00,54.87,2025-06-01,19,6
2025-06-01 20:00:00+00:00,55.13,2025-06-01,20,6
2025-06-01 21:00:00+00:00,55.15,2025-06-01,21,6
2025-06-01 22:00:00+00:00,55.41,2025-06-01,22,6
2025-06-01 23:00:00+00:00,55.77,2025-06-01,23,6
2025-06-02 00:00:00+00:00,55.97,2025-06-02,0,0
2025-06-02 01:00:00+00:00,55.92,2025-06-02,1,0
2025-06-02 02:00:00+00:00,56.08,2025-06-02,2,0
2025-06-02 03:00:00+00:00,56.51,2025-06-02,3,0
2025-06-02 04:00:00+00:00,56.7,2025-06-02,4,0
2025-06-02 05:00:00+00:00,56.8,2025-06-02,5,0
2025-06-02 06:00:00+00:00,56.58,2025-06-02,6,0
2025-06-02 07:00:00+00:00,55.59,2025-06-02,7,0
2025-06-02 08:00:00+00:00,55.25,2025-06-02,8,0
2025-06-02 09:00:00+00:00,54.8,2025-06-02,9,0
2025-06-02 10:00:00+00:00,46.18,2025-06-02,10,0
2025-06-02 11:00:00+00:00,41.38,2025-06-02,11,0
2025-06-02 12:00:00+00:00,41.24,2025-06-02,12,0
2025-06-02 13:00:00+00:00,40.4,2025-06-02,13,0
2025-06-02 14:00:00+00:00,48.52,2025-06-02,14,0
2025-06-02 15:00:00+00:00,48.12,2025-06-02,15,0
2025-06-02 16:00:00+00:00,54.37,2025-06-02,16,0
2025-06-02 17:00:00+00:00,58.37,2025-06-02,17,0
2025-06-02 18:00:00+00:00,53.02,2025-06-02,18,0
2025-06-02 19:00:00+00:00,54.26,2025-06-02,19,0
2025-06-02 20:00:00+00:00,55.49,2025-06-02,20,0
2025-06-02 21:00:00+00:00,55.77,2025-06-02,21,0
2025-06-02 22:00:00+00:00,55.69,2025-06-02,22,0
2025-06-02 23:00:00+00:00,55.61,2025-06-02,23,0
2025-06-03 00:00:00+00:00,55.41,2025-06-03,0,1
2025-06-03 01:00:00+00:00,55.28,2025-06-03,1,1
2025-06-03 02:00:00+00:00,55.19,2025-06-03,2,1
2025-06-03 03:00:00+00:00,55.23,2025-06-03,3,1
2025-06-03 04:00:00+00:00,54.99,2025-06-03,4,1
2025-06-03 05:00:00+00:00,55.33,2025-06-03,5,1
2025-06-03 06:00:00+00:00,57.71,2025-06-03,6,1
2025-06-03 07:00:00+00:00,56.78,2025-06-03,7,1
2025-06-03 08:00:00+00:00,53.64,2025-06-03,8,1
2025-06-03 09:00:00+00:00,51.78,2025-06-03,9,1
2025-06-03 10:00:00+00:00,49.57,2025-06-03,10,1
2025-06-03 11:00:00+00:00,50.95,2025-06-03,11,1
2025-06-03 12:00:00+00:00,52.26,2025-06-03,12,1
2025-06-03 13:00:00+00:00,52.29,2025-06-03,13,1
2025-06-03 14:00:00+00:00,47.6,2025-06-03,14,1
2025-06-03 15:00:00+00:00,43.73,2025-06-03,15,1
2025-06-03 16:00:00+00:00,53.85,2025-06-03,16,1
2025-06-03 17:00:00+00:00,59.51,2025-06-03,17,1
2025-06-03 18:00:00+00:00,60.15,2025-06-03,18,1
2025-06-03 19:00:00+00:00,58.49,2025-06-03,19,1
2025-06-03 20:00:00+00:00,58.11,2025-06-03,20,1
2025-06-03 21:00:00+00:00,57.75,2025-06-03,21,1
2025-06-03 22:00:00+00:00,57.72,2025-06-03,22,1
2025-06-03 23:00:00+00:00,57.73,2025-06-03,23,1
2025-06-04 00:00:00+00:00,57.72,2025-06-04,0,2
2025-06-04 01:00:00+00:00,57.57,2025-06-04,1,2
2025-06-04 02:00:00+00:00,57.08,2025-06-04,2,2
2025-06-04 03:00:00+00:00,56.26,2025-06-04,3,2
2025-06-04 04:00:00+00:00,55.28,2025-06-04,4,2
2025-06-04 05:00:00+00:00,53.97,2025-06-04,5,2
2025-06-04 06:00:00+00:00,52.57,2025-06-04,6,2
2025-06-04 07:00:00+00:00,52.95,2025-06-04,7,2
2025-06-04 08:00:00+00:00,52.58,2025-06-04,8,2
2025-06-04 09:00:00+00:00,51.12,2025-06-04,9,2
2025-06-04 10:00:00+00:00,49.26,2025-06-04,10,2
2025-06-04 11:00:00+00:00,48.94,2025-06-04,11,2
2025-06-04 12:00:00+00:00,47.15,2025-06-04,12,2
2025-06-04 13:00:00+00:00,44.84,2025-06-04,13,2
2025-06-04 14:00:00+00:00,47.53,2025-06-04,14,2
2025-06-04 15:00:00+00:00,41.85,2025-06-04,15,2
2025-06-04 16:00:00+00:00,44.68,2025-06-04,16,2
2025-06-04 17:00:00+00:00,47.13,2025-06-04,17,2
2025-06-04 18:00:00+00:00,44.67,2025-06-04,18,2
2025-06-04 19:00:00+00:00,49.24,2025-06-04,19,2
2025-06-04 20:00:00+00:00,49.98,2025-06-04,20,2
2025-06-04 21:00:00+00:00,50.56,2025-06-04,21,2
2025-06-04 22:00:00+00:00,51.04,2025-06-04,22,2
2025-06-04 23:00:00+00:00,51.35,2025-06-04,23,2
2025-06-05 00:00:00+00:00,51.72,2025-06-05,0,3
2025-06-05 01:00:00+00:00,52.35,2025-06-05,1,3
2025-06-05 02:00:00+00:00,52.97,2025-06-05,2,3
2025-06-05 03:00:00+00:00,53.66,2025-06-05,3,3
2025-06-05 04:00:00+00:00,53.68,2025-06-05,4,3
2025-06-05 05:00:00+00:00,54.18,2025-06-05,5,3
2025-06-05 06:00:00+00:00,56.48,2025-06-05,6,3
2025-06-05 07:00:00+00:00,55.15,2025-06-05,7,3
2025-06-05 08:00:00+00:00,55.63,2025-06-05,8,3
2025-06-05 09:00:00+00:00,55.2,2025-06-05,9,3
2025-06-05 10:00:00+00:00,53.11,2025-06-05,10,3
2025-06-05 11:00:00+00:00,49.02,2025-06-05,11,3
2025-06-05 12:00:00+00:00,51.32,2025-06-05,12,3
2025-06-05 13:00:00+00:00,53.37,2025-06-05,13,3
2025-06-05 14:00:00+00:00,52.28,2025-06-05,14,3
2025-06-05 15:00:00+00:00,43.91,2025-06-05,15,3
2025-06-05 16:00:00+00:00,45.75,2025-06-05,16,3
2025-06-05 17:00:00+00:00,53.26,2025-06-05,17,3
2025-06-05 18:00:00+00:00,54.71,2025-06-05,18,3
2025-06-05 19:00:00+00:00,54.57,2025-06-05,19,3
2025-06-05 20:00:00+00:00,54.43,2025-06-05,20,3
2025-06-05 21:00:00+00:00,54.56,2025-06-05,21,3
2025-06-05 22:00:00+00:00,54.81,2025-06-05,22,3
2025-06-05 23:00:00+00:00,55.2,2025-06-05,23,3
2025-06-06 00:00:00+00:00,55.61,2025-06-06,0,4
2025-06-06 01:00:00+00:00,55.79,2025-06-06,1,4
2025-06-06 02:00:00+00:00,55.79,2025-06-06,2,4
2025-06-06 03:00:00+00:00,56.05,2025-06-06,3,4
2025-06-06 04:00:00+00:00,56.36,2025-06-06,4,4
2025-06-06 05:00:00+00:00,56.23,2025-06-06,5,4
2025-06-06 06:00:00+00:00,57.2,2025-06-06,6,4
2025-06-06 07:00:00+00:00,58.14,2025-06-06,7,4
2025-06-06 08:00:00+00:00,59.2,2025-06-06,8,4
2025-06-06 09:00:00+00:00,57.38,2025-06-06,9,4
2025-06-06 10:00:00+00:00,46.09,2025-06-06,10,4
2025-06-06 11:00:00+00:00,47.3,2025-06-06,11,4
2025-06-06 12:00:00+00:00,52.03,2025-06-06,12,4
2025-06-06 13:00:00+00:00,53.48,2025-06-06,13,4
2025-06-06 14:00:00+00:00,54.39,2025-06-06,14,4
2025-06-06 15:00:00+00:00,54.18,2025-06-06,15,4
2025-06-06 16:00:00+00:00,50.93,2025-06-06,16,4
2025-06-06 17:00:00+00:00,55.38,2025-06-06,17,4
2025-06-06 18:00:00+00:00,55.11,2025-06-06,18,4
2025-06-06 19:00:00+00:00,54.25,2025-06-06,19,4
2025-06-06 20:00:00+00:00,54.21,2025-06-06,20,4
2025-06-06 21:00:00+00:00,54.31,2025-06-06,21,4
2025-06-06 22:00:00+00:00,54.46,2025-06-06,22,4
2025-06-06 23:00:00+00:00,54.69,2025-06-06,23,4
2025-06-07 00:00:00+00:00,54.91,2025-06-07,0,5
2025-06-07 01:00:00+00:00,55.14,2025-06-07,1,5
2025-06-07 02:00:00+00:00,55.54,2025-06-07,2,5
2025-06-07 03:00:00+00:00,55.61,2025-06-07,3,5
2025-06-07 04:00:00+00:00,55.75,2025-06-07,4,5
2025-06-07 05:00:00+00:00,54.79,2025-06-07,5,5
2025-06-07 06:00:00+00:00,54.28,2025-06-07,6,5
2025-06-07 07:00:00+00:00,53.7,2025-06-07,7,5
2025-06-07 08:00:00+00:00,53.39,2025-06-07,8,5
2025-06-07 09:00:00+00:00,52.77,2025-06-07,9,5
2025-06-07 10:00:00+00:00,44.83,2025-06-07,10,5
2025-06-07 11:00:00+00:00,42.8,2025-06-07,11,5
2025-06-07 12:00:00+00:00,48.55,2025-06-07,12,5
2025-06-07 13:00:00+00:00,52.56,2025-06-07,13,5
2025-06-07 14:00:00+00:00,54.23,2025-06-07,14,5
2025-06-07 15:00:00+00:00,53.38,2025-06-07,15,5
2025-06-07 16:00:00+00:00,52.74,2025-06-07,16,5
2025-06-07 17:00:00+00:00,50.87,2025-06-07,17,5
2025-06-07 18:00:00+00:00,51.21,2025-06-07,18,5
2025-06-07 19:00:00+00:00,52.29,2025-06-07,19,5
2025-06-07 20:00:00+00:00,53.26,2025-06-07,20,5
2025-06-07 21:00:00+00:00,53.78,2025-06-07,21,5
2025-06-07 22:00:00+00:00,54.15,2025-06-07,22,5
2025-06-07 23:00:00+00:00,54.56,2025-06-07,23,5
2025-06-08 00:00:00+00:00,55.03,2025-06-08,0,6
2025-06-08 01:00:00+00:00,55.45,2025-06-08,1,6
2025-06-08 02:00:00+00:00,55.78,2025-06-08,2,6
2025-06-08 03:00:00+00:00,56.14,2025-06-08,3,6
2025-06-08 04:00:00+00:00,56.55,2025-06-08,4,6
2025-06-08 05:00:00+00:00,56.74,2025-06-08,5,6
2025-06-08 06:00:00+00:00,57.48,2025-06-08,6,6
2025-06-08 07:00:00+00:00,58.28,2025-06-08,7,6
2025-06-08 08:00:00+00:00,54.38,2025-06-08,8,6
2025-06-08 09:00:00+00:00,43.49,2025-06-08,9,6
2025-06-08 10:00:00+00:00,40.43,2025-06-08,10,6
2025-06-08 11:00:00+00:00,44.12,2025-06-08,11,6
2025-06-08 12:00:00+00:00,51.26,2025-06-08,12,6
2025-06-08 13:00:00+00:00,51.41,2025-06-08,13,6
2025-06-08 14:00:00+00:00,51.35,2025-06-08,14,6
2025-06-08 15:00:00+00:00,51.06,2025-06-08,15,6
2025-06-08 16:00:00+00:00,50.54,2025-06-08,16,6
2025-06-08 17:00:00+00:00,51.28,2025-06-08,17,6
2025-06-08 18:00:00+00:00,51.99,2025-06-08,18,6
2025-06-08 19:00:00+00:00,52.4,2025-06-08,19,6
2025-06-08 20:00:00+00:00,53.36,2025-06-08,20,6
2025-06-08 21:00:00+00:00,53.93,2025-06-08,21,6
2025-06-08 22:00:00+00:00,54.47,2025-06-08,22,6
2025-06-08 23:00:00+00:00,54.79,2025-06-08,23,6
2025-06-09 00:00:00+00:00,55.18,2025-06-09,0,0
2025-06-09 01:00:00+00:00,55.33,2025-06-09,1,0
2025-06-09 02:00:00+00:00,55.71,2025-06-09,2,0
2025-06-09 03:00:00+00:00,56.09,2025-06-09,3,0
2025-06-09 04:00:00+00:00,56.55,2025-06-09,4,0
2025-06-09 05:00:00+00:00,57.11,2025-06-09,5,0
2025-06-09 06:00:00+00:00,54.9,2025-06-09,6,0
2025-06-09 07:00:00+00:00,58.65,2025-06-09,7,0
2025-06-09 08:00:00+00:00,60.01,2025-06-09,8,0
2025-06-09 09:00:00+00:00,45.23,2025-06-09,9,0
2025-06-09 10:00:00+00:00,43.84,2025-06-09,10,0
2025-06-09 11:00:00+00:00,50.59,2025-06-09,11,0
2025-06-09 12:00:00+00:00,52.76,2025-06-09,12,0
2025-06-09 13:00:00+00:00,52.31,2025-06-09,13,0
2025-06-09 14:00:00+00:00,51.78,2025-06-09,14,0
2025-06-09 15:00:00+00:00,51.59,2025-06-09,15,0
2025-06-09 16:00:00+00:00,54.46,2025-06-09,16,0
2025-06-09 17:00:00+00:00,57.56,2025-06-09,17,0
2025-06-09 18:00:00+00:00,57.65,2025-06-09,18,0
2025-06-09 19:00:00+00:00,57.41,2025-06-09,19,0
2025-06-09 20:00:00+00:00,56.9,2025-06-09,20,0
2025-06-09 21:00:00+00:00,56.66,2025-06-09,21,0
2025-06-09 22:00:00+00:00,57.08,2025-06-09,22,0
2025-06-09 23:00:00+00:00,57.33,2025-06-09,23,0
2025-06-10 00:00:00+00:00,57.8,2025-06-10,0,1
2025-06-10 01:00:00+00:00,57.93,2025-06-10,1,1
2025-06-10 02:00:00+00:00,57.7,2025-06-10,2,1
2025-06-10 03:00:00+00:00,57.72,2025-06-10,3,1
2025-06-10 04:00:00+00:00,57.78,2025-06-10,4,1
2025-06-10 05:00:00+00:00,57.69,2025-06-10,5,1
2025-06-10 06:00:00+00:00,60.35,2025-06-10,6,1
2025-06-10 07:00:00+00:00,61.1,2025-06-10,7,1
2025-06-10 08:00:00+00:00,58.53,2025-06-10,8,1
2025-06-10 09:00:00+00:00,47.56,2025-06-10,9,1
2025-06-10 10:00:00+00:00,47.98,2025-06-10,10,1
2025-06-10 11:00:00+00:00,48.8,2025-06-10,11,1
2025-06-10 12:00:00+00:00,49.81,2025-06-10,12,1
2025-06-10 13:00:00+00:00,49.47,2025-06-10,13,1
2025-06-10 14:00:00+00:00,48.53,2025-06-10,14,1
2025-06-10 15:00:00+00:00,46.0,2025-06-10,15,1
2025-06-10 16:00:00+00:00,41.38,2025-06-10,16,1
2025-06-10 17:00:00+00:00,48.39,2025-06-10,17,1
2025-06-10 18:00:00+00:00,51.57,2025-06-10,18,1
2025-06-10 19:00:00+00:00,51.1,2025-06-10,19,1
2025-06-10 20:00:00+00:00,51.1,2025-06-10,20,1
2025-06-10 21:00:00+00:00,51.2,2025-06-10,21,1
2025-06-10 22:00:00+00:00,51.54,2025-06-10,22,1
2025-06-10 23:00:00+00:00,51.9,2025-06-10,23,1
2025-06-11 00:00:00+00:00,52.23,2025-06-11,0,2
2025-06-11 01:00:00+00:00,52.56,2025-06-11,1,2
2025-06-11 02:00:00+00:00,52.85,2025-06-11,2,2
2025-06-11 03:00:00+00:00,53.07,2025-06-11,3,2
2025-06-11 04:00:00+00:00,53.6,2025-06-11,4,2
2025-06-11 05:00:00+00:00,54.7,2025-06-11,5,2
2025-06-11 06:00:00+00:00,55.94,2025-06-11,6,2
2025-06-11 07:00:00+00:00,58.3,2025-06-11,7,2
2025-06-11 08:00:00+00:00,58.52,2025-06-11,8,2
2025-06-11 09:00:00+00:00,52.83,2025-06-11,9,2
2025-06-11 10:00:00+00:00,40.85,2025-06-11,10,2
2025-06-11 11:00:00+00:00,38.84,2025-06-11,11,2
2025-06-11 12:00:00+00:00,36.75,2025-06-11,12,2
2025-06-11 13:00:00+00:00,43.72,2025-06-11,13,2
2025-06-11 14:00:00+00:00,45.6,2025-06-11,14,2
2025-06-11 15:00:00+00:00,38.65,2025-06-11,15,2
2025-06-11 16:00:00+00:00,39.7,2025-06-11,16,2
2025-06-11 17:00:00+00:00,45.15,2025-06-11,17,2
2025-06-11 18:00:00+00:00,46.29,2025-06-11,18,2
2025-06-11 19:00:00+00:00,46.4,2025-06-11,19,2
2025-06-11 20:00:00+00:00,48.02,2025-06-11,20,2
2025-06-11 21:00:00+00:00,49.54,2025-06-11,21,2
2025-06-11 22:00:00+00:00,50.21,2025-06-11,22,2
2025-06-11 23:00:00+00:00,50.84,2025-06-11,23,2
2025-06-12 00:00:00+00:00,51.46,2025-06-12,0,3
2025-06-12 01:00:00+00:00,52.04,2025-06-12,1,3
2025-06-12 02:00:00+00:00,52.31,2025-06-12,2,3
2025-06-12 03:00:00+00:00,52.5,2025-06-12,3,3
2025-06-12 04:00:00+00:00,52.55,2025-06-12,4,3
2025-06-12 05:00:00+00:00,51.88,2025-06-12,5,3
2025-06-12 06:00:00+00:00,53.2,2025-06-12,6,3
2025-06-12 07:00:00+00:00,53.56,2025-06-12,7,3
2025-06-12 08:00:00+00:00,53.9,2025-06-12,8,3
2025-06-12 09:00:00+00:00,46.82,2025-06-12,9,3
2025-06-12 10:00:00+00:00,39.57,2025-06-12,10,3
2025-06-12 11:00:00+00:00,41.51,2025-06-12,11,3
2025-06-12 12:00:00+00:00,38.07,2025-06-12,12,3
2025-06-12 13:00:00+00:00,38.69,2025-06-12,13,3
2025-06-12 14:00:00+00:00,43.89,2025-06-12,14,3
2025-06-12 15:00:00+00:00,39.92,2025-06-12,15,3
2025-06-12 16:00:00+00:00,44.71,2025-06-12,16,3
2025-06-12 17:00:00+00:00,52.36,2025-06-12,17,3
2025-06-12 18:00:00+00:00,51.94,2025-06-12,18,3
2025-06-12 19:00:00+00:00,52.01,2025-06-12,19,3
2025-06-12 20:00:00+00:00,52.44,2025-06-12,20,3
2025-06-12 21:00:00+00:00,52.82,2025-06-12,21,3
2025-06-12 22:00:00+00:00,53.02,2025-06-12,22,3
2025-06-12 23:00:00+00:00,53.38,2025-06-12,23,3
2025-06-13 00:00:00+00:00,53.87,2025-06-13,0,4
2025-06-13 01:00:00+00:00,54.35,2025-06-13,1,4
2025-06-13 02:00:00+00:00,54.83,2025-06-13,2,4
2025-06-13 03:00:00+00:00,55.28,2025-06-13,3,4
2025-06-13 04:00:00+00:00,55.67,2025-06-13,4,4
2025-06-13 05:00:00+00:00,55.8,2025-06-13,5,4
2025-06-13 06:00:00+00:00,53.1,2025-06-13,6,4
2025-06-13 07:00:00+00:00,60.42,2025-06-13,7,4
2025-06-13 08:00:00+00:00,61.26,2025-06-13,8,4
2025-06-13 09:00:00+00:00,51.91,2025-06-13,9,4
2025-06-13 10:00:00+00:00,41.9,2025-06-13,10,4
2025-06-13 11:00:00+00:00,41.31,2025-06-13,11,4
2025-06-13 12:00:00+00:00,39.61,2025-06-13,12,4
2025-06-13 13:00:00+00:00,38.78,2025-06-13,13,4
2025-06-13 14:00:00+00:00,38.85,2025-06-13,14,4
2025-06-13 15:00:00+00:00,37.69,2025-06-13,15,4
2025-06-13 16:00:00+00:00,38.08,2025-06-13,16,4
2025-06-13 17:00:00+00:00,38.39,2025-06-13,17,4
2025-06-13 18:00:00+00:00,40.03,2025-06-13,18,4
2025-06-13 19:00:00+00:00,49.39,2025-06-13,19,4
2025-06-13 20:00:00+00:00,51.83,2025-06-13,20,4
2025-06-13 21:00:00+00:00,52.58,2025-06-13,21,4
2025-06-13 22:00:00+00:00,53.0,2025-06-13,22,4
2025-06-13 23:00:00+00:00,53.05,2025-06-13,23,4
2025-06-14 00:00:00+00:00,53.44,2025-06-14,0,5
2025-06-14 01:00:00+00:00,54.25,2025-06-14,1,5
2025-06-14 02:00:00+00:00,55.08,2025-06-14,2,5
2025-06-14 03:00:00+00:00,55.46,2025-06-14,3,5
2025-06-14 04:00:00+00:00,55.95,2025-06-14,4,5
2025-06-14 05:00:00+00:00,56.28,2025-06-14,5,5
2025-06-14 06:00:00+00:00,56.82,2025-06-14,6,5
2025-06-14 07:00:00+00:00,57.6,2025-06-14,7,5
2025-06-14 08:00:00+00:00,54.62,2025-06-14,8,5
2025-06-14 09:00:00+00:00,45.21,2025-06-14,9,5
2025-06-14 10:00:00+00:00,41.7,2025-06-14,10,5
2025-06-14 11:00:00+00:00,38.56,2025-06-14,11,5
2025-06-14 12:00:00+00:00,38.87,2025-06-14,12,5
2025-06-14 13:00:00+00:00,39.72,2025-06-14,13,5
2025-06-14 14:00:00+00:00,40.01,2025-06-14,14,5
2025-06-14 15:00:00+00:00,40.14,2025-06-14,15,5
2025-06-14 16:00:00+00:00,39.43,2025-06-14,16,5
2025-06-14 17:00:00+00:00,41.26,2025-06-14,17,5
2025-06-14 18:00:00+00:00,46.93,2025-06-14,18,5
2025-06-14 19:00:00+00:00,48.42,2025-06-14,19,5
2025-06-14 20:00:00+00:00,49.64,2025-06-14,20,5
2025-06-14 21:00:00+00:00,50.96,2025-06-14,21,5
2025-06-14 22:00:00+00:00,52.22,2025-06-14,22,5
2025-06-14 23:00:00+00:00,53.13,2025-06-14,23,5
2025-06-15 00:00:00+00:00,53.32,2025-06-15,0,6
2025-06-15 01:00:00+00:00,53.58,2025-06-15,1,6
2025-06-15 02:00:00+00:00,54.22,2025-06-15,2,6
2025-06-15 03:00:00+00:00,54.57,2025-06-15,3,6
2025-06-15 04:00:00+00:00,55.58,2025-06-15,4,6
2025-06-15 05:00:00+00:00,56.29,2025-06-15,5,6
2025-06-15 06:00:00+00:00,56.94,2025-06-15,6,6
2025-06-15 07:00:00+00:00,57.4,2025-06-15,7,6
2025-06-15 08:00:00+00:00,50.81,2025-06-15,8,6
2025-06-15 09:00:00+00:00,39.1,2025-06-15,9,6
2025-06-15 10:00:00+00:00,37.58,2025-06-15,10,6
2025-06-15 11:00:00+00:00,37.61,2025-06-15,11,6
2025-06-15 12:00:00+00:00,38.88,2025-06-15,12,6
2025-06-15 13:00:00+00:00,39.79,2025-06-15,13,6
2025-06-15 14:00:00+00:00,39.06,2025-06-15,14,6
2025-06-15 15:00:00+00:00,40.46,2025-06-15,15,6
2025-06-15 16:00:00+00:00,40.95,2025-06-15,16,6
2025-06-15 17:00:00+00:00,42.79,2025-06-15,17,6
2025-06-15 18:00:00+00:00,47.26,2025-06-15,18,6
2025-06-15 19:00:00+00:00,50.2,2025-06-15,19,6
2025-06-15 20:00:00+00:00,51.69,2025-06-15,20,6
2025-06-15 21:00:00+00:00,54.62,2025-06-15,21,6
2025-06-15 22:00:00+00:00,56.46,2025-06-15,22,6
2025-06-15 23:00:00+00:00,57.36,2025-06-15,23,6
2025-06-16 00:00:00+00:00,56.56,2025-06-16,0,0
2025-06-16 01:00:00+00:00,56.41,2025-06-16,1,0
2025-06-16 02:00:00+00:00,56.59,2025-06-16,2,0
2025-06-16 03:00:00+00:00,57.01,2025-06-16,3,0
2025-06-16 04:00:00+00:00,57.51,2025-06-16,4,0
2025-06-16 05:00:00+00:00,58.51,2025-06-16,5,0
2025-06-16 06:00:00+00:00,54.61,2025-06-16,6,0
2025-06-16 07:00:00+00:00,58.12,2025-06-16,7,0
2025-06-16 08:00:00+00:00,60.9,2025-06-16,8,0
2025-06-16 09:00:00+00:00,51.11,2025-06-16,9,0
2025-06-16 10:00:00+00:00,44.12,2025-06-16,10,0
2025-06-16 11:00:00+00:00,41.16,2025-06-16,11,0
2025-06-16 12:00:00+00:00,44.1,2025-06-16,12,0
2025-06-16 13:00:00+00:00,47.08,2025-06-16,13,0
2025-06-16 14:00:00+00:00,48.29,2025-06-16,14,0
2025-06-16 15:00:00+00:00,47.89,2025-06-16,15,0
2025-06-16 16:00:00+00:00,47.91,2025-06-16,16,0
2025-06-16 17:00:00+00:00,49.99,2025-06-16,17,0
2025-06-16 18:00:00+00:00,50.92,2025-06-16,18,0
2025-06-16 19:00:00+00:00,51.76,2025-06-16,19,0
2025-06-16 20:00:00+00:00,52.49,2025-06-16,20,0
2025-06-16 21:00:00+00:00,53.07,2025-06-16,21,0
2025-06-16 22:00:00+00:00,53.96,2025-06-16,22,0
2025-06-16 23:00:00+00:00,54.42,2025-06-16,23,0
2025-06-17 00:00:00+00:00,54.92,2025-06-17,0,1
2025-06-17 01:00:00+00:00,55.34,2025-06-17,1,1
2025-06-17 02:00:00+00:00,55.87,2025-06-17,2,1
2025-06-17 03:00:00+00:00,56.46,2025-06-17,3,1
2025-06-17 04:00:00+00:00,56.97,2025-06-17,4,1
2025-06-17 05:00:00+00:00,57.62,2025-06-17,5,1
2025-06-17 06:00:00+00:00,58.29,2025-06-17,6,1
2025-06-17 07:00:00+00:00,58.73,2025-06-17,7,1
2025-06-17 08:00:00+00:00,59.27,2025-06-17,8,1
2025-06-17 09:00:00+00:00,60.26,2025-06-17,9,1
2025-06-17 10:00:00+00:00,58.92,2025-06-17,10,1
2025-06-17 11:00:00+00:00,50.81,2025-06-17,11,1
2025-06-17 12:00:00+00:00,54.33,2025-06-17,12,1
2025-06-17 13:00:00+00:00,55.02,2025-06-17,13,1
2025-06-17 14:00:00+00:00,55.8,2025-06-17,14,1
2025-06-17 15:00:00+00:00,56.81,2025-06-17,15,1
2025-06-17 16:00:00+00:00,57.25,2025-06-17,16,1
2025-06-17 17:00:00+00:00,57.78,2025-06-17,17,1
2025-06-17 18:00:00+00:00,58.55,2025-06-17,18,1
2025-06-17 19:00:00+00:00,59.16,2025-06-17,19,1
2025-06-17 20:00:00+00:00,59.99,2025-06-17,20,1
2025-06-17 21:00:00+00:00,60.52,2025-06-17,21,1
2025-06-17 22:00:00+00:00,60.53,2025-06-17,22,1
2025-06-17 23:00:00+00:00,60.28,2025-06-17,23,1
2025-06-18 00:00:00+00:00,60.16,2025-06-18,0,2
2025-06-18 01:00:00+00:00,60.19,2025-06-18,1,2
2025-06-18 02:00:00+00:00,60.32,2025-06-18,2,2
2025-06-18 03:00:00+00:00,60.64,2025-06-18,3,2
2025-06-18 04:00:00+00:00,60.95,2025-06-18,4,2
2025-06-18 05:00:00+00:00,62.14,2025-06-18,5,2
2025-06-18 06:00:00+00:00,61.1,2025-06-18,6,2
2025-06-18 07:00:00+00:00,61.18,2025-06-18,7,2
2025-06-18 08:00:00+00:00,61.12,2025-06-18,8,2
2025-06-18 09:00:00+00:00,61.2,2025-06-18,9,2
2025-06-18 10:00:00+00:00,54.3,2025-06-18,10,2
2025-06-18 11:00:00+00:00,45.87,2025-06-18,11,2
2025-06-18 12:00:00+00:00,48.82,2025-06-18,12,2
2025-06-18 13:00:00+00:00,52.29,2025-06-18,13,2
2025-06-18 14:00:00+00:00,52.85,2025-06-18,14,2
2025-06-18 15:00:00+00:00,53.49,2025-06-18,15,2
2025-06-18 16:00:00+00:00,54.39,2025-06-18,16,2
2025-06-18 17:00:00+00:00,55.08,2025-06-18,17,2
2025-06-18 18:00:00+00:00,55.8,2025-06-18,18,2
2025-06-18 19:00:00+00:00,56.24,2025-06-18,19,2
2025-06-18 20:00:00+00:00,56.65,2025-06-18,20,2
2025-06-18 21:00:00+00:00,56.9,2025-06-18,21,2
2025-06-18 22:00:00+00:00,57.15,2025-06-18,22,2
2025-06-18 23:00:00+00:00,57.67,2025-06-18,23,2
2025-06-19 00:00:00+00:00,58.15,2025-06-19,0,3
2025-06-19 01:00:00+00:00,58.6,2025-06-19,1,3
2025-06-19 02:00:00+00:00,58.96,2025-06-19,2,3
2025-06-19 03:00:00+00:00,59.37,2025-06-19,3,3
2025-06-19 04:00:00+00:00,59.82,2025-06-19,4,3
2025-06-19 05:00:00+00:00,57.28,2025-06-19,5,3
2025-06-19 06:00:00+00:00,45.13,2025-06-19,6,3
2025-06-19 07:00:00+00:00,50.01,2025-06-19,7,3
2025-06-19 08:00:00+00:00,54.57,2025-06-19,8,3
2025-06-19 09:00:00+00:00,45.22,2025-06-19,9,3
2025-06-19 10:00:00+00:00,37.43,2025-06-19,10,3
2025-06-19 11:00:00+00:00,40.58,2025-06-19,11,3
2025-06-19 12:00:00+00:00,41.49,2025-06-19,12,3
2025-06-19 13:00:00+00:00,45.05,2025-06-19,13,3
2025-06-19 14:00:00+00:00,47.06,2025-06-19,14,3
2025-06-19 15:00:00+00:00,48.32,2025-06-19,15,3
2025-06-19 16:00:00+00:00,49.26,2025-06-19,16,3
2025-06-19 17:00:00+00:00,50.27,2025-06-19,17,3
2025-06-19 18:00:00+00:00,51.48,2025-06-19,18,3
2025-06-19 19:00:00+00:00,52.53,2025-06-19,19,3
2025-06-19 20:00:00+00:00,53.73,2025-06-19,20,3
2025-06-19 21:00:00+00:00,54.28,2025-06-19,21,3
2025-06-19 22:00:00+00:00,54.79,2025-06-19,22,3
2025-06-19 23:00:00+00:00,55.28,2025-06-19,23,3
2025-06-20 00:00:00+00:00,56.48,2025-06-20,0,4
2025-06-20 01:00:00+00:00,57.53,2025-06-20,1,4
2025-06-20 02:00:00+00:00,57.74,2025-06-20,2,4
2025-06-20 03:00:00+00:00,58.16,2025-06-20,3,4
2025-06-20 04:00:00+00:00,58.81,2025-06-20,4,4
2025-06-20 05:00:00+00:00,59.52,2025-06-20,5,4
2025-06-20 06:00:00+00:00,54.91,2025-06-20,6,4
2025-06-20 07:00:00+00:00,45.24,2025-06-20,7,4
2025-06-20 08:00:00+00:00,55.0,2025-06-20,8,4
2025-06-20 09:00:00+00:00,55.6,2025-06-20,9,4
2025-06-20 10:00:00+00:00,54.59,2025-06-20,10,4
2025-06-20 11:00:00+00:00,54.56,2025-06-20,11,4
2025-06-20 12:00:00+00:00,54.4,2025-06-20,12,4
2025-06-20 13:00:00+00:00,54.85,2025-06-20,13,4
2025-06-20 14:00:00+00:00,55.15,2025-06-20,14,4
2025-06-20 15:00:00+00:00,54.38,2025-06-20,15,4
2025-06-20 16:00:00+00:00,53.11,2025-06-20,16,4
2025-06-20 17:00:00+00:00,52.43,2025-06-20,17,4
2025-06-20 18:00:00+00:00,52.81,2025-06-20,18,4
2025-06-20 19:00:00+00:00,53.99,2025-06-20,19,4
2025-06-20 20:00:00+00:00,54.95,2025-06-20,20,4
2025-06-20 21:00:00+00:00,55.68,2025-06-20,21,4
2025-06-20 22:00:00+00:00,56.01,2025-06-20,22,4
2025-06-20 23:00:00+00:00,56.41,2025-06-20,23,4
2025-06-21 00:00:00+00:00,56.71,2025-06-21,0,5
2025-06-21 01:00:00+00:00,56.98,2025-06-21,1,5
2025-06-21 02:00:00+00:00,57.18,2025-06-21,2,5
2025-06-21 03:00:00+00:00,57.32,2025-06-21,3,5
2025-06-21 04:00:00+00:00,57.53,2025-06-21,4,5
2025-06-21 05:00:00+00:00,57.73,2025-06-21,5,5
2025-06-21 06:00:00+00:00,57.92,2025-06-21,6,5
2025-06-21 07:00:00+00:00,58.18,2025-06-21,7,5
2025-06-21 08:00:00+00:00,49.35,2025-06-21,8,5
2025-06-21 09:00:00+00:00,37.27,2025-06-21,9,5
2025-06-21 10:00:00+00:00,35.98,2025-06-21,10,5
2025-06-21 11:00:00+00:00,35.11,2025-06-21,11,5
2025-06-21 12:00:00+00:00,34.68,2025-06-21,12,5
2025-06-21 13:00:00+00:00,34.31,2025-06-21,13,5
2025-06-21 14:00:00+00:00,34.11,2025-06-21,14,5
2025-06-21 15:00:00+00:00,37.23,2025-06-21,15,5
2025-06-21 16:00:00+00:00,43.41,2025-06-21,16,5
2025-06-21 17:00:00+00:00,46.28,2025-06-21,17,5
2025-06-21 18:00:00+00:00,49.18,2025-06-21,18,5
2025-06-21 19:00:00+00:00,50.13,2025-06-21,19,5
2025-06-21 20:00:00+00:00,51.47,2025-06-21,20,5
2025-06-21 21:00:00+00:00,52.07,2025-06-21,21,5
2025-06-21 22:00:00+00:00,52.55,2025-06-21,22,5
2025-06-21 23:00:00+00:00,52.95,2025-06-21,23,5
2025-06-22 00:00:00+00:00,53.47,2025-06-22,0,6
2025-06-22 01:00:00+00:00,54.13,2025-06-22,1,6
2025-06-22 02:00:00+00:00,54.46,2025-06-22,2,6
2025-06-22 03:00:00+00:00,55.18,2025-06-22,3,6
2025-06-22 04:00:00+00:00,55.94,2025-06-22,4,6
2025-06-22 05:00:00+00:00,56.46,2025-06-22,5,6
2025-06-22 06:00:00+00:00,57.18,2025-06-22,6,6
2025-06-22 07:00:00+00:00,57.76,2025-06-22,7,6
2025-06-22 08:00:00+00:00,51.1,2025-06-22,8,6
2025-06-22 09:00:00+00:00,39.18,2025-06-22,9,6
2025-06-22 10:00:00+00:00,36.38,2025-06-22,10,6
2025-06-22 11:00:00+00:00,35.18,2025-06-22,11,6
2025-06-22 12:00:00+00:00,34.74,2025-06-22,12,6
2025-06-22 13:00:00+00:00,35.04,2025-06-22,13,6
2025-06-22 14:00:00+00:00,34.92,2025-06-22,14,6
2025-06-22 15:00:00+00:00,35.07,2025-06-22,15,6
2025-06-22 16:00:00+00:00,35.07,2025-06-22,16,6
2025-06-22 17:00:00+00:00,36.68,2025-06-22,17,6
2025-06-22 18:00:00+00:00,41.53,2025-06-22,18,6
2025-06-22 19:00:00+00:00,43.68,2025-06-22,19,6
2025-06-22 20:00:00+00:00,44.49,2025-06-22,20,6
2025-06-22 21:00:00+00:00,45.89,2025-06-22,21,6
2025-06-22 22:00:00+00:00,46.94,2025-06-22,22,6
2025-06-22 23:00:00+00:00,47.8,2025-06-22,23,6
2025-06-23 00:00:00+00:00,48.4,2025-06-23,0,0
2025-06-23 01:00:00+00:00,49.03,2025-06-23,1,0
2025-06-23 02:00:00+00:00,50.23,2025-06-23,2,0
2025-06-23 03:00:00+00:00,50.75,2025-06-23,3,0
2025-06-23 04:00:00+00:00,51.38,2025-06-23,4,0
2025-06-23 05:00:00+00:00,51.86,2025-06-23,5,0
2025-06-23 06:00:00+00:00,52.05,2025-06-23,6,0
2025-06-23 07:00:00+00:00,46.32,2025-06-23,7,0
2025-06-23 08:00:00+00:00,41.82,2025-06-23,8,0
2025-06-23 09:00:00+00:00,39.15,2025-06-23,9,0
2025-06-23 10:00:00+00:00,35.19,2025-06-23,10,0
2025-06-23 11:00:00+00:00,39.4,2025-06-23,11,0
2025-06-23 12:00:00+00:00,36.59,2025-06-23,12,0
2025-06-23 13:00:00+00:00,37.34,2025-06-23,13,0
2025-06-23 14:00:00+00:00,41.0,2025-06-23,14,0
2025-06-23 15:00:00+00:00,43.07,2025-06-23,15,0
2025-06-23 16:00:00+00:00,43.69,2025-06-23,16,0
2025-06-23 17:00:00+00:00,43.7,2025-06-23,17,0
2025-06-23 18:00:00+00:00,44.41,2025-06-23,18,0
2025-06-23 19:00:00+00:00,46.09,2025-06-23,19,0
2025-06-23 20:00:00+00:00,47.49,2025-06-23,20,0
2025-06-23 21:00:00+00:00,48.33,2025-06-23,21,0
2025-06-23 22:00:00+00:00,48.66,2025-06-23,22,0
2025-06-23 23:00:00+00:00,48.89,2025-06-23,23,0
2025-06-24 00:00:00+00:00,49.01,2025-06-24,0,1
2025-06-24 01:00:00+00:00,49.28,2025-06-24,1,1
2025-06-24 02:00:00+00:00,49.38,2025-06-24,2,1
2025-06-24 03:00:00+00:00,49.51,2025-06-24,3,1
2025-06-24 04:00:00+00:00,49.57,2025-06-24,4,1
2025-06-24 05:00:00+00:00,49.44,2025-06-24,5,1
2025-06-24 06:00:00+00:00,49.28,2025-06-24,6,1
2025-06-24 07:00:00+00:00,49.25,2025-06-24,7,1
2025-06-24 08:00:00+00:00,46.25,2025-06-24,8,1
2025-06-24 09:00:00+00:00,37.79,2025-06-24,9,1
2025-06-24 10:00:00+00:00,38.69,2025-06-24,10,1
2025-06-24 11:00:00+00:00,42.55,2025-06-24,11,1
2025-06-24 12:00:00+00:00,38.0,2025-06-24,12,1
2025-06-24 13:00:00+00:00,34.09,2025-06-24,13,1
2025-06-24 14:00:00+00:00,33.66,2025-06-24,14,1
2025-06-24 15:00:00+00:00,34.02,2025-06-24,15,1
2025-06-24 16:00:00+00:00,37.08,2025-06-24,16,1
2025-06-24 17:00:00+00:00,37.91,2025-06-24,17,1
2025-06-24 18:00:00+00:00,38.36,2025-06-24,18,1
2025-06-24 19:00:00+00:00,38.75,2025-06-24,19,1
2025-06-24 20:00:00+00:00,40.36,2025-06-24,20,1
2025-06-24 21:00:00+00:00,41.4,2025-06-24,21,1
2025-06-24 22:00:00+00:00,42.36,2025-06-24,22,1
2025-06-24 23:00:00+00:00,43.49,2025-06-24,23,1
2025-06-25 00:00:00+00:00,44.1,2025-06-25,0,2
2025-06-25 01:00:00+00:00,44.56,2025-06-25,1,2
2025-06-25 02:00:00+00:00,45.0,2025-06-25,2,2
2025-06-25 03:00:00+00:00,45.02,2025-06-25,3,2
2025-06-25 04:00:00+00:00,44.83,2025-06-25,4,2
2025-06-25 05:00:00+00:00,44.61,2025-06-25,5,2
2025-06-25 06:00:00+00:00,44.11,2025-06-25,6,2
2025-06-25 07:00:00+00:00,36.36,2025-06-25,7,2
2025-06-25 08:00:00+00:00,33.41,2025-06-25,8,2
2025-06-25 09:00:00+00:00,32.82,2025-06-25,9,2
2025-06-25 10:00:00+00:00,32.36,2025-06-25,10,2
2025-06-25 11:00:00+00:00,32.29,2025-06-25,11,2
2025-06-25 12:00:00+00:00,32.47,2025-06-25,12,2
2025-06-25 13:00:00+00:00,32.75,2025-06-25,13,2
2025-06-25 14:00:00+00:00,33.07,2025-06-25,14,2
2025-06-25 15:00:00+00:00,33.25,2025-06-25,15,2
2025-06-25 16:00:00+00:00,32.9,2025-06-25,16,2
2025-06-25 17:00:00+00:00,32.65,2025-06-25,17,2
2025-06-25 18:00:00+00:00,38.2,2025-06-25,18,2
2025-06-25 19:00:00+00:00,42.03,2025-06-25,19,2
2025-06-25 20:00:00+00:00,44.14,2025-06-25,20,2
2025-06-25 21:00:00+00:00,44.97,2025-06-25,21,2
2025-06-25 22:00:00+00:00,45.42,2025-06-25,22,2
2025-06-25 23:00:00+00:00,46.08,2025-06-25,23,2
2025-06-26 00:00:00+00:00,46.52,2025-06-26,0,3
2025-06-26 01:00:00+00:00,46.84,2025-06-26,1,3
2025-06-26 02:00:00+00:00,47.45,2025-06-26,2,3
2025-06-26 03:00:00+00:00,48.22,2025-06-26,3,3
2025-06-26 04:00:00+00:00,48.88,2025-06-26,4,3
2025-06-26 05:00:00+00:00,49.5,2025-06-26,5,3
2025-06-26 06:00:00+00:00,42.57,2025-06-26,6,3
2025-06-26 07:00:00+00:00,37.36,2025-06-26,7,3
2025-06-26 08:00:00+00:00,34.79,2025-06-26,8,3
2025-06-26 09:00:00+00:00,34.04,2025-06-26,9,3
2025-06-26 10:00:00+00:00,34.16,2025-06-26,10,3
2025-06-26 11:00:00+00:00,34.02,2025-06-26,11,3
2025-06-26 12:00:00+00:00,34.46,2025-06-26,12,3
2025-06-26 13:00:00+00:00,35.24,2025-06-26,13,3
2025-06-26 14:00:00+00:00,40.88,2025-06-26,14,3
2025-06-26 15:00:00+00:00,43.32,2025-06-26,15,3
2025-06-26 16:00:00+00:00,45.77,2025-06-26,16,3
2025-06-26 17:00:00+00:00,46.29,2025-06-26,17,3
2025-06-26 18:00:00+00:00,46.43,2025-06-26,18,3
2025-06-26 19:00:00+00:00,46.75,2025-06-26,19,3
2025-06-26 20:00:00+00:00,47.61,2025-06-26,20,3
2025-06-26 21:00:00+00:00,48.24,2025-06-26,21,3
2025-06-26 22:00:00+00:00,48.63,2025-06-26,22,3
2025-06-26 23:00:00+00:00,48.86,2025-06-26,23,3
2025-06-27 00:00:00+00:00,49.49,2025-06-27,0,4
2025-06-27 01:00:00+00:00,50.02,2025-06-27,1,4
2025-06-27 02:00:00+00:00,50.31,2025-06-27,2,4
2025-06-27 03:00:00+00:00,50.63,2025-06-27,3,4
2025-06-27 04:00:00+00:00,51.25,2025-06-27,4,4
2025-06-27 05:00:00+00:00,49.94,2025-06-27,5,4
2025-06-27 06:00:00+00:00,39.05,2025-06-27,6,4
2025-06-27 07:00:00+00:00,35.43,2025-06-27,7,4
2025-06-27 08:00:00+00:00,34.65,2025-06-27,8,4
2025-06-27 09:00:00+00:00,34.47,2025-06-27,9,4
2025-06-27 10:00:00+00:00,34.16,2025-06-27,10,4
2025-06-27 11:00:00+00:00,33.91,2025-06-27,11,4
2025-06-27 12:00:00+00:00,34.37,2025-06-27,12,4
2025-06-27 13:00:00+00:00,34.22,2025-06-27,13,4
2025-06-27 14:00:00+00:00,34.25,2025-06-27,14,4
2025-06-27 15:00:00+00:00,38.62,2025-06-27,15,4
2025-06-27 16:00:00+00:00,41.79,2025-06-27,16,4
2025-06-27 17:00:00+00:00,43.75,2025-06-27,17,4
2025-06-27 18:00:00+00:00,45.21,2025-06-27,18,4
2025-06-27 19:00:00+00:00,46.6,2025-06-27,19,4
2025-06-27 20:00:00+00:00,48.35,2025-06-27,20,4
2025-06-27 21:00:00+00:00,49.58,2025-06-27,21,4
2025-06-27 22:00:00+00:00,49.89,2025-06-27,22,4
2025-06-27 23:00:00+00:00,49.99,2025-06-27,23,4
2025-06-28 00:00:00+00:00,50.04,2025-06-28,0,5
2025-06-28 01:00:00+00:00,50.18,2025-06-28,1,5
2025-06-28 02:00:00+00:00,50.36,2025-06-28,2,5
2025-06-28 03:00:00+00:00,50.52,2025-06-28,3,5
2025-06-28 04:00:00+00:00,50.67,2025-06-28,4,5
2025-06-28 05:00:00+00:00,50.81,2025-06-28,5,5
2025-06-28 06:00:00+00:00,51.01,2025-06-28,6,5
2025-06-28 07:00:00+00:00,50.71,2025-06-28,7,5
2025-06-28 08:00:00+00:00,49.76,2025-06-28,8,5
2025-06-28 09:00:00+00:00,40.57,2025-06-28,9,5
2025-06-28 10:00:00+00:00,35.29,2025-06-28,10,5
2025-06-28 11:00:00+00:00,39.2,2025-06-28,11,5
2025-06-28 12:00:00+00:00,41.27,2025-06-28,12,5
2025-06-28 13:00:00+00:00,34.65,2025-06-28,13,5
2025-06-28 14:00:00+00:00,39.67,2025-06-28,14,5
2025-06-28 15:00:00+00:00,33.8,2025-06-28,15,5
2025-06-28 16:00:00+00:00,38.27,2025-06-28,16,5
2025-06-28 17:00:00+00:00,43.12,2025-06-28,17,5
2025-06-28 18:00:00+00:00,45.57,2025-06-28,18,5
2025-06-28 19:00:00+00:00,46.45,2025-06-28,19,5
2025-06-28 20:00:00+00:00,46.99,2025-06-28,20,5
2025-06-28 21:00:00+00:00,47.86,2025-06-28,21,5
2025-06-28 22:00:00+00:00,48.64,2025-06-28,22,5
2025-06-28 23:00:00+00:00,48.93,2025-06-28,23,5
2025-06-29 00:00:00+00:00,49.2,2025-06-29,0,6
2025-06-29 01:00:00+00:00,49.34,2025-06-29,1,6
2025-06-29 02:00:00+00:00,49.48,2025-06-29,2,6
2025-06-29 03:00:00+00:00,49.99,2025-06-29,3,6
2025-06-29 04:00:00+00:00,50.27,2025-06-29,4,6
2025-06-29 05:00:00+00:00,50.62,2025-06-29,5,6
2025-06-29 06:00:00+00:00,49.54,2025-06-29,6,6
2025-06-29 07:00:00+00:00,37.77,2025-06-29,7,6
2025-06-29 08:00:00+00:00,34.0,2025-06-29,8,6
2025-06-29 09:00:00+00:00,35.07,2025-06-29,9,6
2025-06-29 10:00:00+00:00,36.31,2025-06-29,10,6
2025-06-29 11:00:00+00:00,35.4,2025-06-29,11,6
2025-06-29 12:00:00+00:00,37.02,2025-06-29,12,6
2025-06-29 13:00:00+00:00,37.26,2025-06-29,13,6
2025-06-29 14:00:00+00:00,36.65,2025-06-29,14,6
2025-06-29 15:00:00+00:00,35.84,2025-06-29,15,6
2025-06-29 16:00:00+00:00,42.86,2025-06-29,16,6
2025-06-29 17:00:00+00:00,44.74,2025-06-29,17,6
2025-06-29 18:00:00+00:00,45.32,2025-06-29,18,6
2025-06-29 19:00:00+00:00,45.62,2025-06-29,19,6
2025-06-29 20:00:00+00:00,46.64,2025-06-29,20,6
2025-06-29 21:00:00+00:00,47.33,2025-06-29,21,6
2025-06-29 22:00:00+00:00,48.24,2025-06-29,22,6
2025-06-29 23:00:00+00:00,48.62,2025-06-29,23,6
2025-06-30 00:00:00+00:00,48.4,2025-06-30,0,0
2025-06-30 01:00:00+00:00,48.22,2025-06-30,1,0
2025-06-30 02:00:00+00:00,48.21,2025-06-30,2,0
2025-06-30 03:00:00+00:00,48.17,2025-06-30,3,0
2025-06-30 04:00:00+00:00,47.98,2025-06-30,4,0
2025-06-30 05:00:00+00:00,47.69,2025-06-30,5,0
2025-06-30 06:00:00+00:00,40.56,2025-06-30,6,0
2025-06-30 07:00:00+00:00,33.92,2025-06-30,7,0
2025-06-30 08:00:00+00:00,34.77,2025-06-30,8,0
2025-06-30 09:00:00+00:00,34.18,2025-06-30,9,0
2025-06-30 10:00:00+00:00,33.98,2025-06-30,10,0
2025-06-30 11:00:00+00:00,32.23,2025-06-30,11,0
2025-06-30 12:00:00+00:00,31.28,2025-06-30,12,0
2025-06-30 13:00:00+00:00,31.86,2025-06-30,13,0
2025-06-30 14:00:00+00:00,31.2,2025-06-30,14,0
2025-06-30 15:00:00+00:00,31.0,2025-06-30,15,0
2025-06-30 16:00:00+00:00,33.91,2025-06-30,16,0
2025-06-30 17:00:00+00:00,37.47,2025-06-30,17,0
2025-06-30 18:00:00+00:00,41.86,2025-06-30,18,0
2025-06-30 19:00:00+00:00,44.38,2025-06-30,19,0
2025-06-30 20:00:00+00:00,45.99,2025-06-30,20,0
2025-06-30 21:00:00+00:00,46.39,2025-06-30,21,0
2025-06-30 22:00:00+00:00,46.58,2025-06-30,22,0
2025-06-30 23:00:00+00:00,47.46,2025-06-30,23,0
2025-07-01 00:00:00+00:00,47.87,2025-07-01,0,1
2025-07-01 01:00:00+00:00,48.22,2025-07-01,1,1
2025-07-01 02:00:00+00:00,48.51,2025-07-01,2,1
2025-07-01 03:00:00+00:00,48.85,2025-07-01,3,1
2025-07-01 04:00:00+00:00,49.09,2025-07-01,4,1
2025-07-01 05:00:00+00:00,48.74,2025-07-01,5,1
2025-07-01 06:00:00+00:00,47.54,2025-07-01,6,1
2025-07-01 07:00:00+00:00,47.05,2025-07-01,7,1
2025-07-01 08:00:00+00:00,46.28,2025-07-01,8,1
2025-07-01 09:00:00+00:00,45.06,2025-07-01,9,1
2025-07-01 10:00:00+00:00,44.81,2025-07-01,10,1
2025-07-01 11:00:00+00:00,44.51,2025-07-01,11,1
2025-07-01 12:00:00+00:00,44.29,2025-07-01,12,1
2025-07-01 13:00:00+00:00,43.79,2025-07-01,13,1
2025-07-01 14:00:00+00:00,43.51,2025-07-01,14,1
2025-07-01 15:00:00+00:00,43.42,2025-07-01,15,1
2025-07-01 16:00:00+00:00,43.72,2025-07-01,16,1
2025-07-01 17:00:00+00:00,44.16,2025-07-01,17,1
2025-07-01 18:00:00+00:00,44.86,2025-07-01,18,1
2025-07-01 19:00:00+00:00,46.02,2025-07-01,19,1
2025-07-01 20:00:00+00:00,46.9,2025-07-01,20,1
2025-07-01 21:00:00+00:00,47.45,2025-07-01,21,1
2025-07-01 22:00:00+00:00,47.72,2025-07-01,22,1
2025-07-01 23:00:00+00:00,48.12,2025-07-01,23,1
2025-07-02 00:00:00+00:00,48.33,2025-07-02,0,2
2025-07-02 01:00:00+00:00,48.8,2025-07-02,1,2
2025-07-02 02:00:00+00:00,49.22,2025-07-02,2,2
2025-07-02 03:00:00+00:00,50.38,2025-07-02,3,2
2025-07-02 04:00:00+00:00,50.81,2025-07-02,4,2
2025-07-02 05:00:00+00:00,51.45,2025-07-02,5,2
2025-07-02 06:00:00+00:00,51.35,2025-07-02,6,2
2025-07-02 07:00:00+00:00,50.48,2025-07-02,7,2
2025-07-02 08:00:00+00:00,49.84,2025-07-02,8,2
2025-07-02 09:00:00+00:00,49.23,2025-07-02,9,2
2025-07-02 10:00:00+00:00,41.49,2025-07-02,10,2
2025-07-02 11:00:00+00:00,32.21,2025-07-02,11,2
2025-07-02 12:00:00+00:00,32.42,2025-07-02,12,2
2025-07-02 13:00:00+00:00,33.05,2025-07-02,13,2
2025-07-02 14:00:00+00:00,36.41,2025-07-02,14,2
2025-07-02 15:00:00+00:00,38.81,2025-07-02,15,2
2025-07-02 16:00:00+00:00,40.2,2025-07-02,16,2
2025-07-02 17:00:00+00:00,43.2,2025-07-02,17,2
2025-07-02 18:00:00+00:00,44.15,2025-07-02,18,2
2025-07-02 19:00:00+00:00,44.53,2025-07-02,19,2
2025-07-02 20:00:00+00:00,45.63,2025-07-02,20,2
2025-07-02 21:00:00+00:00,46.29,2025-07-02,21,2
2025-07-02 22:00:00+00:00,46.5,2025-07-02,22,2
2025-07-02 23:00:00+00:00,46.74,2025-07-02,23,2
2025-07-03 00:00:00+00:00,47.39,2025-07-03,0,3
2025-07-03 01:00:00+00:00,48.29,2025-07-03,1,3
2025-07-03 02:00:00+00:00,48.39,2025-07-03,2,3
2025-07-03 03:00:00+00:00,48.95,2025-07-03,3,3
2025-07-03 04:00:00+00:00,49.28,2025-07-03,4,3
2025-07-03 05:00:00+00:00,47.12,2025-07-03,5,3
2025-07-03 06:00:00+00:00,34.92,2025-07-03,6,3
2025-07-03 07:00:00+00:00,35.84,2025-07-03,7,3
2025-07-03 08:00:00+00:00,35.36,2025-07-03,8,3
2025-07-03 09:00:00+00:00,33.32,2025-07-03,9,3
2025-07-03 10:00:00+00:00,32.73,2025-07-03,10,3
2025-07-03 11:00:00+00:00,34.11,2025-07-03,11,3
2025-07-03 12:00:00+00:00,35.15,2025-07-03,12,3
2025-07-03 13:00:00+00:00,34.63,2025-07-03,13,3
2025-07-03 14:00:00+00:00,37.31,2025-07-03,14,3
2025-07-03 15:00:00+00:00,34.13,2025-07-03,15,3
2025-07-03 16:00:00+00:00,36.73,2025-07-03,16,3
2025-07-03 17:00:00+00:00,41.05,2025-07-03,17,3
2025-07-03 18:00:00+00:00,43.36,2025-07-03,18,3
2025-07-03 19:00:00+00:00,45.09,2025-07-03,19,3
2025-07-03 20:00:00+00:00,46.0,2025-07-03,20,3
2025-07-03 21:00:00+00:00,47.4,2025-07-03,21,3
2025-07-03 22:00:00+00:00,48.52,2025-07-03,22,3
2025-07-03 23:00:00+00:00,49.47,2025-07-03,23,3
2025-07-04 00:00:00+00:00,49.95,2025-07-04,0,4
2025-07-04 01:00:00+00:00,50.44,2025-07-04,1,4
2025-07-04 02:00:00+00:00,51.77,2025-07-04,2,4
2025-07-04 03:00:00+00:00,52.72,2025-07-04,3,4
2025-07-04 04:00:00+00:00,52.97,2025-07-04,4,4
2025-07-04 05:00:00+00:00,52.81,2025-07-04,5,4
2025-07-04 06:00:00+00:00,39.37,2025-07-04,6,4
2025-07-04 07:00:00+00:00,33.97,2025-07-04,7,4
2025-07-04 08:00:00+00:00,34.26,2025-07-04,8,4
2025-07-04 09:00:00+00:00,32.27,2025-07-04,9,4
2025-07-04 10:00:00+00:00,33.09,2025-07-04,10,4
2025-07-04 11:00:00+00:00,35.77,2025-07-04,11,4
2025-07-04 12:00:00+00:00,35.67,2025-07-04,12,4
2025-07-04 13:00:00+00:00,42.34,2025-07-04,13,4
2025-07-04 14:00:00+00:00,44.24,2025-07-04,14,4
2025-07-04 15:00:00+00:00,44.83,2025-07-04,15,4
2025-07-04 16:00:00+00:00,44.89,2025-07-04,16,4
2025-07-04 17:00:00+00:00,45.23,2025-07-04,17,4
2025-07-04 18:00:00+00:00,45.66,2025-07-04,18,4
2025-07-04 19:00:00+00:00,46.79,2025-07-04,19,4
2025-07-04 20:00:00+00:00,47.55,2025-07-04,20,4
2025-07-04 21:00:00+00:00,48.08,2025-07-04,21,4
2025-07-04 22:00:00+00:00,48.86,2025-07-04,22,4
2025-07-04 23:00:00+00:00,49.58,2025-07-04,23,4
2025-07-05 00:00:00+00:00,50.3,2025-07-05,0,5
2025-07-05 01:00:00+00:00,51.05,2025-07-05,1,5
2025-07-05 02:00:00+00:00,51.43,2025-07-05,2,5
2025-07-05 03:00:00+00:00,52.04,2025-07-05,3,5
2025-07-05 04:00:00+00:00,52.22,2025-07-05,4,5
2025-07-05 05:00:00+00:00,52.06,2025-07-05,5,5
2025-07-05 06:00:00+00:00,51.89,2025-07-05,6,5
2025-07-05 07:00:00+00:00,51.68,2025-07-05,7,5
2025-07-05 08:00:00+00:00,51.43,2025-07-05,8,5
2025-07-05 09:00:00+00:00,51.06,2025-07-05,9,5
2025-07-05 10:00:00+00:00,50.66,2025-07-05,10,5
2025-07-05 11:00:00+00:00,49.99,2025-07-05,11,5
2025-07-05 12:00:00+00:00,49.09,2025-07-05,12,5
2025-07-05 13:00:00+00:00,48.25,2025-07-05,13,5
2025-07-05 14:00:00+00:00,48.07,2025-07-05,14,5
2025-07-05 15:00:00+00:00,48.59,2025-07-05,15,5
2025-07-05 16:00:00+00:00,49.12,2025-07-05,16,5
2025-07-05 17:00:00+00:00,49.88,2025-07-05,17,5
2025-07-05 18:00:00+00:00,50.45,2025-07-05,18,5
2025-07-05 19:00:00+00:00,48.69,2025-07-05,19,5
2025-07-05 20:00:00+00:00,45.98,2025-07-05,20,5
2025-07-05 21:00:00+00:00,44.26,2025-07-05,21,5
2025-07-05 22:00:00+00:00,44.08,2025-07-05,22,5
2025-07-05 23:00:00+00:00,46.56,2025-07-05,23,5
2025-07-06 00:00:00+00:00,47.72,2025-07-06,0,6
2025-07-06 01:00:00+00:00,47.87,2025-07-06,1,6
2025-07-06 02:00:00+00:00,47.81,2025-07-06,2,6
2025-07-06 03:00:00+00:00,48.42,2025-07-06,3,6
2025-07-06 04:00:00+00:00,48.74,2025-07-06,4,6
2025-07-06 05:00:00+00:00,48.98,2025-07-06,5,6
2025-07-06 06:00:00+00:00,49.17,2025-07-06,6,6
2025-07-06 07:00:00+00:00,49.11,2025-07-06,7,6
2025-07-06 08:00:00+00:00,48.6,2025-07-06,8,6
2025-07-06 09:00:00+00:00,48.11,2025-07-06,9,6
2025-07-06 10:00:00+00:00,47.69,2025-07-06,10,6
2025-07-06 11:00:00+00:00,47.08,2025-07-06,11,6
2025-07-06 12:00:00+00:00,46.14,2025-07-06,12,6
2025-07-06 13:00:00+00:00,45.25,2025-07-06,13,6
2025-07-06 14:00:00+00:00,45.0,2025-07-06,14,6
2025-07-06 15:00:00+00:00,45.11,2025-07-06,15,6
2025-07-06 16:00:00+00:00,45.34,2025-07-06,16,6
2025-07-06 17:00:00+00:00,45.79,2025-07-06,17,6
2025-07-06 18:00:00+00:00,46.49,2025-07-06,18,6
2025-07-06 19:00:00+00:00,47.52,2025-07-06,19,6
2025-07-06 20:00:00+00:00,49.31,2025-07-06,20,6
2025-07-06 21:00:00+00:00,50.59,2025-07-06,21,6
2025-07-06 22:00:00+00:00,51.26,2025-07-06,22,6
2025-07-06 23:00:00+00:00,51.69,2025-07-06,23,6
2025-07-07 00:00:00+00:00,52.01,2025-07-07,0,0
2025-07-07 01:00:00+00:00,52.23,2025-07-07,1,0
2025-07-07 02:00:00+00:00,52.24,2025-07-07,2,0
2025-07-07 03:00:00+00:00,52.64,2025-07-07,3,0
2025-07-07 04:00:00+00:00,52.84,2025-07-07,4,0
2025-07-07 05:00:00+00:00,52.64,2025-07-07,5,0
2025-07-07 06:00:00+00:00,52.17,2025-07-07,6,0
2025-07-07 07:00:00+00:00,51.61,2025-07-07,7,0
2025-07-07 08:00:00+00:00,50.74,2025-07-07,8,0
2025-07-07 09:00:00+00:00,49.49,2025-07-07,9,0
2025-07-07 10:00:00+00:00,48.92,2025-07-07,10,0
2025-07-07 11:00:00+00:00,48.48,2025-07-07,11,0
2025-07-07 12:00:00+00:00,48.68,2025-07-07,12,0
2025-07-07 13:00:00+00:00,48.68,2025-07-07,13,0
2025-07-07 14:00:00+00:00,48.89,2025-07-07,14,0
2025-07-07 15:00:00+00:00,48.94,2025-07-07,15,0
2025-07-07 16:00:00+00:00,49.17,2025-07-07,16,0
2025-07-07 17:00:00+00:00,49.44,2025-07-07,17,0
2025-07-07 18:00:00+00:00,49.76,2025-07-07,18,0
2025-07-07 19:00:00+00:00,49.95,2025-07-07,19,0
2025-07-07 20:00:00+00:00,50.39,2025-07-07,20,0
2025-07-07 21:00:00+00:00,50.71,2025-07-07,21,0
2025-07-07 22:00:00+00:00,51.04,2025-07-07,22,0
2025-07-07 23:00:00+00:00,51.46,2025-07-07,23,0
2025-07-08 00:00:00+00:00,51.83,2025-07-08,0,1
2025-07-08 01:00:00+00:00,51.71,2025-07-08,1,1
2025-07-08 02:00:00+00:00,51.5,2025-07-08,2,1
2025-07-08 03:00:00+00:00,51.09,2025-07-08,3,1
2025-07-08 04:00:00+00:00,50.69,2025-07-08,4,1
2025-07-08 05:00:00+00:00,49.86,2025-07-08,5,1
2025-07-08 06:00:00+00:00,48.98,2025-07-08,6,1
2025-07-08 07:00:00+00:00,48.3,2025-07-08,7,1
2025-07-08 08:00:00+00:00,47.97,2025-07-08,8,1
2025-07-08 09:00:00+00:00,47.43,2025-07-08,9,1
2025-07-08 10:00:00+00:00,47.0,2025-07-08,10,1
2025-07-08 11:00:00+00:00,46.31,2025-07-08,11,1
2025-07-08 12:00:00+00:00,45.97,2025-07-08,12,1
2025-07-08 13:00:00+00:00,45.57,2025-07-08,13,1
2025-07-08 14:00:00+00:00,45.76,2025-07-08,14,1
2025-07-08 15:00:00+00:00,45.86,2025-07-08,15,1
2025-07-08 16:00:00+00:00,46.31,2025-07-08,16,1
2025-07-08 17:00:00+00:00,46.48,2025-07-08,17,1
2025-07-08 18:00:00+00:00,46.48,2025-07-08,18,1
2025-07-08 19:00:00+00:00,46.76,2025-07-08,19,1
2025-07-08 20:00:00+00:00,47.16,2025-07-08,20,1
2025-07-08 21:00:00+00:00,47.66,2025-07-08,21,1
2025-07-08 22:00:00+00:00,48.02,2025-07-08,22,1
2025-07-08 23:00:00+00:00,48.87,2025-07-08,23,1
2025-07-09 00:00:00+00:00,49.5,2025-07-09,0,2
2025-07-09 01:00:00+00:00,50.01,2025-07-09,1,2
2025-07-09 02:00:00+00:00,50.63,2025-07-09,2,2
2025-07-09 03:00:00+00:00,51.04,2025-07-09,3,2
2025-07-09 04:00:00+00:00,51.53,2025-07-09,4,2
2025-07-09 05:00:00+00:00,52.14,2025-07-09,5,2
2025-07-09 06:00:00+00:00,52.85,2025-07-09,6,2
2025-07-09 07:00:00+00:00,53.28,2025-07-09,7,2
2025-07-09 08:00:00+00:00,53.15,2025-07-09,8,2
2025-07-09 09:00:00+00:00,53.35,2025-07-09,9,2
2025-07-09 10:00:00+00:00,53.16,2025-07-09,10,2
2025-07-09 11:00:00+00:00,52.8,2025-07-09,11,2
2025-07-09 12:00:00+00:00,52.5,2025-07-09,12,2
2025-07-09 13:00:00+00:00,52.3,2025-07-09,13,2
2025-07-09 14:00:00+00:00,52.19,2025-07-09,14,2
2025-07-09 15:00:00+00:00,52.49,2025-07-09,15,2
2025-07-09 16:00:00+00:00,52.44,2025-07-09,16,2
2025-07-09 17:00:00+00:00,52.5,2025-07-09,17,2
2025-07-09 18:00:00+00:00,52.04,2025-07-09,18,2
2025-07-09 19:00:00+00:00,51.83,2025-07-09,19,2
2025-07-09 20:00:00+00:00,52.08,2025-07-09,20,2
2025-07-09 21:00:00+00:00,52.32,2025-07-09,21,2
2025-07-09 22:00:00+00:00,52.81,2025-07-09,22,2
2025-07-09 23:00:00+00:00,53.2,2025-07-09,23,2
2025-07-10 00:00:00+00:00,53.38,2025-07-10,0,3
2025-07-10 01:00:00+00:00,53.56,2025-07-10,1,3
2025-07-10 02:00:00+00:00,53.7,2025-07-10,2,3
2025-07-10 03:00:00+00:00,53.93,2025-07-10,3,3
2025-07-10 04:00:00+00:00,54.11,2025-07-10,4,3
2025-07-10 05:00:00+00:00,54.32,2025-07-10,5,3
2025-07-10 06:00:00+00:00,54.54,2025-07-10,6,3
2025-07-10 07:00:00+00:00,54.8,2025-07-10,7,3
2025-07-10 08:00:00+00:00,55.15,2025-07-10,8,3
2025-07-10 09:00:00+00:00,55.31,2025-07-10,9,3
2025-07-10 10:00:00+00:00,55.22,2025-07-10,10,3
2025-07-10 11:00:00+00:00,55.24,2025-07-10,11,3
2025-07-10 12:00:00+00:00,55.44,2025-07-10,12,3
2025-07-10 13:00:00+00:00,55.45,2025-07-10,13,3
2025-07-10 14:00:00+00:00,55.22,2025-07-10,14,3
2025-07-10 15:00:00+00:00,54.99,2025-07-10,15,3
2025-07-10 16:00:00+00:00,54.72,2025-07-10,16,3
2025-07-10 17:00:00+00:00,53.97,2025-07-10,17,3
2025-07-10 18:00:00+00:00,53.57,2025-07-10,18,3
2025-07-10 19:00:00+00:00,53.77,2025-07-10,19,3
2025-07-10 20:00:00+00:00,54.48,2025-07-10,20,3
2025-07-10 21:00:00+00:00,54.79,2025-07-10,21,3
2025-07-10 22:00:00+00:00,54.99,2025-07-10,22,3
2025-07-10 23:00:00+00:00,55.24,2025-07-10,23,3
2025-07-11 00:00:00+00:00,55.52,2025-07-11,0,4
2025-07-11 01:00:00+00:00,55.83,2025-07-11,1,4
2025-07-11 02:00:00+00:00,56.26,2025-07-11,2,4
2025-07-11 03:00:00+00:00,56.51,2025-07-11,3,4
2025-07-11 04:00:00+00:00,56.73,2025-07-11,4,4
2025-07-11 05:00:00+00:00,57.85,2025-07-11,5,4
2025-07-11 06:00:00+00:00,57.98,2025-07-11,6,4
2025-07-11 07:00:00+00:00,57.69,2025-07-11,7,4
2025-07-11 08:00:00+00:00,57.16,2025-07-11,8,4
2025-07-11 09:00:00+00:00,56.82,2025-07-11,9,4
2025-07-11 10:00:00+00:00,56.07,2025-07-11,10,4
2025-07-11 11:00:00+00:00,55.39,2025-07-11,11,4
2025-07-11 12:00:00+00:00,55.15,2025-07-11,12,4
2025-07-11 13:00:00+00:00,54.93,2025-07-11,13,4
2025-07-11 14:00:00+00:00,54.75,2025-07-11,14,4
2025-07-11 15:00:00+00:00,54.31,2025-07-11,15,4
2025-07-11 16:00:00+00:00,53.71,2025-07-11,16,4
2025-07-11 17:00:00+00:00,53.49,2025-07-11,17,4
2025-07-11 18:00:00+00:00,53.25,2025-07-11,18,4
2025-07-11 19:00:00+00:00,53.68,2025-07-11,19,4
2025-07-11 20:00:00+00:00,54.6,2025-07-11,20,4
2025-07-11 21:00:00+00:00,55.16,2025-07-11,21,4
2025-07-11 22:00:00+00:00,55.77,2025-07-11,22,4
2025-07-11 23:00:00+00:00,56.1,2025-07-11,23,4
2025-07-12 00:00:00+00:00,56.11,2025-07-12,0,5
2025-07-12 01:00:00+00:00,56.19,2025-07-12,1,5
2025-07-12 02:00:00+00:00,56.33,2025-07-12,2,5
2025-07-12 03:00:00+00:00,56.37,2025-07-12,3,5
2025-07-12 04:00:00+00:00,56.56,2025-07-12,4,5
2025-07-12 05:00:00+00:00,56.56,2025-07-12,5,5
2025-07-12 06:00:00+00:00,56.47,2025-07-12,6,5
2025-07-12 07:00:00+00:00,56.34,2025-07-12,7,5
2025-07-12 08:00:00+00:00,56.12,2025-07-12,8,5
2025-07-12 09:00:00+00:00,55.82,2025-07-12,9,5
2025-07-12 10:00:00+00:00,55.77,2025-07-12,10,5
2025-07-12 11:00:00+00:00,55.21,2025-07-12,11,5
2025-07-12 12:00:00+00:00,54.84,2025-07-12,12,5
2025-07-12 13:00:00+00:00,54.5,2025-07-12,13,5
2025-07-12 14:00:00+00:00,53.73,2025-07-12,14,5
2025-07-12 15:00:00+00:00,53.41,2025-07-12,15,5
2025-07-12 16:00:00+00:00,52.62,2025-07-12,16,5
2025-07-12 17:00:00+00:00,50.72,2025-07-12,17,5
2025-07-12 18:00:00+00:00,49.57,2025-07-12,18,5
2025-07-12 19:00:00+00:00,48.51,2025-07-12,19,5
2025-07-12 20:00:00+00:00,48.71,2025-07-12,20,5
2025-07-12 21:00:00+00:00,48.82,2025-07-12,21,5
2025-07-12 22:00:00+00:00,48.53,2025-07-12,22,5
2025-07-12 23:00:00+00:00,48.52,2025-07-12,23,5
2025-07-13 00:00:00+00:00,48.23,2025-07-13,0,6
2025-07-13 01:00:00+00:00,48.18,2025-07-13,1,6
2025-07-13 02:00:00+00:00,47.75,2025-07-13,2,6
2025-07-13 03:00:00+00:00,46.97,2025-07-13,3,6
2025-07-13 04:00:00+00:00,46.02,2025-07-13,4,6
2025-07-13 05:00:00+00:00,45.83,2025-07-13,5,6
2025-07-13 06:00:00+00:00,45.57,2025-07-13,6,6
2025-07-13 07:00:00+00:00,45.28,2025-07-13,7,6
2025-07-13 08:00:00+00:00,45.06,2025-07-13,8,6
2025-07-13 09:00:00+00:00,45.18,2025-07-13,9,6
2025-07-13 10:00:00+00:00,45.18,2025-07-13,10,6
2025-07-13 11:00:00+00:00,45.08,2025-07-13,11,6
2025-07-13 12:00:00+00:00,45.17,2025-07-13,12,6
2025-07-13 13:00:00+00:00,45.4,2025-07-13,13,6
2025-07-13 14:00:00+00:00,45.55,2025-07-13,14,6
2025-07-13 15:00:00+00:00,45.93,2025-07-13,15,6
2025-07-13 16:00:00+00:00,46.27,2025-07-13,16,6
2025-07-13 17:00:00+00:00,47.04,2025-07-13,17,6
2025-07-13 18:00:00+00:00,47.89,2025-07-13,18,6
2025-07-13 19:00:00+00:00,48.4,2025-07-13,19,6
2025-07-13 20:00:00+00:00,49.31,2025-07-13,20,6
2025-07-13 21:00:00+00:00,50.1,2025-07-13,21,6
2025-07-13 22:00:00+00:00,50.59,2025-07-13,22,6
2025-07-13 23:00:00+00:00,51.15,2025-07-13,23,6
2025-07-14 00:00:00+00:00,52.01,2025-07-14,0,0
2025-07-14 01:00:00+00:00,52.27,2025-07-14,1,0
2025-07-14 02:00:00+00:00,52.85,2025-07-14,2,0
2025-07-14 03:00:00+00:00,52.83,2025-07-14,3,0
2025-07-14 04:00:00+00:00,53.19,2025-07-14,4,0
2025-07-14 05:00:00+00:00,53.32,2025-07-14,5,0
2025-07-14 06:00:00+00:00,53.34,2025-07-14,6,0
2025-07-14 07:00:00+00:00,53.24,2025-07-14,7,0
2025-07-14 08:00:00+00:00,52.99,2025-07-14,8,0
2025-07-14 09:00:00+00:00,52.82,2025-07-14,9,0
2025-07-14 10:00:00+00:00,52.7,2025-07-14,10,0
2025-07-14 11:00:00+00:00,52.51,2025-07-14,11,0
2025-07-14 12:00:00+00:00,52.4,2025-07-14,12,0
2025-07-14 13:00:00+00:00,52.35,2025-07-14,13,0
2025-07-14 14:00:00+00:00,52.36,2025-07-14,14,0
2025-07-14 15:00:00+00:00,52.19,2025-07-14,15,0
2025-07-14 16:00:00+00:00,52.09,2025-07-14,16,0
2025-07-14 17:00:00+00:00,51.91,2025-07-14,17,0
2025-07-14 18:00:00+00:00,51.73,2025-07-14,18,0
2025-07-14 19:00:00+00:00,51.55,2025-07-14,19,0
2025-07-14 20:00:00+00:00,51.88,2025-07-14,20,0
2025-07-14 21:00:00+00:00,52.33,2025-07-14,21,0
2025-07-14 22:00:00+00:00,52.92,2025-07-14,22,0
2025-07-14 23:00:00+00:00,53.4,2025-07-14,23,0
2025-07-15 00:00:00+00:00,53.81,2025-07-15,0,1
2025-07-15 01:00:00+00:00,54.02,2025-07-15,1,1
2025-07-15 02:00:00+00:00,54.04,2025-07-15,2,1
2025-07-15 03:00:00+00:00,53.86,2025-07-15,3,1
2025-07-15 04:00:00+00:00,53.39,2025-07-15,4,1
2025-07-15 05:00:00+00:00,52.97,2025-07-15,5,1
2025-07-15 06:00:00+00:00,52.57,2025-07-15,6,1
2025-07-15 07:00:00+00:00,52.42,2025-07-15,7,1
2025-07-15 08:00:00+00:00,51.68,2025-07-15,8,1
2025-07-15 09:00:00+00:00,50.83,2025-07-15,9,1
2025-07-15 10:00:00+00:00,50.37,2025-07-15,10,1
2025-07-15 11:00:00+00:00,50.1,2025-07-15,11,1
2025-07-15 12:00:00+00:00,49.98,2025-07-15,12,1
2025-07-15 13:00:00+00:00,50.2,2025-07-15,13,1
2025-07-15 14:00:00+00:00,50.62,2025-07-15,14,1
2025-07-15 15:00:00+00:00,50.76,2025-07-15,15,1
2025-07-15 16:00:00+00:00,51.4,2025-07-15,16,1
2025-07-15 17:00:00+00:00,51.77,2025-07-15,17,1
2025-07-15 18:00:00+00:00,51.01,2025-07-15,18,1
2025-07-15 19:00:00+00:00,50.73,2025-07-15,19,1
2025-07-15 20:00:00+00:00,50.99,2025-07-15,20,1
2025-07-15 21:00:00+00:00,50.9,2025-07-15,21,1
2025-07-15 22:00:00+00:00,51.0,2025-07-15,22,1
2025-07-15 23:00:00+00:00,51.29,2025-07-15,23,1
2025-07-16 00:00:00+00:00,51.41,2025-07-16,0,2
2025-07-16 01:00:00+00:00,51.93,2025-07-16,1,2
2025-07-16 02:00:00+00:00,52.01,2025-07-16,2,2
2025-07-16 03:00:00+00:00,51.96,2025-07-16,3,2
2025-07-16 04:00:00+00:00,51.89,2025-07-16,4,2
2025-07-16 05:00:00+00:00,51.59,2025-07-16,5,2
2025-07-16 06:00:00+00:00,51.36,2025-07-16,6,2
2025-07-16 07:00:00+00:00,51.22,2025-07-16,7,2
2025-07-16 08:00:00+00:00,50.6,2025-07-16,8,2
2025-07-16 09:00:00+00:00,50.36,2025-07-16,9,2
2025-07-16 10:00:00+00:00,49.77,2025-07-16,10,2
2025-07-16 11:00:00+00:00,48.48,2025-07-16,11,2
2025-07-16 12:00:00+00:00,47.36,2025-07-16,12,2
2025-07-16 13:00:00+00:00,46.56,2025-07-16,13,2
2025-07-16 14:00:00+00:00,46.09,2025-07-16,14,2
2025-07-16 15:00:00+00:00,46.02,2025-07-16,15,2
2025-07-16 16:00:00+00:00,45.98,2025-07-16,16,2
2025-07-16 17:00:00+00:00,45.56,2025-07-16,17,2
2025-07-16 18:00:00+00:00,46.08,2025-07-16,18,2
2025-07-16 19:00:00+00:00,47.25,2025-07-16,19,2
2025-07-16 20:00:00+00:00,48.09,2025-07-16,20,2
2025-07-16 21:00:00+00:00,48.88,2025-07-16,21,2
2025-07-16 22:00:00+00:00,49.46,2025-07-16,22,2
2025-07-16 23:00:00+00:00,49.89,2025-07-16,23,2
2025-07-17 00:00:00+00:00,49.62,2025-07-17,0,3
2025-07-17 01:00:00+00:00,49.21,2025-07-17,1,3
2025-07-17 02:00:00+00:00,48.85,2025-07-17,2,3
2025-07-17 03:00:00+00:00,48.64,2025-07-17,3,3
2025-07-17 04:00:00+00:00,48.45,2025-07-17,4,3
2025-07-17 05:00:00+00:00,48.14,2025-07-17,5,3
2025-07-17 06:00:00+00:00,48.14,2025-07-17,6,3
2025-07-17 07:00:00+00:00,48.34,2025-07-17,7,3
2025-07-17 08:00:00+00:00,48.34,2025-07-17,8,3
2025-07-17 09:00:00+00:00,48.8,2025-07-17,9,3
2025-07-17 10:00:00+00:00,49.28,2025-07-17,10,3
2025-07-17 11:00:00+00:00,50.3,2025-07-17,11,3
2025-07-17 12:00:00+00:00,51.14,2025-07-17,12,3
2025-07-17 13:00:00+00:00,52.16,2025-07-17,13,3
2025-07-17 14:00:00+00:00,53.06,2025-07-17,14,3
2025-07-17 15:00:00+00:00,53.02,2025-07-17,15,3
2025-07-17 16:00:00+00:00,52.35,2025-07-17,16,3
2025-07-17 17:00:00+00:00,52.53,2025-07-17,17,3
2025-07-17 18:00:00+00:00,52.49,2025-07-17,18,3
2025-07-17 19:00:00+00:00,52.82,2025-07-17,19,3
2025-07-17 20:00:00+00:00,53.88,2025-07-17,20,3
2025-07-17 21:00:00+00:00,54.25,2025-07-17,21,3
2025-07-17 22:00:00+00:00,54.67,2025-07-17,22,3
2025-07-17 23:00:00+00:00,54.85,2025-07-17,23,3
2025-07-18 00:00:00+00:00,54.75,2025-07-18,0,4
2025-07-18 01:00:00+00:00,54.66,2025-07-18,1,4
2025-07-18 02:00:00+00:00,54.56,2025-07-18,2,4
2025-07-18 03:00:00+00:00,54.61,2025-07-18,3,4
2025-07-18 04:00:00+00:00,54.74,2025-07-18,4,4
2025-07-18 05:00:00+00:00,54.74,2025-07-18,5,4
2025-07-18 06:00:00+00:00,54.75,2025-07-18,6,4
2025-07-18 07:00:00+00:00,54.74,2025-07-18,7,4
2025-07-18 08:00:00+00:00,54.76,2025-07-18,8,4
2025-07-18 09:00:00+00:00,54.62,2025-07-18,9,4
2025-07-18 10:00:00+00:00,54.55,2025-07-18,10,4
2025-07-18 11:00:00+00:00,54.54,2025-07-18,11,4
2025-07-18 12:00:00+00:00,54.5,2025-07-18,12,4
2025-07-18 13:00:00+00:00,54.44,2025-07-18,13,4
2025-07-18 14:00:00+00:00,54.4,2025-07-18,14,4
2025-07-18 15:00:00+00:00,54.41,2025-07-18,15,4
2025-07-18 16:00:00+00:00,54.47,2025-07-18,16,4
2025-07-18 17:00:00+00:00,54.77,2025-07-18,17,4
2025-07-18 18:00:00+00:00,55.38,2025-07-18,18,4
2025-07-18 19:00:00+00:00,55.87,2025-07-18,19,4
2025-07-18 20:00:00+00:00,56.26,2025-07-18,20,4
2025-07-18 21:00:00+00:00,56.6,2025-07-18,21,4
2025-07-18 22:00:00+00:00,56.98,2025-07-18,22,4
2025-07-18 23:00:00+00:00,57.16,2025-07-18,23,4
2025-07-19 00:00:00+00:00,57.37,2025-07-19,0,5
2025-07-19 01:00:00+00:00,57.53,2025-07-19,1,5
2025-07-19 02:00:00+00:00,57.92,2025-07-19,2,5
2025-07-19 03:00:00+00:00,58.25,2025-07-19,3,5
2025-07-19 04:00:00+00:00,58.44,2025-07-19,4,5
2025-07-19 05:00:00+00:00,58.75,2025-07-19,5,5
2025-07-19 06:00:00+00:00,59.33,2025-07-19,6,5
2025-07-19 07:00:00+00:00,59.28,2025-07-19,7,5
2025-07-19 08:00:00+00:00,58.42,2025-07-19,8,5
2025-07-19 09:00:00+00:00,57.47,2025-07-19,9,5
2025-07-19 10:00:00+00:00,55.96,2025-07-19,10,5
2025-07-19 11:00:00+00:00,53.76,2025-07-19,11,5
2025-07-19 12:00:00+00:00,52.03,2025-07-19,12,5
2025-07-19 13:00:00+00:00,52.06,2025-07-19,13,5
2025-07-19 14:00:00+00:00,52.07,2025-07-19,14,5
2025-07-19 15:00:00+00:00,52.06,2025-07-19,15,5
2025-07-19 16:00:00+00:00,52.08,2025-07-19,16,5
2025-07-19 17:00:00+00:00,52.01,2025-07-19,17,5
2025-07-19 18:00:00+00:00,51.99,2025-07-19,18,5
2025-07-19 19:00:00+00:00,52.2,2025-07-19,19,5
2025-07-19 20:00:00+00:00,52.74,2025-07-19,20,5
2025-07-19 21:00:00+00:00,53.23,2025-07-19,21,5
2025-07-19 22:00:00+00:00,53.74,2025-07-19,22,5
2025-07-19 23:00:00+00:00,54.0,2025-07-19,23,5
2025-07-20 00:00:00+00:00,54.31,2025-07-20,0,6
2025-07-20 01:00:00+00:00,54.56,2025-07-20,1,6
2025-07-20 02:00:00+00:00,54.74,2025-07-20,2,6
2025-07-20 03:00:00+00:00,54.84,2025-07-20,3,6
2025-07-20 04:00:00+00:00,54.67,2025-07-20,4,6
2025-07-20 05:00:00+00:00,54.41,2025-07-20,5,6
2025-07-20 06:00:00+00:00,53.76,2025-07-20,6,6
2025-07-20 07:00:00+00:00,53.39,2025-07-20,7,6
2025-07-20 08:00:00+00:00,52.14,2025-07-20,8,6
2025-07-20 09:00:00+00:00,49.33,2025-07-20,9,6
2025-07-20 10:00:00+00:00,43.11,2025-07-20,10,6
2025-07-20 11:00:00+00:00,37.76,2025-07-20,11,6
2025-07-20 12:00:00+00:00,35.34,2025-07-20,12,6
2025-07-20 13:00:00+00:00,34.49,2025-07-20,13,6
2025-07-20 14:00:00+00:00,33.28,2025-07-20,14,6
2025-07-20 15:00:00+00:00,33.87,2025-07-20,15,6
2025-07-20 16:00:00+00:00,35.97,2025-07-20,16,6
2025-07-20 17:00:00+00:00,37.76,2025-07-20,17,6
2025-07-20 18:00:00+00:00,39.04,2025-07-20,18,6
2025-07-20 19:00:00+00:00,40.0,2025-07-20,19,6
2025-07-20 20:00:00+00:00,40.85,2025-07-20,20,6
2025-07-20 21:00:00+00:00,41.53,2025-07-20,21,6
2025-07-20 22:00:00+00:00,42.14,2025-07-20,22,6
2025-07-20 23:00:00+00:00,42.31,2025-07-20,23,6
2025-07-21 00:00:00+00:00,41.49,2025-07-21,0,0
2025-07-21 01:00:00+00:00,40.95,2025-07-21,1,0
2025-07-21 02:00:00+00:00,40.55,2025-07-21,2,0
2025-07-21 03:00:00+00:00,40.37,2025-07-21,3,0
2025-07-21 04:00:00+00:00,40.92,2025-07-21,4,0
2025-07-21 05:00:00+00:00,40.63,2025-07-21,5,0
2025-07-21 06:00:00+00:00,40.19,2025-07-21,6,0
2025-07-21 07:00:00+00:00,40.45,2025-07-21,7,0
2025-07-21 08:00:00+00:00,40.37,2025-07-21,8,0
2025-07-21 09:00:00+00:00,40.23,2025-07-21,9,0
2025-07-21 10:00:00+00:00,40.86,2025-07-21,10,0
2025-07-21 11:00:00+00:00,41.64,2025-07-21,11,0
2025-07-21 12:00:00+00:00,41.69,2025-07-21,12,0
2025-07-21 13:00:00+00:00,41.47,2025-07-21,13,0
2025-07-21 14:00:00+00:00,41.05,2025-07-21,14,0
2025-07-21 15:00:00+00:00,40.25,2025-07-21,15,0
2025-07-21 16:00:00+00:00,40.49,2025-07-21,16,0
2025-07-21 17:00:00+00:00,42.09,2025-07-21,17,0
2025-07-21 18:00:00+00:00,43.18,2025-07-21,18,0
2025-07-21 19:00:00+00:00,43.88,2025-07-21,19,0
2025-07-21 20:00:00+00:00,45.15,2025-07-21,20,0
2025-07-21 21:00:00+00:00,45.92,2025-07-21,21,0
2025-07-21 22:00:00+00:00,46.46,2025-07-21,22,0
2025-07-21 23:00:00+00:00,46.84,2025-07-21,23,0
2025-07-22 00:00:00+00:00,47.47,2025-07-22,0,1
2025-07-22 01:00:00+00:00,47.94,2025-07-22,1,1
2025-07-22 02:00:00+00:00,48.53,2025-07-22,2,1
2025-07-22 03:00:00+00:00,48.76,2025-07-22,3,1
2025-07-22 04:00:00+00:00,49.05,2025-07-22,4,1
2025-07-22 05:00:00+00:00,49.05,2025-07-22,5,1
2025-07-22 06:00:00+00:00,49.47,2025-07-22,6,1
2025-07-22 07:00:00+00:00,49.46,2025-07-22,7,1
2025-07-22 08:00:00+00:00,49.56,2025-07-22,8,1
2025-07-22 09:00:00+00:00,49.54,2025-07-22,9,1
2025-07-22 10:00:00+00:00,49.33,2025-07-22,10,1
2025-07-22 11:00:00+00:00,49.29,2025-07-22,11,1
2025-07-22 12:00:00+00:00,49.17,2025-07-22,12,1
2025-07-22 13:00:00+00:00,49.15,2025-07-22,13,1
2025-07-22 14:00:00+00:00,49.19,2025-07-22,14,1
2025-07-22 15:00:00+00:00,49.68,2025-07-22,15,1
2025-07-22 16:00:00+00:00,50.12,2025-07-22,16,1
2025-07-22 17:00:00+00:00,50.12,2025-07-22,17,1
2025-07-22 18:00:00+00:00,49.73,2025-07-22,18,1
2025-07-22 19:00:00+00:00,49.57,2025-07-22,19,1
2025-07-22 20:00:00+00:00,49.8,2025-07-22,20,1
2025-07-22 21:00:00+00:00,49.98,2025-07-22,21,1
2025-07-22 22:00:00+00:00,50.25,2025-07-22,22,1
2025-07-22 23:00:00+00:00,50.61,2025-07-22,23,1
2025-07-23 00:00:00+00:00,50.95,2025-07-23,0,2
2025-07-23 01:00:00+00:00,51.23,2025-07-23,1,2
2025-07-23 02:00:00+00:00,51.51,2025-07-23,2,2
2025-07-23 03:00:00+00:00,51.62,2025-07-23,3,2
2025-07-23 04:00:00+00:00,51.93,2025-07-23,4,2
2025-07-23 05:00:00+00:00,51.96,2025-07-23,5,2
2025-07-23 06:00:00+00:00,51.85,2025-07-23,6,2
2025-07-23 07:00:00+00:00,51.36,2025-07-23,7,2
2025-07-23 08:00:00+00:00,50.46,2025-07-23,8,2
2025-07-23 09:00:00+00:00,49.9,2025-07-23,9,2
2025-07-23 10:00:00+00:00,49.5,2025-07-23,10,2
2025-07-23 11:00:00+00:00,49.25,2025-07-23,11,2
2025-07-23 12:00:00+00:00,49.45,2025-07-23,12,2
2025-07-23 13:00:00+00:00,49.8,2025-07-23,13,2
2025-07-23 14:00:00+00:00,50.15,2025-07-23,14,2
2025-07-23 15:00:00+00:00,50.49,2025-07-23,15,2
2025-07-23 16:00:00+00:00,50.79,2025-07-23,16,2
2025-07-23 17:00:00+00:00,51.38,2025-07-23,17,2
2025-07-23 18:00:00+00:00,51.81,2025-07-23,18,2
2025-07-23 19:00:00+00:00,52.17,2025-07-23,19,2
2025-07-23 20:00:00+00:00,52.3,2025-07-23,20,2
2025-07-23 21:00:00+00:00,52.54,2025-07-23,21,2
2025-07-23 22:00:00+00:00,52.61,2025-07-23,22,2
2025-07-23 23:00:00+00:00,52.82,2025-07-23,23,2
2025-07-24 00:00:00+00:00,53.09,2025-07-24,0,3
2025-07-24 01:00:00+00:00,53.25,2025-07-24,1,3
2025-07-24 02:00:00+00:00,53.14,2025-07-24,2,3
2025-07-24 03:00:00+00:00,52.16,2025-07-24,3,3
2025-07-24 04:00:00+00:00,50.78,2025-07-24,4,3
2025-07-24 05:00:00+00:00,49.17,2025-07-24,5,3
2025-07-24 06:00:00+00:00,47.73,2025-07-24,6,3
2025-07-24 07:00:00+00:00,46.16,2025-07-24,7,3
2025-07-24 08:00:00+00:00,45.08,2025-07-24,8,3
2025-07-24 09:00:00+00:00,44.24,2025-07-24,9,3
2025-07-24 10:00:00+00:00,44.77,2025-07-24,10,3
2025-07-24 11:00:00+00:00,45.08,2025-07-24,11,3
2025-07-24 12:00:00+00:00,45.15,2025-07-24,12,3
2025-07-24 13:00:00+00:00,45.5,2025-07-24,13,3
2025-07-24 14:00:00+00:00,46.35,2025-07-24,14,3
2025-07-24 15:00:00+00:00,46.94,2025-07-24,15,3
2025-07-24 16:00:00+00:00,47.29,2025-07-24,16,3
2025-07-24 17:00:00+00:00,47.33,2025-07-24,17,3
2025-07-24 18:00:00+00:00,47.63,2025-07-24,18,3
2025-07-24 19:00:00+00:00,47.82,2025-07-24,19,3
2025-07-24 20:00:00+00:00,47.99,2025-07-24,20,3
2025-07-24 21:00:00+00:00,48.7,2025-07-24,21,3
2025-07-24 22:00:00+00:00,49.57,2025-07-24,22,3
2025-07-24 23:00:00+00:00,49.25,2025-07-24,23,3
2025-07-25 00:00:00+00:00,49.34,2025-07-25,0,4
2025-07-25 01:00:00+00:00,49.29,2025-07-25,1,4
2025-07-25 02:00:00+00:00,49.22,2025-07-25,2,4
2025-07-25 03:00:00+00:00,49.08,2025-07-25,3,4
2025-07-25 04:00:00+00:00,49.24,2025-07-25,4,4
2025-07-25 05:00:00+00:00,49.53,2025-07-25,5,4
2025-07-25 06:00:00+00:00,49.61,2025-07-25,6,4
2025-07-25 07:00:00+00:00,49.44,2025-07-25,7,4
2025-07-25 08:00:00+00:00,48.58,2025-07-25,8,4
2025-07-25 09:00:00+00:00,46.94,2025-07-25,9,4
2025-07-25 10:00:00+00:00,45.63,2025-07-25,10,4
2025-07-25 11:00:00+00:00,45.21,2025-07-25,11,4
2025-07-25 12:00:00+00:00,45.03,2025-07-25,12,4
2025-07-25 13:00:00+00:00,44.96,2025-07-25,13,4
2025-07-25 14:00:00+00:00,45.17,2025-07-25,14,4
2025-07-25 15:00:00+00:00,45.49,2025-07-25,15,4
2025-07-25 16:00:00+00:00,45.8,2025-07-25,16,4
2025-07-25 17:00:00+00:00,46.03,2025-07-25,17,4
2025-07-25 18:00:00+00:00,45.98,2025-07-25,18,4
2025-07-25 19:00:00+00:00,45.92,2025-07-25,19,4
2025-07-25 20:00:00+00:00,46.17,2025-07-25,20,4
2025-07-25 21:00:00+00:00,46.36,2025-07-25,21,4
2025-07-25 22:00:00+00:00,46.58,2025-07-25,22,4
2025-07-25 23:00:00+00:00,47.0,2025-07-25,23,4
2025-07-26 00:00:00+00:00,47.58,2025-07-26,0,5
2025-07-26 01:00:00+00:00,48.01,2025-07-26,1,5
2025-07-26 02:00:00+00:00,48.6,2025-07-26,2,5
2025-07-26 03:00:00+00:00,48.85,2025-07-26,3,5
2025-07-26 04:00:00+00:00,48.96,2025-07-26,4,5
2025-07-26 05:00:00+00:00,49.12,2025-07-26,5,5
2025-07-26 06:00:00+00:00,49.18,2025-07-26,6,5
2025-07-26 07:00:00+00:00,49.27,2025-07-26,7,5
2025-07-26 08:00:00+00:00,49.38,2025-07-26,8,5
2025-07-26 09:00:00+00:00,49.12,2025-07-26,9,5
2025-07-26 10:00:00+00:00,48.82,2025-07-26,10,5
2025-07-26 11:00:00+00:00,48.69,2025-07-26,11,5
2025-07-26 12:00:00+00:00,48.63,2025-07-26,12,5
2025-07-26 13:00:00+00:00,48.51,2025-07-26,13,5
2025-07-26 14:00:00+00:00,48.32,2025-07-26,14,5
2025-07-26 15:00:00+00:00,47.95,2025-07-26,15,5
2025-07-26 16:00:00+00:00,47.64,2025-07-26,16,5
2025-07-26 17:00:00+00:00,46.94,2025-07-26,17,5
2025-07-26 18:00:00+00:00,46.21,2025-07-26,18,5
2025-07-26 19:00:00+00:00,46.62,2025-07-26,19,5
2025-07-26 20:00:00+00:00,47.23,2025-07-26,20,5
2025-07-26 21:00:00+00:00,47.91,2025-07-26,21,5
2025-07-26 22:00:00+00:00,48.4,2025-07-26,22,5
2025-07-26 23:00:00+00:00,48.87,2025-07-26,23,5
2025-07-27 00:00:00+00:00,49.63,2025-07-27,0,6
2025-07-27 01:00:00+00:00,50.22,2025-07-27,1,6
2025-07-27 02:00:00+00:00,51.0,2025-07-27,2,6
2025-07-27 03:00:00+00:00,50.9,2025-07-27,3,6
2025-07-27 04:00:00+00:00,49.98,2025-07-27,4,6
2025-07-27 05:00:00+00:00,49.33,2025-07-27,5,6
2025-07-27 06:00:00+00:00,49.02,2025-07-27,6,6
2025-07-27 07:00:00+00:00,48.89,2025-07-27,7,6
2025-07-27 08:00:00+00:00,48.77,2025-07-27,8,6
2025-07-27 09:00:00+00:00,48.32,2025-07-27,9,6
2025-07-27 10:00:00+00:00,47.84,2025-07-27,10,6
2025-07-27 11:00:00+00:00,47.23,2025-07-27,11,6
2025-07-27 12:00:00+00:00,46.3,2025-07-27,12,6
2025-07-27 13:00:00+00:00,45.91,2025-07-27,13,6
2025-07-27 14:00:00+00:00,45.87,2025-07-27,14,6
2025-07-27 15:00:00+00:00,46.33,2025-07-27,15,6
2025-07-27 16:00:00+00:00,47.54,2025-07-27,16,6
2025-07-27 17:00:00+00:00,48.32,2025-07-27,17,6
2025-07-27 18:00:00+00:00,48.92,2025-07-27,18,6
2025-07-27 19:00:00+00:00,49.45,2025-07-27,19,6
2025-07-27 20:00:00+00:00,50.51,2025-07-27,20,6
2025-07-27 21:00:00+00:00,50.89,2025-07-27,21,6
2025-07-27 22:00:00+00:00,50.97,2025-07-27,22,6
2025-07-27 23:00:00+00:00,50.97,2025-07-27,23,6
2025-07-28 00:00:00+00:00,50.91,2025-07-28,0,0
2025-07-28 01:00:00+00:00,50.82,2025-07-28,1,0
2025-07-28 02:00:00+00:00,50.73,2025-07-28,2,0
2025-07-28 03:00:00+00:00,50.72,2025-07-28,3,0
2025-07-28 04:00:00+00:00,50.79,2025-07-28,4,0
2025-07-28 05:00:00+00:00,50.8,2025-07-28,5,0
2025-07-28 06:00:00+00:00,,2025-07-28,6,0
2025-07-28 07:00:00+00:00,,2025-07-28,7,0
2025-07-28 08:00:00+00:00,,2025-07-28,8,0
2025-07-28 09:00:00+00:00,,2025-07-28,9,0
2025-07-28 10:00:00+00:00,,2025-07-28,10,0
2025-07-28 11:00:00+00:00,,2025-07-28,11,0
2025-07-28 12:00:00+00:00,,2025-07-28,12,0
2025-07-28 13:00:00+00:00,,2025-07-28,13,0
2025-07-28 14:00:00+00:00,,2025-07-28,14,0
2025-07-28 15:00:00+00:00,,2025-07-28,15,0
2025-07-28 16:00:00+00:00,,2025-07-28,16,0
2025-07-28 17:00:00+00:00,,2025-07-28,17,0
2025-07-28 18:00:00+00:00,,2025-07-28,18,0
2025-07-28 19:00:00+00:00,,2025-07-28,19,0
2025-07-28 20:00:00+00:00,,2025-07-28,20,0
2025-07-28 21:00:00+00:00,,2025-07-28,21,0
2025-07-28 22:00:00+00:00,,2025-07-28,22,0
2025-07-28 23:00:00+00:00,,2025-07-28,23,0
2025-07-29 00:00:00+00:00,,2025-07-29,0,1
2025-07-29 01:00:00+00:00,,2025-07-29,1,1
2025-07-29 02:00:00+00:00,,2025-07-29,2,1
2025-07-29 03:00:00+00:00,,2025-07-29,3,1
2025-07-29 04:00:00+00:00,,2025-07-29,4,1
2025-07-29 05:00:00+00:00,,2025-07-29,5,1
2025-07-29 06:00:00+00:00,,2025-07-29,6,1
2025-07-29 07:00:00+00:00,,2025-07-29,7,1
2025-07-29 08:00:00+00:00,,2025-07-29,8,1
2025-07-29 09:00:00+00:00,,2025-07-29,9,1
2025-07-29 10:00:00+00:00,,2025-07-29,10,1
2025-07-29 11:00:00+00:00,,2025-07-29,11,1
2025-07-29 12:00:00+00:00,,2025-07-29,12,1
2025-07-29 13:00:00+00:00,,2025-07-29,13,1
2025-07-29 14:00:00+00:00,,2025-07-29,14,1
2025-07-29 15:00:00+00:00,,2025-07-29,15,1
2025-07-29 16:00:00+00:00,,2025-07-29,16,1
2025-07-29 17:00:00+00:00,,2025-07-29,17,1
2025-07-29 18:00:00+00:00,,2025-07-29,18,1
2025-07-29 19:00:00+00:00,,2025-07-29,19,1
2025-07-29 20:00:00+00:00,,2025-07-29,20,1
2025-07-29 21:00:00+00:00,,2025-07-29,21,1
2025-07-29 22:00:00+00:00,,2025-07-29,22,1
2025-07-29 23:00:00+00:00,,2025-07-29,23,1
2025-07-30 00:00:00+00:00,,2025-07-30,0,2
2025-07-30 01:00:00+00:00,,2025-07-30,1,2
2025-07-30 02:00:00+00:00,,2025-07-30,2,2
2025-07-30 03:00:00+00:00,,2025-07-30,3,2
2025-07-30 04:00:00+00:00,,2025-07-30,4,2
2025-07-30 05:00:00+00:00,,2025-07-30,5,2
2025-07-30 06:00:00+00:00,,2025-07-30,6,2
2025-07-30 07:00:00+00:00,,2025-07-30,7,2
2025-07-30 08:00:00+00:00,,2025-07-30,8,2
2025-07-30 09:00:00+00:00,,2025-07-30,9,2
2025-07-30 10:00:00+00:00,,2025-07-30,10,2
2025-07-30 11:00:00+00:00,,2025-07-30,11,2
2025-07-30 12:00:00+00:00,,2025-07-30,12,2
2025-07-30 13:00:00+00:00,,2025-07-30,13,2
2025-07-30 14:00:00+00:00,,2025-07-30,14,2
2025-07-30 15:00:00+00:00,,2025-07-30,15,2
2025-07-30 16:00:00+00:00,,2025-07-30,16,2
2025-07-30 17:00:00+00:00,,2025-07-30,17,2
2025-07-30 18:00:00+00:00,,2025-07-30,18,2
2025-07-30 19:00:00+00:00,,2025-07-30,19,2
2025-07-30 20:00:00+00:00,,2025-07-30,20,2
2025-07-30 21:00:00+00:00,,2025-07-30,21,2
2025-07-30 22:00:00+00:00,,2025-07-30,22,2
2025-07-30 23:00:00+00:00,,2025-07-30,23,2
2025-07-31 00:00:00+00:00,,2025-07-31,0,3
2025-07-31 01:00:00+00:00,,2025-07-31,1,3
2025-07-31 02:00:00+00:00,,2025-07-31,2,3
2025-07-31 03:00:00+00:00,,2025-07-31,3,3
2025-07-31 04:00:00+00:00,,2025-07-31,4,3
2025-07-31 05:00:00+00:00,,2025-07-31,5,3
2025-07-31 06:00:00+00:00,,2025-07-31,6,3
2025-07-31 07:00:00+00:00,,2025-07-31,7,3
2025-07-31 08:00:00+00:00,,2025-07-31,8,3
2025-07-31 09:00:00+00:00,,2025-07-31,9,3
2025-07-31 10:00:00+00:00,,2025-07-31,10,3
2025-07-31 11:00:00+00:00,,2025-07-31,11,3
2025-07-31 12:00:00+00:00,,2025-07-31,12,3
2025-07-31 13:00:00+00:00,,2025-07-31,13,3
2025-07-31 14:00:00+00:00,,2025-07-31,14,3
2025-07-31 15:00:00+00:00,,2025-07-31,15,3
2025-07-31 16:00:00+00:00,,2025-07-31,16,3
2025-07-31 17:00:00+00:00,,2025-07-31,17,3
2025-07-31 18:00:00+00:00,,2025-07-31,18,3
2025-07-31 19:00:00+00:00,,2025-07-31,19,3
2025-07-31 20:00:00+00:00,,2025-07-31,20,3
2025-07-31 21:00:00+00:00,,2025-07-31,21,3
2025-07-31 22:00:00+00:00,,2025-07-31,22,3
2025-07-31 23:00:00+00:00,,2025-07-31,23,3
2025-08-01 00:00:00+00:00,,2025-08-01,0,4
2025-08-01 01:00:00+00:00,,2025-08-01,1,4
2025-08-01 02:00:00+00:00,,2025-08-01,2,4
2025-08-01 03:00:00+00:00,,2025-08-01,3,4
2025-08-01 04:00:00+00:00,,2025-08-01,4,4
2025-08-01 05:00:00+00:00,,2025-08-01,5,4
2025-08-01 06:00:00+00:00,,2025-08-01,6,4
2025-08-01 07:00:00+00:00,,2025-08-01,7,4
2025-08-01 08:00:00+00:00,,2025-08-01,8,4
2025-08-01 09:00:00+00:00,,2025-08-01,9,4
2025-08-01 10:00:00+00:00,,2025-08-01,10,4
2025-08-01 11:00:00+00:00,,2025-08-01,11,4
2025-08-01 12:00:00+00:00,,2025-08-01,12,4
2025-08-01 13:00:00+00:00,,2025-08-01,13,4
2025-08-01 14:00:00+00:00,,2025-08-01,14,4
2025-08-01 15:00:00+00:00,,2025-08-01,15,4
2025-08-01 16:00:00+00:00,,2025-08-01,16,4
2025-08-01 17:00:00+00:00,,2025-08-01,17,4
2025-08-01 18:00:00+00:00,,2025-08-01,18,4
2025-08-01 19:00:00+00:00,,2025-08-01,19,4
2025-08-01 20:00:00+00:00,,2025-08-01,20,4
2025-08-01 21:00:00+00:00,,2025-08-01,21,4
2025-08-01 22:00:00+00:00,,2025-08-01,22,4
2025-08-01 23:00:00+00:00,,2025-08-01,23,4
2025-08-02 00:00:00+00:00,,2025-08-02,0,5
2025-08-02 01:00:00+00:00,,2025-08-02,1,5
2025-08-02 02:00:00+00:00,,2025-08-02,2,5
2025-08-02 03:00:00+00:00,,2025-08-02,3,5
2025-08-02 04:00:00+00:00,,2025-08-02,4,5
2025-08-02 05:00:00+00:00,,2025-08-02,5,5
2025-08-02 06:00:00+00:00,,2025-08-02,6,5
2025-08-02 07:00:00+00:00,,2025-08-02,7,5
2025-08-02 08:00:00+00:00,,2025-08-02,8,5
2025-08-02 09:00:00+00:00,,2025-08-02,9,5
2025-08-02 10:00:00+00:00,,2025-08-02,10,5
2025-08-02 11:00:00+00:00,,2025-08-02,11,5
2025-08-02 12:00:00+00:00,,2025-08-02,12,5
2025-08-02 13:00:00+00:00,,2025-08-02,13,5
2025-08-02 14:00:00+00:00,,2025-08-02,14,5
2025-08-02 15:00:00+00:00,,2025-08-02,15,5
2025-08-02 16:00:00+00:00,,2025-08-02,16,5
2025-08-02 17:00:00+00:00,,2025-08-02,17,5
2025-08-02 18:00:00+00:00,,2025-08-02,18,5
2025-08-02 19:00:00+00:00,,2025-08-02,19,5
2025-08-02 20:00:00+00:00,,2025-08-02,20,5
2025-08-02 21:00:00+00:00,,2025-08-02,21,5
2025-08-02 22:00:00+00:00,,2025-08-02,22,5
2025-08-02 23:00:00+00:00,,2025-08-02,23,5
2025-08-03 00:00:00+00:00,,2025-08-03,0,6
2025-08-03 01:00:00+00:00,,2025-08-03,1,6
2025-08-03 02:00:00+00:00,,2025-08-03,2,6
2025-08-03 03:00:00+00:00,,2025-08-03,3,6
2025-08-03 04:00:00+00:00,,2025-08-03,4,6
2025-08-03 05:00:00+00:00,,2025-08-03,5,6
2025-08-03 06:00:00+00:00,,2025-08-03,6,6
2025-08-03 07:00:00+00:00,,2025-08-03,7,6
2025-08-03 08:00:00+00:00,,2025-08-03,8,6
2025-08-03 09:00:00+00:00,,2025-08-03,9,6
2025-08-03 10:00:00+00:00,,2025-08-03,10,6
2025-08-03 11:00:00+00:00,,2025-08-03,11,6
2025-08-03 12:00:00+00:00,,2025-08-03,12,6
2025-08-03 13:00:00+00:00,,2025-08-03,13,6
2025-08-03 14:00:00+00:00,,2025-08-03,14,6
2025-08-03 15:00:00+00:00,,2025-08-03,15,6
2025-08-03 16:00:00+00:00,,2025-08-03,16,6
2025-08-03 17:00:00+00:00,,2025-08-03,17,6
2025-08-03 18:00:00+00:00,,2025-08-03,18,6
2025-08-03 19:00:00+00:00,,2025-08-03,19,6
2025-08-03 20:00:00+00:00,,2025-08-03,20,6
2025-08-03 21:00:00+00:00,,2025-08-03,21,6
2025-08-03 22:00:00+00:00,,2025-08-03,22,6
2025-08-03 23:00:00+00:00,,2025-08-03,23,6
2025-08-04 00:00:00+00:00,,2025-08-04,0,0
2025-08-04 01:00:00+00:00,,2025-08-04,1,0
2025-08-04 02:00:00+00:00,,2025-08-04,2,0
2025-08-04 03:00:00+00:00,,2025-08-04,3,0
2025-08-04 04:00:00+00:00,,2025-08-04,4,0
2025-08-04 05:00:00+00:00,,2025-08-04,5,0
2025-08-04 06:00:00+00:00,,2025-08-04,6,0
2025-08-04 07:00:00+00:00,,2025-08-04,7,0
2025-08-04 08:00:00+00:00,,2025-08-04,8,0
2025-08-04 09:00:00+00:00,,2025-08-04,9,0
2025-08-04 10:00:00+00:00,,2025-08-04,10,0
2025-08-04 11:00:00+00:00,,2025-08-04,11,0
2025-08-04 12:00:00+00:00,,2025-08-04,12,0
2025-08-04 13:00:00+00:00,,2025-08-04,13,0
2025-08-04 14:00:00+00:00,,2025-08-04,14,0
2025-08-04 15:00:00+00:00,,2025-08-04,15,0
2025-08-04 16:00:00+00:00,,2025-08-04,16,0
2025-08-04 17:00:00+00:00,,2025-08-04,17,0
2025-08-04 18:00:00+00:00,,2025-08-04,18,0
2025-08-04 19:00:00+00:00,,2025-08-04,19,0
2025-08-04 20:00:00+00:00,,2025-08-04,20,0
2025-08-04 21:00:00+00:00,,2025-08-04,21,0
2025-08-04 22:00:00+00:00,,2025-08-04,22,0
2025-08-04 23:00:00+00:00,,2025-08-04,23,0
2025-08-05 00:00:00+00:00,,2025-08-05,0,1
2025-08-05 01:00:00+00:00,,2025-08-05,1,1
2025-08-05 02:00:00+00:00,,2025-08-05,2,1
2025-08-05 03:00:00+00:00,,2025-08-05,3,1
2025-08-05 04:00:00+00:00,,2025-08-05,4,1
2025-08-05 05:00:00+00:00,,2025-08-05,5,1
2025-08-05 06:00:00+00:00,,2025-08-05,6,1
2025-08-05 07:00:00+00:00,,2025-08-05,7,1
2025-08-05 08:00:00+00:00,,2025-08-05,8,1
2025-08-05 09:00:00+00:00,,2025-08-05,9,1
2025-08-05 10:00:00+00:00,,2025-08-05,10,1
2025-08-05 11:00:00+00:00,,2025-08-05,11,1
2025-08-05 12:00:00+00:00,,2025-08-05,12,1
2025-08-05 13:00:00+00:00,,2025-08-05,13,1
2025-08-05 14:00:00+00:00,,2025-08-05,14,1
2025-08-05 15:00:00+00:00,,2025-08-05,15,1
2025-08-05 16:00:00+00:00,,2025-08-05,16,1
2025-08-05 17:00:00+00:00,,2025-08-05,17,1
2025-08-05 18:00:00+00:00,,2025-08-05,18,1
2025-08-05 19:00:00+00:00,,2025-08-05,19,1
2025-08-05 20:00:00+00:00,,2025-08-05,20,1
2025-08-05 21:00:00+00:00,,2025-08-05,21,1
2025-08-05 22:00:00+00:00,,2025-08-05,22,1
2025-08-05 23:00:00+00:00,,2025-08-05,23,1
2025-08-06 00:00:00+00:00,,2025-08-06,0,2
2025-08-06 01:00:00+00:00,,2025-08-06,1,2
2025-08-06 02:00:00+00:00,,2025-08-06,2,2
2025-08-06 03:00:00+00:00,,2025-08-06,3,2
2025-08-06 04:00:00+00:00,,2025-08-06,4,2
2025-08-06 05:00:00+00:00,,2025-08-06,5,2
2025-08-06 06:00:00+00:00,,2025-08-06,6,2
2025-08-06 07:00:00+00:00,,2025-08-06,7,2
2025-08-06 08:00:00+00:00,,2025-08-06,8,2
2025-08-06 09:00:00+00:00,,2025-08-06,9,2
2025-08-06 10:00:00+00:00,,2025-08-06,10,2
2025-08-06 11:00:00+00:00,,2025-08-06,11,2
2025-08-06 12:00:00+00:00,,2025-08-06,12,2
2025-08-06 13:00:00+00:00,,2025-08-06,13,2
2025-08-06 14:00:00+00:00,,2025-08-06,14,2
2025-08-06 15:00:00+00:00,,2025-08-06,15,2
2025-08-06 16:00:00+00:00,,2025-08-06,16,2
2025-08-06 17:00:00+00:00,,2025-08-06,17,2
2025-08-06 18:00:00+00:00,,2025-08-06,18,2
2025-08-06 19:00:00+00:00,,2025-08-06,19,2
2025-08-06 20:00:00+00:00,,2025-08-06,20,2
2025-08-06 21:00:00+00:00,,2025-08-06,21,2
2025-08-06 22:00:00+00:00,,2025-08-06,22,2
2025-08-06 23:00:00+00:00,,2025-08-06,23,2
2025-08-07 00:00:00+00:00,,2025-08-07,0,3
2025-08-07 01:00:00+00:00,,2025-08-07,1,3
2025-08-07 02:00:00+00:00,,2025-08-07,2,3
2025-08-07 03:00:00+00:00,,2025-08-07,3,3
2025-08-07 04:00:00+00:00,,2025-08-07,4,3
2025-08-07 05:00:00+00:00,,2025-08-07,5,3
2025-08-07 06:00:00+00:00,,2025-08-07,6,3
2025-08-07 07:00:00+00:00,,2025-08-07,7,3
2025-08-07 08:00:00+00:00,,2025-08-07,8,3
2025-08-07 09:00:00+00:00,,2025-08-07,9,3
2025-08-07 10:00:00+00:00,,2025-08-07,10,3
2025-08-07 11:00:00+00:00,,2025-08-07,11,3
2025-08-07 12:00:00+00:00,,2025-08-07,12,3
2025-08-07 13:00:00+00:00,,2025-08-07,13,3
2025-08-07 14:00:00+00:00,,2025-08-07,14,3
2025-08-07 15:00:00+00:00,,2025-08-07,15,3
2025-08-07 16:00:00+00:00,,2025-08-07,16,3
2025-08-07 17:00:00+00:00,,2025-08-07,17,3
2025-08-07 18:00:00+00:00,,2025-08-07,18,3
2025-08-07 19:00:00+00:00,,2025-08-07,19,3
2025-08-07 20:00:00+00:00,,2025-08-07,20,3
2025-08-07 21:00:00+00:00,,2025-08-07,21,3
2025-08-07 22:00:00+00:00,,2025-08-07,22,3
2025-08-07 23:00:00+00:00,,2025-08-07,23,3
2025-08-08 00:00:00+00:00,,2025-08-08,0,4
2025-08-08 01:00:00+00:00,,2025-08-08,1,4
2025-08-08 02:00:00+00:00,,2025-08-08,2,4
2025-08-08 03:00:00+00:00,,2025-08-08,3,4
2025-08-08 04:00:00+00:00,,2025-08-08,4,4
2025-08-08 05:00:00+00:00,,2025-08-08,5,4
2025-08-08 06:00:00+00:00,,2025-08-08,6,4
2025-08-08 07:00:00+00:00,,2025-08-08,7,4
2025-08-08 08:00:00+00:00,,2025-08-08,8,4
2025-08-08 09:00:00+00:00,,2025-08-08,9,4
2025-08-08 10:00:00+00:00,,2025-08-08,10,4
2025-08-08 11:00:00+00:00,,2025-08-08,11,4
2025-08-08 12:00:00+00:00,,2025-08-08,12,4
2025-08-08 13:00:00+00:00,,2025-08-08,13,4
2025-08-08 14:00:00+00:00,,2025-08-08,14,4
2025-08-08 15:00:00+00:00,,2025-08-08,15,4
2025-08-08 16:00:00+00:00,,2025-08-08,16,4
2025-08-08 17:00:00+00:00,,2025-08-08,17,4
2025-08-08 18:00:00+00:00,,2025-08-08,18,4
2025-08-08 19:00:00+00:00,,2025-08-08,19,4
2025-08-08 20:00:00+00:00,,2025-08-08,20,4
2025-08-08 21:00:00+00:00,,2025-08-08,21,4
2025-08-08 22:00:00+00:00,,2025-08-08,22,4
2025-08-08 23:00:00+00:00,,2025-08-08,23,4
2025-08-09 00:00:00+00:00,,2025-08-09,0,5
2025-08-09 01:00:00+00:00,,2025-08-09,1,5
2025-08-09 02:00:00+00:00,,2025-08-09,2,5
2025-08-09 03:00:00+00:00,,2025-08-09,3,5
2025-08-09 04:00:00+00:00,,2025-08-09,4,5
2025-08-09 05:00:00+00:00,,2025-08-09,5,5
2025-08-09 06:00:00+00:00,,2025-08-09,6,5
2025-08-09 07:00:00+00:00,,2025-08-09,7,5
2025-08-09 08:00:00+00:00,,2025-08-09,8,5
2025-08-09 09:00:00+00:00,,2025-08-09,9,5
2025-08-09 10:00:00+00:00,,2025-08-09,10,5
2025-08-09 11:00:00+00:00,,2025-08-09,11,5
2025-08-09 12:00:00+00:00,,2025-08-09,12,5
2025-08-09 13:00:00+00:00,,2025-08-09,13,5
2025-08-09 14:00:00+00:00,,2025-08-09,14,5
2025-08-09 15:00:00+00:00,,2025-08-09,15,5
2025-08-09 16:00:00+00:00,,2025-08-09,16,5
2025-08-09 17:00:00+00:00,,2025-08-09,17,5
2025-08-09 18:00:00+00:00,,2025-08-09,18,5
2025-08-09 19:00:00+00:00,,2025-08-09,19,5
2025-08-09 20:00:00+00:00,,2025-08-09,20,5
2025-08-09 21:00:00+00:00,,2025-08-09,21,5
2025-08-09 22:00:00+00:00,,2025-08-09,22,5
2025-08-09 23:00:00+00:00,,2025-08-09,23,5
2025-08-10 00:00:00+00:00,,2025-08-10,0,6
2025-08-10 01:00:00+00:00,,2025-08-10,1,6
2025-08-10 02:00:00+00:00,,2025-08-10,2,6
2025-08-10 03:00:00+00:00,,2025-08-10,3,6
2025-08-10 04:00:00+00:00,,2025-08-10,4,6
2025-08-10 05:00:00+00:00,,2025-08-10,5,6
2025-08-10 06:00:00+00:00,,2025-08-10,6,6
2025-08-10 07:00:00+00:00,,2025-08-10,7,6
2025-08-10 08:00:00+00:00,,2025-08-10,8,6
2025-08-10 09:00:00+00:00,,2025-08-10,9,6
2025-08-10 10:00:00+00:00,,2025-08-10,10,6
2025-08-10 11:00:00+00:00,,2025-08-10,11,6
2025-08-10 12:00:00+00:00,,2025-08-10,12,6
2025-08-10 13:00:00+00:00,,2025-08-10,13,6
2025-08-10 14:00:00+00:00,,2025-08-10,14,6
2025-08-10 15:00:00+00:00,,2025-08-10,15,6
2025-08-10 16:00:00+00:00,,2025-08-10,16,6
2025-08-10 17:00:00+00:00,,2025-08-10,17,6
2025-08-10 18:00:00+00:00,,2025-08-10,18,6
2025-08-10 19:00:00+00:00,,2025-08-10,19,6
2025-08-10 20:00:00+00:00,,2025-08-10,20,6
2025-08-10 21:00:00+00:00,,2025-08-10,21,6
2025-08-10 22:00:00+00:00,,2025-08-10,22,6
2025-08-10 23:00:00+00:00,,2025-08-10,23,6
2025-08-11 00:00:00+00:00,,2025-08-11,0,0
2025-08-11 01:00:00+00:00,,2025-08-11,1,0
2025-08-11 02:00:00+00:00,,2025-08-11,2,0
2025-08-11 03:00:00+00:00,,2025-08-11,3,0
2025-08-11 04:00:00+00:00,,2025-08-11,4,0
2025-08-11 05:00:00+00:00,,2025-08-11,5,0
2025-08-11 06:00:00+00:00,,2025-08-11,6,0
2025-08-11 07:00:00+00:00,,2025-08-11,7,0
2025-08-11 08:00:00+00:00,,2025-08-11,8,0
2025-08-11 09:00:00+00:00,,2025-08-11,9,0
2025-08-11 10:00:00+00:00,,2025-08-11,10,0
2025-08-11 11:00:00+00:00,,2025-08-11,11,0
2025-08-11 12:00:00+00:00,,2025-08-11,12,0
2025-08-11 13:00:00+00:00,,2025-08-11,13,0
2025-08-11 14:00:00+00:00,,2025-08-11,14,0
2025-08-11 15:00:00+00:00,,2025-08-11,15,0
2025-08-11 16:00:00+00:00,,2025-08-11,16,0
2025-08-11 17:00:00+00:00,,2025-08-11,17,0
2025-08-11 18:00:00+00:00,,2025-08-11,18,0
2025-08-11 19:00:00+00:00,,2025-08-11,19,0
2025-08-11 20:00:00+00:00,,2025-08-11,20,0
2025-08-11 21:00:00+00:00,,2025-08-11,21,0
2025-08-11 22:00:00+00:00,,2025-08-11,22,0
2025-08-11 23:00:00+00:00,,2025-08-11,23,0
2025-08-12 00:00:00+00:00,,2025-08-12,0,1
2025-08-12 01:00:00+00:00,,2025-08-12,1,1
2025-08-12 02:00:00+00:00,,2025-08-12,2,1
2025-08-12 03:00:00+00:00,,2025-08-12,3,1
2025-08-12 04:00:00+00:00,,2025-08-12,4,1
2025-08-12 05:00:00+00:00,,2025-08-12,5,1
2025-08-12 06:00:00+00:00,,2025-08-12,6,1
2025-08-12 07:00:00+00:00,,2025-08-12,7,1
2025-08-12 08:00:00+00:00,,2025-08-12,8,1
2025-08-12 09:00:00+00:00,,2025-08-12,9,1
2025-08-12 10:00:00+00:00,,2025-08-12,10,1
2025-08-12 11:00:00+00:00,,2025-08-12,11,1
2025-08-12 12:00:00+00:00,,2025-08-12,12,1
2025-08-12 13:00:00+00:00,,2025-08-12,13,1
2025-08-12 14:00:00+00:00,,2025-08-12,14,1
2025-08-12 15:00:00+00:00,,2025-08-12,15,1
2025-08-12 16:00:00+00:00,,2025-08-12,16,1
2025-08-12 17:00:00+00:00,,2025-08-12,17,1
2025-08-12 18:00:00+00:00,,2025-08-12,18,1
2025-08-12 19:00:00+00:00,,2025-08-12,19,1
2025-08-12 20:00:00+00:00,,2025-08-12,20,1
2025-08-12 21:00:00+00:00,,2025-08-12,21,1
2025-08-12 22:00:00+00:00,,2025-08-12,22,1
2025-08-12 23:00:00+00:00,,2025-08-12,23,1
2025-08-13 00:00:00+00:00,,2025-08-13,0,2
2025-08-13 01:00:00+00:00,,2025-08-13,1,2
2025-08-13 02:00:00+00:00,,2025-08-13,2,2
2025-08-13 03:00:00+00:00,,2025-08-13,3,2
2025-08-13 04:00:00+00:00,,2025-08-13,4,2
2025-08-13 05:00:00+00:00,,2025-08-13,5,2
2025-08-13 06:00:00+00:00,,2025-08-13,6,2
2025-08-13 07:00:00+00:00,,2025-08-13,7,2
2025-08-13 08:00:00+00:00,,2025-08-13,8,2
2025-08-13 09:00:00+00:00,,2025-08-13,9,2
2025-08-13 10:00:00+00:00,,2025-08-13,10,2
2025-08-13 11:00:00+00:00,,2025-08-13,11,2
2025-08-13 12:00:00+00:00,,2025-08-13,12,2
2025-08-13 13:00:00+00:00,,2025-08-13,13,2
2025-08-13 14:00:00+00:00,,2025-08-13,14,2
2025-08-13 15:00:00+00:00,,2025-08-13,15,2
2025-08-13 16:00:00+00:00,,2025-08-13,16,2
2025-08-13 17:00:00+00:00,,2025-08-13,17,2
2025-08-13 18:00:00+00:00,,2025-08-13,18,2
2025-08-13 19:00:00+00:00,,2025-08-13,19,2
2025-08-13 20:00:00+00:00,,2025-08-13,20,2
2025-08-13 21:00:00+00:00,,2025-08-13,21,2
2025-08-13 22:00:00+00:00,,2025-08-13,22,2
2025-08-13 23:00:00+00:00,,2025-08-13,23,2
2025-08-14 00:00:00+00:00,,2025-08-14,0,3
2025-08-14 01:00:00+00:00,,2025-08-14,1,3
2025-08-14 02:00:00+00:00,,2025-08-14,2,3
2025-08-14 03:00:00+00:00,,2025-08-14,3,3
2025-08-14 04:00:00+00:00,,2025-08-14,4,3
2025-08-14 05:00:00+00:00,,2025-08-14,5,3
2025-08-14 06:00:00+00:00,,2025-08-14,6,3
2025-08-14 07:00:00+00:00,,2025-08-14,7,3
2025-08-14 08:00:00+00:00,,2025-08-14,8,3
2025-08-14 09:00:00+00:00,,2025-08-14,9,3
2025-08-14 10:00:00+00:00,,2025-08-14,10,3
2025-08-14 11:00:00+00:00,,2025-08-14,11,3
2025-08-14 12:00:00+00:00,,2025-08-14,12,3
2025-08-14 13:00:00+00:00,,2025-08-14,13,3
2025-08-14 14:00:00+00:00,,2025-08-14,14,3
2025-08-14 15:00:00+00:00,,2025-08-14,15,3
2025-08-14 16:00:00+00:00,,2025-08-14,16,3
2025-08-14 17:00:00+00:00,,2025-08-14,17,3
2025-08-14 18:00:00+00:00,,2025-08-14,18,3
2025-08-14 19:00:00+00:00,,2025-08-14,19,3
2025-08-14 20:00:00+00:00,,2025-08-14,20,3
2025-08-14 21:00:00+00:00,,2025-08-14,21,3
2025-08-14 22:00:00+00:00,,2025-08-14,22,3
2025-08-14 23:00:00+00:00,,2025-08-14,23,3
2025-08-15 00:00:00+00:00,,2025-08-15,0,4
2025-08-15 01:00:00+00:00,,2025-08-15,1,4
2025-08-15 02:00:00+00:00,,2025-08-15,2,4
2025-08-15 03:00:00+00:00,,2025-08-15,3,4
2025-08-15 04:00:00+00:00,,2025-08-15,4,4
2025-08-15 05:00:00+00:00,,2025-08-15,5,4
2025-08-15 06:00:00+00:00,,2025-08-15,6,4
2025-08-15 07:00:00+00:00,,2025-08-15,7,4
2025-08-15 08:00:00+00:00,,2025-08-15,8,4
2025-08-15 09:00:00+00:00,,2025-08-15,9,4
2025-08-15 10:00:00+00:00,,2025-08-15,10,4
2025-08-15 11:00:00+00:00,,2025-08-15,11,4
2025-08-15 12:00:00+00:00,,2025-08-15,12,4
2025-08-15 13:00:00+00:00,,2025-08-15,13,4
2025-08-15 14:00:00+00:00,,2025-08-15,14,4
2025-08-15 15:00:00+00:00,,2025-08-15,15,4
2025-08-15 16:00:00+00:00,,2025-08-15,16,4
2025-08-15 17:00:00+00:00,,2025-08-15,17,4
2025-08-15 18:00:00+00:00,,2025-08-15,18,4
2025-08-15 19:00:00+00:00,,2025-08-15,19,4
2025-08-15 20:00:00+00:00,,2025-08-15,20,4
2025-08-15 21:00:00+00:00,,2025-08-15,21,4
2025-08-15 22:00:00+00:00,,2025-08-15,22,4
2025-08-15 23:00:00+00:00,,2025-08-15,23,4
2025-08-16 00:00:00+00:00,,2025-08-16,0,5
2025-08-16 01:00:00+00:00,,2025-08-16,1,5
2025-08-16 02:00:00+00:00,,2025-08-16,2,5
2025-08-16 03:00:00+00:00,,2025-08-16,3,5
2025-08-16 04:00:00+00:00,,2025-08-16,4,5
2025-08-16 05:00:00+00:00,,2025-08-16,5,5
2025-08-16 06:00:00+00:00,,2025-08-16,6,5
2025-08-16 07:00:00+00:00,,2025-08-16,7,5
2025-08-16 08:00:00+00:00,,2025-08-16,8,5
2025-08-16 09:00:00+00:00,,2025-08-16,9,5
2025-08-16 10:00:00+00:00,,2025-08-16,10,5
2025-08-16 11:00:00+00:00,,2025-08-16,11,5
2025-08-16 12:00:00+00:00,,2025-08-16,12,5
2025-08-16 13:00:00+00:00,,2025-08-16,13,5
2025-08-16 14:00:00+00:00,,2025-08-16,14,5
2025-08-16 15:00:00+00:00,,2025-08-16,15,5
2025-08-16 16:00:00+00:00,,2025-08-16,16,5
2025-08-16 17:00:00+00:00,,2025-08-16,17,5
2025-08-16 18:00:00+00:00,,2025-08-16,18,5
2025-08-16 19:00:00+00:00,,2025-08-16,19,5
2025-08-16 20:00:00+00:00,,2025-08-16,20,5
2025-08-16 21:00:00+00:00,,2025-08-16,21,5
2025-08-16 22:00:00+00:00,,2025-08-16,22,5
2025-08-16 23:00:00+00:00,,2025-08-16,23,5
2025-08-17 00:00:00+00:00,,2025-08-17,0,6
2025-08-17 01:00:00+00:00,,2025-08-17,1,6
2025-08-17 02:00:00+00:00,,2025-08-17,2,6
2025-08-17 03:00:00+00:00,,2025-08-17,3,6
2025-08-17 04:00:00+00:00,,2025-08-17,4,6
2025-08-17 05:00:00+00:00,,2025-08-17,5,6
2025-08-17 06:00:00+00:00,,2025-08-17,6,6
2025-08-17 07:00:00+00:00,,2025-08-17,7,6
2025-08-17 08:00:00+00:00,,2025-08-17,8,6
2025-08-17 09:00:00+00:00,,2025-08-17,9,6
2025-08-17 10:00:00+00:00,,2025-08-17,10,6
2025-08-17 11:00:00+00:00,,2025-08-17,11,6
2025-08-17 12:00:00+00:00,,2025-08-17,12,6
2025-08-17 13:00:00+00:00,,2025-08-17,13,6
2025-08-17 14:00:00+00:00,,2025-08-17,14,6
2025-08-17 15:00:00+00:00,,2025-08-17,15,6
2025-08-17 16:00:00+00:00,,2025-08-17,16,6
2025-08-17 17:00:00+00:00,,2025-08-17,17,6
2025-08-17 18:00:00+00:00,,2025-08-17,18,6
2025-08-17 19:00:00+00:00,,2025-08-17,19,6
2025-08-17 20:00:00+00:00,,2025-08-17,20,6
2025-08-17 21:00:00+00:00,,2025-08-17,21,6
2025-08-17 22:00:00+00:00,,2025-08-17,22,6
2025-08-17 23:00:00+00:00,,2025-08-17,23,6
2025-08-18 00:00:00+00:00,,2025-08-18,0,0
2025-08-18 01:00:00+00:00,,2025-08-18,1,0
2025-08-18 02:00:00+00:00,,2025-08-18,2,0
2025-08-18 03:00:00+00:00,,2025-08-18,3,0
2025-08-18 04:00:00+00:00,,2025-08-18,4,0
2025-08-18 05:00:00+00:00,,2025-08-18,5,0
2025-08-18 06:00:00+00:00,,2025-08-18,6,0
2025-08-18 07:00:00+00:00,,2025-08-18,7,0
2025-08-18 08:00:00+00:00,,2025-08-18,8,0
2025-08-18 09:00:00+00:00,,2025-08-18,9,0
2025-08-18 10:00:00+00:00,,2025-08-18,10,0
2025-08-18 11:00:00+00:00,,2025-08-18,11,0
2025-08-18 12:00:00+00:00,,2025-08-18,12,0
2025-08-18 13:00:00+00:00,,2025-08-18,13,0
2025-08-18 14:00:00+00:00,,2025-08-18,14,0
2025-08-18 15:00:00+00:00,,2025-08-18,15,0
2025-08-18 16:00:00+00:00,,2025-08-18,16,0
2025-08-18 17:00:00+00:00,,2025-08-18,17,0
2025-08-18 18:00:00+00:00,,2025-08-18,18,0
2025-08-18 19:00:00+00:00,,2025-08-18,19,0
2025-08-18 20:00:00+00:00,,2025-08-18,20,0
2025-08-18 21:00:00+00:00,,2025-08-18,21,0
2025-08-18 22:00:00+00:00,,2025-08-18,22,0
2025-08-18 23:00:00+00:00,,2025-08-18,23,0
2025-08-19 00:00:00+00:00,,2025-08-19,0,1
2025-08-19 01:00:00+00:00,,2025-08-19,1,1
2025-08-19 02:00:00+00:00,,2025-08-19,2,1
2025-08-19 03:00:00+00:00,,2025-08-19,3,1
2025-08-19 04:00:00+00:00,,2025-08-19,4,1
2025-08-19 05:00:00+00:00,,2025-08-19,5,1
2025-08-19 06:00:00+00:00,,2025-08-19,6,1
2025-08-19 07:00:00+00:00,,2025-08-19,7,1
2025-08-19 08:00:00+00:00,,2025-08-19,8,1
2025-08-19 09:00:00+00:00,,2025-08-19,9,1
2025-08-19 10:00:00+00:00,,2025-08-19,10,1
2025-08-19 11:00:00+00:00,,2025-08-19,11,1
2025-08-19 12:00:00+00:00,,2025-08-19,12,1
2025-08-19 13:00:00+00:00,,2025-08-19,13,1
2025-08-19 14:00:00+00:00,,2025-08-19,14,1
2025-08-19 15:00:00+00:00,,2025-08-19,15,1
2025-08-19 16:00:00+00:00,,2025-08-19,16,1
2025-08-19 17:00:00+00:00,,2025-08-19,17,1
2025-08-19 18:00:00+00:00,,2025-08-19,18,1
2025-08-19 19:00:00+00:00,,2025-08-19,19,1
2025-08-19 20:00:00+00:00,,2025-08-19,20,1
2025-08-19 21:00:00+00:00,,2025-08-19,21,1
2025-08-19 22:00:00+00:00,,2025-08-19,22,1
2025-08-19 23:00:00+00:00,,2025-08-19,23,1
2025-08-20 00:00:00+00:00,,2025-08-20,0,2
2025-08-20 01:00:00+00:00,,2025-08-20,1,2
2025-08-20 02:00:00+00:00,,2025-08-20,2,2
2025-08-20 03:00:00+00:00,,2025-08-20,3,2
2025-08-20 04:00:00+00:00,,2025-08-20,4,2
2025-08-20 05:00:00+00:00,,2025-08-20,5,2
2025-08-20 06:00:00+00:00,,2025-08-20,6,2
2025-08-20 07:00:00+00:00,,2025-08-20,7,2
2025-08-20 08:00:00+00:00,,2025-08-20,8,2
2025-08-20 09:00:00+00:00,,2025-08-20,9,2
2025-08-20 10:00:00+00:00,,2025-08-20,10,2
2025-08-20 11:00:00+00:00,,2025-08-20,11,2
2025-08-20 12:00:00+00:00,,2025-08-20,12,2
2025-08-20 13:00:00+00:00,,2025-08-20,13,2
2025-08-20 14:00:00+00:00,,2025-08-20,14,2
2025-08-20 15:00:00+00:00,,2025-08-20,15,2
2025-08-20 16:00:00+00:00,,2025-08-20,16,2
2025-08-20 17:00:00+00:00,,2025-08-20,17,2
2025-08-20 18:00:00+00:00,,2025-08-20,18,2
2025-08-20 19:00:00+00:00,,2025-08-20,19,2
2025-08-20 20:00:00+00:00,,2025-08-20,20,2
2025-08-20 21:00:00+00:00,,2025-08-20,21,2
2025-08-20 22:00:00+00:00,,2025-08-20,22,2
2025-08-20 23:00:00+00:00,,2025-08-20,23,2
2025-08-21 00:00:00+00:00,,2025-08-21,0,3
2025-08-21 01:00:00+00:00,,2025-08-21,1,3
2025-08-21 02:00:00+00:00,,2025-08-21,2,3
2025-08-21 03:00:00+00:00,,2025-08-21,3,3
2025-08-21 04:00:00+00:00,,2025-08-21,4,3
2025-08-21 05:00:00+00:00,,2025-08-21,5,3
2025-08-21 06:00:00+00:00,,2025-08-21,6,3
2025-08-21 07:00:00+00:00,,2025-08-21,7,3
2025-08-21 08:00:00+00:00,,2025-08-21,8,3
2025-08-21 09:00:00+00:00,,2025-08-21,9,3
2025-08-21 10:00:00+00:00,,2025-08-21,10,3
2025-08-21 11:00:00+00:00,,2025-08-21,11,3
2025-08-21 12:00:00+00:00,,2025-08-21,12,3
2025-08-21 13:00:00+00:00,,2025-08-21,13,3
2025-08-21 14:00:00+00:00,,2025-08-21,14,3
2025-08-21 15:00:00+00:00,,2025-08-21,15,3
2025-08-21 16:00:00+00:00,,2025-08-21,16,3
2025-08-21 17:00:00+00:00,,2025-08-21,17,3
2025-08-21 18:00:00+00:00,,2025-08-21,18,3
2025-08-21 19:00:00+00:00,,2025-08-21,19,3
2025-08-21 20:00:00+00:00,,2025-08-21,20,3
2025-08-21 21:00:00+00:00,,2025-08-21,21,3
2025-08-21 22:00:00+00:00,,2025-08-21,22,3
2025-08-21 23:00:00+00:00,,2025-08-21,23,3
2025-08-22 00:00:00+00:00,,2025-08-22,0,4
2025-08-22 01:00:00+00:00,,2025-08-22,1,4
2025-08-22 02:00:00+00:00,,2025-08-22,2,4
2025-08-22 03:00:00+00:00,,2025-08-22,3,4
2025-08-22 04:00:00+00:00,,2025-08-22,4,4
2025-08-22 05:00:00+00:00,,2025-08-22,5,4
2025-08-22 06:00:00+00:00,,2025-08-22,6,4
2025-08-22 07:00:00+00:00,,2025-08-22,7,4
2025-08-22 08:00:00+00:00,,2025-08-22,8,4
2025-08-22 09:00:00+00:00,,2025-08-22,9,4
2025-08-22 10:00:00+00:00,,2025-08-22,10,4
2025-08-22 11:00:00+00:00,,2025-08-22,11,4
2025-08-22 12:00:00+00:00,,2025-08-22,12,4
2025-08-22 13:00:00+00:00,,2025-08-22,13,4
2025-08-22 14:00:00+00:00,,2025-08-22,14,4
2025-08-22 15:00:00+00:00,,2025-08-22,15,4
2025-08-22 16:00:00+00:00,,2025-08-22,16,4
2025-08-22 17:00:00+00:00,,2025-08-22,17,4
2025-08-22 18:00:00+00:00,,2025-08-22,18,4
2025-08-22 19:00:00+00:00,,2025-08-22,19,4
2025-08-22 20:00:00+00:00,,2025-08-22,20,4
2025-08-22 21:00:00+00:00,,2025-08-22,21,4
2025-08-22 22:00:00+00:00,,2025-08-22,22,4
2025-08-22 23:00:00+00:00,,2025-08-22,23,4
2025-08-23 00:00:00+00:00,,2025-08-23,0,5
2025-08-23 01:00:00+00:00,,2025-08-23,1,5
2025-08-23 02:00:00+00:00,,2025-08-23,2,5
2025-08-23 03:00:00+00:00,,2025-08-23,3,5
2025-08-23 04:00:00+00:00,,2025-08-23,4,5
2025-08-23 05:00:00+00:00,,2025-08-23,5,5
2025-08-23 06:00:00+00:00,,2025-08-23,6,5
2025-08-23 07:00:00+00:00,,2025-08-23,7,5
2025-08-23 08:00:00+00:00,,2025-08-23,8,5
2025-08-23 09:00:00+00:00,,2025-08-23,9,5
2025-08-23 10:00:00+00:00,,2025-08-23,10,5
2025-08-23 11:00:00+00:00,,2025-08-23,11,5
2025-08-23 12:00:00+00:00,,2025-08-23,12,5
2025-08-23 13:00:00+00:00,,2025-08-23,13,5
2025-08-23 14:00:00+00:00,,2025-08-23,14,5
2025-08-23 15:00:00+00:00,,2025-08-23,15,5
2025-08-23 16:00:00+00:00,,2025-08-23,16,5
2025-08-23 17:00:00+00:00,,2025-08-23,17,5
2025-08-23 18:00:00+00:00,,2025-08-23,18,5
2025-08-23 19:00:00+00:00,,2025-08-23,19,5
2025-08-23 20:00:00+00:00,,2025-08-23,20,5
2025-08-23 21:00:00+00:00,,2025-08-23,21,5
2025-08-23 22:00:00+00:00,,2025-08-23,22,5
2025-08-23 23:00:00+00:00,,2025-08-23,23,5
2025-08-24 00:00:00+00:00,,2025-08-24,0,6
2025-08-24 01:00:00+00:00,,2025-08-24,1,6
2025-08-24 02:00:00+00:00,,2025-08-24,2,6
2025-08-24 03:00:00+00:00,,2025-08-24,3,6
2025-08-24 04:00:00+00:00,,2025-08-24,4,6
2025-08-24 05:00:00+00:00,,2025-08-24,5,6
2025-08-24 06:00:00+00:00,,2025-08-24,6,6
2025-08-24 07:00:00+00:00,,2025-08-24,7,6
2025-08-24 08:00:00+00:00,,2025-08-24,8,6
2025-08-24 09:00:00+00:00,,2025-08-24,9,6
2025-08-24 10:00:00+00:00,,2025-08-24,10,6
2025-08-24 11:00:00+00:00,,2025-08-24,11,6
2025-08-24 12:00:00+00:00,,2025-08-24,12,6
2025-08-24 13:00:00+00:00,,2025-08-24,13,6
2025-08-24 14:00:00+00:00,,2025-08-24,14,6
2025-08-24 15:00:00+00:00,,2025-08-24,15,6
2025-08-24 16:00:00+00:00,,2025-08-24,16,6
2025-08-24 17:00:00+00:00,,2025-08-24,17,6
2025-08-24 18:00:00+00:00,,2025-08-24,18,6
2025-08-24 19:00:00+00:00,,2025-08-24,19,6
2025-08-24 20:00:00+00:00,,2025-08-24,20,6
2025-08-24 21:00:00+00:00,,2025-08-24,21,6
2025-08-24 22:00:00+00:00,,2025-08-24,22,6
2025-08-24 23:00:00+00:00,,2025-08-24,23,6
2025-08-25 00:00:00+00:00,,2025-08-25,0,0
2025-08-25 01:00:00+00:00,,2025-08-25,1,0
2025-08-25 02:00:00+00:00,,2025-08-25,2,0
2025-08-25 03:00:00+00:00,,2025-08-25,3,0
2025-08-25 04:00:00+00:00,,2025-08-25,4,0
2025-08-25 05:00:00+00:00,,2025-08-25,5,0
2025-08-25 06:00:00+00:00,,2025-08-25,6,0
2025-08-25 07:00:00+00:00,,2025-08-25,7,0
2025-08-25 08:00:00+00:00,,2025-08-25,8,0
2025-08-25 09:00:00+00:00,,2025-08-25,9,0
2025-08-25 10:00:00+00:00,,2025-08-25,10,0
2025-08-25 11:00:00+00:00,,2025-08-25,11,0
2025-08-25 12:00:00+00:00,,2025-08-25,12,0
2025-08-25 13:00:00+00:00,,2025-08-25,13,0
2025-08-25 14:00:00+00:00,,2025-08-25,14,0
2025-08-25 15:00:00+00:00,,2025-08-25,15,0
2025-08-25 16:00:00+00:00,,2025-08-25,16,0
2025-08-25 17:00:00+00:00,,2025-08-25,17,0
2025-08-25 18:00:00+00:00,,2025-08-25,18,0
2025-08-25 19:00:00+00:00,,2025-08-25,19,0
2025-08-25 20:00:00+00:00,,2025-08-25,20,0
2025-08-25 21:00:00+00:00,,2025-08-25,21,0
2025-08-25 22:00:00+00:00,,2025-08-25,22,0
2025-08-25 23:00:00+00:00,,2025-08-25,23,0
2025-08-26 00:00:00+00:00,,2025-08-26,0,1
2025-08-26 01:00:00+00:00,,2025-08-26,1,1
2025-08-26 02:00:00+00:00,,2025-08-26,2,1
2025-08-26 03:00:00+00:00,,2025-08-26,3,1
2025-08-26 04:00:00+00:00,,2025-08-26,4,1
2025-08-26 05:00:00+00:00,,2025-08-26,5,1
2025-08-26 06:00:00+00:00,,2025-08-26,6,1
2025-08-26 07:00:00+00:00,,2025-08-26,7,1
2025-08-26 08:00:00+00:00,,2025-08-26,8,1
2025-08-26 09:00:00+00:00,,2025-08-26,9,1
2025-08-26 10:00:00+00:00,,2025-08-26,10,1
2025-08-26 11:00:00+00:00,,2025-08-26,11,1
2025-08-26 12:00:00+00:00,,2025-08-26,12,1
2025-08-26 13:00:00+00:00,,2025-08-26,13,1
2025-08-26 14:00:00+00:00,,2025-08-26,14,1
2025-08-26 15:00:00+00:00,,2025-08-26,15,1
2025-08-26 16:00:00+00:00,,2025-08-26,16,1
2025-08-26 17:00:00+00:00,,2025-08-26,17,1
2025-08-26 18:00:00+00:00,,2025-08-26,18,1
2025-08-26 19:00:00+00:00,,2025-08-26,19,1
2025-08-26 20:00:00+00:00,,2025-08-26,20,1
2025-08-26 21:00:00+00:00,,2025-08-26,21,1
2025-08-26 22:00:00+00:00,,2025-08-26,22,1
2025-08-26 23:00:00+00:00,,2025-08-26,23,1
2025-08-27 00:00:00+00:00,,2025-08-27,0,2
2025-08-27 01:00:00+00:00,,2025-08-27,1,2
2025-08-27 02:00:00+00:00,,2025-08-27,2,2
2025-08-27 03:00:00+00:00,,2025-08-27,3,2
2025-08-27 04:00:00+00:00,,2025-08-27,4,2
2025-08-27 05:00:00+00:00,,2025-08-27,5,2
2025-08-27 06:00:00+00:00,,2025-08-27,6,2
2025-08-27 07:00:00+00:00,,2025-08-27,7,2
2025-08-27 08:00:00+00:00,,2025-08-27,8,2
2025-08-27 09:00:00+00:00,,2025-08-27,9,2
2025-08-27 10:00:00+00:00,,2025-08-27,10,2
2025-08-27 11:00:00+00:00,,2025-08-27,11,2
2025-08-27 12:00:00+00:00,,2025-08-27,12,2
2025-08-27 13:00:00+00:00,,2025-08-27,13,2
2025-08-27 14:00:00+00:00,,2025-08-27,14,2
2025-08-27 15:00:00+00:00,,2025-08-27,15,2
2025-08-27 16:00:00+00:00,,2025-08-27,16,2
2025-08-27 17:00:00+00:00,,2025-08-27,17,2
2025-08-27 18:00:00+00:00,,2025-08-27,18,2
2025-08-27 19:00:00+00:00,,2025-08-27,19,2
2025-08-27 20:00:00+00:00,,2025-08-27,20,2
2025-08-27 21:00:00+00:00,,2025-08-27,21,2
2025-08-27 22:00:00+00:00,,2025-08-27,22,2
2025-08-27 23:00:00+00:00,,2025-08-27,23,2
2025-08-28 00:00:00+00:00,,2025-08-28,0,3
2025-08-28 01:00:00+00:00,,2025-08-28,1,3
2025-08-28 02:00:00+00:00,,2025-08-28,2,3
2025-08-28 03:00:00+00:00,,2025-08-28,3,3
2025-08-28 04:00:00+00:00,,2025-08-28,4,3
2025-08-28 05:00:00+00:00,,2025-08-28,5,3
2025-08-28 06:00:00+00:00,,2025-08-28,6,3
2025-08-28 07:00:00+00:00,,2025-08-28,7,3
2025-08-28 08:00:00+00:00,,2025-08-28,8,3
2025-08-28 09:00:00+00:00,,2025-08-28,9,3
2025-08-28 10:00:00+00:00,,2025-08-28,10,3
2025-08-28 11:00:00+00:00,,2025-08-28,11,3
2025-08-28 12:00:00+00:00,,2025-08-28,12,3
2025-08-28 13:00:00+00:00,,2025-08-28,13,3
2025-08-28 14:00:00+00:00,,2025-08-28,14,3
2025-08-28 15:00:00+00:00,,2025-08-28,15,3
2025-08-28 16:00:00+00:00,,2025-08-28,16,3
2025-08-28 17:00:00+00:00,,2025-08-28,17,3
2025-08-28 18:00:00+00:00,,2025-08-28,18,3
2025-08-28 19:00:00+00:00,,2025-08-28,19,3
2025-08-28 20:00:00+00:00,,2025-08-28,20,3
2025-08-28 21:00:00+00:00,,2025-08-28,21,3
2025-08-28 22:00:00+00:00,,2025-08-28,22,3
2025-08-28 23:00:00+00:00,,2025-08-28,23,3
2025-08-29 00:00:00+00:00,,2025-08-29,0,4
2025-08-29 01:00:00+00:00,,2025-08-29,1,4
2025-08-29 02:00:00+00:00,,2025-08-29,2,4
2025-08-29 03:00:00+00:00,,2025-08-29,3,4
2025-08-29 04:00:00+00:00,,2025-08-29,4,4
2025-08-29 05:00:00+00:00,,2025-08-29,5,4
2025-08-29 06:00:00+00:00,,2025-08-29,6,4
2025-08-29 07:00:00+00:00,,2025-08-29,7,4
2025-08-29 08:00:00+00:00,,2025-08-29,8,4
2025-08-29 09:00:00+00:00,,2025-08-29,9,4
2025-08-29 10:00:00+00:00,,2025-08-29,10,4
2025-08-29 11:00:00+00:00,,2025-08-29,11,4
2025-08-29 12:00:00+00:00,,2025-08-29,12,4
2025-08-29 13:00:00+00:00,,2025-08-29,13,4
2025-08-29 14:00:00+00:00,,2025-08-29,14,4
2025-08-29 15:00:00+00:00,,2025-08-29,15,4
2025-08-29 16:00:00+00:00,,2025-08-29,16,4
2025-08-29 17:00:00+00:00,,2025-08-29,17,4
2025-08-29 18:00:00+00:00,,2025-08-29,18,4
2025-08-29 19:00:00+00:00,,2025-08-29,19,4
2025-08-29 20:00:00+00:00,,2025-08-29,20,4
2025-08-29 21:00:00+00:00,,2025-08-29,21,4
2025-08-29 22:00:00+00:00,,2025-08-29,22,4
2025-08-29 23:00:00+00:00,,2025-08-29,23,4
2025-08-30 00:00:00+00:00,,2025-08-30,0,5
2025-08-30 01:00:00+00:00,,2025-08-30,1,5
2025-08-30 02:00:00+00:00,,2025-08-30,2,5
2025-08-30 03:00:00+00:00,,2025-08-30,3,5
2025-08-30 04:00:00+00:00,,2025-08-30,4,5
2025-08-30 05:00:00+00:00,,2025-08-30,5,5
2025-08-30 06:00:00+00:00,,2025-08-30,6,5
2025-08-30 07:00:00+00:00,,2025-08-30,7,5
2025-08-30 08:00:00+00:00,,2025-08-30,8,5
2025-08-30 09:00:00+00:00,,2025-08-30,9,5
2025-08-30 10:00:00+00:00,,2025-08-30,10,5
2025-08-30 11:00:00+00:00,,2025-08-30,11,5
2025-08-30 12:00:00+00:00,,2025-08-30,12,5
2025-08-30 13:00:00+00:00,,2025-08-30,13,5
2025-08-30 14:00:00+00:00,,2025-08-30,14,5
2025-08-30 15:00:00+00:00,,2025-08-30,15,5
2025-08-30 16:00:00+00:00,,2025-08-30,16,5
2025-08-30 17:00:00+00:00,,2025-08-30,17,5
2025-08-30 18:00:00+00:00,,2025-08-30,18,5
2025-08-30 19:00:00+00:00,,2025-08-30,19,5
2025-08-30 20:00:00+00:00,,2025-08-30,20,5
2025-08-30 21:00:00+00:00,,2025-08-30,21,5
2025-08-30 22:00:00+00:00,,2025-08-30,22,5
2025-08-30 23:00:00+00:00,,2025-08-30,23,5
2025-08-31 00:00:00+00:00,,2025-08-31,0,6
2025-08-31 01:00:00+00:00,,2025-08-31,1,6
2025-08-31 02:00:00+00:00,,2025-08-31,2,6
2025-08-31 03:00:00+00:00,,2025-08-31,3,6
2025-08-31 04:00:00+00:00,,2025-08-31,4,6
2025-08-31 05:00:00+00:00,,2025-08-31,5,6
2025-08-31 06:00:00+00:00,,2025-08-31,6,6
2025-08-31 07:00:00+00:00,,2025-08-31,7,6
2025-08-31 08:00:00+00:00,,2025-08-31,8,6
2025-08-31 09:00:00+00:00,,2025-08-31,9,6
2025-08-31 10:00:00+00:00,,2025-08-31,10,6
2025-08-31 11:00:00+00:00,,2025-08-31,11,6
2025-08-31 12:00:00+00:00,,2025-08-31,12,6
2025-08-31 13:00:00+00:00,,2025-08-31,13,6
2025-08-31 14:00:00+00:00,,2025-08-31,14,6
2025-08-31 15:00:00+00:00,,2025-08-31,15,6
2025-08-31 16:00:00+00:00,,2025-08-31,16,6
2025-08-31 17:00:00+00:00,,2025-08-31,17,6
2025-08-31 18:00:00+00:00,,2025-08-31,18,6
2025-08-31 19:00:00+00:00,,2025-08-31,19,6
2025-08-31 20:00:00+00:00,,2025-08-31,20,6
2025-08-31 21:00:00+00:00,,2025-08-31,21,6
2025-08-31 22:00:00+00:00,,2025-08-31,22,6
2025-08-31 23:00:00+00:00,,2025-08-31,23,6
2025-09-01 00:00:00+00:00,,2025-09-01,0,0
2025-09-01 01:00:00+00:00,,2025-09-01,1,0
2025-09-01 02:00:00+00:00,,2025-09-01,2,0
2025-09-01 03:00:00+00:00,,2025-09-01,3,0
2025-09-01 04:00:00+00:00,,2025-09-01,4,0
2025-09-01 05:00:00+00:00,,2025-09-01,5,0
2025-09-01 06:00:00+00:00,,2025-09-01,6,0
2025-09-01 07:00:00+00:00,,2025-09-01,7,0
2025-09-01 08:00:00+00:00,,2025-09-01,8,0
2025-09-01 09:00:00+00:00,,2025-09-01,9,0
2025-09-01 10:00:00+00:00,,2025-09-01,10,0
2025-09-01 11:00:00+00:00,,2025-09-01,11,0
2025-09-01 12:00:00+00:00,,2025-09-01,12,0
2025-09-01 13:00:00+00:00,,2025-09-01,13,0
2025-09-01 14:00:00+00:00,,2025-09-01,14,0
2025-09-01 15:00:00+00:00,,2025-09-01,15,0
2025-09-01 16:00:00+00:00,,2025-09-01,16,0
2025-09-01 17:00:00+00:00,,2025-09-01,17,0
2025-09-01 18:00:00+00:00,,2025-09-01,18,0
2025-09-01 19:00:00+00:00,,2025-09-01,19,0
2025-09-01 20:00:00+00:00,,2025-09-01,20,0
2025-09-01 21:00:00+00:00,,2025-09-01,21,0
2025-09-01 22:00:00+00:00,,2025-09-01,22,0
2025-09-01 23:00:00+00:00,,2025-09-01,23,0
2025-09-02 00:00:00+00:00,,2025-09-02,0,1
2025-09-02 01:00:00+00:00,,2025-09-02,1,1
2025-09-02 02:00:00+00:00,,2025-09-02,2,1
2025-09-02 03:00:00+00:00,,2025-09-02,3,1
2025-09-02 04:00:00+00:00,,2025-09-02,4,1
2025-09-02 05:00:00+00:00,,2025-09-02,5,1
2025-09-02 06:00:00+00:00,,2025-09-02,6,1
2025-09-02 07:00:00+00:00,,2025-09-02,7,1
2025-09-02 08:00:00+00:00,,2025-09-02,8,1
2025-09-02 09:00:00+00:00,,2025-09-02,9,1
2025-09-02 10:00:00+00:00,,2025-09-02,10,1
2025-09-02 11:00:00+00:00,,2025-09-02,11,1
2025-09-02 12:00:00+00:00,,2025-09-02,12,1
2025-09-02 13:00:00+00:00,,2025-09-02,13,1
2025-09-02 14:00:00+00:00,,2025-09-02,14,1
2025-09-02 15:00:00+00:00,,2025-09-02,15,1
2025-09-02 16:00:00+00:00,,2025-09-02,16,1
2025-09-02 17:00:00+00:00,,2025-09-02,17,1
2025-09-02 18:00:00+00:00,,2025-09-02,18,1
2025-09-02 19:00:00+00:00,,2025-09-02,19,1
2025-09-02 20:00:00+00:00,,2025-09-02,20,1
2025-09-02 21:00:00+00:00,,2025-09-02,21,1
2025-09-02 22:00:00+00:00,,2025-09-02,22,1
2025-09-02 23:00:00+00:00,,2025-09-02,23,1
2025-09-03 00:00:00+00:00,,2025-09-03,0,2
2025-09-03 01:00:00+00:00,,2025-09-03,1,2
2025-09-03 02:00:00+00:00,,2025-09-03,2,2
2025-09-03 03:00:00+00:00,,2025-09-03,3,2
2025-09-03 04:00:00+00:00,,2025-09-03,4,2
2025-09-03 05:00:00+00:00,,2025-09-03,5,2
2025-09-03 06:00:00+00:00,,2025-09-03,6,2
2025-09-03 07:00:00+00:00,,2025-09-03,7,2
2025-09-03 08:00:00+00:00,,2025-09-03,8,2
2025-09-03 09:00:00+00:00,,2025-09-03,9,2
2025-09-03 10:00:00+00:00,,2025-09-03,10,2
2025-09-03 11:00:00+00:00,,2025-09-03,11,2
2025-09-03 12:00:00+00:00,,2025-09-03,12,2
2025-09-03 13:00:00+00:00,,2025-09-03,13,2
2025-09-03 14:00:00+00:00,,2025-09-03,14,2
2025-09-03 15:00:00+00:00,,2025-09-03,15,2
2025-09-03 16:00:00+00:00,,2025-09-03,16,2
2025-09-03 17:00:00+00:00,,2025-09-03,17,2
2025-09-03 18:00:00+00:00,,2025-09-03,18,2
2025-09-03 19:00:00+00:00,,2025-09-03,19,2
2025-09-03 20:00:00+00:00,,2025-09-03,20,2
2025-09-03 21:00:00+00:00,,2025-09-03,21,2
2025-09-03 22:00:00+00:00,,2025-09-03,22,2
2025-09-03 23:00:00+00:00,,2025-09-03,23,2
2025-09-04 00:00:00+00:00,,2025-09-04,0,3
2025-09-04 01:00:00+00:00,,2025-09-04,1,3
2025-09-04 02:00:00+00:00,,2025-09-04,2,3
2025-09-04 03:00:00+00:00,,2025-09-04,3,3
2025-09-04 04:00:00+00:00,,2025-09-04,4,3
2025-09-04 05:00:00+00:00,,2025-09-04,5,3
2025-09-04 06:00:00+00:00,,2025-09-04,6,3
2025-09-04 07:00:00+00:00,,2025-09-04,7,3
2025-09-04 08:00:00+00:00,,2025-09-04,8,3
2025-09-04 09:00:00+00:00,,2025-09-04,9,3
2025-09-04 10:00:00+00:00,,2025-09-04,10,3
2025-09-04 11:00:00+00:00,,2025-09-04,11,3
2025-09-04 12:00:00+00:00,,2025-09-04,12,3
2025-09-04 13:00:00+00:00,,2025-09-04,13,3
2025-09-04 14:00:00+00:00,,2025-09-04,14,3
2025-09-04 15:00:00+00:00,,2025-09-04,15,3
2025-09-04 16:00:00+00:00,,2025-09-04,16,3
2025-09-04 17:00:00+00:00,,2025-09-04,17,3
2025-09-04 18:00:00+00:00,,2025-09-04,18,3
2025-09-04 19:00:00+00:00,,2025-09-04,19,3
2025-09-04 20:00:00+00:00,,2025-09-04,20,3
2025-09-04 21:00:00+00:00,,2025-09-04,21,3
2025-09-04 22:00:00+00:00,,2025-09-04,22,3
2025-09-04 23:00:00+00:00,,2025-09-04,23,3
2025-09-05 00:00:00+00:00,,2025-09-05,0,4
2025-09-05 01:00:00+00:00,,2025-09-05,1,4
2025-09-05 02:00:00+00:00,,2025-09-05,2,4
2025-09-05 03:00:00+00:00,,2025-09-05,3,4
2025-09-05 04:00:00+00:00,,2025-09-05,4,4
2025-09-05 05:00:00+00:00,,2025-09-05,5,4
2025-09-05 06:00:00+00:00,,2025-09-05,6,4
2025-09-05 07:00:00+00:00,,2025-09-05,7,4
2025-09-05 08:00:00+00:00,,2025-09-05,8,4
2025-09-05 09:00:00+00:00,,2025-09-05,9,4
2025-09-05 10:00:00+00:00,,2025-09-05,10,4
2025-09-05 11:00:00+00:00,,2025-09-05,11,4
2025-09-05 12:00:00+00:00,,2025-09-05,12,4
2025-09-05 13:00:00+00:00,,2025-09-05,13,4
2025-09-05 14:00:00+00:00,,2025-09-05,14,4
2025-09-05 15:00:00+00:00,,2025-09-05,15,4
2025-09-05 16:00:00+00:00,,2025-09-05,16,4
2025-09-05 17:00:00+00:00,,2025-09-05,17,4
2025-09-05 18:00:00+00:00,,2025-09-05,18,4
2025-09-05 19:00:00+00:00,,2025-09-05,19,4
2025-09-05 20:00:00+00:00,,2025-09-05,20,4
2025-09-05 21:00:00+00:00,,2025-09-05,21,4
2025-09-05 22:00:00+00:00,,2025-09-05,22,4
2025-09-05 23:00:00+00:00,,2025-09-05,23,4
2025-09-06 00:00:00+00:00,,2025-09-06,0,5
2025-09-06 01:00:00+00:00,,2025-09-06,1,5
2025-09-06 02:00:00+00:00,,2025-09-06,2,5
2025-09-06 03:00:00+00:00,,2025-09-06,3,5
2025-09-06 04:00:00+00:00,,2025-09-06,4,5
2025-09-06 05:00:00+00:00,,2025-09-06,5,5
2025-09-06 06:00:00+00:00,,2025-09-06,6,5
2025-09-06 07:00:00+00:00,,2025-09-06,7,5
2025-09-06 08:00:00+00:00,,2025-09-06,8,5
2025-09-06 09:00:00+00:00,,2025-09-06,9,5
2025-09-06 10:00:00+00:00,,2025-09-06,10,5
2025-09-06 11:00:00+00:00,,2025-09-06,11,5
2025-09-06 12:00:00+00:00,,2025-09-06,12,5
2025-09-06 13:00:00+00:00,,2025-09-06,13,5
2025-09-06 14:00:00+00:00,,2025-09-06,14,5
2025-09-06 15:00:00+00:00,,2025-09-06,15,5
2025-09-06 16:00:00+00:00,,2025-09-06,16,5
2025-09-06 17:00:00+00:00,,2025-09-06,17,5
2025-09-06 18:00:00+00:00,,2025-09-06,18,5
2025-09-06 19:00:00+00:00,,2025-09-06,19,5
2025-09-06 20:00:00+00:00,,2025-09-06,20,5
2025-09-06 21:00:00+00:00,,2025-09-06,21,5
2025-09-06 22:00:00+00:00,,2025-09-06,22,5
2025-09-06 23:00:00+00:00,,2025-09-06,23,5
2025-09-07 00:00:00+00:00,,2025-09-07,0,6
2025-09-07 01:00:00+00:00,,2025-09-07,1,6
2025-09-07 02:00:00+00:00,,2025-09-07,2,6
2025-09-07 03:00:00+00:00,,2025-09-07,3,6
2025-09-07 04:00:00+00:00,,2025-09-07,4,6
2025-09-07 05:00:00+00:00,,2025-09-07,5,6
2025-09-07 06:00:00+00:00,,2025-09-07,6,6
2025-09-07 07:00:00+00:00,,2025-09-07,7,6
2025-09-07 08:00:00+00:00,,2025-09-07,8,6
2025-09-07 09:00:00+00:00,,2025-09-07,9,6
2025-09-07 10:00:00+00:00,,2025-09-07,10,6
2025-09-07 11:00:00+00:00,,2025-09-07,11,6
2025-09-07 12:00:00+00:00,,2025-09-07,12,6
2025-09-07 13:00:00+00:00,,2025-09-07,13,6
2025-09-07 14:00:00+00:00,,2025-09-07,14,6
2025-09-07 15:00:00+00:00,,2025-09-07,15,6
2025-09-07 16:00:00+00:00,,2025-09-07,16,6
2025-09-07 17:00:00+00:00,,2025-09-07,17,6
2025-09-07 18:00:00+00:00,,2025-09-07,18,6
2025-09-07 19:00:00+00:00,,2025-09-07,19,6
2025-09-07 20:00:00+00:00,,2025-09-07,20,6
2025-09-07 21:00:00+00:00,,2025-09-07,21,6
2025-09-07 22:00:00+00:00,,2025-09-07,22,6
2025-09-07 23:00:00+00:00,,2025-09-07,23,6
2025-09-08 00:00:00+00:00,,2025-09-08,0,0
2025-09-08 01:00:00+00:00,,2025-09-08,1,0
2025-09-08 02:00:00+00:00,,2025-09-08,2,0
2025-09-08 03:00:00+00:00,,2025-09-08,3,0
2025-09-08 04:00:00+00:00,,2025-09-08,4,0
2025-09-08 05:00:00+00:00,,2025-09-08,5,0
2025-09-08 06:00:00+00:00,,2025-09-08,6,0
2025-09-08 07:00:00+00:00,,2025-09-08,7,0
2025-09-08 08:00:00+00:00,,2025-09-08,8,0
2025-09-08 09:00:00+00:00,,2025-09-08,9,0
2025-09-08 10:00:00+00:00,,2025-09-08,10,0
2025-09-08 11:00:00+00:00,,2025-09-08,11,0
2025-09-08 12:00:00+00:00,,2025-09-08,12,0
2025-09-08 13:00:00+00:00,,2025-09-08,13,0
2025-09-08 14:00:00+00:00,,2025-09-08,14,0
2025-09-08 15:00:00+00:00,,2025-09-08,15,0
2025-09-08 16:00:00+00:00,,2025-09-08,16,0
2025-09-08 17:00:00+00:00,,2025-09-08,17,0
2025-09-08 18:00:00+00:00,,2025-09-08,18,0
2025-09-08 19:00:00+00:00,,2025-09-08,19,0
2025-09-08 20:00:00+00:00,,2025-09-08,20,0
2025-09-08 21:00:00+00:00,,2025-09-08,21,0
2025-09-08 22:00:00+00:00,,2025-09-08,22,0
2025-09-08 23:00:00+00:00,,2025-09-08,23,0
2025-09-09 00:00:00+00:00,,2025-09-09,0,1
2025-09-09 01:00:00+00:00,,2025-09-09,1,1
2025-09-09 02:00:00+00:00,,2025-09-09,2,1
2025-09-09 03:00:00+00:00,,2025-09-09,3,1
2025-09-09 04:00:00+00:00,,2025-09-09,4,1
2025-09-09 05:00:00+00:00,,2025-09-09,5,1
2025-09-09 06:00:00+00:00,,2025-09-09,6,1
2025-09-09 07:00:00+00:00,,2025-09-09,7,1
2025-09-09 08:00:00+00:00,,2025-09-09,8,1
2025-09-09 09:00:00+00:00,,2025-09-09,9,1
2025-09-09 10:00:00+00:00,,2025-09-09,10,1
2025-09-09 11:00:00+00:00,,2025-09-09,11,1
2025-09-09 12:00:00+00:00,,2025-09-09,12,1
2025-09-09 13:00:00+00:00,,2025-09-09,13,1
2025-09-09 14:00:00+00:00,,2025-09-09,14,1
2025-09-09 15:00:00+00:00,,2025-09-09,15,1
2025-09-09 16:00:00+00:00,,2025-09-09,16,1
2025-09-09 17:00:00+00:00,,2025-09-09,17,1
2025-09-09 18:00:00+00:00,,2025-09-09,18,1
2025-09-09 19:00:00+00:00,,2025-09-09,19,1
2025-09-09 20:00:00+00:00,,2025-09-09,20,1
2025-09-09 21:00:00+00:00,,2025-09-09,21,1
2025-09-09 22:00:00+00:00,,2025-09-09,22,1
2025-09-09 23:00:00+00:00,,2025-09-09,23,1
2025-09-10 00:00:00+00:00,,2025-09-10,0,2
2025-09-10 01:00:00+00:00,,2025-09-10,1,2
2025-09-10 02:00:00+00:00,,2025-09-10,2,2
2025-09-10 03:00:00+00:00,,2025-09-10,3,2
2025-09-10 04:00:00+00:00,,2025-09-10,4,2
2025-09-10 05:00:00+00:00,,2025-09-10,5,2
2025-09-10 06:00:00+00:00,,2025-09-10,6,2
2025-09-10 07:00:00+00:00,,2025-09-10,7,2
2025-09-10 08:00:00+00:00,,2025-09-10,8,2
2025-09-10 09:00:00+00:00,,2025-09-10,9,2
2025-09-10 10:00:00+00:00,,2025-09-10,10,2
2025-09-10 11:00:00+00:00,,2025-09-10,11,2
2025-09-10 12:00:00+00:00,,2025-09-10,12,2
2025-09-10 13:00:00+00:00,,2025-09-10,13,2
2025-09-10 14:00:00+00:00,,2025-09-10,14,2
2025-09-10 15:00:00+00:00,,2025-09-10,15,2
2025-09-10 16:00:00+00:00,,2025-09-10,16,2
2025-09-10 17:00:00+00:00,,2025-09-10,17,2
2025-09-10 18:00:00+00:00,,2025-09-10,18,2
2025-09-10 19:00:00+00:00,,2025-09-10,19,2
2025-09-10 20:00:00+00:00,,2025-09-10,20,2
2025-09-10 21:00:00+00:00,,2025-09-10,21,2
2025-09-10 22:00:00+00:00,,2025-09-10,22,2
2025-09-10 23:00:00+00:00,,2025-09-10,23,2
2025-09-11 00:00:00+00:00,,2025-09-11,0,3
2025-09-11 01:00:00+00:00,,2025-09-11,1,3
2025-09-11 02:00:00+00:00,,2025-09-11,2,3
2025-09-11 03:00:00+00:00,,2025-09-11,3,3
2025-09-11 04:00:00+00:00,,2025-09-11,4,3
2025-09-11 05:00:00+00:00,,2025-09-11,5,3
2025-09-11 06:00:00+00:00,,2025-09-11,6,3
2025-09-11 07:00:00+00:00,,2025-09-11,7,3
2025-09-11 08:00:00+00:00,,2025-09-11,8,3
2025-09-11 09:00:00+00:00,,2025-09-11,9,3
2025-09-11 10:00:00+00:00,,2025-09-11,10,3
2025-09-11 11:00:00+00:00,,2025-09-11,11,3
2025-09-11 12:00:00+00:00,,2025-09-11,12,3
2025-09-11 13:00:00+00:00,,2025-09-11,13,3
2025-09-11 14:00:00+00:00,,2025-09-11,14,3
2025-09-11 15:00:00+00:00,,2025-09-11,15,3
2025-09-11 16:00:00+00:00,,2025-09-11,16,3
2025-09-11 17:00:00+00:00,,2025-09-11,17,3
2025-09-11 18:00:00+00:00,,2025-09-11,18,3
2025-09-11 19:00:00+00:00,,2025-09-11,19,3
2025-09-11 20:00:00+00:00,,2025-09-11,20,3
2025-09-11 21:00:00+00:00,,2025-09-11,21,3
2025-09-11 22:00:00+00:00,,2025-09-11,22,3
2025-09-11 23:00:00+00:00,,2025-09-11,23,3
2025-09-12 00:00:00+00:00,,2025-09-12,0,4
2025-09-12 01:00:00+00:00,,2025-09-12,1,4
2025-09-12 02:00:00+00:00,,2025-09-12,2,4
2025-09-12 03:00:00+00:00,,2025-09-12,3,4
2025-09-12 04:00:00+00:00,,2025-09-12,4,4
2025-09-12 05:00:00+00:00,,2025-09-12,5,4
2025-09-12 06:00:00+00:00,,2025-09-12,6,4
2025-09-12 07:00:00+00:00,,2025-09-12,7,4
2025-09-12 08:00:00+00:00,,2025-09-12,8,4
2025-09-12 09:00:00+00:00,,2025-09-12,9,4
2025-09-12 10:00:00+00:00,,2025-09-12,10,4
2025-09-12 11:00:00+00:00,,2025-09-12,11,4
2025-09-12 12:00:00+00:00,,2025-09-12,12,4
2025-09-12 13:00:00+00:00,,2025-09-12,13,4
2025-09-12 14:00:00+00:00,,2025-09-12,14,4
2025-09-12 15:00:00+00:00,,2025-09-12,15,4
2025-09-12 16:00:00+00:00,,2025-09-12,16,4
2025-09-12 17:00:00+00:00,,2025-09-12,17,4
2025-09-12 18:00:00+00:00,,2025-09-12,18,4
2025-09-12 19:00:00+00:00,,2025-09-12,19,4
2025-09-12 20:00:00+00:00,,2025-09-12,20,4
2025-09-12 21:00:00+00:00,,2025-09-12,21,4
2025-09-12 22:00:00+00:00,,2025-09-12,22,4
2025-09-12 23:00:00+00:00,,2025-09-12,23,4
2025-09-13 00:00:00+00:00,,2025-09-13,0,5
2025-09-13 01:00:00+00:00,,2025-09-13,1,5
2025-09-13 02:00:00+00:00,,2025-09-13,2,5
2025-09-13 03:00:00+00:00,,2025-09-13,3,5
2025-09-13 04:00:00+00:00,,2025-09-13,4,5
2025-09-13 05:00:00+00:00,,2025-09-13,5,5
2025-09-13 06:00:00+00:00,,2025-09-13,6,5
2025-09-13 07:00:00+00:00,,2025-09-13,7,5
2025-09-13 08:00:00+00:00,,2025-09-13,8,5
2025-09-13 09:00:00+00:00,,2025-09-13,9,5
2025-09-13 10:00:00+00:00,,2025-09-13,10,5
2025-09-13 11:00:00+00:00,,2025-09-13,11,5
2025-09-13 12:00:00+00:00,,2025-09-13,12,5
2025-09-13 13:00:00+00:00,,2025-09-13,13,5
2025-09-13 14:00:00+00:00,,2025-09-13,14,5
2025-09-13 15:00:00+00:00,,2025-09-13,15,5
2025-09-13 16:00:00+00:00,,2025-09-13,16,5
2025-09-13 17:00:00+00:00,,2025-09-13,17,5
2025-09-13 18:00:00+00:00,,2025-09-13,18,5
2025-09-13 19:00:00+00:00,,2025-09-13,19,5
2025-09-13 20:00:00+00:00,,2025-09-13,20,5
2025-09-13 21:00:00+00:00,,2025-09-13,21,5
2025-09-13 22:00:00+00:00,,2025-09-13,22,5
2025-09-13 23:00:00+00:00,,2025-09-13,23,5
2025-09-14 00:00:00+00:00,,2025-09-14,0,6
2025-09-14 01:00:00+00:00,,2025-09-14,1,6
2025-09-14 02:00:00+00:00,,2025-09-14,2,6
2025-09-14 03:00:00+00:00,,2025-09-14,3,6
2025-09-14 04:00:00+00:00,,2025-09-14,4,6
2025-09-14 05:00:00+00:00,,2025-09-14,5,6
2025-09-14 06:00:00+00:00,,2025-09-14,6,6
2025-09-14 07:00:00+00:00,,2025-09-14,7,6
2025-09-14 08:00:00+00:00,,2025-09-14,8,6
2025-09-14 09:00:00+00:00,,2025-09-14,9,6
2025-09-14 10:00:00+00:00,,2025-09-14,10,6
2025-09-14 11:00:00+00:00,,2025-09-14,11,6
2025-09-14 12:00:00+00:00,,2025-09-14,12,6
2025-09-14 13:00:00+00:00,,2025-09-14,13,6
2025-09-14 14:00:00+00:00,,2025-09-14,14,6
2025-09-14 15:00:00+00:00,,2025-09-14,15,6
2025-09-14 16:00:00+00:00,,2025-09-14,16,6
2025-09-14 17:00:00+00:00,,2025-09-14,17,6
2025-09-14 18:00:00+00:00,,2025-09-14,18,6
2025-09-14 19:00:00+00:00,,2025-09-14,19,6
2025-09-14 20:00:00+00:00,,2025-09-14,20,6
2025-09-14 21:00:00+00:00,,2025-09-14,21,6
2025-09-14 22:00:00+00:00,,2025-09-14,22,6
2025-09-14 23:00:00+00:00,,2025-09-14,23,6
2025-09-15 00:00:00+00:00,,2025-09-15,0,0
2025-09-15 01:00:00+00:00,,2025-09-15,1,0
2025-09-15 02:00:00+00:00,,2025-09-15,2,0
2025-09-15 03:00:00+00:00,,2025-09-15,3,0
2025-09-15 04:00:00+00:00,,2025-09-15,4,0
2025-09-15 05:00:00+00:00,,2025-09-15,5,0
2025-09-15 06:00:00+00:00,,2025-09-15,6,0
2025-09-15 07:00:00+00:00,,2025-09-15,7,0
2025-09-15 08:00:00+00:00,,2025-09-15,8,0
2025-09-15 09:00:00+00:00,,2025-09-15,9,0
2025-09-15 10:00:00+00:00,,2025-09-15,10,0
2025-09-15 11:00:00+00:00,,2025-09-15,11,0
2025-09-15 12:00:00+00:00,,2025-09-15,12,0
2025-09-15 13:00:00+00:00,,2025-09-15,13,0
2025-09-15 14:00:00+00:00,,2025-09-15,14,0
2025-09-15 15:00:00+00:00,,2025-09-15,15,0
2025-09-15 16:00:00+00:00,,2025-09-15,16,0
2025-09-15 17:00:00+00:00,,2025-09-15,17,0
2025-09-15 18:00:00+00:00,,2025-09-15,18,0
2025-09-15 19:00:00+00:00,,2025-09-15,19,0
2025-09-15 20:00:00+00:00,,2025-09-15,20,0
2025-09-15 21:00:00+00:00,,2025-09-15,21,0
2025-09-15 22:00:00+00:00,,2025-09-15,22,0
2025-09-15 23:00:00+00:00,,2025-09-15,23,0
2025-09-16 00:00:00+00:00,,2025-09-16,0,1
2025-09-16 01:00:00+00:00,,2025-09-16,1,1
2025-09-16 02:00:00+00:00,,2025-09-16,2,1
2025-09-16 03:00:00+00:00,,2025-09-16,3,1
2025-09-16 04:00:00+00:00,,2025-09-16,4,1
2025-09-16 05:00:00+00:00,,2025-09-16,5,1
2025-09-16 06:00:00+00:00,,2025-09-16,6,1
2025-09-16 07:00:00+00:00,,2025-09-16,7,1
2025-09-16 08:00:00+00:00,,2025-09-16,8,1
2025-09-16 09:00:00+00:00,,2025-09-16,9,1
2025-09-16 10:00:00+00:00,,2025-09-16,10,1
2025-09-16 11:00:00+00:00,,2025-09-16,11,1
2025-09-16 12:00:00+00:00,,2025-09-16,12,1
2025-09-16 13:00:00+00:00,,2025-09-16,13,1
2025-09-16 14:00:00+00:00,,2025-09-16,14,1
2025-09-16 15:00:00+00:00,,2025-09-16,15,1
2025-09-16 16:00:00+00:00,,2025-09-16,16,1
2025-09-16 17:00:00+00:00,,2025-09-16,17,1
2025-09-16 18:00:00+00:00,,2025-09-16,18,1
2025-09-16 19:00:00+00:00,,2025-09-16,19,1
2025-09-16 20:00:00+00:00,,2025-09-16,20,1
2025-09-16 21:00:00+00:00,,2025-09-16,21,1
2025-09-16 22:00:00+00:00,,2025-09-16,22,1
2025-09-16 23:00:00+00:00,,2025-09-16,23,1
2025-09-17 00:00:00+00:00,,2025-09-17,0,2
2025-09-17 01:00:00+00:00,,2025-09-17,1,2
2025-09-17 02:00:00+00:00,,2025-09-17,2,2
2025-09-17 03:00:00+00:00,,2025-09-17,3,2
2025-09-17 04:00:00+00:00,,2025-09-17,4,2
2025-09-17 05:00:00+00:00,,2025-09-17,5,2
2025-09-17 06:00:00+00:00,,2025-09-17,6,2
2025-09-17 07:00:00+00:00,,2025-09-17,7,2
2025-09-17 08:00:00+00:00,,2025-09-17,8,2
2025-09-17 09:00:00+00:00,,2025-09-17,9,2
2025-09-17 10:00:00+00:00,,2025-09-17,10,2
2025-09-17 11:00:00+00:00,50.67,2025-09-17,11,2
2025-09-17 12:00:00+00:00,50.08,2025-09-17,12,2
2025-09-17 13:00:00+00:00,41.99,2025-09-17,13,2
2025-09-17 14:00:00+00:00,44.18,2025-09-17,14,2
2025-09-17 15:00:00+00:00,46.76,2025-09-17,15,2
2025-09-17 16:00:00+00:00,47.84,2025-09-17,16,2
2025-09-17 17:00:00+00:00,47.52,2025-09-17,17,2
2025-09-17 18:00:00+00:00,47.71,2025-09-17,18,2
2025-09-17 19:00:00+00:00,52.7,2025-09-17,19,2
2025-09-17 20:00:00+00:00,51.95,2025-09-17,20,2
2025-09-17 21:00:00+00:00,52.89,2025-09-17,21,2
2025-09-17 22:00:00+00:00,53.89,2025-09-17,22,2
2025-09-17 23:00:00+00:00,54.88,2025-09-17,23,2
2025-09-18 00:00:00+00:00,56.12,2025-09-18,0,3
2025-09-18 01:00:00+00:00,57.5,2025-09-18,1,3
2025-09-18 02:00:00+00:00,58.25,2025-09-18,2,3
2025-09-18 03:00:00+00:00,58.67,2025-09-18,3,3
2025-09-18 04:00:00+00:00,59.62,2025-09-18,4,3
2025-09-18 05:00:00+00:00,59.98,2025-09-18,5,3
2025-09-18 06:00:00+00:00,53.86,2025-09-18,6,3
2025-09-18 07:00:00+00:00,50.63,2025-09-18,7,3
2025-09-18 08:00:00+00:00,48.36,2025-09-18,8,3
2025-09-18 09:00:00+00:00,55.65,2025-09-18,9,3
2025-09-18 10:00:00+00:00,53.34,2025-09-18,10,3
2025-09-18 11:00:00+00:00,53.58,2025-09-18,11,3
2025-09-18 12:00:00+00:00,51.64,2025-09-18,12,3
2025-09-18 13:00:00+00:00,40.19,2025-09-18,13,3
2025-09-18 14:00:00+00:00,37.97,2025-09-18,14,3
2025-09-18 15:00:00+00:00,37.97,2025-09-18,15,3
2025-09-18 16:00:00+00:00,38.81,2025-09-18,16,3
2025-09-18 17:00:00+00:00,38.22,2025-09-18,17,3
2025-09-18 18:00:00+00:00,40.17,2025-09-18,18,3
2025-09-18 19:00:00+00:00,45.21,2025-09-18,19,3
2025-09-18 20:00:00+00:00,49.72,2025-09-18,20,3
2025-09-18 21:00:00+00:00,51.78,2025-09-18,21,3
2025-09-18 22:00:00+00:00,51.98,2025-09-18,22,3
2025-09-18 23:00:00+00:00,53.13,2025-09-18,23,3
2025-09-19 00:00:00+00:00,54.29,2025-09-19,0,4
2025-09-19 01:00:00+00:00,55.33,2025-09-19,1,4
2025-09-19 02:00:00+00:00,56.26,2025-09-19,2,4
2025-09-19 03:00:00+00:00,57.48,2025-09-19,3,4
2025-09-19 04:00:00+00:00,58.38,2025-09-19,4,4
2025-09-19 05:00:00+00:00,60.93,2025-09-19,5,4
2025-09-19 06:00:00+00:00,54.12,2025-09-19,6,4
2025-09-19 07:00:00+00:00,52.65,2025-09-19,7,4
2025-09-19 08:00:00+00:00,48.61,2025-09-19,8,4
2025-09-19 09:00:00+00:00,46.24,2025-09-19,9,4
2025-09-19 10:00:00+00:00,47.73,2025-09-19,10,4
2025-09-19 11:00:00+00:00,42.89,2025-09-19,11,4
2025-09-19 12:00:00+00:00,38.5,2025-09-19,12,4
2025-09-19 13:00:00+00:00,42.61,2025-09-19,13,4
2025-09-19 14:00:00+00:00,43.06,2025-09-19,14,4
2025-09-19 15:00:00+00:00,51.24,2025-09-19,15,4
2025-09-19 16:00:00+00:00,53.07,2025-09-19,16,4
2025-09-19 17:00:00+00:00,54.33,2025-09-19,17,4
2025-09-19 18:00:00+00:00,55.54,2025-09-19,18,4
2025-09-19 19:00:00+00:00,56.85,2025-09-19,19,4
2025-09-19 20:00:00+00:00,57.25,2025-09-19,20,4
2025-09-19 21:00:00+00:00,57.16,2025-09-19,21,4
2025-09-19 22:00:00+00:00,57.18,2025-09-19,22,4
2025-09-19 23:00:00+00:00,57.67,2025-09-19,23,4
2025-09-20 00:00:00+00:00,58.15,2025-09-20,0,5
2025-09-20 01:00:00+00:00,58.62,2025-09-20,1,5
2025-09-20 02:00:00+00:00,59.15,2025-09-20,2,5
2025-09-20 03:00:00+00:00,59.51,2025-09-20,3,5
2025-09-20 04:00:00+00:00,59.99,2025-09-20,4,5
2025-09-20 05:00:00+00:00,60.09,2025-09-20,5,5
2025-09-20 06:00:00+00:00,60.29,2025-09-20,6,5
2025-09-20 07:00:00+00:00,60.16,2025-09-20,7,5
2025-09-20 08:00:00+00:00,60.41,2025-09-20,8,5
2025-09-20 09:00:00+00:00,60.26,2025-09-20,9,5
2025-09-20 10:00:00+00:00,59.77,2025-09-20,10,5
2025-09-20 11:00:00+00:00,59.48,2025-09-20,11,5
2025-09-20 12:00:00+00:00,59.0,2025-09-20,12,5
2025-09-20 13:00:00+00:00,58.26,2025-09-20,13,5
2025-09-20 14:00:00+00:00,57.98,2025-09-20,14,5
2025-09-20 15:00:00+00:00,57.84,2025-09-20,15,5
2025-09-20 16:00:00+00:00,57.76,2025-09-20,16,5
2025-09-20 17:00:00+00:00,58.01,2025-09-20,17,5
2025-09-20 18:00:00+00:00,58.13,2025-09-20,18,5
2025-09-20 19:00:00+00:00,58.15,2025-09-20,19,5
2025-09-20 20:00:00+00:00,58.36,2025-09-20,20,5
2025-09-20 21:00:00+00:00,58.42,2025-09-20,21,5
2025-09-20 22:00:00+00:00,58.64,2025-09-20,22,5
2025-09-20 23:00:00+00:00,59.03,2025-09-20,23,5
2025-09-21 00:00:00+00:00,59.53,2025-09-21,0,6
2025-09-21 01:00:00+00:00,60.17,2025-09-21,1,6
2025-09-21 02:00:00+00:00,60.43,2025-09-21,2,6
2025-09-21 03:00:00+00:00,60.89,2025-09-21,3,6
2025-09-21 04:00:00+00:00,61.16,2025-09-21,4,6
2025-09-21 05:00:00+00:00,61.24,2025-09-21,5,6
2025-09-21 06:00:00+00:00,61.57,2025-09-21,6,6
2025-09-21 07:00:00+00:00,61.35,2025-09-21,7,6
2025-09-21 08:00:00+00:00,61.53,2025-09-21,8,6
2025-09-21 09:00:00+00:00,61.47,2025-09-21,9,6
2025-09-21 10:00:00+00:00,61.44,2025-09-21,10,6
2025-09-21 11:00:00+00:00,61.07,2025-09-21,11,6
2025-09-21 12:00:00+00:00,60.47,2025-09-21,12,6
2025-09-21 13:00:00+00:00,60.49,2025-09-21,13,6
2025-09-21 14:00:00+00:00,60.66,2025-09-21,14,6
2025-09-21 15:00:00+00:00,60.94,2025-09-21,15,6
2025-09-21 16:00:00+00:00,61.23,2025-09-21,16,6
2025-09-21 17:00:00+00:00,60.88,2025-09-21,17,6
2025-09-21 18:00:00+00:00,60.15,2025-09-21,18,6
2025-09-21 19:00:00+00:00,59.88,2025-09-21,19,6
2025-09-21 20:00:00+00:00,59.56,2025-09-21,20,6
2025-09-21 21:00:00+00:00,59.7,2025-09-21,21,6
2025-09-21 22:00:00+00:00,59.48,2025-09-21,22,6
2025-09-21 23:00:00+00:00,59.23,2025-09-21,23,6
2025-09-22 00:00:00+00:00,59.04,2025-09-22,0,0
2025-09-22 01:00:00+00:00,58.23,2025-09-22,1,0
2025-09-22 02:00:00+00:00,53.89,2025-09-22,2,0
2025-09-22 03:00:00+00:00,50.39,2025-09-22,3,0
2025-09-22 04:00:00+00:00,48.55,2025-09-22,4,0
2025-09-22 05:00:00+00:00,46.72,2025-09-22,5,0
2025-09-22 06:00:00+00:00,45.7,2025-09-22,6,0
2025-09-22 07:00:00+00:00,45.57,2025-09-22,7,0
2025-09-22 08:00:00+00:00,44.7,2025-09-22,8,0
2025-09-22 09:00:00+00:00,42.59,2025-09-22,9,0
2025-09-22 10:00:00+00:00,43.37,2025-09-22,10,0
2025-09-22 11:00:00+00:00,43.64,2025-09-22,11,0
2025-09-22 12:00:00+00:00,40.05,2025-09-22,12,0
2025-09-22 13:00:00+00:00,41.97,2025-09-22,13,0
2025-09-22 14:00:00+00:00,44.39,2025-09-22,14,0
2025-09-22 15:00:00+00:00,44.82,2025-09-22,15,0
2025-09-22 16:00:00+00:00,43.37,2025-09-22,16,0
2025-09-22 17:00:00+00:00,41.98,2025-09-22,17,0
2025-09-22 18:00:00+00:00,42.47,2025-09-22,18,0
2025-09-22 19:00:00+00:00,44.28,2025-09-22,19,0
2025-09-22 20:00:00+00:00,44.35,2025-09-22,20,0
2025-09-22 21:00:00+00:00,43.51,2025-09-22,21,0
2025-09-22 22:00:00+00:00,42.95,2025-09-22,22,0
2025-09-22 23:00:00+00:00,42.4,2025-09-22,23,0
2025-09-23 00:00:00+00:00,42.17,2025-09-23,0,1
2025-09-23 01:00:00+00:00,41.76,2025-09-23,1,1
2025-09-23 02:00:00+00:00,41.52,2025-09-23,2,1
2025-09-23 03:00:00+00:00,41.27,2025-09-23,3,1
2025-09-23 04:00:00+00:00,40.97,2025-09-23,4,1
2025-09-23 05:00:00+00:00,40.83,2025-09-23,5,1
2025-09-23 06:00:00+00:00,42.38,2025-09-23,6,1
2025-09-23 07:00:00+00:00,45.42,2025-09-23,7,1
2025-09-23 08:00:00+00:00,43.68,2025-09-23,8,1
2025-09-23 09:00:00+00:00,43.64,2025-09-23,9,1
2025-09-23 10:00:00+00:00,43.52,2025-09-23,10,1
2025-09-23 11:00:00+00:00,43.39,2025-09-23,11,1
2025-09-23 12:00:00+00:00,46.01,2025-09-23,12,1
2025-09-23 13:00:00+00:00,46.06,2025-09-23,13,1
2025-09-23 14:00:00+00:00,46.69,2025-09-23,14,1
2025-09-23 15:00:00+00:00,47.1,2025-09-23,15,1
2025-09-23 16:00:00+00:00,47.28,2025-09-23,16,1
2025-09-23 17:00:00+00:00,47.27,2025-09-23,17,1
2025-09-23 18:00:00+00:00,47.27,2025-09-23,18,1
2025-09-23 19:00:00+00:00,46.87,2025-09-23,19,1
2025-09-23 20:00:00+00:00,46.19,2025-09-23,20,1
2025-09-23 21:00:00+00:00,45.97,2025-09-23,21,1
2025-09-23 22:00:00+00:00,46.13,2025-09-23,22,1
2025-09-23 23:00:00+00:00,46.18,2025-09-23,23,1
2025-09-24 00:00:00+00:00,46.04,2025-09-24,0,2
2025-09-24 01:00:00+00:00,45.26,2025-09-24,1,2
2025-09-24 02:00:00+00:00,43.5,2025-09-24,2,2
2025-09-24 03:00:00+00:00,41.27,2025-09-24,3,2
2025-09-24 04:00:00+00:00,38.29,2025-09-24,4,2
2025-09-24 05:00:00+00:00,37.31,2025-09-24,5,2
2025-09-24 06:00:00+00:00,37.6,2025-09-24,6,2
2025-09-24 07:00:00+00:00,41.3,2025-09-24,7,2
2025-09-24 08:00:00+00:00,46.4,2025-09-24,8,2
2025-09-24 09:00:00+00:00,43.62,2025-09-24,9,2
2025-09-24 10:00:00+00:00,43.14,2025-09-24,10,2
2025-09-24 11:00:00+00:00,42.92,2025-09-24,11,2
2025-09-24 12:00:00+00:00,41.11,2025-09-24,12,2
2025-09-24 13:00:00+00:00,44.35,2025-09-24,13,2
2025-09-24 14:00:00+00:00,45.63,2025-09-24,14,2
2025-09-24 15:00:00+00:00,45.89,2025-09-24,15,2
2025-09-24 16:00:00+00:00,46.56,2025-09-24,16,2
2025-09-24 17:00:00+00:00,47.23,2025-09-24,17,2
2025-09-24 18:00:00+00:00,47.72,2025-09-24,18,2
2025-09-24 19:00:00+00:00,47.63,2025-09-24,19,2
2025-09-24 20:00:00+00:00,47.1,2025-09-24,20,2
2025-09-24 21:00:00+00:00,46.69,2025-09-24,21,2
2025-09-24 22:00:00+00:00,46.43,2025-09-24,22,2
2025-09-24 23:00:00+00:00,46.14,2025-09-24,23,2
2025-09-25 00:00:00+00:00,46.09,2025-09-25,0,3
2025-09-25 01:00:00+00:00,45.98,2025-09-25,1,3
2025-09-25 02:00:00+00:00,45.92,2025-09-25,2,3
2025-09-25 03:00:00+00:00,45.97,2025-09-25,3,3
2025-09-25 04:00:00+00:00,45.84,2025-09-25,4,3
2025-09-25 05:00:00+00:00,46.1,2025-09-25,5,3
2025-09-25 06:00:00+00:00,48.2,2025-09-25,6,3
2025-09-25 07:00:00+00:00,48.8,2025-09-25,7,3
2025-09-25 08:00:00+00:00,48.27,2025-09-25,8,3
2025-09-25 09:00:00+00:00,45.83,2025-09-25,9,3
2025-09-25 10:00:00+00:00,47.64,2025-09-25,10,3
2025-09-25 11:00:00+00:00,45.58,2025-09-25,11,3
2025-09-25 12:00:00+00:00,43.89,2025-09-25,12,3
2025-09-25 13:00:00+00:00,48.17,2025-09-25,13,3
2025-09-25 14:00:00+00:00,51.04,2025-09-25,14,3
2025-09-25 15:00:00+00:00,50.82,2025-09-25,15,3
2025-09-25 16:00:00+00:00,50.67,2025-09-25,16,3
2025-09-25 17:00:00+00:00,50.22,2025-09-25,17,3
2025-09-25 18:00:00+00:00,50.34,2025-09-25,18,3
2025-09-25 19:00:00+00:00,50.64,2025-09-25,19,3
2025-09-25 20:00:00+00:00,50.21,2025-09-25,20,3
2025-09-25 21:00:00+00:00,49.85,2025-09-25,21,3
2025-09-25 22:00:00+00:00,49.79,2025-09-25,22,3
2025-09-25 23:00:00+00:00,49.96,2025-09-25,23,3
2025-09-26 00:00:00+00:00,50.17,2025-09-26,0,4
2025-09-26 01:00:00+00:00,50.36,2025-09-26,1,4
2025-09-26 02:00:00+00:00,50.29,2025-09-26,2,4
2025-09-26 03:00:00+00:00,50.43,2025-09-26,3,4
2025-09-26 04:00:00+00:00,50.61,2025-09-26,4,4
2025-09-26 05:00:00+00:00,51.17,2025-09-26,5,4
2025-09-26 06:00:00+00:00,53.94,2025-09-26,6,4
2025-09-26 07:00:00+00:00,53.68,2025-09-26,7,4
2025-09-26 08:00:00+00:00,51.19,2025-09-26,8,4
2025-09-26 09:00:00+00:00,50.17,2025-09-26,9,4
2025-09-26 10:00:00+00:00,51.11,2025-09-26,10,4
2025-09-26 11:00:00+00:00,46.52,2025-09-26,11,4
2025-09-26 12:00:00+00:00,46.49,2025-09-26,12,4
2025-09-26 13:00:00+00:00,53.03,2025-09-26,13,4
2025-09-26 14:00:00+00:00,53.89,2025-09-26,14,4
2025-09-26 15:00:00+00:00,54.15,2025-09-26,15,4
2025-09-26 16:00:00+00:00,54.84,2025-09-26,16,4
2025-09-26 17:00:00+00:00,56.31,2025-09-26,17,4
2025-09-26 18:00:00+00:00,58.03,2025-09-26,18,4
2025-09-26 19:00:00+00:00,59.21,2025-09-26,19,4
2025-09-26 20:00:00+00:00,59.81,2025-09-26,20,4
2025-09-26 21:00:00+00:00,58.87,2025-09-26,21,4
2025-09-26 22:00:00+00:00,57.52,2025-09-26,22,4
2025-09-26 23:00:00+00:00,56.94,2025-09-26,23,4
2025-09-27 00:00:00+00:00,56.78,2025-09-27,0,5
2025-09-27 01:00:00+00:00,56.7,2025-09-27,1,5
2025-09-27 02:00:00+00:00,56.68,2025-09-27,2,5
2025-09-27 03:00:00+00:00,56.74,2025-09-27,3,5
2025-09-27 04:00:00+00:00,56.29,2025-09-27,4,5
2025-09-27 05:00:00+00:00,56.33,2025-09-27,5,5
2025-09-27 06:00:00+00:00,56.12,2025-09-27,6,5
2025-09-27 07:00:00+00:00,56.08,2025-09-27,7,5
2025-09-27 08:00:00+00:00,55.78,2025-09-27,8,5
2025-09-27 09:00:00+00:00,54.93,2025-09-27,9,5
2025-09-27 10:00:00+00:00,54.39,2025-09-27,10,5
2025-09-27 11:00:00+00:00,53.89,2025-09-27,11,5
2025-09-27 12:00:00+00:00,53.47,2025-09-27,12,5
2025-09-27 13:00:00+00:00,54.5,2025-09-27,13,5
2025-09-27 14:00:00+00:00,54.82,2025-09-27,14,5
2025-09-27 15:00:00+00:00,55.47,2025-09-27,15,5
2025-09-27 16:00:00+00:00,55.9,2025-09-27,16,5
2025-09-27 17:00:00+00:00,55.23,2025-09-27,17,5
2025-09-27 18:00:00+00:00,56.39,2025-09-27,18,5
2025-09-27 19:00:00+00:00,57.63,2025-09-27,19,5
2025-09-27 20:00:00+00:00,57.72,2025-09-27,20,5
2025-09-27 21:00:00+00:00,57.18,2025-09-27,21,5
2025-09-27 22:00:00+00:00,57.1,2025-09-27,22,5
2025-09-27 23:00:00+00:00,57.17,2025-09-27,23,5
2025-09-28 00:00:00+00:00,57.24,2025-09-28,0,6
2025-09-28 01:00:00+00:00,57.25,2025-09-28,1,6
2025-09-28 02:00:00+00:00,57.21,2025-09-28,2,6
2025-09-28 03:00:00+00:00,57.09,2025-09-28,3,6
2025-09-28 04:00:00+00:00,57.06,2025-09-28,4,6
2025-09-28 05:00:00+00:00,56.94,2025-09-28,5,6
2025-09-28 06:00:00+00:00,56.9,2025-09-28,6,6
2025-09-28 07:00:00+00:00,56.96,2025-09-28,7,6
2025-09-28 08:00:00+00:00,57.02,2025-09-28,8,6
2025-09-28 09:00:00+00:00,57.0,2025-09-28,9,6
2025-09-28 10:00:00+00:00,57.02,2025-09-28,10,6
2025-09-28 11:00:00+00:00,57.21,2025-09-28,11,6
2025-09-28 12:00:00+00:00,57.95,2025-09-28,12,6
2025-09-28 13:00:00+00:00,58.11,2025-09-28,13,6
2025-09-28 14:00:00+00:00,58.19,2025-09-28,14,6
2025-09-28 15:00:00+00:00,58.49,2025-09-28,15,6
2025-09-28 16:00:00+00:00,59.05,2025-09-28,16,6
2025-09-28 17:00:00+00:00,59.43,2025-09-28,17,6
2025-09-28 18:00:00+00:00,60.13,2025-09-28,18,6
2025-09-28 19:00:00+00:00,61.0,2025-09-28,19,6
2025-09-28 20:00:00+00:00,61.21,2025-09-28,20,6
2025-09-28 21:00:00+00:00,61.52,2025-09-28,21,6
2025-09-28 22:00:00+00:00,62.61,2025-09-28,22,6
2025-09-28 23:00:00+00:00,63.0,2025-09-28,23,6
2025-09-29 00:00:00+00:00,61.77,2025-09-29,0,0
2025-09-29 01:00:00+00:00,61.29,2025-09-29,1,0
2025-09-29 02:00:00+00:00,61.32,2025-09-29,2,0
2025-09-29 03:00:00+00:00,60.97,2025-09-29,3,0
2025-09-29 04:00:00+00:00,60.67,2025-09-29,4,0
2025-09-29 05:00:00+00:00,60.24,2025-09-29,5,0
2025-09-29 06:00:00+00:00,59.93,2025-09-29,6,0
2025-09-29 07:00:00+00:00,59.61,2025-09-29,7,0
2025-09-29 08:00:00+00:00,59.7,2025-09-29,8,0
2025-09-29 09:00:00+00:00,59.33,2025-09-29,9,0
2025-09-29 10:00:00+00:00,59.08,2025-09-29,10,0
2025-09-29 11:00:00+00:00,59.19,2025-09-29,11,0
2025-09-29 12:00:00+00:00,59.96,2025-09-29,12,0
2025-09-29 13:00:00+00:00,60.45,2025-09-29,13,0
2025-09-29 14:00:00+00:00,60.51,2025-09-29,14,0
2025-09-29 15:00:00+00:00,60.55,2025-09-29,15,0
2025-09-29 16:00:00+00:00,60.71,2025-09-29,16,0
2025-09-29 17:00:00+00:00,60.72,2025-09-29,17,0
2025-09-29 18:00:00+00:00,60.59,2025-09-29,18,0
2025-09-29 19:00:00+00:00,60.64,2025-09-29,19,0
2025-09-29 20:00:00+00:00,60.66,2025-09-29,20,0
2025-09-29 21:00:00+00:00,60.68,2025-09-29,21,0
2025-09-29 22:00:00+00:00,61.51,2025-09-29,22,0
2025-09-29 23:00:00+00:00,61.7,2025-09-29,23,0
2025-09-30 00:00:00+00:00,61.64,2025-09-30,0,1
2025-09-30 01:00:00+00:00,61.54,2025-09-30,1,1
2025-09-30 02:00:00+00:00,61.42,2025-09-30,2,1
2025-09-30 03:00:00+00:00,61.42,2025-09-30,3,1
2025-09-30 04:00:00+00:00,61.68,2025-09-30,4,1
2025-09-30 05:00:00+00:00,61.86,2025-09-30,5,1
2025-09-30 06:00:00+00:00,66.6,2025-09-30,6,1
2025-09-30 07:00:00+00:00,71.17,2025-09-30,7,1
2025-09-30 08:00:00+00:00,71.38,2025-09-30,8,1
2025-09-30 09:00:00+00:00,67.72,2025-09-30,9,1
2025-09-30 10:00:00+00:00,67.11,2025-09-30,10,1
2025-09-30 11:00:00+00:00,68.66,2025-09-30,11,1
2025-09-30 12:00:00+00:00,68.32,2025-09-30,12,1
2025-09-30 13:00:00+00:00,67.87,2025-09-30,13,1
2025-09-30 14:00:00+00:00,67.09,2025-09-30,14,1
2025-09-30 15:00:00+00:00,65.88,2025-09-30,15,1
2025-09-30 16:00:00+00:00,64.68,2025-09-30,16,1
2025-09-30 17:00:00+00:00,63.84,2025-09-30,17,1
2025-09-30 18:00:00+00:00,63.54,2025-09-30,18,1
2025-09-30 19:00:00+00:00,63.27,2025-09-30,19,1
2025-09-30 20:00:00+00:00,63.16,2025-09-30,20,1
2025-09-30 21:00:00+00:00,63.11,2025-09-30,21,1
2025-09-30 22:00:00+00:00,63.15,2025-09-30,22,1
2025-09-30 23:00:00+00:00,63.44,2025-09-30,23,1
2025-10-01 00:00:00+00:00,63.67,2025-10-01,0,2
2025-10-01 01:00:00+00:00,63.51,2025-10-01,1,2
2025-10-01 02:00:00+00:00,63.79,2025-10-01,2,2
2025-10-01 03:00:00+00:00,63.75,2025-10-01,3,2
2025-10-01 04:00:00+00:00,63.29,2025-10-01,4,2
2025-10-01 05:00:00+00:00,63.61,2025-10-01,5,2
2025-10-01 06:00:00+00:00,64.51,2025-10-01,6,2
2025-10-01 07:00:00+00:00,61.51,2025-10-01,7,2
2025-10-01 08:00:00+00:00,62.44,2025-10-01,8,2
2025-10-01 09:00:00+00:00,60.24,2025-10-01,9,2
2025-10-01 10:00:00+00:00,59.32,2025-10-01,10,2
2025-10-01 11:00:00+00:00,55.41,2025-10-01,11,2
2025-10-01 12:00:00+00:00,53.2,2025-10-01,12,2
2025-10-01 13:00:00+00:00,58.91,2025-10-01,13,2
2025-10-01 14:00:00+00:00,63.82,2025-10-01,14,2
2025-10-01 15:00:00+00:00,56.79,2025-10-01,15,2
2025-10-01 16:00:00+00:00,53.58,2025-10-01,16,2
2025-10-01 17:00:00+00:00,52.2,2025-10-01,17,2
2025-10-01 18:00:00+00:00,48.77,2025-10-01,18,2
2025-10-01 19:00:00+00:00,53.73,2025-10-01,19,2
2025-10-01 20:00:00+00:00,56.89,2025-10-01,20,2
2025-10-01 21:00:00+00:00,58.29,2025-10-01,21,2
2025-10-01 22:00:00+00:00,59.05,2025-10-01,22,2
2025-10-01 23:00:00+00:00,59.85,2025-10-01,23,2
2025-10-02 00:00:00+00:00,60.59,2025-10-02,0,3
2025-10-02 01:00:00+00:00,61.38,2025-10-02,1,3
2025-10-02 02:00:00+00:00,61.64,2025-10-02,2,3
2025-10-02 03:00:00+00:00,62.11,2025-10-02,3,3
2025-10-02 04:00:00+00:00,62.43,2025-10-02,4,3
2025-10-02 05:00:00+00:00,62.42,2025-10-02,5,3
2025-10-02 06:00:00+00:00,63.59,2025-10-02,6,3
2025-10-02 07:00:00+00:00,61.67,2025-10-02,7,3
2025-10-02 08:00:00+00:00,59.87,2025-10-02,8,3
2025-10-02 09:00:00+00:00,59.46,2025-10-02,9,3
2025-10-02 10:00:00+00:00,59.22,2025-10-02,10,3
2025-10-02 11:00:00+00:00,53.57,2025-10-02,11,3
2025-10-02 12:00:00+00:00,53.85,2025-10-02,12,3
2025-10-02 13:00:00+00:00,55.42,2025-10-02,13,3
2025-10-02 14:00:00+00:00,64.7,2025-10-02,14,3
2025-10-02 15:00:00+00:00,57.63,2025-10-02,15,3
2025-10-02 16:00:00+00:00,48.69,2025-10-02,16,3
2025-10-02 17:00:00+00:00,50.61,2025-10-02,17,3
2025-10-02 18:00:00+00:00,47.92,2025-10-02,18,3
2025-10-02 19:00:00+00:00,46.92,2025-10-02,19,3
2025-10-02 20:00:00+00:00,50.88,2025-10-02,20,3
2025-10-02 21:00:00+00:00,52.47,2025-10-02,21,3
2025-10-02 22:00:00+00:00,54.51,2025-10-02,22,3
2025-10-02 23:00:00+00:00,56.15,2025-10-02,23,3
2025-10-03 00:00:00+00:00,57.87,2025-10-03,0,4
2025-10-03 01:00:00+00:00,58.99,2025-10-03,1,4
2025-10-03 02:00:00+00:00,59.73,2025-10-03,2,4
2025-10-03 03:00:00+00:00,60.29,2025-10-03,3,4
2025-10-03 04:00:00+00:00,61.09,2025-10-03,4,4
2025-10-03 05:00:00+00:00,60.89,2025-10-03,5,4
2025-10-03 06:00:00+00:00,61.13,2025-10-03,6,4
2025-10-03 07:00:00+00:00,61.01,2025-10-03,7,4
2025-10-03 08:00:00+00:00,55.72,2025-10-03,8,4
2025-10-03 09:00:00+00:00,50.53,2025-10-03,9,4
2025-10-03 10:00:00+00:00,49.81,2025-10-03,10,4
2025-10-03 11:00:00+00:00,50.07,2025-10-03,11,4
2025-10-03 12:00:00+00:00,56.82,2025-10-03,12,4
2025-10-03 13:00:00+00:00,58.04,2025-10-03,13,4
2025-10-03 14:00:00+00:00,58.44,2025-10-03,14,4
2025-10-03 15:00:00+00:00,58.92,2025-10-03,15,4
2025-10-03 16:00:00+00:00,58.86,2025-10-03,16,4
2025-10-03 17:00:00+00:00,59.55,2025-10-03,17,4
2025-10-03 18:00:00+00:00,60.5,2025-10-03,18,4
2025-10-03 19:00:00+00:00,61.29,2025-10-03,19,4
2025-10-03 20:00:00+00:00,61.35,2025-10-03,20,4
2025-10-03 21:00:00+00:00,61.42,2025-10-03,21,4
2025-10-03 22:00:00+00:00,61.81,2025-10-03,22,4
2025-10-03 23:00:00+00:00,62.2,2025-10-03,23,4
2025-10-04 00:00:00+00:00,62.45,2025-10-04,0,5
2025-10-04 01:00:00+00:00,62.58,2025-10-04,1,5
2025-10-04 02:00:00+00:00,62.59,2025-10-04,2,5
2025-10-04 03:00:00+00:00,62.43,2025-10-04,3,5
2025-10-04 04:00:00+00:00,62.08,2025-10-04,4,5
2025-10-04 05:00:00+00:00,61.61,2025-10-04,5,5
2025-10-04 06:00:00+00:00,60.79,2025-10-04,6,5
2025-10-04 07:00:00+00:00,60.03,2025-10-04,7,5
2025-10-04 08:00:00+00:00,59.2,2025-10-04,8,5
2025-10-04 09:00:00+00:00,58.87,2025-10-04,9,5
2025-10-04 10:00:00+00:00,58.56,2025-10-04,10,5
2025-10-04 11:00:00+00:00,58.05,2025-10-04,11,5
2025-10-04 12:00:00+00:00,57.78,2025-10-04,12,5
2025-10-04 13:00:00+00:00,58.13,2025-10-04,13,5
2025-10-04 14:00:00+00:00,58.09,2025-10-04,14,5
2025-10-04 15:00:00+00:00,58.24,2025-10-04,15,5
2025-10-04 16:00:00+00:00,58.26,2025-10-04,16,5
2025-10-04 17:00:00+00:00,58.18,2025-10-04,17,5
2025-10-04 18:00:00+00:00,58.21,2025-10-04,18,5
2025-10-04 19:00:00+00:00,58.8,2025-10-04,19,5
2025-10-04 20:00:00+00:00,59.37,2025-10-04,20,5
2025-10-04 21:00:00+00:00,59.62,2025-10-04,21,5
2025-10-04 22:00:00+00:00,59.97,2025-10-04,22,5
2025-10-04 23:00:00+00:00,60.32,2025-10-04,23,5
2025-10-05 00:00:00+00:00,60.42,2025-10-05,0,6
2025-10-05 01:00:00+00:00,60.39,2025-10-05,1,6
2025-10-05 02:00:00+00:00,60.65,2025-10-05,2,6
2025-10-05 03:00:00+00:00,60.51,2025-10-05,3,6
2025-10-05 04:00:00+00:00,60.57,2025-10-05,4,6
2025-10-05 05:00:00+00:00,60.59,2025-10-05,5,6
2025-10-05 06:00:00+00:00,60.68,2025-10-05,6,6
2025-10-05 07:00:00+00:00,60.73,2025-10-05,7,6
2025-10-05 08:00:00+00:00,60.41,2025-10-05,8,6
2025-10-05 09:00:00+00:00,59.66,2025-10-05,9,6
2025-10-05 10:00:00+00:00,59.36,2025-10-05,10,6
2025-10-05 11:00:00+00:00,58.98,2025-10-05,11,6
2025-10-05 12:00:00+00:00,58.31,2025-10-05,12,6
2025-10-05 13:00:00+00:00,57.43,2025-10-05,13,6
2025-10-05 14:00:00+00:00,57.13,2025-10-05,14,6
2025-10-05 15:00:00+00:00,56.28,2025-10-05,15,6
2025-10-05 16:00:00+00:00,55.83,2025-10-05,16,6
2025-10-05 17:00:00+00:00,55.6,2025-10-05,17,6
2025-10-05 18:00:00+00:00,55.97,2025-10-05,18,6
2025-10-05 19:00:00+00:00,56.33,2025-10-05,19,6
2025-10-05 20:00:00+00:00,56.75,2025-10-05,20,6
2025-10-05 21:00:00+00:00,57.12,2025-10-05,21,6
2025-10-05 22:00:00+00:00,57.8,2025-10-05,22,6
2025-10-05 23:00:00+00:00,58.12,2025-10-05,23,6
2025-10-06 00:00:00+00:00,58.46,2025-10-06,0,0
2025-10-06 01:00:00+00:00,58.76,2025-10-06,1,0
2025-10-06 02:00:00+00:00,59.15,2025-10-06,2,0
2025-10-06 03:00:00+00:00,59.44,2025-10-06,3,0
2025-10-06 04:00:00+00:00,59.97,2025-10-06,4,0
2025-10-06 05:00:00+00:00,59.24,2025-10-06,5,0
2025-10-06 06:00:00+00:00,58.64,2025-10-06,6,0
2025-10-06 07:00:00+00:00,59.71,2025-10-06,7,0
2025-10-06 08:00:00+00:00,56.94,2025-10-06,8,0
2025-10-06 09:00:00+00:00,54.72,2025-10-06,9,0
2025-10-06 10:00:00+00:00,53.58,2025-10-06,10,0
2025-10-06 11:00:00+00:00,52.78,2025-10-06,11,0
2025-10-06 12:00:00+00:00,52.11,2025-10-06,12,0
2025-10-06 13:00:00+00:00,56.99,2025-10-06,13,0
2025-10-06 14:00:00+00:00,60.9,2025-10-06,14,0
2025-10-06 15:00:00+00:00,56.11,2025-10-06,15,0
2025-10-06 16:00:00+00:00,54.11,2025-10-06,16,0
2025-10-06 17:00:00+00:00,52.66,2025-10-06,17,0
2025-10-06 18:00:00+00:00,50.9,2025-10-06,18,0
2025-10-06 19:00:00+00:00,48.22,2025-10-06,19,0
2025-10-06 20:00:00+00:00,54.44,2025-10-06,20,0
2025-10-06 21:00:00+00:00,56.45,2025-10-06,21,0
2025-10-06 22:00:00+00:00,57.14,2025-10-06,22,0
2025-10-06 23:00:00+00:00,57.87,2025-10-06,23,0
2025-10-07 00:00:00+00:00,58.35,2025-10-07,0,1
2025-10-07 01:00:00+00:00,58.76,2025-10-07,1,1
2025-10-07 02:00:00+00:00,59.11,2025-10-07,2,1
2025-10-07 03:00:00+00:00,59.15,2025-10-07,3,1
2025-10-07 04:00:00+00:00,59.17,2025-10-07,4,1
2025-10-07 05:00:00+00:00,58.61,2025-10-07,5,1
2025-10-07 06:00:00+00:00,59.72,2025-10-07,6,1
2025-10-07 07:00:00+00:00,59.61,2025-10-07,7,1
2025-10-07 08:00:00+00:00,58.93,2025-10-07,8,1
2025-10-07 09:00:00+00:00,59.57,2025-10-07,9,1
2025-10-07 10:00:00+00:00,60.55,2025-10-07,10,1
2025-10-07 11:00:00+00:00,61.01,2025-10-07,11,1
2025-10-07 12:00:00+00:00,60.93,2025-10-07,12,1
2025-10-07 13:00:00+00:00,60.88,2025-10-07,13,1
2025-10-07 14:00:00+00:00,66.73,2025-10-07,14,1
2025-10-07 15:00:00+00:00,64.21,2025-10-07,15,1
2025-10-07 16:00:00+00:00,61.08,2025-10-07,16,1
2025-10-07 17:00:00+00:00,61.98,2025-10-07,17,1
2025-10-07 18:00:00+00:00,63.55,2025-10-07,18,1
2025-10-07 19:00:00+00:00,63.72,2025-10-07,19,1
2025-10-07 20:00:00+00:00,63.65,2025-10-07,20,1
2025-10-07 21:00:00+00:00,63.51,2025-10-07,21,1
2025-10-07 22:00:00+00:00,63.39,2025-10-07,22,1
2025-10-07 23:00:00+00:00,63.25,2025-10-07,23,1
2025-10-08 00:00:00+00:00,63.36,2025-10-08,0,2
2025-10-08 01:00:00+00:00,63.12,2025-10-08,1,2
2025-10-08 02:00:00+00:00,62.94,2025-10-08,2,2
2025-10-08 03:00:00+00:00,62.49,2025-10-08,3,2
2025-10-08 04:00:00+00:00,62.13,2025-10-08,4,2
2025-10-08 05:00:00+00:00,61.94,2025-10-08,5,2
2025-10-08 06:00:00+00:00,62.02,2025-10-08,6,2
2025-10-08 07:00:00+00:00,62.75,2025-10-08,7,2
2025-10-08 08:00:00+00:00,63.48,2025-10-08,8,2
2025-10-08 09:00:00+00:00,63.65,2025-10-08,9,2
2025-10-08 10:00:00+00:00,64.99,2025-10-08,10,2
2025-10-08 11:00:00+00:00,63.26,2025-10-08,11,2
2025-10-08 12:00:00+00:00,61.71,2025-10-08,12,2
2025-10-08 13:00:00+00:00,61.24,2025-10-08,13,2
2025-10-08 14:00:00+00:00,61.17,2025-10-08,14,2
2025-10-08 15:00:00+00:00,62.86,2025-10-08,15,2
2025-10-08 16:00:00+00:00,62.69,2025-10-08,16,2
2025-10-08 17:00:00+00:00,62.66,2025-10-08,17,2
2025-10-08 18:00:00+00:00,62.89,2025-10-08,18,2
2025-10-08 19:00:00+00:00,63.36,2025-10-08,19,2
2025-10-08 20:00:00+00:00,63.8,2025-10-08,20,2
2025-10-08 21:00:00+00:00,64.11,2025-10-08,21,2
2025-10-08 22:00:00+00:00,64.28,2025-10-08,22,2
2025-10-08 23:00:00+00:00,64.27,2025-10-08,23,2
2025-10-09 00:00:00+00:00,64.65,2025-10-09,0,3
2025-10-09 01:00:00+00:00,63.46,2025-10-09,1,3
2025-10-09 02:00:00+00:00,62.71,2025-10-09,2,3
2025-10-09 03:00:00+00:00,62.48,2025-10-09,3,3
2025-10-09 04:00:00+00:00,62.67,2025-10-09,4,3
2025-10-09 05:00:00+00:00,62.75,2025-10-09,5,3
2025-10-09 06:00:00+00:00,63.17,2025-10-09,6,3
2025-10-09 07:00:00+00:00,62.87,2025-10-09,7,3
2025-10-09 08:00:00+00:00,62.01,2025-10-09,8,3
2025-10-09 09:00:00+00:00,61.88,2025-10-09,9,3
2025-10-09 10:00:00+00:00,61.92,2025-10-09,10,3
2025-10-09 11:00:00+00:00,61.9,2025-10-09,11,3
2025-10-09 12:00:00+00:00,62.11,2025-10-09,12,3
2025-10-09 13:00:00+00:00,62.04,2025-10-09,13,3
2025-10-09 14:00:00+00:00,61.76,2025-10-09,14,3
2025-10-09 15:00:00+00:00,61.61,2025-10-09,15,3
2025-10-09 16:00:00+00:00,61.58,2025-10-09,16,3
2025-10-09 17:00:00+00:00,61.62,2025-10-09,17,3
2025-10-09 18:00:00+00:00,61.71,2025-10-09,18,3
2025-10-09 19:00:00+00:00,61.82,2025-10-09,19,3
2025-10-09 20:00:00+00:00,62.04,2025-10-09,20,3
2025-10-09 21:00:00+00:00,62.05,2025-10-09,21,3
2025-10-09 22:00:00+00:00,62.09,2025-10-09,22,3
2025-10-09 23:00:00+00:00,62.12,2025-10-09,23,3
2025-10-10 00:00:00+00:00,62.2,2025-10-10,0,4
2025-10-10 01:00:00+00:00,62.29,2025-10-10,1,4
2025-10-10 02:00:00+00:00,62.49,2025-10-10,2,4
2025-10-10 03:00:00+00:00,62.56,2025-10-10,3,4
2025-10-10 04:00:00+00:00,62.54,2025-10-10,4,4
2025-10-10 05:00:00+00:00,62.52,2025-10-10,5,4
2025-10-10 06:00:00+00:00,62.59,2025-10-10,6,4
2025-10-10 07:00:00+00:00,62.54,2025-10-10,7,4
2025-10-10 08:00:00+00:00,62.59,2025-10-10,8,4
2025-10-10 09:00:00+00:00,62.63,2025-10-10,9,4
2025-10-10 10:00:00+00:00,62.67,2025-10-10,10,4
2025-10-10 11:00:00+00:00,62.75,2025-10-10,11,4
2025-10-10 12:00:00+00:00,63.02,2025-10-10,12,4
2025-10-10 13:00:00+00:00,63.2,2025-10-10,13,4
2025-10-10 14:00:00+00:00,63.48,2025-10-10,14,4
2025-10-10 15:00:00+00:00,63.81,2025-10-10,15,4
2025-10-10 16:00:00+00:00,64.07,2025-10-10,16,4
2025-10-10 17:00:00+00:00,64.07,2025-10-10,17,4
2025-10-10 18:00:00+00:00,64.1,2025-10-10,18,4
2025-10-10 19:00:00+00:00,63.99,2025-10-10,19,4
2025-10-10 20:00:00+00:00,63.74,2025-10-10,20,4
2025-10-10 21:00:00+00:00,63.62,2025-10-10,21,4
2025-10-10 22:00:00+00:00,63.52,2025-10-10,22,4
2025-10-10 23:00:00+00:00,63.53,2025-10-10,23,4
2025-10-11 00:00:00+00:00,63.95,2025-10-11,0,5
2025-10-11 01:00:00+00:00,63.67,2025-10-11,1,5
2025-10-11 02:00:00+00:00,63.8,2025-10-11,2,5
2025-10-11 03:00:00+00:00,63.99,2025-10-11,3,5
2025-10-11 04:00:00+00:00,63.95,2025-10-11,4,5
2025-10-11 05:00:00+00:00,64.12,2025-10-11,5,5
2025-10-11 06:00:00+00:00,64.94,2025-10-11,6,5
2025-10-11 07:00:00+00:00,65.45,2025-10-11,7,5
2025-10-11 08:00:00+00:00,65.92,2025-10-11,8,5
2025-10-11 09:00:00+00:00,66.09,2025-10-11,9,5
2025-10-11 10:00:00+00:00,66.0,2025-10-11,10,5
2025-10-11 11:00:00+00:00,66.0,2025-10-11,11,5
2025-10-11 12:00:00+00:00,65.93,2025-10-11,12,5
2025-10-11 13:00:00+00:00,66.01,2025-10-11,13,5
2025-10-11 14:00:00+00:00,65.94,2025-10-11,14,5
2025-10-11 15:00:00+00:00,65.92,2025-10-11,15,5
2025-10-11 16:00:00+00:00,66.17,2025-10-11,16,5
2025-10-11 17:00:00+00:00,66.54,2025-10-11,17,5
2025-10-11 18:00:00+00:00,66.56,2025-10-11,18,5
2025-10-11 19:00:00+00:00,66.87,2025-10-11,19,5
2025-10-11 20:00:00+00:00,66.91,2025-10-11,20,5
2025-10-11 21:00:00+00:00,66.84,2025-10-11,21,5
2025-10-11 22:00:00+00:00,66.92,2025-10-11,22,5
2025-10-11 23:00:00+00:00,66.97,2025-10-11,23,5
2025-10-12 00:00:00+00:00,67.09,2025-10-12,0,6
2025-10-12 01:00:00+00:00,67.25,2025-10-12,1,6
2025-10-12 02:00:00+00:00,67.41,2025-10-12,2,6
2025-10-12 03:00:00+00:00,67.37,2025-10-12,3,6
2025-10-12 04:00:00+00:00,67.67,2025-10-12,4,6
2025-10-12 05:00:00+00:00,67.9,2025-10-12,5,6
2025-10-12 06:00:00+00:00,67.59,2025-10-12,6,6
2025-10-12 07:00:00+00:00,67.58,2025-10-12,7,6
2025-10-12 08:00:00+00:00,67.55,2025-10-12,8,6
2025-10-12 09:00:00+00:00,67.58,2025-10-12,9,6
2025-10-12 10:00:00+00:00,67.81,2025-10-12,10,6
2025-10-12 11:00:00+00:00,67.78,2025-10-12,11,6
2025-10-12 12:00:00+00:00,67.38,2025-10-12,12,6
2025-10-12 13:00:00+00:00,67.1,2025-10-12,13,6
2025-10-12 14:00:00+00:00,66.78,2025-10-12,14,6
2025-10-12 15:00:00+00:00,66.72,2025-10-12,15,6
2025-10-12 16:00:00+00:00,66.84,2025-10-12,16,6
2025-10-12 17:00:00+00:00,66.95,2025-10-12,17,6
2025-10-12 18:00:00+00:00,66.88,2025-10-12,18,6
2025-10-12 19:00:00+00:00,66.67,2025-10-12,19,6
2025-10-12 20:00:00+00:00,66.68,2025-10-12,20,6
2025-10-12 21:00:00+00:00,66.63,2025-10-12,21,6
2025-10-12 22:00:00+00:00,66.61,2025-10-12,22,6
2025-10-12 23:00:00+00:00,66.55,2025-10-12,23,6
2025-10-13 00:00:00+00:00,66.58,2025-10-13,0,0
2025-10-13 01:00:00+00:00,66.68,2025-10-13,1,0
2025-10-13 02:00:00+00:00,66.88,2025-10-13,2,0
2025-10-13 03:00:00+00:00,67.07,2025-10-13,3,0
2025-10-13 04:00:00+00:00,67.19,2025-10-13,4,0
2025-10-13 05:00:00+00:00,67.33,2025-10-13,5,0
2025-10-13 06:00:00+00:00,69.59,2025-10-13,6,0
2025-10-13 07:00:00+00:00,69.14,2025-10-13,7,0
2025-10-13 08:00:00+00:00,68.15,2025-10-13,8,0
2025-10-13 09:00:00+00:00,67.83,2025-10-13,9,0
2025-10-13 10:00:00+00:00,68.9,2025-10-13,10,0
2025-10-13 11:00:00+00:00,68.47,2025-10-13,11,0
2025-10-13 12:00:00+00:00,68.33,2025-10-13,12,0
2025-10-13 13:00:00+00:00,69.15,2025-10-13,13,0
2025-10-13 14:00:00+00:00,70.7,2025-10-13,14,0
2025-10-13 15:00:00+00:00,70.92,2025-10-13,15,0
2025-10-13 16:00:00+00:00,70.77,2025-10-13,16,0
2025-10-13 17:00:00+00:00,70.12,2025-10-13,17,0
2025-10-13 18:00:00+00:00,68.33,2025-10-13,18,0
2025-10-13 19:00:00+00:00,68.65,2025-10-13,19,0
2025-10-13 20:00:00+00:00,69.34,2025-10-13,20,0
2025-10-13 21:00:00+00:00,69.52,2025-10-13,21,0
2025-10-13 22:00:00+00:00,69.37,2025-10-13,22,0
2025-10-13 23:00:00+00:00,69.08,2025-10-13,23,0
2025-10-14 00:00:00+00:00,68.69,2025-10-14,0,1
2025-10-14 01:00:00+00:00,68.98,2025-10-14,1,1
2025-10-14 02:00:00+00:00,69.17,2025-10-14,2,1
2025-10-14 03:00:00+00:00,69.14,2025-10-14,3,1
2025-10-14 04:00:00+00:00,68.35,2025-10-14,4,1
2025-10-14 05:00:00+00:00,67.86,2025-10-14,5,1
2025-10-14 06:00:00+00:00,69.5,2025-10-14,6,1
2025-10-14 07:00:00+00:00,70.57,2025-10-14,7,1
2025-10-14 08:00:00+00:00,66.87,2025-10-14,8,1
2025-10-14 09:00:00+00:00,66.96,2025-10-14,9,1
2025-10-14 10:00:00+00:00,69.02,2025-10-14,10,1
2025-10-14 11:00:00+00:00,65.29,2025-10-14,11,1
2025-10-14 12:00:00+00:00,64.37,2025-10-14,12,1
2025-10-14 13:00:00+00:00,65.15,2025-10-14,13,1
2025-10-14 14:00:00+00:00,64.1,2025-10-14,14,1
2025-10-14 15:00:00+00:00,61.6,2025-10-14,15,1
2025-10-14 16:00:00+00:00,62.73,2025-10-14,16,1
2025-10-14 17:00:00+00:00,65.4,2025-10-14,17,1
2025-10-14 18:00:00+00:00,65.15,2025-10-14,18,1
2025-10-14 19:00:00+00:00,65.98,2025-10-14,19,1
2025-10-14 20:00:00+00:00,66.55,2025-10-14,20,1
2025-10-14 21:00:00+00:00,66.91,2025-10-14,21,1
2025-10-14 22:00:00+00:00,67.33,2025-10-14,22,1
2025-10-14 23:00:00+00:00,67.64,2025-10-14,23,1
2025-10-15 00:00:00+00:00,67.82,2025-10-15,0,2
2025-10-15 01:00:00+00:00,67.72,2025-10-15,1,2
2025-10-15 02:00:00+00:00,67.66,2025-10-15,2,2
2025-10-15 03:00:00+00:00,67.73,2025-10-15,3,2
2025-10-15 04:00:00+00:00,67.69,2025-10-15,4,2
2025-10-15 05:00:00+00:00,67.61,2025-10-15,5,2
2025-10-15 06:00:00+00:00,67.83,2025-10-15,6,2
2025-10-15 07:00:00+00:00,68.01,2025-10-15,7,2
2025-10-15 08:00:00+00:00,68.22,2025-10-15,8,2
2025-10-15 09:00:00+00:00,67.1,2025-10-15,9,2
2025-10-15 10:00:00+00:00,65.38,2025-10-15,10,2
2025-10-15 11:00:00+00:00,63.87,2025-10-15,11,2
2025-10-15 12:00:00+00:00,62.44,2025-10-15,12,2
2025-10-15 13:00:00+00:00,62.08,2025-10-15,13,2
2025-10-15 14:00:00+00:00,64.04,2025-10-15,14,2
2025-10-15 15:00:00+00:00,63.05,2025-10-15,15,2
2025-10-15 16:00:00+00:00,61.68,2025-10-15,16,2
2025-10-15 17:00:00+00:00,61.53,2025-10-15,17,2
2025-10-15 18:00:00+00:00,61.21,2025-10-15,18,2
2025-10-15 19:00:00+00:00,62.08,2025-10-15,19,2
2025-10-15 20:00:00+00:00,62.77,2025-10-15,20,2
2025-10-15 21:00:00+00:00,63.21,2025-10-15,21,2
2025-10-15 22:00:00+00:00,63.7,2025-10-15,22,2
2025-10-15 23:00:00+00:00,63.87,2025-10-15,23,2
2025-10-16 00:00:00+00:00,63.91,2025-10-16,0,3
2025-10-16 01:00:00+00:00,63.91,2025-10-16,1,3
2025-10-16 02:00:00+00:00,63.92,2025-10-16,2,3
2025-10-16 03:00:00+00:00,63.83,2025-10-16,3,3
2025-10-16 04:00:00+00:00,63.59,2025-10-16,4,3
2025-10-16 05:00:00+00:00,63.2,2025-10-16,5,3
2025-10-16 06:00:00+00:00,63.58,2025-10-16,6,3
2025-10-16 07:00:00+00:00,63.22,2025-10-16,7,3
2025-10-16 08:00:00+00:00,62.28,2025-10-16,8,3
2025-10-16 09:00:00+00:00,63.33,2025-10-16,9,3
2025-10-16 10:00:00+00:00,62.88,2025-10-16,10,3
2025-10-16 11:00:00+00:00,59.5,2025-10-16,11,3
2025-10-16 12:00:00+00:00,57.38,2025-10-16,12,3
2025-10-16 13:00:00+00:00,59.04,2025-10-16,13,3
2025-10-16 14:00:00+00:00,61.07,2025-10-16,14,3
2025-10-16 15:00:00+00:00,61.51,2025-10-16,15,3
2025-10-16 16:00:00+00:00,61.41,2025-10-16,16,3
2025-10-16 17:00:00+00:00,63.87,2025-10-16,17,3
2025-10-16 18:00:00+00:00,64.53,2025-10-16,18,3
2025-10-16 19:00:00+00:00,61.98,2025-10-16,19,3
2025-10-16 20:00:00+00:00,60.64,2025-10-16,20,3
2025-10-16 21:00:00+00:00,60.34,2025-10-16,21,3
2025-10-16 22:00:00+00:00,60.3,2025-10-16,22,3
2025-10-16 23:00:00+00:00,60.76,2025-10-16,23,3
2025-10-17 00:00:00+00:00,60.98,2025-10-17,0,4
2025-10-17 01:00:00+00:00,60.79,2025-10-17,1,4
2025-10-17 02:00:00+00:00,60.64,2025-10-17,2,4
2025-10-17 03:00:00+00:00,60.37,2025-10-17,3,4
2025-10-17 04:00:00+00:00,60.52,2025-10-17,4,4
2025-10-17 05:00:00+00:00,60.36,2025-10-17,5,4
2025-10-17 06:00:00+00:00,61.3,2025-10-17,6,4
2025-10-17 07:00:00+00:00,59.69,2025-10-17,7,4
2025-10-17 08:00:00+00:00,59.36,2025-10-17,8,4
2025-10-17 09:00:00+00:00,60.15,2025-10-17,9,4
2025-10-17 10:00:00+00:00,61.53,2025-10-17,10,4
2025-10-17 11:00:00+00:00,60.99,2025-10-17,11,4
2025-10-17 12:00:00+00:00,60.15,2025-10-17,12,4
2025-10-17 13:00:00+00:00,60.74,2025-10-17,13,4
2025-10-17 14:00:00+00:00,60.98,2025-10-17,14,4
2025-10-17 15:00:00+00:00,61.73,2025-10-17,15,4
2025-10-17 16:00:00+00:00,63.84,2025-10-17,16,4
2025-10-17 17:00:00+00:00,63.69,2025-10-17,17,4
2025-10-17 18:00:00+00:00,57.58,2025-10-17,18,4
2025-10-17 19:00:00+00:00,56.91,2025-10-17,19,4
2025-10-17 20:00:00+00:00,57.31,2025-10-17,20,4
2025-10-17 21:00:00+00:00,57.85,2025-10-17,21,4
2025-10-17 22:00:00+00:00,58.03,2025-10-17,22,4
2025-10-17 23:00:00+00:00,58.0,2025-10-17,23,4
2025-10-18 00:00:00+00:00,58.52,2025-10-18,0,5
2025-10-18 01:00:00+00:00,58.18,2025-10-18,1,5
2025-10-18 02:00:00+00:00,57.69,2025-10-18,2,5
2025-10-18 03:00:00+00:00,57.33,2025-10-18,3,5
2025-10-18 04:00:00+00:00,57.14,2025-10-18,4,5
2025-10-18 05:00:00+00:00,57.29,2025-10-18,5,5
2025-10-18 06:00:00+00:00,56.77,2025-10-18,6,5
2025-10-18 07:00:00+00:00,56.36,2025-10-18,7,5
2025-10-18 08:00:00+00:00,56.03,2025-10-18,8,5
2025-10-18 09:00:00+00:00,55.82,2025-10-18,9,5
2025-10-18 10:00:00+00:00,55.47,2025-10-18,10,5
2025-10-18 11:00:00+00:00,55.5,2025-10-18,11,5
2025-10-18 12:00:00+00:00,55.56,2025-10-18,12,5
2025-10-18 13:00:00+00:00,55.73,2025-10-18,13,5
2025-10-18 14:00:00+00:00,55.81,2025-10-18,14,5
2025-10-18 15:00:00+00:00,56.18,2025-10-18,15,5
2025-10-18 16:00:00+00:00,56.76,2025-10-18,16,5
2025-10-18 17:00:00+00:00,57.4,2025-10-18,17,5
2025-10-18 18:00:00+00:00,57.83,2025-10-18,18,5
2025-10-18 19:00:00+00:00,58.28,2025-10-18,19,5
2025-10-18 20:00:00+00:00,58.97,2025-10-18,20,5
2025-10-18 21:00:00+00:00,59.57,2025-10-18,21,5
2025-10-18 22:00:00+00:00,60.41,2025-10-18,22,5
2025-10-18 23:00:00+00:00,60.94,2025-10-18,23,5
2025-10-19 00:00:00+00:00,61.49,2025-10-19,0,6
2025-10-19 01:00:00+00:00,61.82,2025-10-19,1,6
2025-10-19 02:00:00+00:00,62.02,2025-10-19,2,6
2025-10-19 03:00:00+00:00,62.02,2025-10-19,3,6
2025-10-19 04:00:00+00:00,61.96,2025-10-19,4,6
2025-10-19 05:00:00+00:00,61.83,2025-10-19,5,6
2025-10-19 06:00:00+00:00,61.51,2025-10-19,6,6
2025-10-19 07:00:00+00:00,61.26,2025-10-19,7,6
2025-10-19 08:00:00+00:00,61.33,2025-10-19,8,6
2025-10-19 09:00:00+00:00,61.36,2025-10-19,9,6
2025-10-19 10:00:00+00:00,61.23,2025-10-19,10,6
2025-10-19 11:00:00+00:00,61.17,2025-10-19,11,6
2025-10-19 12:00:00+00:00,60.93,2025-10-19,12,6
2025-10-19 13:00:00+00:00,60.71,2025-10-19,13,6
2025-10-19 14:00:00+00:00,60.56,2025-10-19,14,6
2025-10-19 15:00:00+00:00,60.43,2025-10-19,15,6
2025-10-19 16:00:00+00:00,61.0,2025-10-19,16,6
2025-10-19 17:00:00+00:00,61.18,2025-10-19,17,6
2025-10-19 18:00:00+00:00,60.69,2025-10-19,18,6
2025-10-19 19:00:00+00:00,60.86,2025-10-19,19,6
2025-10-19 20:00:00+00:00,61.53,2025-10-19,20,6
2025-10-19 21:00:00+00:00,62.44,2025-10-19,21,6
2025-10-19 22:00:00+00:00,62.91,2025-10-19,22,6
2025-10-19 23:00:00+00:00,62.96,2025-10-19,23,6
2025-10-20 00:00:00+00:00,62.94,2025-10-20,0,0
2025-10-20 01:00:00+00:00,62.96,2025-10-20,1,0
2025-10-20 02:00:00+00:00,62.92,2025-10-20,2,0
2025-10-20 03:00:00+00:00,63.04,2025-10-20,3,0
2025-10-20 04:00:00+00:00,62.98,2025-10-20,4,0
2025-10-20 05:00:00+00:00,62.7,2025-10-20,5,0
2025-10-20 06:00:00+00:00,62.05,2025-10-20,6,0
2025-10-20 07:00:00+00:00,56.21,2025-10-20,7,0
2025-10-20 08:00:00+00:00,54.44,2025-10-20,8,0
2025-10-20 09:00:00+00:00,54.15,2025-10-20,9,0
2025-10-20 10:00:00+00:00,56.9,2025-10-20,10,0
2025-10-20 11:00:00+00:00,52.76,2025-10-20,11,0
2025-10-20 12:00:00+00:00,50.55,2025-10-20,12,0
2025-10-20 13:00:00+00:00,49.39,2025-10-20,13,0
2025-10-20 14:00:00+00:00,54.25,2025-10-20,14,0
2025-10-20 15:00:00+00:00,55.95,2025-10-20,15,0
2025-10-20 16:00:00+00:00,55.16,2025-10-20,16,0
2025-10-20 17:00:00+00:00,55.29,2025-10-20,17,0
2025-10-20 18:00:00+00:00,58.95,2025-10-20,18,0
2025-10-20 19:00:00+00:00,60.7,2025-10-20,19,0
2025-10-20 20:00:00+00:00,60.81,2025-10-20,20,0
2025-10-20 21:00:00+00:00,60.65,2025-10-20,21,0
2025-10-20 22:00:00+00:00,60.37,2025-10-20,22,0
2025-10-20 23:00:00+00:00,58.81,2025-10-20,23,0
2025-10-21 00:00:00+00:00,55.07,2025-10-21,0,1
2025-10-21 01:00:00+00:00,54.1,2025-10-21,1,1
2025-10-21 02:00:00+00:00,54.59,2025-10-21,2,1
2025-10-21 03:00:00+00:00,54.95,2025-10-21,3,1
2025-10-21 04:00:00+00:00,55.08,2025-10-21,4,1
2025-10-21 05:00:00+00:00,55.03,2025-10-21,5,1
2025-10-21 06:00:00+00:00,54.48,2025-10-21,6,1
2025-10-21 07:00:00+00:00,52.83,2025-10-21,7,1
2025-10-21 08:00:00+00:00,52.02,2025-10-21,8,1
2025-10-21 09:00:00+00:00,53.37,2025-10-21,9,1
2025-10-21 10:00:00+00:00,53.68,2025-10-21,10,1
2025-10-21 11:00:00+00:00,53.93,2025-10-21,11,1
2025-10-21 12:00:00+00:00,54.74,2025-10-21,12,1
2025-10-21 13:00:00+00:00,55.47,2025-10-21,13,1
2025-10-21 14:00:00+00:00,56.46,2025-10-21,14,1
2025-10-21 15:00:00+00:00,56.3,2025-10-21,15,1
2025-10-21 16:00:00+00:00,56.59,2025-10-21,16,1
2025-10-21 17:00:00+00:00,56.92,2025-10-21,17,1
2025-10-21 18:00:00+00:00,58.39,2025-10-21,18,1
2025-10-21 19:00:00+00:00,58.92,2025-10-21,19,1
2025-10-21 20:00:00+00:00,59.5,2025-10-21,20,1
2025-10-21 21:00:00+00:00,60.09,2025-10-21,21,1
2025-10-21 22:00:00+00:00,60.81,2025-10-21,22,1
2025-10-21 23:00:00+00:00,61.64,2025-10-21,23,1
2025-10-22 00:00:00+00:00,62.32,2025-10-22,0,2
2025-10-22 01:00:00+00:00,62.99,2025-10-22,1,2
2025-10-22 02:00:00+00:00,63.15,2025-10-22,2,2
2025-10-22 03:00:00+00:00,62.53,2025-10-22,3,2
2025-10-22 04:00:00+00:00,62.19,2025-10-22,4,2
2025-10-22 05:00:00+00:00,61.61,2025-10-22,5,2
2025-10-22 06:00:00+00:00,61.82,2025-10-22,6,2
2025-10-22 07:00:00+00:00,61.44,2025-10-22,7,2
2025-10-22 08:00:00+00:00,59.58,2025-10-22,8,2
2025-10-22 09:00:00+00:00,54.79,2025-10-22,9,2
2025-10-22 10:00:00+00:00,50.53,2025-10-22,10,2
2025-10-22 11:00:00+00:00,49.08,2025-10-22,11,2
2025-10-22 12:00:00+00:00,48.6,2025-10-22,12,2
2025-10-22 13:00:00+00:00,47.36,2025-10-22,13,2
2025-10-22 14:00:00+00:00,47.64,2025-10-22,14,2
2025-10-22 15:00:00+00:00,45.39,2025-10-22,15,2
2025-10-22 16:00:00+00:00,44.85,2025-10-22,16,2
2025-10-22 17:00:00+00:00,47.79,2025-10-22,17,2
2025-10-22 18:00:00+00:00,51.13,2025-10-22,18,2
2025-10-22 19:00:00+00:00,51.75,2025-10-22,19,2
2025-10-22 20:00:00+00:00,51.08,2025-10-22,20,2
2025-10-22 21:00:00+00:00,51.02,2025-10-22,21,2
2025-10-22 22:00:00+00:00,52.06,2025-10-22,22,2
2025-10-22 23:00:00+00:00,53.37,2025-10-22,23,2
2025-10-23 00:00:00+00:00,54.25,2025-10-23,0,3
2025-10-23 01:00:00+00:00,54.77,2025-10-23,1,3
2025-10-23 02:00:00+00:00,55.2,2025-10-23,2,3
2025-10-23 03:00:00+00:00,55.88,2025-10-23,3,3
2025-10-23 04:00:00+00:00,56.1,2025-10-23,4,3
2025-10-23 05:00:00+00:00,56.4,2025-10-23,5,3
2025-10-23 06:00:00+00:00,57.38,2025-10-23,6,3
2025-10-23 07:00:00+00:00,57.55,2025-10-23,7,3
2025-10-23 08:00:00+00:00,56.43,2025-10-23,8,3
2025-10-23 09:00:00+00:00,56.62,2025-10-23,9,3
2025-10-23 10:00:00+00:00,54.17,2025-10-23,10,3
2025-10-23 11:00:00+00:00,51.31,2025-10-23,11,3
2025-10-23 12:00:00+00:00,46.1,2025-10-23,12,3
2025-10-23 13:00:00+00:00,42.89,2025-10-23,13,3
2025-10-23 14:00:00+00:00,43.77,2025-10-23,14,3
2025-10-23 15:00:00+00:00,41.84,2025-10-23,15,3
2025-10-23 16:00:00+00:00,40.62,2025-10-23,16,3
2025-10-23 17:00:00+00:00,42.97,2025-10-23,17,3
2025-10-23 18:00:00+00:00,43.14,2025-10-23,18,3
2025-10-23 19:00:00+00:00,46.52,2025-10-23,19,3
2025-10-23 20:00:00+00:00,48.73,2025-10-23,20,3
2025-10-23 21:00:00+00:00,49.4,2025-10-23,21,3
2025-10-23 22:00:00+00:00,50.12,2025-10-23,22,3
2025-10-23 23:00:00+00:00,50.58,2025-10-23,23,3
2025-10-24 00:00:00+00:00,51.04,2025-10-24,0,4
2025-10-24 01:00:00+00:00,52.01,2025-10-24,1,4
2025-10-24 02:00:00+00:00,52.83,2025-10-24,2,4
2025-10-24 03:00:00+00:00,53.19,2025-10-24,3,4
2025-10-24 04:00:00+00:00,53.25,2025-10-24,4,4
2025-10-24 05:00:00+00:00,54.51,2025-10-24,5,4
2025-10-24 06:00:00+00:00,53.57,2025-10-24,6,4
2025-10-24 07:00:00+00:00,51.89,2025-10-24,7,4
2025-10-24 08:00:00+00:00,53.38,2025-10-24,8,4
2025-10-24 09:00:00+00:00,52.8,2025-10-24,9,4
2025-10-24 10:00:00+00:00,51.0,2025-10-24,10,4
2025-10-24 11:00:00+00:00,53.59,2025-10-24,11,4
2025-10-24 12:00:00+00:00,52.95,2025-10-24,12,4
2025-10-24 13:00:00+00:00,52.57,2025-10-24,13,4
2025-10-24 14:00:00+00:00,53.72,2025-10-24,14,4
2025-10-24 15:00:00+00:00,55.46,2025-10-24,15,4
2025-10-24 16:00:00+00:00,58.21,2025-10-24,16,4
2025-10-24 17:00:00+00:00,61.11,2025-10-24,17,4
2025-10-24 18:00:00+00:00,60.12,2025-10-24,18,4
2025-10-24 19:00:00+00:00,59.41,2025-10-24,19,4
2025-10-24 20:00:00+00:00,58.82,2025-10-24,20,4
2025-10-24 21:00:00+00:00,58.42,2025-10-24,21,4
2025-10-24 22:00:00+00:00,58.18,2025-10-24,22,4
2025-10-24 23:00:00+00:00,58.09,2025-10-24,23,4
2025-10-25 00:00:00+00:00,58.13,2025-10-25,0,5
2025-10-25 01:00:00+00:00,58.35,2025-10-25,1,5
2025-10-25 02:00:00+00:00,58.04,2025-10-25,2,5
2025-10-25 03:00:00+00:00,57.76,2025-10-25,3,5
2025-10-25 04:00:00+00:00,57.75,2025-10-25,4,5
2025-10-25 05:00:00+00:00,57.61,2025-10-25,5,5
2025-10-25 06:00:00+00:00,57.34,2025-10-25,6,5
2025-10-25 07:00:00+00:00,56.81,2025-10-25,7,5
2025-10-25 08:00:00+00:00,56.6,2025-10-25,8,5
2025-10-25 09:00:00+00:00,56.59,2025-10-25,9,5
2025-10-25 10:00:00+00:00,55.94,2025-10-25,10,5
2025-10-25 11:00:00+00:00,54.89,2025-10-25,11,5
2025-10-25 12:00:00+00:00,54.57,2025-10-25,12,5
2025-10-25 13:00:00+00:00,54.22,2025-10-25,13,5
2025-10-25 14:00:00+00:00,53.2,2025-10-25,14,5
2025-10-25 15:00:00+00:00,52.04,2025-10-25,15,5
2025-10-25 16:00:00+00:00,51.48,2025-10-25,16,5
2025-10-25 17:00:00+00:00,52.44,2025-10-25,17,5
2025-10-25 18:00:00+00:00,53.58,2025-10-25,18,5
2025-10-25 19:00:00+00:00,55.76,2025-10-25,19,5
2025-10-25 20:00:00+00:00,57.17,2025-10-25,20,5
2025-10-25 21:00:00+00:00,57.89,2025-10-25,21,5
2025-10-25 22:00:00+00:00,57.98,2025-10-25,22,5
2025-10-25 23:00:00+00:00,58.22,2025-10-25,23,5
2025-10-26 00:00:00+00:00,58.52,2025-10-26,0,6
2025-10-26 01:00:00+00:00,58.62,2025-10-26,1,6
2025-10-26 02:00:00+00:00,58.73,2025-10-26,2,6
2025-10-26 03:00:00+00:00,58.57,2025-10-26,3,6
2025-10-26 04:00:00+00:00,58.23,2025-10-26,4,6
2025-10-26 05:00:00+00:00,57.78,2025-10-26,5,6
2025-10-26 06:00:00+00:00,57.5,2025-10-26,6,6
2025-10-26 07:00:00+00:00,57.08,2025-10-26,7,6
2025-10-26 08:00:00+00:00,56.72,2025-10-26,8,6
2025-10-26 09:00:00+00:00,56.5,2025-10-26,9,6
2025-10-26 10:00:00+00:00,57.46,2025-10-26,10,6
2025-10-26 11:00:00+00:00,57.08,2025-10-26,11,6
2025-10-26 12:00:00+00:00,56.72,2025-10-26,12,6
2025-10-26 13:00:00+00:00,56.45,2025-10-26,13,6
2025-10-26 14:00:00+00:00,55.85,2025-10-26,14,6
2025-10-26 15:00:00+00:00,56.07,2025-10-26,15,6
2025-10-26 16:00:00+00:00,56.31,2025-10-26,16,6
2025-10-26 17:00:00+00:00,56.16,2025-10-26,17,6
2025-10-26 18:00:00+00:00,56.14,2025-10-26,18,6
2025-10-26 19:00:00+00:00,56.17,2025-10-26,19,6
2025-10-26 20:00:00+00:00,56.14,2025-10-26,20,6
2025-10-26 21:00:00+00:00,56.04,2025-10-26,21,6
2025-10-26 22:00:00+00:00,55.95,2025-10-26,22,6
2025-10-26 23:00:00+00:00,55.63,2025-10-26,23,6
2025-10-27 00:00:00+00:00,54.79,2025-10-27,0,0
2025-10-27 01:00:00+00:00,54.71,2025-10-27,1,0
2025-10-27 02:00:00+00:00,54.03,2025-10-27,2,0
2025-10-27 03:00:00+00:00,52.81,2025-10-27,3,0
2025-10-27 04:00:00+00:00,50.81,2025-10-27,4,0
2025-10-27 05:00:00+00:00,49.29,2025-10-27,5,0
2025-10-27 06:00:00+00:00,46.4,2025-10-27,6,0
2025-10-27 07:00:00+00:00,46.24,2025-10-27,7,0
2025-10-27 08:00:00+00:00,45.6,2025-10-27,8,0
2025-10-27 09:00:00+00:00,44.85,2025-10-27,9,0
2025-10-27 10:00:00+00:00,43.4,2025-10-27,10,0
2025-10-27 11:00:00+00:00,42.81,2025-10-27,11,0
2025-10-27 12:00:00+00:00,41.21,2025-10-27,12,0
2025-10-27 13:00:00+00:00,40.08,2025-10-27,13,0
2025-10-27 14:00:00+00:00,39.42,2025-10-27,14,0
2025-10-27 15:00:00+00:00,41.45,2025-10-27,15,0
2025-10-27 16:00:00+00:00,42.11,2025-10-27,16,0
2025-10-27 17:00:00+00:00,46.0,2025-10-27,17,0
2025-10-27 18:00:00+00:00,50.83,2025-10-27,18,0
2025-10-27 19:00:00+00:00,53.93,2025-10-27,19,0
2025-10-27 20:00:00+00:00,55.41,2025-10-27,20,0
2025-10-27 21:00:00+00:00,55.09,2025-10-27,21,0
2025-10-27 22:00:00+00:00,55.06,2025-10-27,22,0
2025-10-27 23:00:00+00:00,54.0,2025-10-27,23,0
2025-10-28 00:00:00+00:00,53.72,2025-10-28,0,1
2025-10-28 01:00:00+00:00,53.18,2025-10-28,1,1
2025-10-28 02:00:00+00:00,52.45,2025-10-28,2,1
2025-10-28 03:00:00+00:00,51.27,2025-10-28,3,1
2025-10-28 04:00:00+00:00,50.64,2025-10-28,4,1
2025-10-28 05:00:00+00:00,49.44,2025-10-28,5,1
2025-10-28 06:00:00+00:00,47.71,2025-10-28,6,1
2025-10-28 07:00:00+00:00,48.77,2025-10-28,7,1
2025-10-28 08:00:00+00:00,53.45,2025-10-28,8,1
2025-10-28 09:00:00+00:00,52.81,2025-10-28,9,1
2025-10-28 10:00:00+00:00,55.05,2025-10-28,10,1
2025-10-28 11:00:00+00:00,55.0,2025-10-28,11,1
2025-10-28 12:00:00+00:00,48.33,2025-10-28,12,1
2025-10-28 13:00:00+00:00,45.41,2025-10-28,13,1
2025-10-28 14:00:00+00:00,41.92,2025-10-28,14,1
2025-10-28 15:00:00+00:00,45.95,2025-10-28,15,1
2025-10-28 16:00:00+00:00,49.46,2025-10-28,16,1
2025-10-28 17:00:00+00:00,51.18,2025-10-28,17,1
2025-10-28 18:00:00+00:00,51.21,2025-10-28,18,1
2025-10-28 19:00:00+00:00,51.37,2025-10-28,19,1
2025-10-28 20:00:00+00:00,51.27,2025-10-28,20,1
2025-10-28 21:00:00+00:00,51.73,2025-10-28,21,1
2025-10-28 22:00:00+00:00,51.75,2025-10-28,22,1
2025-10-28 23:00:00+00:00,51.67,2025-10-28,23,1
2025-10-29 00:00:00+00:00,51.16,2025-10-29,0,2
2025-10-29 01:00:00+00:00,51.24,2025-10-29,1,2
2025-10-29 02:00:00+00:00,51.75,2025-10-29,2,2
2025-10-29 03:00:00+00:00,51.73,2025-10-29,3,2
2025-10-29 04:00:00+00:00,52.2,2025-10-29,4,2
2025-10-29 05:00:00+00:00,52.88,2025-10-29,5,2
2025-10-29 06:00:00+00:00,53.65,2025-10-29,6,2
2025-10-29 07:00:00+00:00,54.88,2025-10-29,7,2
2025-10-29 08:00:00+00:00,58.17,2025-10-29,8,2
2025-10-29 09:00:00+00:00,60.26,2025-10-29,9,2
2025-10-29 10:00:00+00:00,58.21,2025-10-29,10,2
2025-10-29 11:00:00+00:00,59.62,2025-10-29,11,2
2025-10-29 12:00:00+00:00,57.52,2025-10-29,12,2
2025-10-29 13:00:00+00:00,55.53,2025-10-29,13,2
2025-10-29 14:00:00+00:00,56.65,2025-10-29,14,2
2025-10-29 15:00:00+00:00,55.6,2025-10-29,15,2
2025-10-29 16:00:00+00:00,53.79,2025-10-29,16,2
2025-10-29 17:00:00+00:00,54.04,2025-10-29,17,2
2025-10-29 18:00:00+00:00,58.32,2025-10-29,18,2
2025-10-29 19:00:00+00:00,61.37,2025-10-29,19,2
2025-10-29 20:00:00+00:00,60.85,2025-10-29,20,2
2025-10-29 21:00:00+00:00,61.69,2025-10-29,21,2
2025-10-29 22:00:00+00:00,62.03,2025-10-29,22,2
2025-10-29 23:00:00+00:00,61.61,2025-10-29,23,2
2025-10-30 00:00:00+00:00,61.37,2025-10-30,0,3
2025-10-30 01:00:00+00:00,61.23,2025-10-30,1,3
2025-10-30 02:00:00+00:00,61.27,2025-10-30,2,3
2025-10-30 03:00:00+00:00,61.42,2025-10-30,3,3
2025-10-30 04:00:00+00:00,60.71,2025-10-30,4,3
2025-10-30 05:00:00+00:00,60.04,2025-10-30,5,3
2025-10-30 06:00:00+00:00,59.33,2025-10-30,6,3
2025-10-30 07:00:00+00:00,58.74,2025-10-30,7,3
2025-10-30 08:00:00+00:00,57.86,2025-10-30,8,3
2025-10-30 09:00:00+00:00,57.87,2025-10-30,9,3
2025-10-30 10:00:00+00:00,57.49,2025-10-30,10,3
2025-10-30 11:00:00+00:00,57.46,2025-10-30,11,3
2025-10-30 12:00:00+00:00,54.61,2025-10-30,12,3
2025-10-30 13:00:00+00:00,53.67,2025-10-30,13,3
2025-10-30 14:00:00+00:00,52.08,2025-10-30,14,3
2025-10-30 15:00:00+00:00,51.4,2025-10-30,15,3
2025-10-30 16:00:00+00:00,51.32,2025-10-30,16,3
2025-10-30 17:00:00+00:00,51.67,2025-10-30,17,3
2025-10-30 18:00:00+00:00,50.36,2025-10-30,18,3
2025-10-30 19:00:00+00:00,48.84,2025-10-30,19,3
2025-10-30 20:00:00+00:00,49.2,2025-10-30,20,3
2025-10-30 21:00:00+00:00,50.01,2025-10-30,21,3
2025-10-30 22:00:00+00:00,50.74,2025-10-30,22,3
2025-10-30 23:00:00+00:00,51.49,2025-10-30,23,3
2025-10-31 00:00:00+00:00,52.12,2025-10-31,0,4
2025-10-31 01:00:00+00:00,52.61,2025-10-31,1,4
2025-10-31 02:00:00+00:00,53.05,2025-10-31,2,4
2025-10-31 03:00:00+00:00,53.36,2025-10-31,3,4
2025-10-31 04:00:00+00:00,53.67,2025-10-31,4,4
2025-10-31 05:00:00+00:00,53.67,2025-10-31,5,4
2025-10-31 06:00:00+00:00,54.18,2025-10-31,6,4
2025-10-31 07:00:00+00:00,56.41,2025-10-31,7,4
2025-10-31 08:00:00+00:00,57.3,2025-10-31,8,4
2025-10-31 09:00:00+00:00,56.44,2025-10-31,9,4
2025-10-31 10:00:00+00:00,55.7,2025-10-31,10,4
2025-10-31 11:00:00+00:00,54.79,2025-10-31,11,4
2025-10-31 12:00:00+00:00,52.01,2025-10-31,12,4
2025-10-31 13:00:00+00:00,50.7,2025-10-31,13,4
2025-10-31 14:00:00+00:00,51.04,2025-10-31,14,4
2025-10-31 15:00:00+00:00,50.41,2025-10-31,15,4
2025-10-31 16:00:00+00:00,48.95,2025-10-31,16,4
2025-10-31 17:00:00+00:00,49.64,2025-10-31,17,4
2025-10-31 18:00:00+00:00,50.65,2025-10-31,18,4
2025-10-31 19:00:00+00:00,51.23,2025-10-31,19,4
2025-10-31 20:00:00+00:00,51.38,2025-10-31,20,4
2025-10-31 21:00:00+00:00,51.64,2025-10-31,21,4
2025-10-31 22:00:00+00:00,51.67,2025-10-31,22,4
2025-10-31 23:00:00+00:00,52.01,2025-10-31,23,4
2025-11-01 00:00:00+00:00,52.07,2025-11-01,0,5
2025-11-01 01:00:00+00:00,52.31,2025-11-01,1,5
2025-11-01 02:00:00+00:00,52.41,2025-11-01,2,5
2025-11-01 03:00:00+00:00,52.39,2025-11-01,3,5
2025-11-01 04:00:00+00:00,52.5,2025-11-01,4,5
2025-11-01 05:00:00+00:00,52.28,2025-11-01,5,5
2025-11-01 06:00:00+00:00,52.17,2025-11-01,6,5
2025-11-01 07:00:00+00:00,52.49,2025-11-01,7,5
2025-11-01 08:00:00+00:00,52.64,2025-11-01,8,5
2025-11-01 09:00:00+00:00,52.64,2025-11-01,9,5
2025-11-01 10:00:00+00:00,52.63,2025-11-01,10,5
2025-11-01 11:00:00+00:00,52.18,2025-11-01,11,5
2025-11-01 12:00:00+00:00,50.45,2025-11-01,12,5
2025-11-01 13:00:00+00:00,50.18,2025-11-01,13,5
2025-11-01 14:00:00+00:00,48.95,2025-11-01,14,5
2025-11-01 15:00:00+00:00,49.59,2025-11-01,15,5
2025-11-01 16:00:00+00:00,50.02,2025-11-01,16,5
2025-11-01 17:00:00+00:00,50.07,2025-11-01,17,5
2025-11-01 18:00:00+00:00,49.67,2025-11-01,18,5
2025-11-01 19:00:00+00:00,48.7,2025-11-01,19,5
2025-11-01 20:00:00+00:00,48.67,2025-11-01,20,5
2025-11-01 21:00:00+00:00,48.65,2025-11-01,21,5
2025-11-01 22:00:00+00:00,48.87,2025-11-01,22,5
2025-11-01 23:00:00+00:00,49.06,2025-11-01,23,5
2025-11-02 00:00:00+00:00,49.37,2025-11-02,0,6
2025-11-02 01:00:00+00:00,49.5,2025-11-02,1,6
2025-11-02 02:00:00+00:00,49.86,2025-11-02,2,6
2025-11-02 03:00:00+00:00,50.02,2025-11-02,3,6
2025-11-02 04:00:00+00:00,50.41,2025-11-02,4,6
2025-11-02 05:00:00+00:00,50.96,2025-11-02,5,6
2025-11-02 06:00:00+00:00,52.2,2025-11-02,6,6
2025-11-02 07:00:00+00:00,52.55,2025-11-02,7,6
2025-11-02 08:00:00+00:00,53.13,2025-11-02,8,6
2025-11-02 09:00:00+00:00,53.76,2025-11-02,9,6
2025-11-02 10:00:00+00:00,53.19,2025-11-02,10,6
2025-11-02 11:00:00+00:00,49.59,2025-11-02,11,6
2025-11-02 12:00:00+00:00,45.97,2025-11-02,12,6
2025-11-02 13:00:00+00:00,43.84,2025-11-02,13,6
2025-11-02 14:00:00+00:00,43.82,2025-11-02,14,6
2025-11-02 15:00:00+00:00,45.67,2025-11-02,15,6
2025-11-02 16:00:00+00:00,47.33,2025-11-02,16,6
2025-11-02 17:00:00+00:00,49.5,2025-11-02,17,6
2025-11-02 18:00:00+00:00,50.89,2025-11-02,18,6
2025-11-02 19:00:00+00:00,51.58,2025-11-02,19,6
2025-11-02 20:00:00+00:00,52.31,2025-11-02,20,6
2025-11-02 21:00:00+00:00,52.65,2025-11-02,21,6
2025-11-02 22:00:00+00:00,52.51,2025-11-02,22,6
2025-11-02 23:00:00+00:00,52.06,2025-11-02,23,6
2025-11-03 00:00:00+00:00,51.8,2025-11-03,0,0
2025-11-03 01:00:00+00:00,51.41,2025-11-03,1,0
2025-11-03 02:00:00+00:00,50.89,2025-11-03,2,0
2025-11-03 03:00:00+00:00,49.91,2025-11-03,3,0
2025-11-03 04:00:00+00:00,48.49,2025-11-03,4,0
2025-11-03 05:00:00+00:00,47.32,2025-11-03,5,0
2025-11-03 06:00:00+00:00,46.2,2025-11-03,6,0
2025-11-03 07:00:00+00:00,48.81,2025-11-03,7,0
2025-11-03 08:00:00+00:00,51.5,2025-11-03,8,0
2025-11-03 09:00:00+00:00,45.25,2025-11-03,9,0
2025-11-03 10:00:00+00:00,45.57,2025-11-03,10,0
2025-11-03 11:00:00+00:00,42.23,2025-11-03,11,0
2025-11-03 12:00:00+00:00,40.75,2025-11-03,12,0
2025-11-03 13:00:00+00:00,38.41,2025-11-03,13,0
2025-11-03 14:00:00+00:00,38.7,2025-11-03,14,0
2025-11-03 15:00:00+00:00,43.28,2025-11-03,15,0
2025-11-03 16:00:00+00:00,43.4,2025-11-03,16,0
2025-11-03 17:00:00+00:00,44.14,2025-11-03,17,0
2025-11-03 18:00:00+00:00,45.65,2025-11-03,18,0
2025-11-03 19:00:00+00:00,46.2,2025-11-03,19,0
2025-11-03 20:00:00+00:00,46.53,2025-11-03,20,0
2025-11-03 21:00:00+00:00,47.4,2025-11-03,21,0
2025-11-03 22:00:00+00:00,47.79,2025-11-03,22,0
2025-11-03 23:00:00+00:00,48.1,2025-11-03,23,0
2025-11-04 00:00:00+00:00,48.52,2025-11-04,0,1
2025-11-04 01:00:00+00:00,48.65,2025-11-04,1,1
2025-11-04 02:00:00+00:00,48.83,2025-11-04,2,1
2025-11-04 03:00:00+00:00,48.65,2025-11-04,3,1
2025-11-04 04:00:00+00:00,48.78,2025-11-04,4,1
2025-11-04 05:00:00+00:00,48.68,2025-11-04,5,1
2025-11-04 06:00:00+00:00,47.34,2025-11-04,6,1
2025-11-04 07:00:00+00:00,49.99,2025-11-04,7,1
2025-11-04 08:00:00+00:00,51.43,2025-11-04,8,1
2025-11-04 09:00:00+00:00,49.25,2025-11-04,9,1
2025-11-04 10:00:00+00:00,49.2,2025-11-04,10,1
2025-11-04 11:00:00+00:00,50.29,2025-11-04,11,1
2025-11-04 12:00:00+00:00,51.28,2025-11-04,12,1
2025-11-04 13:00:00+00:00,51.22,2025-11-04,13,1
2025-11-04 14:00:00+00:00,52.19,2025-11-04,14,1
2025-11-04 15:00:00+00:00,55.11,2025-11-04,15,1
2025-11-04 16:00:00+00:00,55.89,2025-11-04,16,1
2025-11-04 17:00:00+00:00,57.51,2025-11-04,17,1
2025-11-04 18:00:00+00:00,59.24,2025-11-04,18,1
2025-11-04 19:00:00+00:00,58.6,2025-11-04,19,1
2025-11-04 20:00:00+00:00,57.37,2025-11-04,20,1
2025-11-04 21:00:00+00:00,57.79,2025-11-04,21,1
2025-11-04 22:00:00+00:00,58.14,2025-11-04,22,1
2025-11-04 23:00:00+00:00,58.08,2025-11-04,23,1
2025-11-05 00:00:00+00:00,57.88,2025-11-05,0,2
2025-11-05 01:00:00+00:00,57.9,2025-11-05,1,2
2025-11-05 02:00:00+00:00,57.89,2025-11-05,2,2
2025-11-05 03:00:00+00:00,58.09,2025-11-05,3,2
2025-11-05 04:00:00+00:00,58.06,2025-11-05,4,2
2025-11-05 05:00:00+00:00,58.07,2025-11-05,5,2
2025-11-05 06:00:00+00:00,58.16,2025-11-05,6,2
2025-11-05 07:00:00+00:00,59.86,2025-11-05,7,2
2025-11-05 08:00:00+00:00,62.07,2025-11-05,8,2
2025-11-05 09:00:00+00:00,61.95,2025-11-05,9,2
2025-11-05 10:00:00+00:00,60.79,2025-11-05,10,2
2025-11-05 11:00:00+00:00,60.08,2025-11-05,11,2
2025-11-05 12:00:00+00:00,59.44,2025-11-05,12,2
2025-11-05 13:00:00+00:00,59.32,2025-11-05,13,2
2025-11-05 14:00:00+00:00,61.22,2025-11-05,14,2
2025-11-05 15:00:00+00:00,65.27,2025-11-05,15,2
2025-11-05 16:00:00+00:00,65.19,2025-11-05,16,2
2025-11-05 17:00:00+00:00,64.33,2025-11-05,17,2
2025-11-05 18:00:00+00:00,64.59,2025-11-05,18,2
2025-11-05 19:00:00+00:00,65.55,2025-11-05,19,2
2025-11-05 20:00:00+00:00,65.63,2025-11-05,20,2
2025-11-05 21:00:00+00:00,65.6,2025-11-05,21,2
2025-11-05 22:00:00+00:00,65.41,2025-11-05,22,2
2025-11-05 23:00:00+00:00,65.03,2025-11-05,23,2
2025-11-06 00:00:00+00:00,64.63,2025-11-06,0,3
2025-11-06 01:00:00+00:00,64.5,2025-11-06,1,3
2025-11-06 02:00:00+00:00,64.36,2025-11-06,2,3
2025-11-06 03:00:00+00:00,64.16,2025-11-06,3,3
2025-11-06 04:00:00+00:00,63.22,2025-11-06,4,3
2025-11-06 05:00:00+00:00,60.57,2025-11-06,5,3
2025-11-06 06:00:00+00:00,56.49,2025-11-06,6,3
2025-11-06 07:00:00+00:00,52.74,2025-11-06,7,3
2025-11-06 08:00:00+00:00,49.91,2025-11-06,8,3
2025-11-06 09:00:00+00:00,45.99,2025-11-06,9,3
2025-11-06 10:00:00+00:00,42.71,2025-11-06,10,3
2025-11-06 11:00:00+00:00,41.03,2025-11-06,11,3
2025-11-06 12:00:00+00:00,40.27,2025-11-06,12,3
2025-11-06 13:00:00+00:00,40.35,2025-11-06,13,3
2025-11-06 14:00:00+00:00,38.95,2025-11-06,14,3
2025-11-06 15:00:00+00:00,40.38,2025-11-06,15,3
2025-11-06 16:00:00+00:00,39.98,2025-11-06,16,3
2025-11-06 17:00:00+00:00,39.9,2025-11-06,17,3
2025-11-06 18:00:00+00:00,41.86,2025-11-06,18,3
2025-11-06 19:00:00+00:00,42.87,2025-11-06,19,3
2025-11-06 20:00:00+00:00,43.11,2025-11-06,20,3
2025-11-06 21:00:00+00:00,43.01,2025-11-06,21,3
2025-11-06 22:00:00+00:00,43.0,2025-11-06,22,3
2025-11-06 23:00:00+00:00,43.22,2025-11-06,23,3
2025-11-07 00:00:00+00:00,43.73,2025-11-07,0,4
2025-11-07 01:00:00+00:00,44.1,2025-11-07,1,4
2025-11-07 02:00:00+00:00,44.34,2025-11-07,2,4
2025-11-07 03:00:00+00:00,44.26,2025-11-07,3,4
2025-11-07 04:00:00+00:00,44.49,2025-11-07,4,4
2025-11-07 05:00:00+00:00,44.12,2025-11-07,5,4
2025-11-07 06:00:00+00:00,43.21,2025-11-07,6,4
2025-11-07 07:00:00+00:00,45.09,2025-11-07,7,4
2025-11-07 08:00:00+00:00,47.77,2025-11-07,8,4
2025-11-07 09:00:00+00:00,44.74,2025-11-07,9,4
2025-11-07 10:00:00+00:00,44.75,2025-11-07,10,4
2025-11-07 11:00:00+00:00,50.75,2025-11-07,11,4
2025-11-07 12:00:00+00:00,48.03,2025-11-07,12,4
2025-11-07 13:00:00+00:00,44.31,2025-11-07,13,4
2025-11-07 14:00:00+00:00,43.31,2025-11-07,14,4
2025-11-07 15:00:00+00:00,43.64,2025-11-07,15,4
2025-11-07 16:00:00+00:00,44.41,2025-11-07,16,4
2025-11-07 17:00:00+00:00,45.34,2025-11-07,17,4
2025-11-07 18:00:00+00:00,45.64,2025-11-07,18,4
2025-11-07 19:00:00+00:00,46.22,2025-11-07,19,4
2025-11-07 20:00:00+00:00,46.93,2025-11-07,20,4
2025-11-07 21:00:00+00:00,47.43,2025-11-07,21,4
2025-11-07 22:00:00+00:00,48.19,2025-11-07,22,4
2025-11-07 23:00:00+00:00,48.72,2025-11-07,23,4
2025-11-08 00:00:00+00:00,49.77,2025-11-08,0,5
2025-11-08 01:00:00+00:00,50.26,2025-11-08,1,5
2025-11-08 02:00:00+00:00,50.75,2025-11-08,2,5
2025-11-08 03:00:00+00:00,51.09,2025-11-08,3,5
2025-11-08 04:00:00+00:00,51.15,2025-11-08,4,5
2025-11-08 05:00:00+00:00,51.48,2025-11-08,5,5
2025-11-08 06:00:00+00:00,51.75,2025-11-08,6,5
2025-11-08 07:00:00+00:00,52.49,2025-11-08,7,5
2025-11-08 08:00:00+00:00,52.12,2025-11-08,8,5
2025-11-08 09:00:00+00:00,50.67,2025-11-08,9,5
2025-11-08 10:00:00+00:00,47.8,2025-11-08,10,5
2025-11-08 11:00:00+00:00,45.65,2025-11-08,11,5
2025-11-08 12:00:00+00:00,43.41,2025-11-08,12,5
2025-11-08 13:00:00+00:00,42.56,2025-11-08,13,5
2025-11-08 14:00:00+00:00,41.96,2025-11-08,14,5
2025-11-08 15:00:00+00:00,41.3,2025-11-08,15,5
2025-11-08 16:00:00+00:00,40.84,2025-11-08,16,5
2025-11-08 17:00:00+00:00,40.8,2025-11-08,17,5
2025-11-08 18:00:00+00:00,40.65,2025-11-08,18,5
2025-11-08 19:00:00+00:00,40.71,2025-11-08,19,5
2025-11-08 20:00:00+00:00,40.71,2025-11-08,20,5
2025-11-08 21:00:00+00:00,40.96,2025-11-08,21,5
2025-11-08 22:00:00+00:00,41.02,2025-11-08,22,5
2025-11-08 23:00:00+00:00,41.69,2025-11-08,23,5
2025-11-09 00:00:00+00:00,42.27,2025-11-09,0,6
2025-11-09 01:00:00+00:00,42.42,2025-11-09,1,6
2025-11-09 02:00:00+00:00,43.09,2025-11-09,2,6
2025-11-09 03:00:00+00:00,43.18,2025-11-09,3,6
2025-11-09 04:00:00+00:00,43.45,2025-11-09,4,6
2025-11-09 05:00:00+00:00,43.41,2025-11-09,5,6
2025-11-09 06:00:00+00:00,43.39,2025-11-09,6,6
2025-11-09 07:00:00+00:00,43.41,2025-11-09,7,6
2025-11-09 08:00:00+00:00,43.59,2025-11-09,8,6
2025-11-09 09:00:00+00:00,43.86,2025-11-09,9,6
2025-11-09 10:00:00+00:00,44.06,2025-11-09,10,6
2025-11-09 11:00:00+00:00,43.94,2025-11-09,11,6
2025-11-09 12:00:00+00:00,43.81,2025-11-09,12,6
2025-11-09 13:00:00+00:00,43.84,2025-11-09,13,6
2025-11-09 14:00:00+00:00,43.75,2025-11-09,14,6
2025-11-09 15:00:00+00:00,43.67,2025-11-09,15,6
2025-11-09 16:00:00+00:00,43.68,2025-11-09,16,6
2025-11-09 17:00:00+00:00,44.01,2025-11-09,17,6
2025-11-09 18:00:00+00:00,44.47,2025-11-09,18,6
2025-11-09 19:00:00+00:00,45.03,2025-11-09,19,6
2025-11-09 20:00:00+00:00,45.75,2025-11-09,20,6
2025-11-09 21:00:00+00:00,46.41,2025-11-09,21,6
2025-11-09 22:00:00+00:00,47.17,2025-11-09,22,6
2025-11-09 23:00:00+00:00,47.34,2025-11-09,23,6
2025-11-10 00:00:00+00:00,47.12,2025-11-10,0,0
2025-11-10 01:00:00+00:00,47.18,2025-11-10,1,0
2025-11-10 02:00:00+00:00,47.16,2025-11-10,2,0
2025-11-10 03:00:00+00:00,47.14,2025-11-10,3,0
2025-11-10 04:00:00+00:00,47.05,2025-11-10,4,0
2025-11-10 05:00:00+00:00,46.51,2025-11-10,5,0
2025-11-10 06:00:00+00:00,45.86,2025-11-10,6,0
2025-11-10 07:00:00+00:00,49.69,2025-11-10,7,0
2025-11-10 08:00:00+00:00,56.19,2025-11-10,8,0
2025-11-10 09:00:00+00:00,55.65,2025-11-10,9,0
2025-11-10 10:00:00+00:00,45.05,2025-11-10,10,0
2025-11-10 11:00:00+00:00,41.61,2025-11-10,11,0
2025-11-10 12:00:00+00:00,40.51,2025-11-10,12,0
2025-11-10 13:00:00+00:00,43.01,2025-11-10,13,0
2025-11-10 14:00:00+00:00,43.55,2025-11-10,14,0
2025-11-10 15:00:00+00:00,46.18,2025-11-10,15,0
2025-11-10 16:00:00+00:00,47.55,2025-11-10,16,0
2025-11-10 17:00:00+00:00,49.36,2025-11-10,17,0
2025-11-10 18:00:00+00:00,55.69,2025-11-10,18,0
2025-11-10 19:00:00+00:00,55.69,2025-11-10,19,0
2025-11-10 20:00:00+00:00,53.64,2025-11-10,20,0
2025-11-10 21:00:00+00:00,52.78,2025-11-10,21,0
2025-11-10 22:00:00+00:00,52.47,2025-11-10,22,0
2025-11-10 23:00:00+00:00,52.02,2025-11-10,23,0
2025-11-11 00:00:00+00:00,51.21,2025-11-11,0,1
2025-11-11 01:00:00+00:00,51.08,2025-11-11,1,1
2025-11-11 02:00:00+00:00,49.94,2025-11-11,2,1
2025-11-11 03:00:00+00:00,49.55,2025-11-11,3,1
2025-11-11 04:00:00+00:00,48.62,2025-11-11,4,1
2025-11-11 05:00:00+00:00,47.6,2025-11-11,5,1
2025-11-11 06:00:00+00:00,46.88,2025-11-11,6,1
2025-11-11 07:00:00+00:00,50.77,2025-11-11,7,1
2025-11-11 08:00:00+00:00,57.23,2025-11-11,8,1
2025-11-11 09:00:00+00:00,57.74,2025-11-11,9,1
2025-11-11 10:00:00+00:00,52.47,2025-11-11,10,1
2025-11-11 11:00:00+00:00,54.64,2025-11-11,11,1
2025-11-11 12:00:00+00:00,53.17,2025-11-11,12,1
2025-11-11 13:00:00+00:00,50.89,2025-11-11,13,1
2025-11-11 14:00:00+00:00,50.12,2025-11-11,14,1
2025-11-11 15:00:00+00:00,51.53,2025-11-11,15,1
2025-11-11 16:00:00+00:00,51.65,2025-11-11,16,1
2025-11-11 17:00:00+00:00,51.54,2025-11-11,17,1
2025-11-11 18:00:00+00:00,51.15,2025-11-11,18,1
2025-11-11 19:00:00+00:00,50.95,2025-11-11,19,1
2025-11-11 20:00:00+00:00,51.21,2025-11-11,20,1
2025-11-11 21:00:00+00:00,52.02,2025-11-11,21,1
2025-11-11 22:00:00+00:00,52.2,2025-11-11,22,1
2025-11-11 23:00:00+00:00,52.26,2025-11-11,23,1
2025-11-12 00:00:00+00:00,52.12,2025-11-12,0,2
2025-11-12 01:00:00+00:00,52.18,2025-11-12,1,2
2025-11-12 02:00:00+00:00,52.02,2025-11-12,2,2
2025-11-12 03:00:00+00:00,51.89,2025-11-12,3,2
2025-11-12 04:00:00+00:00,51.95,2025-11-12,4,2
2025-11-12 05:00:00+00:00,51.86,2025-11-12,5,2
2025-11-12 06:00:00+00:00,51.73,2025-11-12,6,2
2025-11-12 07:00:00+00:00,53.95,2025-11-12,7,2
2025-11-12 08:00:00+00:00,57.55,2025-11-12,8,2
2025-11-12 09:00:00+00:00,55.86,2025-11-12,9,2
2025-11-12 10:00:00+00:00,54.93,2025-11-12,10,2
2025-11-12 11:00:00+00:00,59.28,2025-11-12,11,2
2025-11-12 12:00:00+00:00,58.87,2025-11-12,12,2
2025-11-12 13:00:00+00:00,58.92,2025-11-12,13,2
2025-11-12 14:00:00+00:00,59.09,2025-11-12,14,2
2025-11-12 15:00:00+00:00,62.16,2025-11-12,15,2
2025-11-12 16:00:00+00:00,62.58,2025-11-12,16,2
2025-11-12 17:00:00+00:00,62.82,2025-11-12,17,2
2025-11-12 18:00:00+00:00,64.05,2025-11-12,18,2
2025-11-12 19:00:00+00:00,66.02,2025-11-12,19,2
2025-11-12 20:00:00+00:00,66.83,2025-11-12,20,2
2025-11-12 21:00:00+00:00,67.01,2025-11-12,21,2
2025-11-12 22:00:00+00:00,66.48,2025-11-12,22,2
2025-11-12 23:00:00+00:00,65.18,2025-11-12,23,2
2025-11-13 00:00:00+00:00,63.92,2025-11-13,0,3
2025-11-13 01:00:00+00:00,63.37,2025-11-13,1,3
2025-11-13 02:00:00+00:00,62.76,2025-11-13,2,3
2025-11-13 03:00:00+00:00,62.37,2025-11-13,3,3
2025-11-13 04:00:00+00:00,62.05,2025-11-13,4,3
2025-11-13 05:00:00+00:00,61.54,2025-11-13,5,3
2025-11-13 06:00:00+00:00,61.52,2025-11-13,6,3
2025-11-13 07:00:00+00:00,63.35,2025-11-13,7,3
2025-11-13 08:00:00+00:00,63.68,2025-11-13,8,3
2025-11-13 09:00:00+00:00,62.17,2025-11-13,9,3
2025-11-13 10:00:00+00:00,63.69,2025-11-13,10,3
2025-11-13 11:00:00+00:00,64.07,2025-11-13,11,3
2025-11-13 12:00:00+00:00,63.45,2025-11-13,12,3
2025-11-13 13:00:00+00:00,62.43,2025-11-13,13,3
2025-11-13 14:00:00+00:00,62.44,2025-11-13,14,3
2025-11-13 15:00:00+00:00,64.86,2025-11-13,15,3
2025-11-13 16:00:00+00:00,67.01,2025-11-13,16,3
2025-11-13 17:00:00+00:00,67.75,2025-11-13,17,3
2025-11-13 18:00:00+00:00,68.07,2025-11-13,18,3
2025-11-13 19:00:00+00:00,67.95,2025-11-13,19,3
2025-11-13 20:00:00+00:00,69.38,2025-11-13,20,3
2025-11-13 21:00:00+00:00,70.44,2025-11-13,21,3
2025-11-13 22:00:00+00:00,70.28,2025-11-13,22,3
2025-11-13 23:00:00+00:00,69.87,2025-11-13,23,3
2025-11-14 00:00:00+00:00,69.11,2025-11-14,0,4
2025-11-14 01:00:00+00:00,68.5,2025-11-14,1,4
2025-11-14 02:00:00+00:00,68.17,2025-11-14,2,4
2025-11-14 03:00:00+00:00,68.19,2025-11-14,3,4
2025-11-14 04:00:00+00:00,68.11,2025-11-14,4,4
2025-11-14 05:00:00+00:00,67.69,2025-11-14,5,4
2025-11-14 06:00:00+00:00,67.54,2025-11-14,6,4
2025-11-14 07:00:00+00:00,69.08,2025-11-14,7,4
2025-11-14 08:00:00+00:00,69.73,2025-11-14,8,4
2025-11-14 09:00:00+00:00,66.49,2025-11-14,9,4
2025-11-14 10:00:00+00:00,58.84,2025-11-14,10,4
2025-11-14 11:00:00+00:00,56.64,2025-11-14,11,4
2025-11-14 12:00:00+00:00,52.58,2025-11-14,12,4
2025-11-14 13:00:00+00:00,51.4,2025-11-14,13,4
2025-11-14 14:00:00+00:00,50.16,2025-11-14,14,4
2025-11-14 15:00:00+00:00,49.12,2025-11-14,15,4
2025-11-14 16:00:00+00:00,48.72,2025-11-14,16,4
2025-11-14 17:00:00+00:00,49.2,2025-11-14,17,4
2025-11-14 18:00:00+00:00,49.94,2025-11-14,18,4
2025-11-14 19:00:00+00:00,50.68,2025-11-14,19,4
2025-11-14 20:00:00+00:00,51.39,2025-11-14,20,4
2025-11-14 21:00:00+00:00,50.77,2025-11-14,21,4
2025-11-14 22:00:00+00:00,50.4,2025-11-14,22,4
2025-11-14 23:00:00+00:00,50.02,2025-11-14,23,4
2025-11-15 00:00:00+00:00,50.12,2025-11-15,0,5
2025-11-15 01:00:00+00:00,50.42,2025-11-15,1,5
2025-11-15 02:00:00+00:00,50.67,2025-11-15,2,5
2025-11-15 03:00:00+00:00,51.13,2025-11-15,3,5
2025-11-15 04:00:00+00:00,51.47,2025-11-15,4,5
2025-11-15 05:00:00+00:00,51.62,2025-11-15,5,5
2025-11-15 06:00:00+00:00,51.69,2025-11-15,6,5
2025-11-15 07:00:00+00:00,51.69,2025-11-15,7,5
2025-11-15 08:00:00+00:00,51.77,2025-11-15,8,5
2025-11-15 09:00:00+00:00,51.79,2025-11-15,9,5
2025-11-15 10:00:00+00:00,51.74,2025-11-15,10,5
2025-11-15 11:00:00+00:00,51.79,2025-11-15,11,5
2025-11-15 12:00:00+00:00,51.94,2025-11-15,12,5
2025-11-15 13:00:00+00:00,51.95,2025-11-15,13,5
2025-11-15 14:00:00+00:00,51.87,2025-11-15,14,5
2025-11-15 15:00:00+00:00,51.98,2025-11-15,15,5
2025-11-15 16:00:00+00:00,52.14,2025-11-15,16,5
2025-11-15 17:00:00+00:00,52.5,2025-11-15,17,5
2025-11-15 18:00:00+00:00,53.01,2025-11-15,18,5
2025-11-15 19:00:00+00:00,53.33,2025-11-15,19,5
2025-11-15 20:00:00+00:00,53.9,2025-11-15,20,5
2025-11-15 21:00:00+00:00,54.68,2025-11-15,21,5
2025-11-15 22:00:00+00:00,55.26,2025-11-15,22,5
2025-11-15 23:00:00+00:00,55.59,2025-11-15,23,5
2025-11-16 00:00:00+00:00,56.07,2025-11-16,0,6
2025-11-16 01:00:00+00:00,56.59,2025-11-16,1,6
2025-11-16 02:00:00+00:00,57.24,2025-11-16,2,6
2025-11-16 03:00:00+00:00,57.26,2025-11-16,3,6
2025-11-16 04:00:00+00:00,57.5,2025-11-16,4,6
2025-11-16 05:00:00+00:00,57.44,2025-11-16,5,6
2025-11-16 06:00:00+00:00,57.15,2025-11-16,6,6
2025-11-16 07:00:00+00:00,56.82,2025-11-16,7,6
2025-11-16 08:00:00+00:00,56.52,2025-11-16,8,6
2025-11-16 09:00:00+00:00,55.36,2025-11-16,9,6
2025-11-16 10:00:00+00:00,52.08,2025-11-16,10,6
2025-11-16 11:00:00+00:00,50.76,2025-11-16,11,6
2025-11-16 12:00:00+00:00,50.69,2025-11-16,12,6
2025-11-16 13:00:00+00:00,50.51,2025-11-16,13,6
2025-11-16 14:00:00+00:00,50.2,2025-11-16,14,6
2025-11-16 15:00:00+00:00,49.95,2025-11-16,15,6
2025-11-16 16:00:00+00:00,49.33,2025-11-16,16,6
2025-11-16 17:00:00+00:00,49.32,2025-11-16,17,6
2025-11-16 18:00:00+00:00,49.72,2025-11-16,18,6
2025-11-16 19:00:00+00:00,50.08,2025-11-16,19,6
2025-11-16 20:00:00+00:00,50.34,2025-11-16,20,6
2025-11-16 21:00:00+00:00,50.92,2025-11-16,21,6
2025-11-16 22:00:00+00:00,51.16,2025-11-16,22,6
2025-11-16 23:00:00+00:00,51.24,2025-11-16,23,6
2025-11-17 00:00:00+00:00,51.46,2025-11-17,0,0
2025-11-17 01:00:00+00:00,51.57,2025-11-17,1,0
2025-11-17 02:00:00+00:00,51.76,2025-11-17,2,0
2025-11-17 03:00:00+00:00,51.98,2025-11-17,3,0
2025-11-17 04:00:00+00:00,52.27,2025-11-17,4,0
2025-11-17 05:00:00+00:00,52.29,2025-11-17,5,0
2025-11-17 06:00:00+00:00,52.44,2025-11-17,6,0
2025-11-17 07:00:00+00:00,55.25,2025-11-17,7,0
2025-11-17 08:00:00+00:00,56.36,2025-11-17,8,0
2025-11-17 09:00:00+00:00,55.57,2025-11-17,9,0
2025-11-17 10:00:00+00:00,54.35,2025-11-17,10,0
2025-11-17 11:00:00+00:00,55.06,2025-11-17,11,0
2025-11-17 12:00:00+00:00,51.88,2025-11-17,12,0
2025-11-17 13:00:00+00:00,48.98,2025-11-17,13,0
2025-11-17 14:00:00+00:00,50.03,2025-11-17,14,0
2025-11-17 15:00:00+00:00,54.83,2025-11-17,15,0
2025-11-17 16:00:00+00:00,58.25,2025-11-17,16,0
2025-11-17 17:00:00+00:00,55.93,2025-11-17,17,0
2025-11-17 18:00:00+00:00,58.54,2025-11-17,18,0
2025-11-17 19:00:00+00:00,61.53,2025-11-17,19,0
2025-11-17 20:00:00+00:00,60.97,2025-11-17,20,0
2025-11-17 21:00:00+00:00,59.41,2025-11-17,21,0
2025-11-17 22:00:00+00:00,58.16,2025-11-17,22,0
2025-11-17 23:00:00+00:00,57.08,2025-11-17,23,0
2025-11-18 00:00:00+00:00,56.08,2025-11-18,0,1
2025-11-18 01:00:00+00:00,55.47,2025-11-18,1,1
2025-11-18 02:00:00+00:00,54.78,2025-11-18,2,1
2025-11-18 03:00:00+00:00,54.27,2025-11-18,3,1
2025-11-18 04:00:00+00:00,53.29,2025-11-18,4,1
2025-11-18 05:00:00+00:00,52.85,2025-11-18,5,1
2025-11-18 06:00:00+00:00,52.19,2025-11-18,6,1
2025-11-18 07:00:00+00:00,53.86,2025-11-18,7,1
2025-11-18 08:00:00+00:00,55.2,2025-11-18,8,1
2025-11-18 09:00:00+00:00,52.43,2025-11-18,9,1
2025-11-18 10:00:00+00:00,50.07,2025-11-18,10,1
2025-11-18 11:00:00+00:00,50.35,2025-11-18,11,1
2025-11-18 12:00:00+00:00,45.85,2025-11-18,12,1
2025-11-18 13:00:00+00:00,46.18,2025-11-18,13,1
2025-11-18 14:00:00+00:00,47.8,2025-11-18,14,1
2025-11-18 15:00:00+00:00,51.06,2025-11-18,15,1
2025-11-18 16:00:00+00:00,52.12,2025-11-18,16,1
2025-11-18 17:00:00+00:00,52.52,2025-11-18,17,1
2025-11-18 18:00:00+00:00,53.63,2025-11-18,18,1
2025-11-18 19:00:00+00:00,52.67,2025-11-18,19,1
2025-11-18 20:00:00+00:00,52.08,2025-11-18,20,1
2025-11-18 21:00:00+00:00,53.0,2025-11-18,21,1
2025-11-18 22:00:00+00:00,53.38,2025-11-18,22,1
2025-11-18 23:00:00+00:00,53.23,2025-11-18,23,1
2025-11-19 00:00:00+00:00,53.03,2025-11-19,0,2
2025-11-19 01:00:00+00:00,52.9,2025-11-19,1,2
2025-11-19 02:00:00+00:00,52.72,2025-11-19,2,2
2025-11-19 03:00:00+00:00,52.7,2025-11-19,3,2
2025-11-19 04:00:00+00:00,52.42,2025-11-19,4,2
2025-11-19 05:00:00+00:00,52.07,2025-11-19,5,2
2025-11-19 06:00:00+00:00,50.95,2025-11-19,6,2
2025-11-19 07:00:00+00:00,53.43,2025-11-19,7,2
2025-11-19 08:00:00+00:00,58.09,2025-11-19,8,2
2025-11-19 09:00:00+00:00,54.9,2025-11-19,9,2
2025-11-19 10:00:00+00:00,49.3,2025-11-19,10,2
2025-11-19 11:00:00+00:00,51.58,2025-11-19,11,2
2025-11-19 12:00:00+00:00,48.39,2025-11-19,12,2
2025-11-19 13:00:00+00:00,43.91,2025-11-19,13,2
2025-11-19 14:00:00+00:00,43.66,2025-11-19,14,2
2025-11-19 15:00:00+00:00,45.59,2025-11-19,15,2
2025-11-19 16:00:00+00:00,46.28,2025-11-19,16,2
2025-11-19 17:00:00+00:00,45.99,2025-11-19,17,2
2025-11-19 18:00:00+00:00,49.19,2025-11-19,18,2
2025-11-19 19:00:00+00:00,49.41,2025-11-19,19,2
2025-11-19 20:00:00+00:00,49.43,2025-11-19,20,2
2025-11-19 21:00:00+00:00,48.68,2025-11-19,21,2
2025-11-19 22:00:00+00:00,47.31,2025-11-19,22,2
2025-11-19 23:00:00+00:00,46.34,2025-11-19,23,2
2025-11-20 00:00:00+00:00,45.97,2025-11-20,0,3
2025-11-20 01:00:00+00:00,45.15,2025-11-20,1,3
2025-11-20 02:00:00+00:00,44.26,2025-11-20,2,3
2025-11-20 03:00:00+00:00,43.82,2025-11-20,3,3
2025-11-20 04:00:00+00:00,43.22,2025-11-20,4,3
2025-11-20 05:00:00+00:00,41.97,2025-11-20,5,3
2025-11-20 06:00:00+00:00,41.7,2025-11-20,6,3
2025-11-20 07:00:00+00:00,44.08,2025-11-20,7,3
2025-11-20 08:00:00+00:00,47.05,2025-11-20,8,3
2025-11-20 09:00:00+00:00,42.78,2025-11-20,9,3
2025-11-20 10:00:00+00:00,43.09,2025-11-20,10,3
2025-11-20 11:00:00+00:00,37.02,2025-11-20,11,3
2025-11-20 12:00:00+00:00,38.72,2025-11-20,12,3
2025-11-20 13:00:00+00:00,39.59,2025-11-20,13,3
2025-11-20 14:00:00+00:00,38.88,2025-11-20,14,3
2025-11-20 15:00:00+00:00,40.76,2025-11-20,15,3
2025-11-20 16:00:00+00:00,44.59,2025-11-20,16,3
2025-11-20 17:00:00+00:00,41.55,2025-11-20,17,3
2025-11-20 18:00:00+00:00,44.05,2025-11-20,18,3
2025-11-20 19:00:00+00:00,45.9,2025-11-20,19,3
2025-11-20 20:00:00+00:00,43.28,2025-11-20,20,3
2025-11-20 21:00:00+00:00,42.23,2025-11-20,21,3
2025-11-20 22:00:00+00:00,41.22,2025-11-20,22,3
2025-11-20 23:00:00+00:00,39.71,2025-11-20,23,3
2025-11-21 00:00:00+00:00,40.15,2025-11-21,0,4
2025-11-21 01:00:00+00:00,39.21,2025-11-21,1,4
2025-11-21 02:00:00+00:00,38.29,2025-11-21,2,4
2025-11-21 03:00:00+00:00,38.25,2025-11-21,3,4
2025-11-21 04:00:00+00:00,38.06,2025-11-21,4,4
2025-11-21 05:00:00+00:00,37.19,2025-11-21,5,4
2025-11-21 06:00:00+00:00,36.73,2025-11-21,6,4
2025-11-21 07:00:00+00:00,41.71,2025-11-21,7,4
2025-11-21 08:00:00+00:00,48.36,2025-11-21,8,4
2025-11-21 09:00:00+00:00,40.31,2025-11-21,9,4
2025-11-21 10:00:00+00:00,32.41,2025-11-21,10,4
2025-11-21 11:00:00+00:00,32.0,2025-11-21,11,4
2025-11-21 12:00:00+00:00,32.16,2025-11-21,12,4
2025-11-21 13:00:00+00:00,30.91,2025-11-21,13,4
2025-11-21 14:00:00+00:00,29.84,2025-11-21,14,4
2025-11-21 15:00:00+00:00,29.12,2025-11-21,15,4
2025-11-21 16:00:00+00:00,28.59,2025-11-21,16,4
2025-11-21 17:00:00+00:00,27.69,2025-11-21,17,4
2025-11-21 18:00:00+00:00,27.2,2025-11-21,18,4
2025-11-21 19:00:00+00:00,27.06,2025-11-21,19,4
2025-11-21 20:00:00+00:00,27.67,2025-11-21,20,4
2025-11-21 21:00:00+00:00,27.84,2025-11-21,21,4
2025-11-21 22:00:00+00:00,28.12,2025-11-21,22,4
2025-11-21 23:00:00+00:00,28.2,2025-11-21,23,4
2025-11-22 00:00:00+00:00,28.24,2025-11-22,0,5
2025-11-22 01:00:00+00:00,28.51,2025-11-22,1,5
2025-11-22 02:00:00+00:00,29.05,2025-11-22,2,5
2025-11-22 03:00:00+00:00,30.09,2025-11-22,3,5
2025-11-22 04:00:00+00:00,30.78,2025-11-22,4,5
2025-11-22 05:00:00+00:00,30.89,2025-11-22,5,5
2025-11-22 06:00:00+00:00,31.07,2025-11-22,6,5
2025-11-22 07:00:00+00:00,31.9,2025-11-22,7,5
2025-11-22 08:00:00+00:00,32.03,2025-11-22,8,5
2025-11-22 09:00:00+00:00,32.27,2025-11-22,9,5
2025-11-22 10:00:00+00:00,32.45,2025-11-22,10,5
2025-11-22 11:00:00+00:00,32.08,2025-11-22,11,5
2025-11-22 12:00:00+00:00,31.58,2025-11-22,12,5
2025-11-22 13:00:00+00:00,31.66,2025-11-22,13,5
2025-11-22 14:00:00+00:00,31.63,2025-11-22,14,5
2025-11-22 15:00:00+00:00,31.55,2025-11-22,15,5
2025-11-22 16:00:00+00:00,32.17,2025-11-22,16,5
2025-11-22 17:00:00+00:00,32.74,2025-11-22,17,5
2025-11-22 18:00:00+00:00,33.44,2025-11-22,18,5
2025-11-22 19:00:00+00:00,34.01,2025-11-22,19,5
2025-11-22 20:00:00+00:00,34.65,2025-11-22,20,5
2025-11-22 21:00:00+00:00,35.12,2025-11-22,21,5
2025-11-22 22:00:00+00:00,35.73,2025-11-22,22,5
2025-11-22 23:00:00+00:00,35.98,2025-11-22,23,5
2025-11-23 00:00:00+00:00,36.09,2025-11-23,0,6
2025-11-23 01:00:00+00:00,36.23,2025-11-23,1,6
2025-11-23 02:00:00+00:00,36.43,2025-11-23,2,6
2025-11-23 03:00:00+00:00,36.94,2025-11-23,3,6
2025-11-23 04:00:00+00:00,36.99,2025-11-23,4,6
2025-11-23 05:00:00+00:00,36.97,2025-11-23,5,6
2025-11-23 06:00:00+00:00,37.31,2025-11-23,6,6
2025-11-23 07:00:00+00:00,37.55,2025-11-23,7,6
2025-11-23 08:00:00+00:00,37.71,2025-11-23,8,6
2025-11-23 09:00:00+00:00,37.89,2025-11-23,9,6
2025-11-23 10:00:00+00:00,38.19,2025-11-23,10,6
2025-11-23 11:00:00+00:00,38.73,2025-11-23,11,6
2025-11-23 12:00:00+00:00,41.37,2025-11-23,12,6
2025-11-23 13:00:00+00:00,41.64,2025-11-23,13,6
2025-11-23 14:00:00+00:00,41.65,2025-11-23,14,6
2025-11-23 15:00:00+00:00,41.85,2025-11-23,15,6
2025-11-23 16:00:00+00:00,43.25,2025-11-23,16,6
2025-11-23 17:00:00+00:00,43.16,2025-11-23,17,6
2025-11-23 18:00:00+00:00,42.56,2025-11-23,18,6
2025-11-23 19:00:00+00:00,42.14,2025-11-23,19,6
2025-11-23 20:00:00+00:00,42.12,2025-11-23,20,6
2025-11-23 21:00:00+00:00,42.35,2025-11-23,21,6
2025-11-23 22:00:00+00:00,42.52,2025-11-23,22,6
2025-11-23 23:00:00+00:00,43.24,2025-11-23,23,6
2025-11-24 00:00:00+00:00,43.95,2025-11-24,0,0
2025-11-24 01:00:00+00:00,45.14,2025-11-24,1,0
2025-11-24 02:00:00+00:00,46.39,2025-11-24,2,0
2025-11-24 03:00:00+00:00,46.54,2025-11-24,3,0
2025-11-24 04:00:00+00:00,47.44,2025-11-24,4,0
2025-11-24 05:00:00+00:00,48.91,2025-11-24,5,0
2025-11-24 06:00:00+00:00,49.55,2025-11-24,6,0
2025-11-24 07:00:00+00:00,53.0,2025-11-24,7,0
2025-11-24 08:00:00+00:00,55.09,2025-11-24,8,0
2025-11-24 09:00:00+00:00,52.64,2025-11-24,9,0
2025-11-24 10:00:00+00:00,51.63,2025-11-24,10,0
2025-11-24 11:00:00+00:00,49.91,2025-11-24,11,0
2025-11-24 12:00:00+00:00,50.79,2025-11-24,12,0
2025-11-24 13:00:00+00:00,50.83,2025-11-24,13,0
2025-11-24 14:00:00+00:00,51.73,2025-11-24,14,0
2025-11-24 15:00:00+00:00,55.12,2025-11-24,15,0
2025-11-24 16:00:00+00:00,55.97,2025-11-24,16,0
2025-11-24 17:00:00+00:00,55.36,2025-11-24,17,0
2025-11-24 18:00:00+00:00,57.42,2025-11-24,18,0
2025-11-24 19:00:00+00:00,59.08,2025-11-24,19,0
2025-11-24 20:00:00+00:00,58.15,2025-11-24,20,0
2025-11-24 21:00:00+00:00,57.05,2025-11-24,21,0
2025-11-24 22:00:00+00:00,56.55,2025-11-24,22,0
2025-11-24 23:00:00+00:00,56.5,2025-11-24,23,0
2025-11-25 00:00:00+00:00,56.48,2025-11-25,0,1
2025-11-25 01:00:00+00:00,56.26,2025-11-25,1,1
2025-11-25 02:00:00+00:00,55.72,2025-11-25,2,1
2025-11-25 03:00:00+00:00,55.59,2025-11-25,3,1
2025-11-25 04:00:00+00:00,53.95,2025-11-25,4,1
2025-11-25 05:00:00+00:00,49.94,2025-11-25,5,1
2025-11-25 06:00:00+00:00,47.04,2025-11-25,6,1
2025-11-25 07:00:00+00:00,48.97,2025-11-25,7,1
2025-11-25 08:00:00+00:00,52.46,2025-11-25,8,1
2025-11-25 09:00:00+00:00,39.69,2025-11-25,9,1
2025-11-25 10:00:00+00:00,35.3,2025-11-25,10,1
2025-11-25 11:00:00+00:00,35.71,2025-11-25,11,1
2025-11-25 12:00:00+00:00,35.61,2025-11-25,12,1
2025-11-25 13:00:00+00:00,33.97,2025-11-25,13,1
2025-11-25 14:00:00+00:00,33.46,2025-11-25,14,1
2025-11-25 15:00:00+00:00,38.01,2025-11-25,15,1
2025-11-25 16:00:00+00:00,42.47,2025-11-25,16,1
2025-11-25 17:00:00+00:00,42.69,2025-11-25,17,1
2025-11-25 18:00:00+00:00,41.13,2025-11-25,18,1
2025-11-25 19:00:00+00:00,36.82,2025-11-25,19,1
2025-11-25 20:00:00+00:00,36.33,2025-11-25,20,1
2025-11-25 21:00:00+00:00,36.35,2025-11-25,21,1
2025-11-25 22:00:00+00:00,35.62,2025-11-25,22,1
2025-11-25 23:00:00+00:00,35.52,2025-11-25,23,1
2025-11-26 00:00:00+00:00,36.42,2025-11-26,0,2
2025-11-26 01:00:00+00:00,36.69,2025-11-26,1,2
2025-11-26 02:00:00+00:00,35.9,2025-11-26,2,2
2025-11-26 03:00:00+00:00,35.82,2025-11-26,3,2
2025-11-26 04:00:00+00:00,35.74,2025-11-26,4,2
2025-11-26 05:00:00+00:00,35.42,2025-11-26,5,2
2025-11-26 06:00:00+00:00,34.72,2025-11-26,6,2
2025-11-26 07:00:00+00:00,36.82,2025-11-26,7,2
2025-11-26 08:00:00+00:00,40.9,2025-11-26,8,2
2025-11-26 09:00:00+00:00,40.92,2025-11-26,9,2
2025-11-26 10:00:00+00:00,36.75,2025-11-26,10,2
2025-11-26 11:00:00+00:00,36.43,2025-11-26,11,2
2025-11-26 12:00:00+00:00,33.62,2025-11-26,12,2
2025-11-26 13:00:00+00:00,28.43,2025-11-26,13,2
2025-11-26 14:00:00+00:00,29.11,2025-11-26,14,2
2025-11-26 15:00:00+00:00,32.91,2025-11-26,15,2
2025-11-26 16:00:00+00:00,35.09,2025-11-26,16,2
2025-11-26 17:00:00+00:00,34.82,2025-11-26,17,2
2025-11-26 18:00:00+00:00,38.61,2025-11-26,18,2
2025-11-26 19:00:00+00:00,38.84,2025-11-26,19,2
2025-11-26 20:00:00+00:00,36.0,2025-11-26,20,2
2025-11-26 21:00:00+00:00,35.66,2025-11-26,21,2
2025-11-26 22:00:00+00:00,34.93,2025-11-26,22,2
2025-11-26 23:00:00+00:00,34.62,2025-11-26,23,2
2025-11-27 00:00:00+00:00,34.62,2025-11-27,0,3
2025-11-27 01:00:00+00:00,34.12,2025-11-27,1,3
2025-11-27 02:00:00+00:00,34.13,2025-11-27,2,3
2025-11-27 03:00:00+00:00,33.95,2025-11-27,3,3
2025-11-27 04:00:00+00:00,34.18,2025-11-27,4,3
2025-11-27 05:00:00+00:00,34.43,2025-11-27,5,3
2025-11-27 06:00:00+00:00,33.24,2025-11-27,6,3
2025-11-27 07:00:00+00:00,36.42,2025-11-27,7,3
2025-11-27 08:00:00+00:00,43.77,2025-11-27,8,3
2025-11-27 09:00:00+00:00,38.82,2025-11-27,9,3
2025-11-27 10:00:00+00:00,37.33,2025-11-27,10,3
2025-11-27 11:00:00+00:00,38.73,2025-11-27,11,3
2025-11-27 12:00:00+00:00,41.12,2025-11-27,12,3
2025-11-27 13:00:00+00:00,42.12,2025-11-27,13,3
2025-11-27 14:00:00+00:00,32.06,2025-11-27,14,3
2025-11-27 15:00:00+00:00,34.99,2025-11-27,15,3
2025-11-27 16:00:00+00:00,40.08,2025-11-27,16,3
2025-11-27 17:00:00+00:00,40.51,2025-11-27,17,3
2025-11-27 18:00:00+00:00,40.93,2025-11-27,18,3
2025-11-27 19:00:00+00:00,41.23,2025-11-27,19,3
2025-11-27 20:00:00+00:00,37.45,2025-11-27,20,3
2025-11-27 21:00:00+00:00,36.48,2025-11-27,21,3
2025-11-27 22:00:00+00:00,35.7,2025-11-27,22,3
2025-11-27 23:00:00+00:00,35.43,2025-11-27,23,3
2025-11-28 00:00:00+00:00,35.11,2025-11-28,0,4
2025-11-28 01:00:00+00:00,35.03,2025-11-28,1,4
2025-11-28 02:00:00+00:00,35.03,2025-11-28,2,4
2025-11-28 03:00:00+00:00,35.18,2025-11-28,3,4
2025-11-28 04:00:00+00:00,35.43,2025-11-28,4,4
2025-11-28 05:00:00+00:00,35.66,2025-11-28,5,4
2025-11-28 06:00:00+00:00,35.51,2025-11-28,6,4
2025-11-28 07:00:00+00:00,39.8,2025-11-28,7,4
2025-11-28 08:00:00+00:00,43.51,2025-11-28,8,4
2025-11-28 09:00:00+00:00,40.49,2025-11-28,9,4
2025-11-28 10:00:00+00:00,38.19,2025-11-28,10,4
2025-11-28 11:00:00+00:00,39.72,2025-11-28,11,4
2025-11-28 12:00:00+00:00,39.96,2025-11-28,12,4
2025-11-28 13:00:00+00:00,39.06,2025-11-28,13,4
2025-11-28 14:00:00+00:00,38.42,2025-11-28,14,4
2025-11-28 15:00:00+00:00,38.27,2025-11-28,15,4
2025-11-28 16:00:00+00:00,39.45,2025-11-28,16,4
2025-11-28 17:00:00+00:00,41.08,2025-11-28,17,4
2025-11-28 18:00:00+00:00,41.67,2025-11-28,18,4
2025-11-28 19:00:00+00:00,42.2,2025-11-28,19,4
2025-11-28 20:00:00+00:00,42.4,2025-11-28,20,4
2025-11-28 21:00:00+00:00,42.86,2025-11-28,21,4
2025-11-28 22:00:00+00:00,42.78,2025-11-28,22,4
2025-11-28 23:00:00+00:00,42.56,2025-11-28,23,4
2025-11-29 00:00:00+00:00,42.32,2025-11-29,0,5
2025-11-29 01:00:00+00:00,42.29,2025-11-29,1,5
2025-11-29 02:00:00+00:00,41.78,2025-11-29,2,5
2025-11-29 03:00:00+00:00,41.59,2025-11-29,3,5
2025-11-29 04:00:00+00:00,41.53,2025-11-29,4,5
2025-11-29 05:00:00+00:00,41.47,2025-11-29,5,5
2025-11-29 06:00:00+00:00,41.39,2025-11-29,6,5
2025-11-29 07:00:00+00:00,41.36,2025-11-29,7,5
2025-11-29 08:00:00+00:00,41.29,2025-11-29,8,5
2025-11-29 09:00:00+00:00,41.92,2025-11-29,9,5
2025-11-29 10:00:00+00:00,42.38,2025-11-29,10,5
2025-11-29 11:00:00+00:00,42.74,2025-11-29,11,5
2025-11-29 12:00:00+00:00,43.02,2025-11-29,12,5
2025-11-29 13:00:00+00:00,43.15,2025-11-29,13,5
2025-11-29 14:00:00+00:00,42.96,2025-11-29,14,5
2025-11-29 15:00:00+00:00,42.28,2025-11-29,15,5
2025-11-29 16:00:00+00:00,42.46,2025-11-29,16,5
2025-11-29 17:00:00+00:00,42.81,2025-11-29,17,5
2025-11-29 18:00:00+00:00,44.05,2025-11-29,18,5
2025-11-29 19:00:00+00:00,45.25,2025-11-29,19,5
2025-11-29 20:00:00+00:00,46.13,2025-11-29,20,5
2025-11-29 21:00:00+00:00,46.23,2025-11-29,21,5
2025-11-29 22:00:00+00:00,45.69,2025-11-29,22,5
2025-11-29 23:00:00+00:00,45.17,2025-11-29,23,5
2025-11-30 00:00:00+00:00,45.14,2025-11-30,0,6
2025-11-30 01:00:00+00:00,44.98,2025-11-30,1,6
2025-11-30 02:00:00+00:00,44.98,2025-11-30,2,6
2025-11-30 03:00:00+00:00,44.9,2025-11-30,3,6
2025-11-30 04:00:00+00:00,44.8,2025-11-30,4,6
2025-11-30 05:00:00+00:00,44.99,2025-11-30,5,6
2025-11-30 06:00:00+00:00,45.13,2025-11-30,6,6
2025-11-30 07:00:00+00:00,45.1,2025-11-30,7,6
2025-11-30 08:00:00+00:00,45.33,2025-11-30,8,6
2025-11-30 09:00:00+00:00,45.53,2025-11-30,9,6
2025-11-30 10:00:00+00:00,45.49,2025-11-30,10,6
2025-11-30 11:00:00+00:00,45.66,2025-11-30,11,6
2025-11-30 12:00:00+00:00,46.23,2025-11-30,12,6
2025-11-30 13:00:00+00:00,46.46,2025-11-30,13,6
2025-11-30 14:00:00+00:00,46.54,2025-11-30,14,6
2025-11-30 15:00:00+00:00,46.93,2025-11-30,15,6
2025-11-30 16:00:00+00:00,47.6,2025-11-30,16,6
2025-11-30 17:00:00+00:00,48.33,2025-11-30,17,6
2025-11-30 18:00:00+00:00,48.88,2025-11-30,18,6
2025-11-30 19:00:00+00:00,49.1,2025-11-30,19,6
2025-11-30 20:00:00+00:00,48.75,2025-11-30,20,6
2025-11-30 21:00:00+00:00,48.51,2025-11-30,21,6
2025-11-30 22:00:00+00:00,49.07,2025-11-30,22,6
2025-11-30 23:00:00+00:00,49.48,2025-11-30,23,6
2025-12-01 00:00:00+00:00,49.75,2025-12-01,0,0
2025-12-01 01:00:00+00:00,49.78,2025-12-01,1,0
2025-12-01 02:00:00+00:00,49.56,2025-12-01,2,0
2025-12-01 03:00:00+00:00,49.6,2025-12-01,3,0
2025-12-01 04:00:00+00:00,49.88,2025-12-01,4,0
2025-12-01 05:00:00+00:00,50.47,2025-12-01,5,0
2025-12-01 06:00:00+00:00,51.77,2025-12-01,6,0
2025-12-01 07:00:00+00:00,55.82,2025-12-01,7,0
2025-12-01 08:00:00+00:00,61.33,2025-12-01,8,0
2025-12-01 09:00:00+00:00,59.28,2025-12-01,9,0
2025-12-01 10:00:00+00:00,58.47,2025-12-01,10,0
2025-12-01 11:00:00+00:00,55.8,2025-12-01,11,0
2025-12-01 12:00:00+00:00,52.6,2025-12-01,12,0
2025-12-01 13:00:00+00:00,52.46,2025-12-01,13,0
2025-12-01 14:00:00+00:00,52.39,2025-12-01,14,0
2025-12-01 15:00:00+00:00,56.12,2025-12-01,15,0
2025-12-01 16:00:00+00:00,59.92,2025-12-01,16,0
2025-12-01 17:00:00+00:00,57.9,2025-12-01,17,0
2025-12-01 18:00:00+00:00,57.81,2025-12-01,18,0
2025-12-01 19:00:00+00:00,59.66,2025-12-01,19,0
2025-12-01 20:00:00+00:00,58.86,2025-12-01,20,0
2025-12-01 21:00:00+00:00,58.38,2025-12-01,21,0
2025-12-01 22:00:00+00:00,56.99,2025-12-01,22,0
2025-12-01 23:00:00+00:00,56.06,2025-12-01,23,0
2025-12-02 00:00:00+00:00,55.14,2025-12-02,0,1
2025-12-02 01:00:00+00:00,54.43,2025-12-02,1,1
2025-12-02 02:00:00+00:00,53.63,2025-12-02,2,1
2025-12-02 03:00:00+00:00,53.03,2025-12-02,3,1
2025-12-02 04:00:00+00:00,52.63,2025-12-02,4,1
2025-12-02 05:00:00+00:00,51.64,2025-12-02,5,1
2025-12-02 06:00:00+00:00,50.61,2025-12-02,6,1
2025-12-02 07:00:00+00:00,52.51,2025-12-02,7,1
2025-12-02 08:00:00+00:00,51.1,2025-12-02,8,1
2025-12-02 09:00:00+00:00,50.46,2025-12-02,9,1
2025-12-02 10:00:00+00:00,46.84,2025-12-02,10,1
2025-12-02 11:00:00+00:00,47.52,2025-12-02,11,1
2025-12-02 12:00:00+00:00,43.44,2025-12-02,12,1
2025-12-02 13:00:00+00:00,42.11,2025-12-02,13,1
2025-12-02 14:00:00+00:00,42.38,2025-12-02,14,1
2025-12-02 15:00:00+00:00,45.33,2025-12-02,15,1
2025-12-02 16:00:00+00:00,46.07,2025-12-02,16,1
2025-12-02 17:00:00+00:00,45.35,2025-12-02,17,1
2025-12-02 18:00:00+00:00,45.85,2025-12-02,18,1
2025-12-02 19:00:00+00:00,49.12,2025-12-02,19,1
2025-12-02 20:00:00+00:00,48.83,2025-12-02,20,1
2025-12-02 21:00:00+00:00,48.65,2025-12-02,21,1
2025-12-02 22:00:00+00:00,47.91,2025-12-02,22,1
2025-12-02 23:00:00+00:00,47.05,2025-12-02,23,1
2025-12-03 00:00:00+00:00,46.12,2025-12-03,0,2
2025-12-03 01:00:00+00:00,45.35,2025-12-03,1,2
2025-12-03 02:00:00+00:00,45.23,2025-12-03,2,2
2025-12-03 03:00:00+00:00,45.33,2025-12-03,3,2
2025-12-03 04:00:00+00:00,45.0,2025-12-03,4,2
2025-12-03 05:00:00+00:00,44.87,2025-12-03,5,2
2025-12-03 06:00:00+00:00,43.83,2025-12-03,6,2
2025-12-03 07:00:00+00:00,46.04,2025-12-03,7,2
2025-12-03 08:00:00+00:00,47.67,2025-12-03,8,2
2025-12-03 09:00:00+00:00,42.33,2025-12-03,9,2
2025-12-03 10:00:00+00:00,38.79,2025-12-03,10,2
2025-12-03 11:00:00+00:00,40.31,2025-12-03,11,2
2025-12-03 12:00:00+00:00,43.04,2025-12-03,12,2
2025-12-03 13:00:00+00:00,38.0,2025-12-03,13,2
2025-12-03 14:00:00+00:00,36.76,2025-12-03,14,2
2025-12-03 15:00:00+00:00,38.14,2025-12-03,15,2
2025-12-03 16:00:00+00:00,39.1,2025-12-03,16,2
2025-12-03 17:00:00+00:00,40.55,2025-12-03,17,2
2025-12-03 18:00:00+00:00,44.04,2025-12-03,18,2
2025-12-03 19:00:00+00:00,45.6,2025-12-03,19,2
2025-12-03 20:00:00+00:00,45.98,2025-12-03,20,2
2025-12-03 21:00:00+00:00,45.87,2025-12-03,21,2
2025-12-03 22:00:00+00:00,44.16,2025-12-03,22,2
2025-12-03 23:00:00+00:00,43.46,2025-12-03,23,2
2025-12-04 00:00:00+00:00,43.35,2025-12-04,0,3
2025-12-04 01:00:00+00:00,43.06,2025-12-04,1,3
2025-12-04 02:00:00+00:00,42.74,2025-12-04,2,3
2025-12-04 03:00:00+00:00,42.54,2025-12-04,3,3
2025-12-04 04:00:00+00:00,42.42,2025-12-04,4,3
2025-12-04 05:00:00+00:00,41.3,2025-12-04,5,3
2025-12-04 06:00:00+00:00,40.92,2025-12-04,6,3
2025-12-04 07:00:00+00:00,41.4,2025-12-04,7,3
2025-12-04 08:00:00+00:00,42.53,2025-12-04,8,3
2025-12-04 09:00:00+00:00,43.29,2025-12-04,9,3
2025-12-04 10:00:00+00:00,44.35,2025-12-04,10,3
2025-12-04 11:00:00+00:00,45.18,2025-12-04,11,3
2025-12-04 12:00:00+00:00,46.25,2025-12-04,12,3
2025-12-04 13:00:00+00:00,46.93,2025-12-04,13,3
2025-12-04 14:00:00+00:00,46.71,2025-12-04,14,3
2025-12-04 15:00:00+00:00,48.96,2025-12-04,15,3
2025-12-04 16:00:00+00:00,51.37,2025-12-04,16,3
2025-12-04 17:00:00+00:00,52.16,2025-12-04,17,3
2025-12-04 18:00:00+00:00,53.47,2025-12-04,18,3
2025-12-04 19:00:00+00:00,54.24,2025-12-04,19,3
2025-12-04 20:00:00+00:00,53.08,2025-12-04,20,3
2025-12-04 21:00:00+00:00,51.13,2025-12-04,21,3
2025-12-04 22:00:00+00:00,49.77,2025-12-04,22,3
2025-12-04 23:00:00+00:00,48.49,2025-12-04,23,3
2025-12-05 00:00:00+00:00,47.7,2025-12-05,0,4
2025-12-05 01:00:00+00:00,46.66,2025-12-05,1,4
2025-12-05 02:00:00+00:00,45.93,2025-12-05,2,4
2025-12-05 03:00:00+00:00,45.22,2025-12-05,3,4
2025-12-05 04:00:00+00:00,44.44,2025-12-05,4,4
2025-12-05 05:00:00+00:00,43.99,2025-12-05,5,4
2025-12-05 06:00:00+00:00,43.39,2025-12-05,6,4
2025-12-05 07:00:00+00:00,45.99,2025-12-05,7,4
2025-12-05 08:00:00+00:00,52.22,2025-12-05,8,4
2025-12-05 09:00:00+00:00,54.01,2025-12-05,9,4
2025-12-05 10:00:00+00:00,52.72,2025-12-05,10,4
2025-12-05 11:00:00+00:00,46.63,2025-12-05,11,4
2025-12-05 12:00:00+00:00,46.72,2025-12-05,12,4
2025-12-05 13:00:00+00:00,41.95,2025-12-05,13,4
2025-12-05 14:00:00+00:00,42.56,2025-12-05,14,4
2025-12-05 15:00:00+00:00,42.78,2025-12-05,15,4
2025-12-05 16:00:00+00:00,43.18,2025-12-05,16,4
2025-12-05 17:00:00+00:00,43.45,2025-12-05,17,4
2025-12-05 18:00:00+00:00,44.24,2025-12-05,18,4
2025-12-05 19:00:00+00:00,45.05,2025-12-05,19,4
2025-12-05 20:00:00+00:00,46.46,2025-12-05,20,4
2025-12-05 21:00:00+00:00,47.19,2025-12-05,21,4
2025-12-05 22:00:00+00:00,47.45,2025-12-05,22,4
2025-12-05 23:00:00+00:00,47.96,2025-12-05,23,4
2025-12-06 00:00:00+00:00,49.1,2025-12-06,0,5
2025-12-06 01:00:00+00:00,49.38,2025-12-06,1,5
2025-12-06 02:00:00+00:00,49.9,2025-12-06,2,5
2025-12-06 03:00:00+00:00,50.22,2025-12-06,3,5
2025-12-06 04:00:00+00:00,50.63,2025-12-06,4,5
2025-12-06 05:00:00+00:00,51.36,2025-12-06,5,5
2025-12-06 06:00:00+00:00,51.9,2025-12-06,6,5
2025-12-06 07:00:00+00:00,52.35,2025-12-06,7,5
2025-12-06 08:00:00+00:00,52.52,2025-12-06,8,5
2025-12-06 09:00:00+00:00,53.16,2025-12-06,9,5
2025-12-06 10:00:00+00:00,53.53,2025-12-06,10,5
2025-12-06 11:00:00+00:00,53.0,2025-12-06,11,5
2025-12-06 12:00:00+00:00,52.52,2025-12-06,12,5
2025-12-06 13:00:00+00:00,52.2,2025-12-06,13,5
2025-12-06 14:00:00+00:00,52.44,2025-12-06,14,5
2025-12-06 15:00:00+00:00,52.72,2025-12-06,15,5
2025-12-06 16:00:00+00:00,52.84,2025-12-06,16,5
2025-12-06 17:00:00+00:00,52.69,2025-12-06,17,5
2025-12-06 18:00:00+00:00,52.92,2025-12-06,18,5
2025-12-06 19:00:00+00:00,53.06,2025-12-06,19,5
2025-12-06 20:00:00+00:00,53.32,2025-12-06,20,5
2025-12-06 21:00:00+00:00,53.59,2025-12-06,21,5
2025-12-06 22:00:00+00:00,53.97,2025-12-06,22,5
2025-12-06 23:00:00+00:00,54.48,2025-12-06,23,5
2025-12-07 00:00:00+00:00,54.58,2025-12-07,0,6
2025-12-07 01:00:00+00:00,54.9,2025-12-07,1,6
2025-12-07 02:00:00+00:00,55.11,2025-12-07,2,6
2025-12-07 03:00:00+00:00,55.53,2025-12-07,3,6
2025-12-07 04:00:00+00:00,55.6,2025-12-07,4,6
2025-12-07 05:00:00+00:00,56.06,2025-12-07,5,6
2025-12-07 06:00:00+00:00,56.0,2025-12-07,6,6
2025-12-07 07:00:00+00:00,55.7,2025-12-07,7,6
2025-12-07 08:00:00+00:00,55.38,2025-12-07,8,6
2025-12-07 09:00:00+00:00,55.42,2025-12-07,9,6
2025-12-07 10:00:00+00:00,55.52,2025-12-07,10,6
2025-12-07 11:00:00+00:00,55.21,2025-12-07,11,6
2025-12-07 12:00:00+00:00,54.95,2025-12-07,12,6
2025-12-07 13:00:00+00:00,54.68,2025-12-07,13,6
2025-12-07 14:00:00+00:00,54.5,2025-12-07,14,6
2025-12-07 15:00:00+00:00,54.64,2025-12-07,15,6
2025-12-07 16:00:00+00:00,54.36,2025-12-07,16,6
2025-12-07 17:00:00+00:00,54.49,2025-12-07,17,6
2025-12-07 18:00:00+00:00,54.66,2025-12-07,18,6
2025-12-07 19:00:00+00:00,54.64,2025-12-07,19,6
2025-12-07 20:00:00+00:00,54.54,2025-12-07,20,6
2025-12-07 21:00:00+00:00,54.43,2025-12-07,21,6
2025-12-07 22:00:00+00:00,54.23,2025-12-07,22,6
2025-12-07 23:00:00+00:00,53.95,2025-12-07,23,6
2025-12-08 00:00:00+00:00,53.73,2025-12-08,0,0
2025-12-08 01:00:00+00:00,53.5,2025-12-08,1,0
2025-12-08 02:00:00+00:00,53.12,2025-12-08,2,0
2025-12-08 03:00:00+00:00,52.96,2025-12-08,3,0
2025-12-08 04:00:00+00:00,52.64,2025-12-08,4,0
2025-12-08 05:00:00+00:00,52.25,2025-12-08,5,0
2025-12-08 06:00:00+00:00,51.59,2025-12-08,6,0
2025-12-08 07:00:00+00:00,51.3,2025-12-08,7,0
2025-12-08 08:00:00+00:00,51.21,2025-12-08,8,0
2025-12-08 09:00:00+00:00,51.28,2025-12-08,9,0
2025-12-08 10:00:00+00:00,51.34,2025-12-08,10,0
2025-12-08 11:00:00+00:00,51.28,2025-12-08,11,0
2025-12-08 12:00:00+00:00,51.26,2025-12-08,12,0
2025-12-08 13:00:00+00:00,51.4,2025-12-08,13,0
2025-12-08 14:00:00+00:00,51.47,2025-12-08,14,0
2025-12-08 15:00:00+00:00,51.6,2025-12-08,15,0
2025-12-08 16:00:00+00:00,51.85,2025-12-08,16,0
2025-12-08 17:00:00+00:00,52.27,2025-12-08,17,0
2025-12-08 18:00:00+00:00,52.76,2025-12-08,18,0
2025-12-08 19:00:00+00:00,53.31,2025-12-08,19,0
2025-12-08 20:00:00+00:00,53.77,2025-12-08,20,0
2025-12-08 21:00:00+00:00,54.27,2025-12-08,21,0
2025-12-08 22:00:00+00:00,54.77,2025-12-08,22,0
2025-12-08 23:00:00+00:00,54.84,2025-12-08,23,0
2025-12-09 00:00:00+00:00,54.68,2025-12-09,0,1
2025-12-09 01:00:00+00:00,54.17,2025-12-09,1,1
2025-12-09 02:00:00+00:00,53.55,2025-12-09,2,1
2025-12-09 03:00:00+00:00,52.68,2025-12-09,3,1
2025-12-09 04:00:00+00:00,52.18,2025-12-09,4,1
2025-12-09 05:00:00+00:00,51.34,2025-12-09,5,1
2025-12-09 06:00:00+00:00,49.5,2025-12-09,6,1
2025-12-09 07:00:00+00:00,50.71,2025-12-09,7,1
2025-12-09 08:00:00+00:00,58.94,2025-12-09,8,1
2025-12-09 09:00:00+00:00,51.73,2025-12-09,9,1
2025-12-09 10:00:00+00:00,48.98,2025-12-09,10,1
2025-12-09 11:00:00+00:00,51.93,2025-12-09,11,1
2025-12-09 12:00:00+00:00,49.37,2025-12-09,12,1
2025-12-09 13:00:00+00:00,50.89,2025-12-09,13,1
2025-12-09 14:00:00+00:00,52.14,2025-12-09,14,1
2025-12-09 15:00:00+00:00,55.09,2025-12-09,15,1
2025-12-09 16:00:00+00:00,58.58,2025-12-09,16,1
2025-12-09 17:00:00+00:00,58.44,2025-12-09,17,1
2025-12-09 18:00:00+00:00,60.27,2025-12-09,18,1
2025-12-09 19:00:00+00:00,60.91,2025-12-09,19,1
2025-12-09 20:00:00+00:00,58.59,2025-12-09,20,1
2025-12-09 21:00:00+00:00,58.16,2025-12-09,21,1
2025-12-09 22:00:00+00:00,57.5,2025-12-09,22,1
2025-12-09 23:00:00+00:00,56.96,2025-12-09,23,1
2025-12-10 00:00:00+00:00,56.08,2025-12-10,0,2
2025-12-10 01:00:00+00:00,55.6,2025-12-10,1,2
2025-12-10 02:00:00+00:00,55.07,2025-12-10,2,2
2025-12-10 03:00:00+00:00,54.26,2025-12-10,3,2
2025-12-10 04:00:00+00:00,53.34,2025-12-10,4,2
2025-12-10 05:00:00+00:00,51.66,2025-12-10,5,2
2025-12-10 06:00:00+00:00,49.78,2025-12-10,6,2
2025-12-10 07:00:00+00:00,50.4,2025-12-10,7,2
2025-12-10 08:00:00+00:00,53.87,2025-12-10,8,2
2025-12-10 09:00:00+00:00,54.19,2025-12-10,9,2
2025-12-10 10:00:00+00:00,48.65,2025-12-10,10,2
2025-12-10 11:00:00+00:00,50.46,2025-12-10,11,2
2025-12-10 12:00:00+00:00,52.97,2025-12-10,12,2
2025-12-10 13:00:00+00:00,55.14,2025-12-10,13,2
2025-12-10 14:00:00+00:00,56.57,2025-12-10,14,2
2025-12-10 15:00:00+00:00,58.56,2025-12-10,15,2
2025-12-10 16:00:00+00:00,58.51,2025-12-10,16,2
2025-12-10 17:00:00+00:00,57.1,2025-12-10,17,2
2025-12-10 18:00:00+00:00,61.3,2025-12-10,18,2
2025-12-10 19:00:00+00:00,63.06,2025-12-10,19,2
2025-12-10 20:00:00+00:00,59.38,2025-12-10,20,2
2025-12-10 21:00:00+00:00,59.12,2025-12-10,21,2
2025-12-10 22:00:00+00:00,59.06,2025-12-10,22,2
2025-12-10 23:00:00+00:00,58.74,2025-12-10,23,2
2025-12-11 00:00:00+00:00,58.57,2025-12-11,0,3
2025-12-11 01:00:00+00:00,58.14,2025-12-11,1,3
2025-12-11 02:00:00+00:00,57.74,2025-12-11,2,3
2025-12-11 03:00:00+00:00,57.47,2025-12-11,3,3
2025-12-11 04:00:00+00:00,57.31,2025-12-11,4,3
2025-12-11 05:00:00+00:00,56.81,2025-12-11,5,3
2025-12-11 06:00:00+00:00,55.18,2025-12-11,6,3
2025-12-11 07:00:00+00:00,55.25,2025-12-11,7,3
2025-12-11 08:00:00+00:00,53.2,2025-12-11,8,3
2025-12-11 09:00:00+00:00,52.67,2025-12-11,9,3
2025-12-11 10:00:00+00:00,51.32,2025-12-11,10,3
2025-12-11 11:00:00+00:00,52.96,2025-12-11,11,3
2025-12-11 12:00:00+00:00,54.07,2025-12-11,12,3
2025-12-11 13:00:00+00:00,52.75,2025-12-11,13,3
2025-12-11 14:00:00+00:00,53.07,2025-12-11,14,3
2025-12-11 15:00:00+00:00,55.91,2025-12-11,15,3
2025-12-11 16:00:00+00:00,56.45,2025-12-11,16,3
2025-12-11 17:00:00+00:00,57.77,2025-12-11,17,3
2025-12-11 18:00:00+00:00,59.95,2025-12-11,18,3
2025-12-11 19:00:00+00:00,58.11,2025-12-11,19,3
2025-12-11 20:00:00+00:00,56.07,2025-12-11,20,3
2025-12-11 21:00:00+00:00,56.49,2025-12-11,21,3
2025-12-11 22:00:00+00:00,56.34,2025-12-11,22,3
2025-12-11 23:00:00+00:00,56.39,2025-12-11,23,3
2025-12-12 00:00:00+00:00,56.39,2025-12-12,0,4
2025-12-12 01:00:00+00:00,56.03,2025-12-12,1,4
2025-12-12 02:00:00+00:00,55.78,2025-12-12,2,4
2025-12-12 03:00:00+00:00,55.6,2025-12-12,3,4
2025-12-12 04:00:00+00:00,55.53,2025-12-12,4,4
2025-12-12 05:00:00+00:00,55.38,2025-12-12,5,4
2025-12-12 06:00:00+00:00,54.39,2025-12-12,6,4
2025-12-12 07:00:00+00:00,55.57,2025-12-12,7,4
2025-12-12 08:00:00+00:00,60.24,2025-12-12,8,4
2025-12-12 09:00:00+00:00,55.22,2025-12-12,9,4
2025-12-12 10:00:00+00:00,53.47,2025-12-12,10,4
2025-12-12 11:00:00+00:00,52.04,2025-12-12,11,4
2025-12-12 12:00:00+00:00,52.15,2025-12-12,12,4
2025-12-12 13:00:00+00:00,51.64,2025-12-12,13,4
2025-12-12 14:00:00+00:00,51.57,2025-12-12,14,4
2025-12-12 15:00:00+00:00,52.03,2025-12-12,15,4
2025-12-12 16:00:00+00:00,52.68,2025-12-12,16,4
2025-12-12 17:00:00+00:00,53.24,2025-12-12,17,4
2025-12-12 18:00:00+00:00,54.31,2025-12-12,18,4
2025-12-12 19:00:00+00:00,54.75,2025-12-12,19,4
2025-12-12 20:00:00+00:00,55.53,2025-12-12,20,4
2025-12-12 21:00:00+00:00,57.19,2025-12-12,21,4
2025-12-12 22:00:00+00:00,57.88,2025-12-12,22,4
2025-12-12 23:00:00+00:00,58.14,2025-12-12,23,4
2025-12-13 00:00:00+00:00,58.25,2025-12-13,0,5
2025-12-13 01:00:00+00:00,58.25,2025-12-13,1,5
2025-12-13 02:00:00+00:00,58.25,2025-12-13,2,5
2025-12-13 03:00:00+00:00,58.18,2025-12-13,3,5
2025-12-13 04:00:00+00:00,57.96,2025-12-13,4,5
2025-12-13 05:00:00+00:00,57.57,2025-12-13,5,5
2025-12-13 06:00:00+00:00,57.37,2025-12-13,6,5
2025-12-13 07:00:00+00:00,57.41,2025-12-13,7,5
2025-12-13 08:00:00+00:00,57.82,2025-12-13,8,5
2025-12-13 09:00:00+00:00,58.31,2025-12-13,9,5
2025-12-13 10:00:00+00:00,58.5,2025-12-13,10,5
2025-12-13 11:00:00+00:00,58.63,2025-12-13,11,5
2025-12-13 12:00:00+00:00,58.91,2025-12-13,12,5
2025-12-13 13:00:00+00:00,59.16,2025-12-13,13,5
2025-12-13 14:00:00+00:00,59.19,2025-12-13,14,5
2025-12-13 15:00:00+00:00,59.2,2025-12-13,15,5
2025-12-13 16:00:00+00:00,59.28,2025-12-13,16,5
2025-12-13 17:00:00+00:00,59.05,2025-12-13,17,5
2025-12-13 18:00:00+00:00,58.92,2025-12-13,18,5
2025-12-13 19:00:00+00:00,59.05,2025-12-13,19,5
2025-12-13 20:00:00+00:00,59.54,2025-12-13,20,5
2025-12-13 21:00:00+00:00,59.52,2025-12-13,21,5
2025-12-13 22:00:00+00:00,59.35,2025-12-13,22,5
2025-12-13 23:00:00+00:00,58.82,2025-12-13,23,5
2025-12-14 00:00:00+00:00,58.33,2025-12-14,0,6
2025-12-14 01:00:00+00:00,58.12,2025-12-14,1,6
2025-12-14 02:00:00+00:00,57.92,2025-12-14,2,6
2025-12-14 03:00:00+00:00,57.69,2025-12-14,3,6
2025-12-14 04:00:00+00:00,57.14,2025-12-14,4,6
2025-12-14 05:00:00+00:00,56.85,2025-12-14,5,6
2025-12-14 06:00:00+00:00,56.7,2025-12-14,6,6
2025-12-14 07:00:00+00:00,56.84,2025-12-14,7,6
2025-12-14 08:00:00+00:00,57.25,2025-12-14,8,6
2025-12-14 09:00:00+00:00,57.62,2025-12-14,9,6
2025-12-14 10:00:00+00:00,57.99,2025-12-14,10,6
2025-12-14 11:00:00+00:00,58.44,2025-12-14,11,6
2025-12-14 12:00:00+00:00,58.68,2025-12-14,12,6
2025-12-14 13:00:00+00:00,59.11,2025-12-14,13,6
2025-12-14 14:00:00+00:00,59.59,2025-12-14,14,6
2025-12-14 15:00:00+00:00,60.14,2025-12-14,15,6
2025-12-14 16:00:00+00:00,60.42,2025-12-14,16,6
2025-12-14 17:00:00+00:00,60.51,2025-12-14,17,6
2025-12-14 18:00:00+00:00,60.74,2025-12-14,18,6
2025-12-14 19:00:00+00:00,60.93,2025-12-14,19,6
2025-12-14 20:00:00+00:00,61.05,2025-12-14,20,6
2025-12-14 21:00:00+00:00,61.18,2025-12-14,21,6
2025-12-14 22:00:00+00:00,61.37,2025-12-14,22,6
2025-12-14 23:00:00+00:00,61.47,2025-12-14,23,6
2025-12-15 00:00:00+00:00,61.46,2025-12-15,0,0
2025-12-15 01:00:00+00:00,61.58,2025-12-15,1,0
2025-12-15 02:00:00+00:00,61.6,2025-12-15,2,0
2025-12-15 03:00:00+00:00,61.54,2025-12-15,3,0
2025-12-15 04:00:00+00:00,61.49,2025-12-15,4,0
2025-12-15 05:00:00+00:00,61.36,2025-12-15,5,0
2025-12-15 06:00:00+00:00,60.93,2025-12-15,6,0
2025-12-15 07:00:00+00:00,66.05,2025-12-15,7,0
2025-12-15 08:00:00+00:00,73.98,2025-12-15,8,0
2025-12-15 09:00:00+00:00,68.83,2025-12-15,9,0
2025-12-15 10:00:00+00:00,63.72,2025-12-15,10,0
2025-12-15 11:00:00+00:00,62.29,2025-12-15,11,0
2025-12-15 12:00:00+00:00,61.28,2025-12-15,12,0
2025-12-15 13:00:00+00:00,60.16,2025-12-15,13,0
2025-12-15 14:00:00+00:00,59.18,2025-12-15,14,0
2025-12-15 15:00:00+00:00,60.15,2025-12-15,15,0
2025-12-15 16:00:00+00:00,63.33,2025-12-15,16,0
2025-12-15 17:00:00+00:00,62.44,2025-12-15,17,0
2025-12-15 18:00:00+00:00,63.9,2025-12-15,18,0
2025-12-15 19:00:00+00:00,62.97,2025-12-15,19,0
2025-12-15 20:00:00+00:00,60.54,2025-12-15,20,0
2025-12-15 21:00:00+00:00,60.92,2025-12-15,21,0
2025-12-15 22:00:00+00:00,61.52,2025-12-15,22,0
2025-12-15 23:00:00+00:00,61.48,2025-12-15,23,0
2025-12-16 00:00:00+00:00,60.92,2025-12-16,0,1
2025-12-16 01:00:00+00:00,60.67,2025-12-16,1,1
2025-12-16 02:00:00+00:00,60.47,2025-12-16,2,1
2025-12-16 03:00:00+00:00,60.4,2025-12-16,3,1
2025-12-16 04:00:00+00:00,59.73,2025-12-16,4,1
2025-12-16 05:00:00+00:00,58.22,2025-12-16,5,1
2025-12-16 06:00:00+00:00,56.76,2025-12-16,6,1
2025-12-16 07:00:00+00:00,58.74,2025-12-16,7,1
2025-12-16 08:00:00+00:00,65.67,2025-12-16,8,1
2025-12-16 09:00:00+00:00,61.72,2025-12-16,9,1
2025-12-16 10:00:00+00:00,59.95,2025-12-16,10,1
2025-12-16 11:00:00+00:00,60.66,2025-12-16,11,1
2025-12-16 12:00:00+00:00,59.57,2025-12-16,12,1
2025-12-16 13:00:00+00:00,59.6,2025-12-16,13,1
2025-12-16 14:00:00+00:00,60.67,2025-12-16,14,1
2025-12-16 15:00:00+00:00,62.77,2025-12-16,15,1
2025-12-16 16:00:00+00:00,64.31,2025-12-16,16,1
2025-12-16 17:00:00+00:00,64.28,2025-12-16,17,1
2025-12-16 18:00:00+00:00,65.05,2025-12-16,18,1
2025-12-16 19:00:00+00:00,61.66,2025-12-16,19,1
2025-12-16 20:00:00+00:00,61.8,2025-12-16,20,1
2025-12-16 21:00:00+00:00,62.09,2025-12-16,21,1
2025-12-16 22:00:00+00:00,62.23,2025-12-16,22,1
2025-12-16 23:00:00+00:00,61.93,2025-12-16,23,1
2025-12-17 00:00:00+00:00,61.76,2025-12-17,0,2
2025-12-17 01:00:00+00:00,61.75,2025-12-17,1,2
2025-12-17 02:00:00+00:00,61.95,2025-12-17,2,2
2025-12-17 03:00:00+00:00,62.63,2025-12-17,3,2
2025-12-17 04:00:00+00:00,62.9,2025-12-17,4,2
2025-12-17 05:00:00+00:00,62.72,2025-12-17,5,2
2025-12-17 06:00:00+00:00,62.25,2025-12-17,6,2
2025-12-17 07:00:00+00:00,63.1,2025-12-17,7,2
2025-12-17 08:00:00+00:00,65.49,2025-12-17,8,2
2025-12-17 09:00:00+00:00,68.71,2025-12-17,9,2
2025-12-17 10:00:00+00:00,66.34,2025-12-17,10,2
2025-12-17 11:00:00+00:00,66.52,2025-12-17,11,2
2025-12-17 12:00:00+00:00,67.45,2025-12-17,12,2
2025-12-17 13:00:00+00:00,63.91,2025-12-17,13,2
2025-12-17 14:00:00+00:00,63.84,2025-12-17,14,2
2025-12-17 15:00:00+00:00,66.09,2025-12-17,15,2
2025-12-17 16:00:00+00:00,67.37,2025-12-17,16,2
2025-12-17 17:00:00+00:00,66.93,2025-12-17,17,2
2025-12-17 18:00:00+00:00,67.36,2025-12-17,18,2
2025-12-17 19:00:00+00:00,67.99,2025-12-17,19,2
2025-12-17 20:00:00+00:00,65.99,2025-12-17,20,2
2025-12-17 21:00:00+00:00,65.88,2025-12-17,21,2
2025-12-17 22:00:00+00:00,65.58,2025-12-17,22,2
2025-12-17 23:00:00+00:00,64.99,2025-12-17,23,2
2025-12-18 00:00:00+00:00,64.58,2025-12-18,0,3
2025-12-18 01:00:00+00:00,64.25,2025-12-18,1,3
2025-12-18 02:00:00+00:00,64.23,2025-12-18,2,3
2025-12-18 03:00:00+00:00,63.85,2025-12-18,3,3
2025-12-18 04:00:00+00:00,63.33,2025-12-18,4,3
2025-12-18 05:00:00+00:00,62.74,2025-12-18,5,3
2025-12-18 06:00:00+00:00,61.45,2025-12-18,6,3
2025-12-18 07:00:00+00:00,61.19,2025-12-18,7,3
2025-12-18 08:00:00+00:00,60.6,2025-12-18,8,3
2025-12-18 09:00:00+00:00,58.38,2025-12-18,9,3
2025-12-18 10:00:00+00:00,56.37,2025-12-18,10,3
2025-12-18 11:00:00+00:00,57.74,2025-12-18,11,3
2025-12-18 12:00:00+00:00,57.37,2025-12-18,12,3
2025-12-18 13:00:00+00:00,57.15,2025-12-18,13,3
2025-12-18 14:00:00+00:00,57.07,2025-12-18,14,3
2025-12-18 15:00:00+00:00,58.33,2025-12-18,15,3
2025-12-18 16:00:00+00:00,58.5,2025-12-18,16,3
2025-12-18 17:00:00+00:00,59.51,2025-12-18,17,3
2025-12-18 18:00:00+00:00,60.4,2025-12-18,18,3
2025-12-18 19:00:00+00:00,59.57,2025-12-18,19,3
2025-12-18 20:00:00+00:00,59.21,2025-12-18,20,3
2025-12-18 21:00:00+00:00,59.78,2025-12-18,21,3
2025-12-18 22:00:00+00:00,59.54,2025-12-18,22,3
2025-12-18 23:00:00+00:00,58.97,2025-12-18,23,3
2025-12-19 00:00:00+00:00,58.42,2025-12-19,0,4
2025-12-19 01:00:00+00:00,58.34,2025-12-19,1,4
2025-12-19 02:00:00+00:00,57.72,2025-12-19,2,4
2025-12-19 03:00:00+00:00,56.8,2025-12-19,3,4
2025-12-19 04:00:00+00:00,56.44,2025-12-19,4,4
2025-12-19 05:00:00+00:00,55.13,2025-12-19,5,4
2025-12-19 06:00:00+00:00,53.41,2025-12-19,6,4
2025-12-19 07:00:00+00:00,54.7,2025-12-19,7,4
2025-12-19 08:00:00+00:00,57.01,2025-12-19,8,4
2025-12-19 09:00:00+00:00,55.74,2025-12-19,9,4
2025-12-19 10:00:00+00:00,55.29,2025-12-19,10,4
2025-12-19 11:00:00+00:00,55.75,2025-12-19,11,4
2025-12-19 12:00:00+00:00,55.95,2025-12-19,12,4
2025-12-19 13:00:00+00:00,56.48,2025-12-19,13,4
2025-12-19 14:00:00+00:00,57.0,2025-12-19,14,4
2025-12-19 15:00:00+00:00,57.32,2025-12-19,15,4
2025-12-19 16:00:00+00:00,58.04,2025-12-19,16,4
2025-12-19 17:00:00+00:00,58.62,2025-12-19,17,4
2025-12-19 18:00:00+00:00,59.25,2025-12-19,18,4
2025-12-19 19:00:00+00:00,58.93,2025-12-19,19,4
2025-12-19 20:00:00+00:00,58.6,2025-12-19,20,4
2025-12-19 21:00:00+00:00,58.78,2025-12-19,21,4
2025-12-19 22:00:00+00:00,59.03,2025-12-19,22,4
2025-12-19 23:00:00+00:00,58.98,2025-12-19,23,4
2025-12-20 00:00:00+00:00,58.81,2025-12-20,0,5
2025-12-20 01:00:00+00:00,58.69,2025-12-20,1,5
2025-12-20 02:00:00+00:00,58.59,2025-12-20,2,5
2025-12-20 03:00:00+00:00,58.62,2025-12-20,3,5
2025-12-20 04:00:00+00:00,58.52,2025-12-20,4,5
2025-12-20 05:00:00+00:00,58.18,2025-12-20,5,5
2025-12-20 06:00:00+00:00,57.82,2025-12-20,6,5
2025-12-20 07:00:00+00:00,57.64,2025-12-20,7,5
2025-12-20 08:00:00+00:00,57.22,2025-12-20,8,5
2025-12-20 09:00:00+00:00,56.81,2025-12-20,9,5
2025-12-20 10:00:00+00:00,56.77,2025-12-20,10,5
2025-12-20 11:00:00+00:00,57.07,2025-12-20,11,5
2025-12-20 12:00:00+00:00,56.68,2025-12-20,12,5
2025-12-20 13:00:00+00:00,56.52,2025-12-20,13,5
2025-12-20 14:00:00+00:00,56.56,2025-12-20,14,5
2025-12-20 15:00:00+00:00,56.51,2025-12-20,15,5
2025-12-20 16:00:00+00:00,56.59,2025-12-20,16,5
2025-12-20 17:00:00+00:00,56.91,2025-12-20,17,5
2025-12-20 18:00:00+00:00,57.04,2025-12-20,18,5
2025-12-20 19:00:00+00:00,57.32,2025-12-20,19,5
2025-12-20 20:00:00+00:00,57.54,2025-12-20,20,5
2025-12-20 21:00:00+00:00,58.08,2025-12-20,21,5
2025-12-20 22:00:00+00:00,58.72,2025-12-20,22,5
2025-12-20 23:00:00+00:00,58.73,2025-12-20,23,5
2025-12-21 00:00:00+00:00,58.45,2025-12-21,0,6
2025-12-21 01:00:00+00:00,57.74,2025-12-21,1,6
2025-12-21 02:00:00+00:00,57.06,2025-12-21,2,6
2025-12-21 03:00:00+00:00,56.03,2025-12-21,3,6
2025-12-21 04:00:00+00:00,55.38,2025-12-21,4,6
2025-12-21 05:00:00+00:00,55.22,2025-12-21,5,6
2025-12-21 06:00:00+00:00,54.51,2025-12-21,6,6
2025-12-21 07:00:00+00:00,53.66,2025-12-21,7,6
2025-12-21 08:00:00+00:00,53.43,2025-12-21,8,6
2025-12-21 09:00:00+00:00,53.35,2025-12-21,9,6
2025-12-21 10:00:00+00:00,53.35,2025-12-21,10,6
2025-12-21 11:00:00+00:00,53.63,2025-12-21,11,6
2025-12-21 12:00:00+00:00,52.6,2025-12-21,12,6
2025-12-21 13:00:00+00:00,50.52,2025-12-21,13,6
2025-12-21 14:00:00+00:00,48.63,2025-12-21,14,6
2025-12-21 15:00:00+00:00,47.79,2025-12-21,15,6
2025-12-21 16:00:00+00:00,47.77,2025-12-21,16,6
2025-12-21 17:00:00+00:00,48.29,2025-12-21,17,6
2025-12-21 18:00:00+00:00,48.99,2025-12-21,18,6
2025-12-21 19:00:00+00:00,49.72,2025-12-21,19,6
2025-12-21 20:00:00+00:00,50.05,2025-12-21,20,6
2025-12-21 21:00:00+00:00,50.54,2025-12-21,21,6
2025-12-21 22:00:00+00:00,50.72,2025-12-21,22,6
2025-12-21 23:00:00+00:00,50.22,2025-12-21,23,6
2025-12-22 00:00:00+00:00,49.33,2025-12-22,0,0
2025-12-22 01:00:00+00:00,48.06,2025-12-22,1,0
2025-12-22 02:00:00+00:00,46.4,2025-12-22,2,0
2025-12-22 03:00:00+00:00,45.63,2025-12-22,3,0
2025-12-22 04:00:00+00:00,45.44,2025-12-22,4,0
2025-12-22 05:00:00+00:00,44.94,2025-12-22,5,0
2025-12-22 06:00:00+00:00,44.72,2025-12-22,6,0
2025-12-22 07:00:00+00:00,44.5,2025-12-22,7,0
2025-12-22 08:00:00+00:00,43.34,2025-12-22,8,0
2025-12-22 09:00:00+00:00,42.03,2025-12-22,9,0
2025-12-22 10:00:00+00:00,39.22,2025-12-22,10,0
2025-12-22 11:00:00+00:00,34.95,2025-12-22,11,0
2025-12-22 12:00:00+00:00,35.84,2025-12-22,12,0
2025-12-22 13:00:00+00:00,34.89,2025-12-22,13,0
2025-12-22 14:00:00+00:00,34.65,2025-12-22,14,0
2025-12-22 15:00:00+00:00,35.85,2025-12-22,15,0
2025-12-22 16:00:00+00:00,37.81,2025-12-22,16,0
2025-12-22 17:00:00+00:00,37.41,2025-12-22,17,0
2025-12-22 18:00:00+00:00,37.64,2025-12-22,18,0
2025-12-22 19:00:00+00:00,36.23,2025-12-22,19,0
2025-12-22 20:00:00+00:00,36.04,2025-12-22,20,0
2025-12-22 21:00:00+00:00,36.4,2025-12-22,21,0
2025-12-22 22:00:00+00:00,36.87,2025-12-22,22,0
2025-12-22 23:00:00+00:00,37.76,2025-12-22,23,0
2025-12-23 00:00:00+00:00,38.6,2025-12-23,0,1
2025-12-23 01:00:00+00:00,39.76,2025-12-23,1,1
2025-12-23 02:00:00+00:00,40.52,2025-12-23,2,1
2025-12-23 03:00:00+00:00,41.09,2025-12-23,3,1
2025-12-23 04:00:00+00:00,41.58,2025-12-23,4,1
2025-12-23 05:00:00+00:00,41.67,2025-12-23,5,1
2025-12-23 06:00:00+00:00,40.49,2025-12-23,6,1
2025-12-23 07:00:00+00:00,40.25,2025-12-23,7,1
2025-12-23 08:00:00+00:00,41.13,2025-12-23,8,1
2025-12-23 09:00:00+00:00,41.64,2025-12-23,9,1
2025-12-23 10:00:00+00:00,40.93,2025-12-23,10,1
2025-12-23 11:00:00+00:00,39.98,2025-12-23,11,1
2025-12-23 12:00:00+00:00,39.73,2025-12-23,12,1
2025-12-23 13:00:00+00:00,39.74,2025-12-23,13,1
2025-12-23 14:00:00+00:00,39.65,2025-12-23,14,1
2025-12-23 15:00:00+00:00,39.95,2025-12-23,15,1
2025-12-23 16:00:00+00:00,40.85,2025-12-23,16,1
2025-12-23 17:00:00+00:00,41.69,2025-12-23,17,1
2025-12-23 18:00:00+00:00,42.25,2025-12-23,18,1
2025-12-23 19:00:00+00:00,42.6,2025-12-23,19,1
2025-12-23 20:00:00+00:00,42.94,2025-12-23,20,1
2025-12-23 21:00:00+00:00,43.24,2025-12-23,21,1
2025-12-23 22:00:00+00:00,43.59,2025-12-23,22,1
2025-12-23 23:00:00+00:00,43.61,2025-12-23,23,1
2025-12-24 00:00:00+00:00,43.95,2025-12-24,0,2
2025-12-24 01:00:00+00:00,44.32,2025-12-24,1,2
2025-12-24 02:00:00+00:00,44.63,2025-12-24,2,2
2025-12-24 03:00:00+00:00,44.99,2025-12-24,3,2
2025-12-24 04:00:00+00:00,45.65,2025-12-24,4,2
2025-12-24 05:00:00+00:00,46.07,2025-12-24,5,2
2025-12-24 06:00:00+00:00,46.42,2025-12-24,6,2
2025-12-24 07:00:00+00:00,46.64,2025-12-24,7,2
2025-12-24 08:00:00+00:00,47.46,2025-12-24,8,2
2025-12-24 09:00:00+00:00,48.2,2025-12-24,9,2
2025-12-24 10:00:00+00:00,49.06,2025-12-24,10,2
2025-12-24 11:00:00+00:00,48.98,2025-12-24,11,2
2025-12-24 12:00:00+00:00,48.02,2025-12-24,12,2
2025-12-24 13:00:00+00:00,47.44,2025-12-24,13,2
2025-12-24 14:00:00+00:00,47.19,2025-12-24,14,2
2025-12-24 15:00:00+00:00,46.99,2025-12-24,15,2
2025-12-24 16:00:00+00:00,47.03,2025-12-24,16,2
2025-12-24 17:00:00+00:00,47.41,2025-12-24,17,2
2025-12-24 18:00:00+00:00,47.83,2025-12-24,18,2
2025-12-24 19:00:00+00:00,48.38,2025-12-24,19,2
2025-12-24 20:00:00+00:00,48.78,2025-12-24,20,2
2025-12-24 21:00:00+00:00,49.1,2025-12-24,21,2
2025-12-24 22:00:00+00:00,49.22,2025-12-24,22,2
2025-12-24 23:00:00+00:00,49.52,2025-12-24,23,2
2025-12-25 00:00:00+00:00,49.74,2025-12-25,0,3
2025-12-25 01:00:00+00:00,49.87,2025-12-25,1,3
2025-12-25 02:00:00+00:00,49.85,2025-12-25,2,3
2025-12-25 03:00:00+00:00,49.76,2025-12-25,3,3
2025-12-25 04:00:00+00:00,49.88,2025-12-25,4,3
2025-12-25 05:00:00+00:00,49.99,2025-12-25,5,3
2025-12-25 06:00:00+00:00,50.15,2025-12-25,6,3
2025-12-25 07:00:00+00:00,50.54,2025-12-25,7,3
2025-12-25 08:00:00+00:00,51.85,2025-12-25,8,3
2025-12-25 09:00:00+00:00,52.53,2025-12-25,9,3
2025-12-25 10:00:00+00:00,53.01,2025-12-25,10,3
2025-12-25 11:00:00+00:00,53.58,2025-12-25,11,3
2025-12-25 12:00:00+00:00,54.19,2025-12-25,12,3
2025-12-25 13:00:00+00:00,54.85,2025-12-25,13,3
2025-12-25 14:00:00+00:00,55.43,2025-12-25,14,3
2025-12-25 15:00:00+00:00,55.66,2025-12-25,15,3
2025-12-25 16:00:00+00:00,55.69,2025-12-25,16,3
2025-12-25 17:00:00+00:00,56.06,2025-12-25,17,3
2025-12-25 18:00:00+00:00,56.34,2025-12-25,18,3
2025-12-25 19:00:00+00:00,56.67,2025-12-25,19,3
2025-12-25 20:00:00+00:00,56.86,2025-12-25,20,3
2025-12-25 21:00:00+00:00,57.99,2025-12-25,21,3
2025-12-25 22:00:00+00:00,59.33,2025-12-25,22,3
2025-12-25 23:00:00+00:00,60.12,2025-12-25,23,3
2025-12-26 00:00:00+00:00,60.58,2025-12-26,0,4
2025-12-26 01:00:00+00:00,60.85,2025-12-26,1,4
2025-12-26 02:00:00+00:00,61.19,2025-12-26,2,4
2025-12-26 03:00:00+00:00,61.86,2025-12-26,3,4
2025-12-26 04:00:00+00:00,61.87,2025-12-26,4,4
2025-12-26 05:00:00+00:00,62.06,2025-12-26,5,4
2025-12-26 06:00:00+00:00,62.27,2025-12-26,6,4
2025-12-26 07:00:00+00:00,62.04,2025-12-26,7,4
2025-12-26 08:00:00+00:00,61.41,2025-12-26,8,4
2025-12-26 09:00:00+00:00,61.71,2025-12-26,9,4
2025-12-26 10:00:00+00:00,61.57,2025-12-26,10,4
2025-12-26 11:00:00+00:00,61.17,2025-12-26,11,4
2025-12-26 12:00:00+00:00,61.18,2025-12-26,12,4
2025-12-26 13:00:00+00:00,60.98,2025-12-26,13,4
2025-12-26 14:00:00+00:00,60.69,2025-12-26,14,4
2025-12-26 15:00:00+00:00,60.38,2025-12-26,15,4
2025-12-26 16:00:00+00:00,60.34,2025-12-26,16,4
2025-12-26 17:00:00+00:00,60.35,2025-12-26,17,4
2025-12-26 18:00:00+00:00,60.42,2025-12-26,18,4
2025-12-26 19:00:00+00:00,60.43,2025-12-26,19,4
2025-12-26 20:00:00+00:00,60.53,2025-12-26,20,4
2025-12-26 21:00:00+00:00,60.59,2025-12-26,21,4
2025-12-26 22:00:00+00:00,61.05,2025-12-26,22,4
2025-12-26 23:00:00+00:00,62.04,2025-12-26,23,4
2025-12-27 00:00:00+00:00,62.89,2025-12-27,0,5
2025-12-27 01:00:00+00:00,63.66,2025-12-27,1,5
2025-12-27 02:00:00+00:00,64.25,2025-12-27,2,5
2025-12-27 03:00:00+00:00,64.2,2025-12-27,3,5
2025-12-27 04:00:00+00:00,64.16,2025-12-27,4,5
2025-12-27 05:00:00+00:00,64.19,2025-12-27,5,5
2025-12-27 06:00:00+00:00,64.15,2025-12-27,6,5
2025-12-27 07:00:00+00:00,64.01,2025-12-27,7,5
2025-12-27 08:00:00+00:00,64.05,2025-12-27,8,5
2025-12-27 09:00:00+00:00,64.88,2025-12-27,9,5
2025-12-27 10:00:00+00:00,65.78,2025-12-27,10,5
2025-12-27 11:00:00+00:00,65.57,2025-12-27,11,5
2025-12-27 12:00:00+00:00,65.55,2025-12-27,12,5
2025-12-27 13:00:00+00:00,66.1,2025-12-27,13,5
2025-12-27 14:00:00+00:00,66.62,2025-12-27,14,5
2025-12-27 15:00:00+00:00,66.93,2025-12-27,15,5
2025-12-27 16:00:00+00:00,66.95,2025-12-27,16,5
2025-12-27 17:00:00+00:00,66.94,2025-12-27,17,5
2025-12-27 18:00:00+00:00,67.41,2025-12-27,18,5
2025-12-27 19:00:00+00:00,67.2,2025-12-27,19,5
2025-12-27 20:00:00+00:00,67.1,2025-12-27,20,5
2025-12-27 21:00:00+00:00,67.27,2025-12-27,21,5
2025-12-27 22:00:00+00:00,67.57,2025-12-27,22,5
2025-12-27 23:00:00+00:00,67.6,2025-12-27,23,5
2025-12-28 00:00:00+00:00,67.29,2025-12-28,0,6
2025-12-28 01:00:00+00:00,66.95,2025-12-28,1,6
2025-12-28 02:00:00+00:00,66.66,2025-12-28,2,6
2025-12-28 03:00:00+00:00,66.28,2025-12-28,3,6
2025-12-28 04:00:00+00:00,66.1,2025-12-28,4,6
2025-12-28 05:00:00+00:00,65.97,2025-12-28,5,6
2025-12-28 06:00:00+00:00,65.96,2025-12-28,6,6
2025-12-28 07:00:00+00:00,65.9,2025-12-28,7,6
2025-12-28 08:00:00+00:00,65.89,2025-12-28,8,6
2025-12-28 09:00:00+00:00,66.52,2025-12-28,9,6
2025-12-28 10:00:00+00:00,67.39,2025-12-28,10,6
2025-12-28 11:00:00+00:00,68.72,2025-12-28,11,6
2025-12-28 12:00:00+00:00,69.29,2025-12-28,12,6
2025-12-28 13:00:00+00:00,70.03,2025-12-28,13,6
2025-12-28 14:00:00+00:00,70.33,2025-12-28,14,6
2025-12-28 15:00:00+00:00,70.26,2025-12-28,15,6
2025-12-28 16:00:00+00:00,70.35,2025-12-28,16,6
2025-12-28 17:00:00+00:00,71.17,2025-12-28,17,6
2025-12-28 18:00:00+00:00,71.68,2025-12-28,18,6
2025-12-28 19:00:00+00:00,71.71,2025-12-28,19,6
2025-12-28 20:00:00+00:00,72.06,2025-12-28,20,6
2025-12-28 21:00:00+00:00,71.76,2025-12-28,21,6
2025-12-28 22:00:00+00:00,71.35,2025-12-28,22,6
2025-12-28 23:00:00+00:00,70.58,2025-12-28,23,6
2025-12-29 00:00:00+00:00,70.06,2025-12-29,0,0
2025-12-29 01:00:00+00:00,69.77,2025-12-29,1,0
2025-12-29 02:00:00+00:00,69.55,2025-12-29,2,0
2025-12-29 03:00:00+00:00,69.19,2025-12-29,3,0
2025-12-29 04:00:00+00:00,68.75,2025-12-29,4,0
2025-12-29 05:00:00+00:00,68.31,2025-12-29,5,0
2025-12-29 06:00:00+00:00,68.1,2025-12-29,6,0
2025-12-29 07:00:00+00:00,67.77,2025-12-29,7,0
2025-12-29 08:00:00+00:00,67.47,2025-12-29,8,0
2025-12-29 09:00:00+00:00,67.18,2025-12-29,9,0
2025-12-29 10:00:00+00:00,67.02,2025-12-29,10,0
2025-12-29 11:00:00+00:00,66.83,2025-12-29,11,0
2025-12-29 12:00:00+00:00,66.49,2025-12-29,12,0
2025-12-29 13:00:00+00:00,66.28,2025-12-29,13,0
2025-12-29 14:00:00+00:00,66.12,2025-12-29,14,0
2025-12-29 15:00:00+00:00,65.85,2025-12-29,15,0
2025-12-29 16:00:00+00:00,65.62,2025-12-29,16,0
2025-12-29 17:00:00+00:00,65.43,2025-12-29,17,0
2025-12-29 18:00:00+00:00,65.41,2025-12-29,18,0
2025-12-29 19:00:00+00:00,65.48,2025-12-29,19,0
2025-12-29 20:00:00+00:00,65.63,2025-12-29,20,0
2025-12-29 21:00:00+00:00,65.92,2025-12-29,21,0
2025-12-29 22:00:00+00:00,66.27,2025-12-29,22,0
2025-12-29 23:00:00+00:00,66.56,2025-12-29,23,0
2025-12-30 00:00:00+00:00,66.52,2025-12-30,0,1
2025-12-30 01:00:00+00:00,66.46,2025-12-30,1,1
2025-12-30 02:00:00+00:00,66.38,2025-12-30,2,1
2025-12-30 03:00:00+00:00,66.3,2025-12-30,3,1
2025-12-30 04:00:00+00:00,66.13,2025-12-30,4,1
2025-12-30 05:00:00+00:00,65.83,2025-12-30,5,1
2025-12-30 06:00:00+00:00,65.75,2025-12-30,6,1
2025-12-30 07:00:00+00:00,65.71,2025-12-30,7,1
2025-12-30 08:00:00+00:00,65.88,2025-12-30,8,1
2025-12-30 09:00:00+00:00,65.76,2025-12-30,9,1
2025-12-30 10:00:00+00:00,65.46,2025-12-30,10,1
2025-12-30 11:00:00+00:00,64.81,2025-12-30,11,1
2025-12-30 12:00:00+00:00,64.37,2025-12-30,12,1
2025-12-30 13:00:00+00:00,64.04,2025-12-30,13,1
2025-12-30 14:00:00+00:00,63.44,2025-12-30,14,1
2025-12-30 15:00:00+00:00,62.14,2025-12-30,15,1
2025-12-30 16:00:00+00:00,61.95,2025-12-30,16,1
2025-12-30 17:00:00+00:00,62.47,2025-12-30,17,1
2025-12-30 18:00:00+00:00,63.1,2025-12-30,18,1
2025-12-30 19:00:00+00:00,63.66,2025-12-30,19,1
2025-12-30 20:00:00+00:00,64.21,2025-12-30,20,1
2025-12-30 21:00:00+00:00,64.59,2025-12-30,21,1
2025-12-30 22:00:00+00:00,64.79,2025-12-30,22,1
2025-12-30 23:00:00+00:00,64.79,2025-12-30,23,1
2025-12-31 00:00:00+00:00,64.56,2025-12-31,0,2
2025-12-31 01:00:00+00:00,64.14,2025-12-31,1,2
2025-12-31 02:00:00+00:00,63.68,2025-12-31,2,2
2025-12-31 03:00:00+00:00,63.2,2025-12-31,3,2
2025-12-31 04:00:00+00:00,62.81,2025-12-31,4,2
2025-12-31 05:00:00+00:00,62.46,2025-12-31,5,2
2025-12-31 06:00:00+00:00,61.99,2025-12-31,6,2
2025-12-31 07:00:00+00:00,61.19,2025-12-31,7,2
2025-12-31 08:00:00+00:00,60.66,2025-12-31,8,2
2025-12-31 09:00:00+00:00,60.37,2025-12-31,9,2
2025-12-31 10:00:00+00:00,60.59,2025-12-31,10,2
2025-12-31 11:00:00+00:00,60.54,2025-12-31,11,2
2025-12-31 12:00:00+00:00,60.27,2025-12-31,12,2
2025-12-31 13:00:00+00:00,60.18,2025-12-31,13,2
2025-12-31 14:00:00+00:00,60.16,2025-12-31,14,2
2025-12-31 15:00:00+00:00,60.14,2025-12-31,15,2
2025-12-31 16:00:00+00:00,60.18,2025-12-31,16,2
2025-12-31 17:00:00+00:00,60.27,2025-12-31,17,2
2025-12-31 18:00:00+00:00,60.46,2025-12-31,18,2
2025-12-31 19:00:00+00:00,60.78,2025-12-31,19,2
2025-12-31 20:00:00+00:00,61.19,2025-12-31,20,2
2025-12-31 21:00:00+00:00,61.74,2025-12-31,21,2
2025-12-31 22:00:00+00:00,62.05,2025-12-31,22,2
2025-12-31 23:00:00+00:00,62.17,2025-12-31,23,2
2026-01-01 00:00:00+00:00,62.4,2026-01-01,0,3
2026-01-01 01:00:00+00:00,62.43,2026-01-01,1,3
2026-01-01 02:00:00+00:00,62.25,2026-01-01,2,3
2026-01-01 03:00:00+00:00,62.3,2026-01-01,3,3
2026-01-01 04:00:00+00:00,62.35,2026-01-01,4,3
2026-01-01 05:00:00+00:00,62.22,2026-01-01,5,3
2026-01-01 06:00:00+00:00,62.13,2026-01-01,6,3
2026-01-01 07:00:00+00:00,61.93,2026-01-01,7,3
2026-01-01 08:00:00+00:00,61.74,2026-01-01,8,3
2026-01-01 09:00:00+00:00,61.85,2026-01-01,9,3
2026-01-01 10:00:00+00:00,62.03,2026-01-01,10,3
2026-01-01 11:00:00+00:00,61.89,2026-01-01,11,3
2026-01-01 12:00:00+00:00,61.64,2026-01-01,12,3
2026-01-01 13:00:00+00:00,61.47,2026-01-01,13,3
2026-01-01 14:00:00+00:00,61.49,2026-01-01,14,3
2026-01-01 15:00:00+00:00,61.57,2026-01-01,15,3
2026-01-01 16:00:00+00:00,61.75,2026-01-01,16,3
2026-01-01 17:00:00+00:00,61.97,2026-01-01,17,3
2026-01-01 18:00:00+00:00,62.12,2026-01-01,18,3
2026-01-01 19:00:00+00:00,62.49,2026-01-01,19,3
2026-01-01 20:00:00+00:00,63.44,2026-01-01,20,3
2026-01-01 21:00:00+00:00,63.79,2026-01-01,21,3
2026-01-01 22:00:00+00:00,64.21,2026-01-01,22,3
2026-01-01 23:00:00+00:00,64.35,2026-01-01,23,3
2026-01-02 00:00:00+00:00,64.45,2026-01-02,0,4
2026-01-02 01:00:00+00:00,64.44,2026-01-02,1,4
2026-01-02 02:00:00+00:00,64.42,2026-01-02,2,4
2026-01-02 03:00:00+00:00,64.56,2026-01-02,3,4
2026-01-02 04:00:00+00:00,64.57,2026-01-02,4,4
2026-01-02 05:00:00+00:00,64.47,2026-01-02,5,4
2026-01-02 06:00:00+00:00,64.6,2026-01-02,6,4
2026-01-02 07:00:00+00:00,64.68,2026-01-02,7,4
2026-01-02 08:00:00+00:00,64.8,2026-01-02,8,4
2026-01-02 09:00:00+00:00,64.85,2026-01-02,9,4
2026-01-02 10:00:00+00:00,64.92,2026-01-02,10,4
2026-01-02 11:00:00+00:00,64.91,2026-01-02,11,4
2026-01-02 12:00:00+00:00,65.01,2026-01-02,12,4
2026-01-02 13:00:00+00:00,65.29,2026-01-02,13,4
2026-01-02 14:00:00+00:00,65.48,2026-01-02,14,4
2026-01-02 15:00:00+00:00,65.85,2026-01-02,15,4
2026-01-02 16:00:00+00:00,66.15,2026-01-02,16,4
2026-01-02 17:00:00+00:00,66.2,2026-01-02,17,4
2026-01-02 18:00:00+00:00,66.35,2026-01-02,18,4
2026-01-02 19:00:00+00:00,66.6,2026-01-02,19,4
2026-01-02 20:00:00+00:00,66.73,2026-01-02,20,4
2026-01-02 21:00:00+00:00,66.96,2026-01-02,21,4
2026-01-02 22:00:00+00:00,67.24,2026-01-02,22,4
2026-01-02 23:00:00+00:00,67.5,2026-01-02,23,4
2026-01-03 00:00:00+00:00,67.81,2026-01-03,0,5
2026-01-03 01:00:00+00:00,68.05,2026-01-03,1,5
2026-01-03 02:00:00+00:00,68.19,2026-01-03,2,5
2026-01-03 03:00:00+00:00,68.37,2026-01-03,3,5
2026-01-03 04:00:00+00:00,68.56,2026-01-03,4,5
2026-01-03 05:00:00+00:00,68.66,2026-01-03,5,5
2026-01-03 06:00:00+00:00,68.88,2026-01-03,6,5
2026-01-03 07:00:00+00:00,69.06,2026-01-03,7,5
2026-01-03 08:00:00+00:00,69.34,2026-01-03,8,5
2026-01-03 09:00:00+00:00,69.76,2026-01-03,9,5
2026-01-03 10:00:00+00:00,70.64,2026-01-03,10,5
2026-01-03 11:00:00+00:00,71.78,2026-01-03,11,5
2026-01-03 12:00:00+00:00,72.41,2026-01-03,12,5
2026-01-03 13:00:00+00:00,72.25,2026-01-03,13,5
2026-01-03 14:00:00+00:00,72.62,2026-01-03,14,5
2026-01-03 15:00:00+00:00,72.96,2026-01-03,15,5
2026-01-03 16:00:00+00:00,73.29,2026-01-03,16,5
2026-01-03 17:00:00+00:00,73.66,2026-01-03,17,5
2026-01-03 18:00:00+00:00,73.77,2026-01-03,18,5
2026-01-03 19:00:00+00:00,74.13,2026-01-03,19,5
2026-01-03 20:00:00+00:00,74.42,2026-01-03,20,5
2026-01-03 21:00:00+00:00,74.76,2026-01-03,21,5
2026-01-03 22:00:00+00:00,74.99,2026-01-03,22,5
2026-01-03 23:00:00+00:00,75.09,2026-01-03,23,5
2026-01-04 00:00:00+00:00,75.28,2026-01-04,0,6
2026-01-04 01:00:00+00:00,75.48,2026-01-04,1,6
2026-01-04 02:00:00+00:00,75.58,2026-01-04,2,6
2026-01-04 03:00:00+00:00,75.57,2026-01-04,3,6
2026-01-04 04:00:00+00:00,75.59,2026-01-04,4,6
2026-01-04 05:00:00+00:00,76.0,2026-01-04,5,6
2026-01-04 06:00:00+00:00,76.63,2026-01-04,6,6
2026-01-04 07:00:00+00:00,76.96,2026-01-04,7,6
2026-01-04 08:00:00+00:00,76.97,2026-01-04,8,6
2026-01-04 09:00:00+00:00,76.92,2026-01-04,9,6
2026-01-04 10:00:00+00:00,76.7,2026-01-04,10,6
2026-01-04 11:00:00+00:00,76.21,2026-01-04,11,6
2026-01-04 12:00:00+00:00,75.79,2026-01-04,12,6
2026-01-04 13:00:00+00:00,75.58,2026-01-04,13,6
2026-01-04 14:00:00+00:00,75.56,2026-01-04,14,6
2026-01-04 15:00:00+00:00,75.52,2026-01-04,15,6
2026-01-04 16:00:00+00:00,75.42,2026-01-04,16,6
2026-01-04 17:00:00+00:00,75.19,2026-01-04,17,6
2026-01-04 18:00:00+00:00,74.92,2026-01-04,18,6
2026-01-04 19:00:00+00:00,74.55,2026-01-04,19,6
2026-01-04 20:00:00+00:00,74.27,2026-01-04,20,6
2026-01-04 21:00:00+00:00,74.04,2026-01-04,21,6
2026-01-04 22:00:00+00:00,73.97,2026-01-04,22,6
2026-01-04 23:00:00+00:00,73.93,2026-01-04,23,6
2026-01-05 00:00:00+00:00,73.87,2026-01-05,0,0
2026-01-05 01:00:00+00:00,73.75,2026-01-05,1,0
2026-01-05 02:00:00+00:00,73.72,2026-01-05,2,0
2026-01-05 03:00:00+00:00,73.5,2026-01-05,3,0
2026-01-05 04:00:00+00:00,72.9,2026-01-05,4,0
2026-01-05 05:00:00+00:00,71.83,2026-01-05,5,0
2026-01-05 06:00:00+00:00,71.07,2026-01-05,6,0
2026-01-05 07:00:00+00:00,70.35,2026-01-05,7,0
2026-01-05 08:00:00+00:00,69.73,2026-01-05,8,0
2026-01-05 09:00:00+00:00,69.51,2026-01-05,9,0
2026-01-05 10:00:00+00:00,69.46,2026-01-05,10,0
2026-01-05 11:00:00+00:00,69.26,2026-01-05,11,0
2026-01-05 12:00:00+00:00,69.08,2026-01-05,12,0
2026-01-05 13:00:00+00:00,68.69,2026-01-05,13,0
2026-01-05 14:00:00+00:00,68.13,2026-01-05,14,0
2026-01-05 15:00:00+00:00,67.63,2026-01-05,15,0
2026-01-05 16:00:00+00:00,67.31,2026-01-05,16,0
2026-01-05 17:00:00+00:00,67.01,2026-01-05,17,0
2026-01-05 18:00:00+00:00,66.68,2026-01-05,18,0
2026-01-05 19:00:00+00:00,66.22,2026-01-05,19,0
2026-01-05 20:00:00+00:00,65.82,2026-01-05,20,0
2026-01-05 21:00:00+00:00,64.98,2026-01-05,21,0
2026-01-05 22:00:00+00:00,62.66,2026-01-05,22,0
2026-01-05 23:00:00+00:00,59.13,2026-01-05,23,0
2026-01-06 00:00:00+00:00,54.77,2026-01-06,0,1
2026-01-06 01:00:00+00:00,53.8,2026-01-06,1,1
2026-01-06 02:00:00+00:00,53.44,2026-01-06,2,1
2026-01-06 03:00:00+00:00,52.27,2026-01-06,3,1
2026-01-06 04:00:00+00:00,51.01,2026-01-06,4,1
2026-01-06 05:00:00+00:00,50.55,2026-01-06,5,1
2026-01-06 06:00:00+00:00,49.74,2026-01-06,6,1
2026-01-06 07:00:00+00:00,49.7,2026-01-06,7,1
2026-01-06 08:00:00+00:00,49.94,2026-01-06,8,1
2026-01-06 09:00:00+00:00,50.07,2026-01-06,9,1
2026-01-06 10:00:00+00:00,49.81,2026-01-06,10,1
2026-01-06 11:00:00+00:00,49.71,2026-01-06,11,1
2026-01-06 12:00:00+00:00,50.11,2026-01-06,12,1
2026-01-06 13:00:00+00:00,50.67,2026-01-06,13,1
2026-01-06 14:00:00+00:00,50.29,2026-01-06,14,1
2026-01-06 15:00:00+00:00,50.5,2026-01-06,15,1
2026-01-06 16:00:00+00:00,50.25,2026-01-06,16,1
2026-01-06 17:00:00+00:00,47.2,2026-01-06,17,1
2026-01-06 18:00:00+00:00,38.38,2026-01-06,18,1
2026-01-06 19:00:00+00:00,34.23,2026-01-06,19,1
2026-01-06 20:00:00+00:00,30.94,2026-01-06,20,1
2026-01-06 21:00:00+00:00,28.51,2026-01-06,21,1
2026-01-06 22:00:00+00:00,27.02,2026-01-06,22,1
2026-01-06 23:00:00+00:00,27.69,2026-01-06,23,1
2026-01-07 00:00:00+00:00,28.26,2026-01-07,0,2
2026-01-07 01:00:00+00:00,28.89,2026-01-07,1,2
2026-01-07 02:00:00+00:00,28.85,2026-01-07,2,2
2026-01-07 03:00:00+00:00,28.88,2026-01-07,3,2
2026-01-07 04:00:00+00:00,28.64,2026-01-07,4,2
2026-01-07 05:00:00+00:00,28.14,2026-01-07,5,2
2026-01-07 06:00:00+00:00,27.58,2026-01-07,6,2
2026-01-07 07:00:00+00:00,30.01,2026-01-07,7,2
2026-01-07 08:00:00+00:00,36.66,2026-01-07,8,2
2026-01-07 09:00:00+00:00,44.1,2026-01-07,9,2
2026-01-07 10:00:00+00:00,42.21,2026-01-07,10,2
2026-01-07 11:00:00+00:00,38.28,2026-01-07,11,2
2026-01-07 12:00:00+00:00,35.49,2026-01-07,12,2
2026-01-07 13:00:00+00:00,31.14,2026-01-07,13,2
2026-01-07 14:00:00+00:00,29.52,2026-01-07,14,2
2026-01-07 15:00:00+00:00,35.26,2026-01-07,15,2
2026-01-07 16:00:00+00:00,40.68,2026-01-07,16,2
2026-01-07 17:00:00+00:00,41.33,2026-01-07,17,2
2026-01-07 18:00:00+00:00,44.1,2026-01-07,18,2
2026-01-07 19:00:00+00:00,45.54,2026-01-07,19,2
2026-01-07 20:00:00+00:00,42.92,2026-01-07,20,2
2026-01-07 21:00:00+00:00,40.94,2026-01-07,21,2
2026-01-07 22:00:00+00:00,40.69,2026-01-07,22,2
2026-01-07 23:00:00+00:00,42.01,2026-01-07,23,2
2026-01-08 00:00:00+00:00,42.37,2026-01-08,0,3
2026-01-08 01:00:00+00:00,42.66,2026-01-08,1,3
2026-01-08 02:00:00+00:00,42.8,2026-01-08,2,3
2026-01-08 03:00:00+00:00,43.42,2026-01-08,3,3
2026-01-08 04:00:00+00:00,43.94,2026-01-08,4,3
2026-01-08 05:00:00+00:00,44.4,2026-01-08,5,3
2026-01-08 06:00:00+00:00,44.54,2026-01-08,6,3
2026-01-08 07:00:00+00:00,47.8,2026-01-08,7,3
2026-01-08 08:00:00+00:00,54.74,2026-01-08,8,3
2026-01-08 09:00:00+00:00,52.4,2026-01-08,9,3
2026-01-08 10:00:00+00:00,44.03,2026-01-08,10,3
2026-01-08 11:00:00+00:00,45.24,2026-01-08,11,3
2026-01-08 12:00:00+00:00,44.33,2026-01-08,12,3
2026-01-08 13:00:00+00:00,42.52,2026-01-08,13,3
2026-01-08 14:00:00+00:00,41.53,2026-01-08,14,3
2026-01-08 15:00:00+00:00,44.21,2026-01-08,15,3
2026-01-08 16:00:00+00:00,45.89,2026-01-08,16,3
2026-01-08 17:00:00+00:00,46.93,2026-01-08,17,3
2026-01-08 18:00:00+00:00,48.5,2026-01-08,18,3
2026-01-08 19:00:00+00:00,47.38,2026-01-08,19,3
2026-01-08 20:00:00+00:00,45.0,2026-01-08,20,3
2026-01-08 21:00:00+00:00,44.41,2026-01-08,21,3
2026-01-08 22:00:00+00:00,44.44,2026-01-08,22,3
2026-01-08 23:00:00+00:00,44.55,2026-01-08,23,3
2026-01-09 00:00:00+00:00,44.61,2026-01-09,0,4
2026-01-09 01:00:00+00:00,44.55,2026-01-09,1,4
2026-01-09 02:00:00+00:00,45.01,2026-01-09,2,4
2026-01-09 03:00:00+00:00,45.43,2026-01-09,3,4
2026-01-09 04:00:00+00:00,45.84,2026-01-09,4,4
2026-01-09 05:00:00+00:00,45.98,2026-01-09,5,4
2026-01-09 06:00:00+00:00,45.47,2026-01-09,6,4
2026-01-09 07:00:00+00:00,44.17,2026-01-09,7,4
2026-01-09 08:00:00+00:00,45.52,2026-01-09,8,4
2026-01-09 09:00:00+00:00,51.21,2026-01-09,9,4
2026-01-09 10:00:00+00:00,53.02,2026-01-09,10,4
2026-01-09 11:00:00+00:00,52.31,2026-01-09,11,4
2026-01-09 12:00:00+00:00,51.58,2026-01-09,12,4
2026-01-09 13:00:00+00:00,51.2,2026-01-09,13,4
2026-01-09 14:00:00+00:00,45.65,2026-01-09,14,4
2026-01-09 15:00:00+00:00,40.16,2026-01-09,15,4
2026-01-09 16:00:00+00:00,38.52,2026-01-09,16,4
2026-01-09 17:00:00+00:00,37.96,2026-01-09,17,4
2026-01-09 18:00:00+00:00,37.63,2026-01-09,18,4
2026-01-09 19:00:00+00:00,39.6,2026-01-09,19,4
2026-01-09 20:00:00+00:00,41.15,2026-01-09,20,4
2026-01-09 21:00:00+00:00,42.37,2026-01-09,21,4
2026-01-09 22:00:00+00:00,43.31,2026-01-09,22,4
2026-01-09 23:00:00+00:00,44.08,2026-01-09,23,4
2026-01-10 00:00:00+00:00,43.57,2026-01-10,0,5
2026-01-10 01:00:00+00:00,43.51,2026-01-10,1,5
2026-01-10 02:00:00+00:00,43.27,2026-01-10,2,5
2026-01-10 03:00:00+00:00,42.74,2026-01-10,3,5
2026-01-10 04:00:00+00:00,42.42,2026-01-10,4,5
2026-01-10 05:00:00+00:00,42.31,2026-01-10,5,5
2026-01-10 06:00:00+00:00,42.21,2026-01-10,6,5
2026-01-10 07:00:00+00:00,41.99,2026-01-10,7,5
2026-01-10 08:00:00+00:00,41.78,2026-01-10,8,5
2026-01-10 09:00:00+00:00,40.87,2026-01-10,9,5
2026-01-10 10:00:00+00:00,39.2,2026-01-10,10,5
2026-01-10 11:00:00+00:00,36.54,2026-01-10,11,5
2026-01-10 12:00:00+00:00,34.71,2026-01-10,12,5
2026-01-10 13:00:00+00:00,33.86,2026-01-10,13,5
2026-01-10 14:00:00+00:00,33.44,2026-01-10,14,5
2026-01-10 15:00:00+00:00,33.61,2026-01-10,15,5
2026-01-10 16:00:00+00:00,34.11,2026-01-10,16,5
2026-01-10 17:00:00+00:00,34.85,2026-01-10,17,5
2026-01-10 18:00:00+00:00,36.0,2026-01-10,18,5
2026-01-10 19:00:00+00:00,36.79,2026-01-10,19,5
2026-01-10 20:00:00+00:00,37.61,2026-01-10,20,5
2026-01-10 21:00:00+00:00,38.06,2026-01-10,21,5
2026-01-10 22:00:00+00:00,38.43,2026-01-10,22,5
2026-01-10 23:00:00+00:00,38.83,2026-01-10,23,5
2026-01-11 00:00:00+00:00,39.37,2026-01-11,0,6
2026-01-11 01:00:00+00:00,39.58,2026-01-11,1,6
2026-01-11 02:00:00+00:00,39.77,2026-01-11,2,6
2026-01-11 03:00:00+00:00,40.1,2026-01-11,3,6
2026-01-11 04:00:00+00:00,40.39,2026-01-11,4,6
2026-01-11 05:00:00+00:00,40.88,2026-01-11,5,6
2026-01-11 06:00:00+00:00,41.12,2026-01-11,6,6
2026-01-11 07:00:00+00:00,41.14,2026-01-11,7,6
2026-01-11 08:00:00+00:00,41.23,2026-01-11,8,6
2026-01-11 09:00:00+00:00,41.66,2026-01-11,9,6
2026-01-11 10:00:00+00:00,41.92,2026-01-11,10,6
2026-01-11 11:00:00+00:00,42.1,2026-01-11,11,6
2026-01-11 12:00:00+00:00,42.13,2026-01-11,12,6
2026-01-11 13:00:00+00:00,42.08,2026-01-11,13,6
2026-01-11 14:00:00+00:00,42.05,2026-01-11,14,6
2026-01-11 15:00:00+00:00,41.99,2026-01-11,15,6
2026-01-11 16:00:00+00:00,42.12,2026-01-11,16,6
2026-01-11 17:00:00+00:00,42.68,2026-01-11,17,6
2026-01-11 18:00:00+00:00,43.44,2026-01-11,18,6
2026-01-11 19:00:00+00:00,44.08,2026-01-11,19,6
2026-01-11 20:00:00+00:00,45.33,2026-01-11,20,6
2026-01-11 21:00:00+00:00,46.53,2026-01-11,21,6
2026-01-11 22:00:00+00:00,47.45,2026-01-11,22,6
2026-01-11 23:00:00+00:00,47.4,2026-01-11,23,6
2026-01-12 00:00:00+00:00,47.47,2026-01-12,0,0
2026-01-12 01:00:00+00:00,47.55,2026-01-12,1,0
2026-01-12 02:00:00+00:00,47.69,2026-01-12,2,0
2026-01-12 03:00:00+00:00,47.74,2026-01-12,3,0
2026-01-12 04:00:00+00:00,47.72,2026-01-12,4,0
2026-01-12 05:00:00+00:00,47.55,2026-01-12,5,0
2026-01-12 06:00:00+00:00,46.77,2026-01-12,6,0
2026-01-12 07:00:00+00:00,48.94,2026-01-12,7,0
2026-01-12 08:00:00+00:00,54.5,2026-01-12,8,0
2026-01-12 09:00:00+00:00,56.99,2026-01-12,9,0
2026-01-12 10:00:00+00:00,56.8,2026-01-12,10,0
2026-01-12 11:00:00+00:00,53.87,2026-01-12,11,0
2026-01-12 12:00:00+00:00,47.58,2026-01-12,12,0
2026-01-12 13:00:00+00:00,46.89,2026-01-12,13,0
2026-01-12 14:00:00+00:00,46.85,2026-01-12,14,0
2026-01-12 15:00:00+00:00,51.46,2026-01-12,15,0
2026-01-12 16:00:00+00:00,56.03,2026-01-12,16,0
2026-01-12 17:00:00+00:00,55.04,2026-01-12,17,0
2026-01-12 18:00:00+00:00,56.43,2026-01-12,18,0
2026-01-12 19:00:00+00:00,56.0,2026-01-12,19,0
2026-01-12 20:00:00+00:00,54.29,2026-01-12,20,0
2026-01-12 21:00:00+00:00,54.63,2026-01-12,21,0
2026-01-12 22:00:00+00:00,54.44,2026-01-12,22,0
2026-01-12 23:00:00+00:00,54.07,2026-01-12,23,0
2026-01-13 00:00:00+00:00,53.28,2026-01-13,0,1
2026-01-13 01:00:00+00:00,52.84,2026-01-13,1,1
2026-01-13 02:00:00+00:00,52.22,2026-01-13,2,1
2026-01-13 03:00:00+00:00,51.78,2026-01-13,3,1
2026-01-13 04:00:00+00:00,51.33,2026-01-13,4,1
2026-01-13 05:00:00+00:00,50.41,2026-01-13,5,1
2026-01-13 06:00:00+00:00,48.83,2026-01-13,6,1
2026-01-13 07:00:00+00:00,49.65,2026-01-13,7,1
2026-01-13 08:00:00+00:00,53.49,2026-01-13,8,1
2026-01-13 09:00:00+00:00,55.6,2026-01-13,9,1
2026-01-13 10:00:00+00:00,55.04,2026-01-13,10,1
2026-01-13 11:00:00+00:00,55.22,2026-01-13,11,1
2026-01-13 12:00:00+00:00,57.62,2026-01-13,12,1
2026-01-13 13:00:00+00:00,53.9,2026-01-13,13,1
2026-01-13 14:00:00+00:00,54.13,2026-01-13,14,1
2026-01-13 15:00:00+00:00,57.35,2026-01-13,15,1
2026-01-13 16:00:00+00:00,61.01,2026-01-13,16,1
2026-01-13 17:00:00+00:00,59.58,2026-01-13,17,1
2026-01-13 18:00:00+00:00,59.43,2026-01-13,18,1
2026-01-13 19:00:00+00:00,58.36,2026-01-13,19,1
2026-01-13 20:00:00+00:00,55.98,2026-01-13,20,1
2026-01-13 21:00:00+00:00,56.81,2026-01-13,21,1
2026-01-13 22:00:00+00:00,56.92,2026-01-13,22,1
2026-01-13 23:00:00+00:00,56.8,2026-01-13,23,1
2026-01-14 00:00:00+00:00,56.22,2026-01-14,0,2
2026-01-14 01:00:00+00:00,55.63,2026-01-14,1,2
2026-01-14 02:00:00+00:00,54.98,2026-01-14,2,2
2026-01-14 03:00:00+00:00,54.24,2026-01-14,3,2
2026-01-14 04:00:00+00:00,53.79,2026-01-14,4,2
2026-01-14 05:00:00+00:00,51.68,2026-01-14,5,2
2026-01-14 06:00:00+00:00,49.62,2026-01-14,6,2
2026-01-14 07:00:00+00:00,49.23,2026-01-14,7,2
2026-01-14 08:00:00+00:00,51.22,2026-01-14,8,2
2026-01-14 09:00:00+00:00,49.36,2026-01-14,9,2
2026-01-14 10:00:00+00:00,48.02,2026-01-14,10,2
2026-01-14 11:00:00+00:00,52.8,2026-01-14,11,2
2026-01-14 12:00:00+00:00,51.17,2026-01-14,12,2
2026-01-14 13:00:00+00:00,49.01,2026-01-14,13,2
2026-01-14 14:00:00+00:00,48.23,2026-01-14,14,2
2026-01-14 15:00:00+00:00,51.52,2026-01-14,15,2
2026-01-14 16:00:00+00:00,55.5,2026-01-14,16,2
2026-01-14 17:00:00+00:00,54.64,2026-01-14,17,2
2026-01-14 18:00:00+00:00,57.04,2026-01-14,18,2
2026-01-14 19:00:00+00:00,58.09,2026-01-14,19,2
2026-01-14 20:00:00+00:00,54.87,2026-01-14,20,2
2026-01-14 21:00:00+00:00,55.26,2026-01-14,21,2
2026-01-14 22:00:00+00:00,55.59,2026-01-14,22,2
2026-01-14 23:00:00+00:00,55.6,2026-01-14,23,2
2026-01-15 00:00:00+00:00,55.31,2026-01-15,0,3
2026-01-15 01:00:00+00:00,54.83,2026-01-15,1,3
2026-01-15 02:00:00+00:00,54.52,2026-01-15,2,3
2026-01-15 03:00:00+00:00,54.5,2026-01-15,3,3
2026-01-15 04:00:00+00:00,54.14,2026-01-15,4,3
2026-01-15 05:00:00+00:00,52.15,2026-01-15,5,3
2026-01-15 06:00:00+00:00,49.6,2026-01-15,6,3
2026-01-15 07:00:00+00:00,48.12,2026-01-15,7,3
2026-01-15 08:00:00+00:00,48.09,2026-01-15,8,3
2026-01-15 09:00:00+00:00,47.23,2026-01-15,9,3
2026-01-15 10:00:00+00:00,46.88,2026-01-15,10,3
2026-01-15 11:00:00+00:00,45.9,2026-01-15,11,3
2026-01-15 12:00:00+00:00,44.21,2026-01-15,12,3
2026-01-15 13:00:00+00:00,43.18,2026-01-15,13,3
2026-01-15 14:00:00+00:00,42.66,2026-01-15,14,3
2026-01-15 15:00:00+00:00,46.17,2026-01-15,15,3
2026-01-15 16:00:00+00:00,50.45,2026-01-15,16,3
2026-01-15 17:00:00+00:00,51.22,2026-01-15,17,3
2026-01-15 18:00:00+00:00,52.01,2026-01-15,18,3
2026-01-15 19:00:00+00:00,52.4,2026-01-15,19,3
2026-01-15 20:00:00+00:00,50.84,2026-01-15,20,3
2026-01-15 21:00:00+00:00,50.3,2026-01-15,21,3
2026-01-15 22:00:00+00:00,50.14,2026-01-15,22,3
2026-01-15 23:00:00+00:00,49.49,2026-01-15,23,3
2026-01-16 00:00:00+00:00,48.68,2026-01-16,0,4
2026-01-16 01:00:00+00:00,48.55,2026-01-16,1,4
2026-01-16 02:00:00+00:00,48.39,2026-01-16,2,4
2026-01-16 03:00:00+00:00,48.37,2026-01-16,3,4
2026-01-16 04:00:00+00:00,48.3,2026-01-16,4,4
2026-01-16 05:00:00+00:00,47.86,2026-01-16,5,4
2026-01-16 06:00:00+00:00,47.02,2026-01-16,6,4
2026-01-16 07:00:00+00:00,47.77,2026-01-16,7,4
2026-01-16 08:00:00+00:00,49.32,2026-01-16,8,4
2026-01-16 09:00:00+00:00,49.04,2026-01-16,9,4
2026-01-16 10:00:00+00:00,50.53,2026-01-16,10,4
2026-01-16 11:00:00+00:00,54.28,2026-01-16,11,4
2026-01-16 12:00:00+00:00,50.11,2026-01-16,12,4
2026-01-16 13:00:00+00:00,47.72,2026-01-16,13,4
2026-01-16 14:00:00+00:00,48.48,2026-01-16,14,4
2026-01-16 15:00:00+00:00,49.34,2026-01-16,15,4
2026-01-16 16:00:00+00:00,50.4,2026-01-16,16,4
2026-01-16 17:00:00+00:00,51.61,2026-01-16,17,4
2026-01-16 18:00:00+00:00,52.4,2026-01-16,18,4
2026-01-16 19:00:00+00:00,53.94,2026-01-16,19,4
2026-01-16 20:00:00+00:00,55.08,2026-01-16,20,4
2026-01-16 21:00:00+00:00,55.19,2026-01-16,21,4
2026-01-16 22:00:00+00:00,54.66,2026-01-16,22,4
2026-01-16 23:00:00+00:00,54.4,2026-01-16,23,4
2026-01-17 00:00:00+00:00,54.33,2026-01-17,0,5
2026-01-17 01:00:00+00:00,54.36,2026-01-17,1,5
2026-01-17 02:00:00+00:00,54.35,2026-01-17,2,5
2026-01-17 03:00:00+00:00,54.35,2026-01-17,3,5
2026-01-17 04:00:00+00:00,54.34,2026-01-17,4,5
2026-01-17 05:00:00+00:00,54.23,2026-01-17,5,5
2026-01-17 06:00:00+00:00,54.27,2026-01-17,6,5
2026-01-17 07:00:00+00:00,54.17,2026-01-17,7,5
2026-01-17 08:00:00+00:00,53.94,2026-01-17,8,5
2026-01-17 09:00:00+00:00,53.8,2026-01-17,9,5
2026-01-17 10:00:00+00:00,53.78,2026-01-17,10,5
2026-01-17 11:00:00+00:00,53.88,2026-01-17,11,5
2026-01-17 12:00:00+00:00,53.87,2026-01-17,12,5
2026-01-17 13:00:00+00:00,53.69,2026-01-17,13,5
2026-01-17 14:00:00+00:00,53.19,2026-01-17,14,5
2026-01-17 15:00:00+00:00,52.84,2026-01-17,15,5
2026-01-17 16:00:00+00:00,52.38,2026-01-17,16,5
2026-01-17 17:00:00+00:00,51.74,2026-01-17,17,5
2026-01-17 18:00:00+00:00,51.04,2026-01-17,18,5
2026-01-17 19:00:00+00:00,50.12,2026-01-17,19,5
2026-01-17 20:00:00+00:00,49.21,2026-01-17,20,5
2026-01-17 21:00:00+00:00,48.55,2026-01-17,21,5
2026-01-17 22:00:00+00:00,48.17,2026-01-17,22,5
2026-01-17 23:00:00+00:00,47.92,2026-01-17,23,5
2026-01-18 00:00:00+00:00,47.5,2026-01-18,0,6
2026-01-18 01:00:00+00:00,47.29,2026-01-18,1,6
2026-01-18 02:00:00+00:00,46.51,2026-01-18,2,6
2026-01-18 03:00:00+00:00,46.16,2026-01-18,3,6
2026-01-18 04:00:00+00:00,46.03,2026-01-18,4,6
2026-01-18 05:00:00+00:00,45.61,2026-01-18,5,6
2026-01-18 06:00:00+00:00,45.34,2026-01-18,6,6
2026-01-18 07:00:00+00:00,45.05,2026-01-18,7,6
2026-01-18 08:00:00+00:00,44.96,2026-01-18,8,6
2026-01-18 09:00:00+00:00,45.38,2026-01-18,9,6
2026-01-18 10:00:00+00:00,45.75,2026-01-18,10,6
2026-01-18 11:00:00+00:00,46.48,2026-01-18,11,6
2026-01-18 12:00:00+00:00,47.09,2026-01-18,12,6
2026-01-18 13:00:00+00:00,47.54,2026-01-18,13,6
2026-01-18 14:00:00+00:00,48.42,2026-01-18,14,6
2026-01-18 15:00:00+00:00,49.26,2026-01-18,15,6
2026-01-18 16:00:00+00:00,50.08,2026-01-18,16,6
2026-01-18 17:00:00+00:00,50.78,2026-01-18,17,6
2026-01-18 18:00:00+00:00,51.41,2026-01-18,18,6
2026-01-18 19:00:00+00:00,51.99,2026-01-18,19,6
2026-01-18 20:00:00+00:00,52.82,2026-01-18,20,6
2026-01-18 21:00:00+00:00,53.56,2026-01-18,21,6
2026-01-18 22:00:00+00:00,53.75,2026-01-18,22,6
2026-01-18 23:00:00+00:00,53.61,2026-01-18,23,6
2026-01-19 00:00:00+00:00,53.52,2026-01-19,0,0
2026-01-19 01:00:00+00:00,53.49,2026-01-19,1,0
2026-01-19 02:00:00+00:00,53.04,2026-01-19,2,0
2026-01-19 03:00:00+00:00,52.06,2026-01-19,3,0
2026-01-19 04:00:00+00:00,51.81,2026-01-19,4,0
2026-01-19 05:00:00+00:00,51.58,2026-01-19,5,0
2026-01-19 06:00:00+00:00,50.56,2026-01-19,6,0
2026-01-19 07:00:00+00:00,54.8,2026-01-19,7,0
2026-01-19 08:00:00+00:00,61.89,2026-01-19,8,0
2026-01-19 09:00:00+00:00,60.92,2026-01-19,9,0
2026-01-19 10:00:00+00:00,55.92,2026-01-19,10,0
2026-01-19 11:00:00+00:00,58.41,2026-01-19,11,0
2026-01-19 12:00:00+00:00,56.36,2026-01-19,12,0
2026-01-19 13:00:00+00:00,51.59,2026-01-19,13,0
2026-01-19 14:00:00+00:00,52.84,2026-01-19,14,0
2026-01-19 15:00:00+00:00,56.38,2026-01-19,15,0
2026-01-19 16:00:00+00:00,59.2,2026-01-19,16,0
2026-01-19 17:00:00+00:00,58.15,2026-01-19,17,0
2026-01-19 18:00:00+00:00,59.68,2026-01-19,18,0
2026-01-19 19:00:00+00:00,61.84,2026-01-19,19,0
2026-01-19 20:00:00+00:00,61.51,2026-01-19,20,0
2026-01-19 21:00:00+00:00,61.33,2026-01-19,21,0
2026-01-19 22:00:00+00:00,60.74,2026-01-19,22,0
2026-01-19 23:00:00+00:00,60.42,2026-01-19,23,0
2026-01-20 00:00:00+00:00,59.94,2026-01-20,0,1
2026-01-20 01:00:00+00:00,58.79,2026-01-20,1,1
2026-01-20 02:00:00+00:00,57.89,2026-01-20,2,1
2026-01-20 03:00:00+00:00,56.69,2026-01-20,3,1
2026-01-20 04:00:00+00:00,55.69,2026-01-20,4,1
2026-01-20 05:00:00+00:00,54.76,2026-01-20,5,1
2026-01-20 06:00:00+00:00,54.44,2026-01-20,6,1
2026-01-20 07:00:00+00:00,58.68,2026-01-20,7,1
2026-01-20 08:00:00+00:00,66.1,2026-01-20,8,1
2026-01-20 09:00:00+00:00,63.67,2026-01-20,9,1
2026-01-20 10:00:00+00:00,57.19,2026-01-20,10,1
2026-01-20 11:00:00+00:00,52.61,2026-01-20,11,1
2026-01-20 12:00:00+00:00,52.07,2026-01-20,12,1
2026-01-20 13:00:00+00:00,52.01,2026-01-20,13,1
2026-01-20 14:00:00+00:00,49.81,2026-01-20,14,1
2026-01-20 15:00:00+00:00,50.17,2026-01-20,15,1
2026-01-20 16:00:00+00:00,51.18,2026-01-20,16,1
2026-01-20 17:00:00+00:00,51.62,2026-01-20,17,1
2026-01-20 18:00:00+00:00,50.44,2026-01-20,18,1
2026-01-20 19:00:00+00:00,49.41,2026-01-20,19,1
2026-01-20 20:00:00+00:00,50.74,2026-01-20,20,1
2026-01-20 21:00:00+00:00,53.03,2026-01-20,21,1
2026-01-20 22:00:00+00:00,54.61,2026-01-20,22,1
2026-01-20 23:00:00+00:00,55.15,2026-01-20,23,1
2026-01-21 00:00:00+00:00,55.32,2026-01-21,0,2
2026-01-21 01:00:00+00:00,55.84,2026-01-21,1,2
2026-01-21 02:00:00+00:00,55.49,2026-01-21,2,2
2026-01-21 03:00:00+00:00,55.81,2026-01-21,3,2
2026-01-21 04:00:00+00:00,56.28,2026-01-21,4,2
2026-01-21 05:00:00+00:00,56.54,2026-01-21,5,2
2026-01-21 06:00:00+00:00,56.68,2026-01-21,6,2
2026-01-21 07:00:00+00:00,56.06,2026-01-21,7,2
2026-01-21 08:00:00+00:00,57.76,2026-01-21,8,2
2026-01-21 09:00:00+00:00,55.49,2026-01-21,9,2
2026-01-21 10:00:00+00:00,50.96,2026-01-21,10,2
2026-01-21 11:00:00+00:00,47.9,2026-01-21,11,2
2026-01-21 12:00:00+00:00,45.33,2026-01-21,12,2
2026-01-21 13:00:00+00:00,46.27,2026-01-21,13,2
2026-01-21 14:00:00+00:00,46.46,2026-01-21,14,2
2026-01-21 15:00:00+00:00,49.48,2026-01-21,15,2
2026-01-21 16:00:00+00:00,52.81,2026-01-21,16,2
2026-01-21 17:00:00+00:00,52.01,2026-01-21,17,2
2026-01-21 18:00:00+00:00,54.46,2026-01-21,18,2
2026-01-21 19:00:00+00:00,56.33,2026-01-21,19,2
2026-01-21 20:00:00+00:00,55.85,2026-01-21,20,2
2026-01-21 21:00:00+00:00,55.39,2026-01-21,21,2
2026-01-21 22:00:00+00:00,54.94,2026-01-21,22,2
2026-01-21 23:00:00+00:00,54.61,2026-01-21,23,2
2026-01-22 00:00:00+00:00,54.15,2026-01-22,0,3
2026-01-22 01:00:00+00:00,53.94,2026-01-22,1,3
2026-01-22 02:00:00+00:00,54.01,2026-01-22,2,3
2026-01-22 03:00:00+00:00,53.12,2026-01-22,3,3
2026-01-22 04:00:00+00:00,51.91,2026-01-22,4,3
2026-01-22 05:00:00+00:00,50.6,2026-01-22,5,3
2026-01-22 06:00:00+00:00,48.87,2026-01-22,6,3
2026-01-22 07:00:00+00:00,50.29,2026-01-22,7,3
2026-01-22 08:00:00+00:00,51.23,2026-01-22,8,3
2026-01-22 09:00:00+00:00,50.17,2026-01-22,9,3
2026-01-22 10:00:00+00:00,45.41,2026-01-22,10,3
2026-01-22 11:00:00+00:00,45.58,2026-01-22,11,3
2026-01-22 12:00:00+00:00,42.55,2026-01-22,12,3
2026-01-22 13:00:00+00:00,39.6,2026-01-22,13,3
2026-01-22 14:00:00+00:00,38.22,2026-01-22,14,3
2026-01-22 15:00:00+00:00,41.08,2026-01-22,15,3
2026-01-22 16:00:00+00:00,41.18,2026-01-22,16,3
2026-01-22 17:00:00+00:00,41.02,2026-01-22,17,3
2026-01-22 18:00:00+00:00,43.87,2026-01-22,18,3
2026-01-22 19:00:00+00:00,45.74,2026-01-22,19,3
2026-01-22 20:00:00+00:00,45.96,2026-01-22,20,3
2026-01-22 21:00:00+00:00,45.68,2026-01-22,21,3
2026-01-22 22:00:00+00:00,45.6,2026-01-22,22,3
2026-01-22 23:00:00+00:00,44.84,2026-01-22,23,3
2026-01-23 00:00:00+00:00,44.69,2026-01-23,0,4
2026-01-23 01:00:00+00:00,44.55,2026-01-23,1,4
2026-01-23 02:00:00+00:00,44.7,2026-01-23,2,4
2026-01-23 03:00:00+00:00,45.08,2026-01-23,3,4
2026-01-23 04:00:00+00:00,45.29,2026-01-23,4,4
2026-01-23 05:00:00+00:00,45.26,2026-01-23,5,4
2026-01-23 06:00:00+00:00,44.56,2026-01-23,6,4
2026-01-23 07:00:00+00:00,45.52,2026-01-23,7,4
2026-01-23 08:00:00+00:00,48.67,2026-01-23,8,4
2026-01-23 09:00:00+00:00,49.85,2026-01-23,9,4
2026-01-23 10:00:00+00:00,45.76,2026-01-23,10,4
2026-01-23 11:00:00+00:00,45.67,2026-01-23,11,4
2026-01-23 12:00:00+00:00,41.82,2026-01-23,12,4
2026-01-23 13:00:00+00:00,39.9,2026-01-23,13,4
2026-01-23 14:00:00+00:00,37.41,2026-01-23,14,4
2026-01-23 15:00:00+00:00,36.79,2026-01-23,15,4
2026-01-23 16:00:00+00:00,36.57,2026-01-23,16,4
2026-01-23 17:00:00+00:00,37.07,2026-01-23,17,4
2026-01-23 18:00:00+00:00,37.4,2026-01-23,18,4
2026-01-23 19:00:00+00:00,38.81,2026-01-23,19,4
2026-01-23 20:00:00+00:00,39.98,2026-01-23,20,4
2026-01-23 21:00:00+00:00,40.56,2026-01-23,21,4
2026-01-23 22:00:00+00:00,40.99,2026-01-23,22,4
2026-01-23 23:00:00+00:00,41.2,2026-01-23,23,4
2026-01-24 00:00:00+00:00,41.5,2026-01-24,0,5
2026-01-24 01:00:00+00:00,42.25,2026-01-24,1,5
2026-01-24 02:00:00+00:00,42.78,2026-01-24,2,5
2026-01-24 03:00:00+00:00,43.12,2026-01-24,3,5
2026-01-24 04:00:00+00:00,42.78,2026-01-24,4,5
2026-01-24 05:00:00+00:00,42.47,2026-01-24,5,5
2026-01-24 06:00:00+00:00,40.91,2026-01-24,6,5
2026-01-24 07:00:00+00:00,39.91,2026-01-24,7,5
2026-01-24 08:00:00+00:00,38.21,2026-01-24,8,5
2026-01-24 09:00:00+00:00,37.62,2026-01-24,9,5
2026-01-24 10:00:00+00:00,35.97,2026-01-24,10,5
2026-01-24 11:00:00+00:00,35.91,2026-01-24,11,5
2026-01-24 12:00:00+00:00,35.94,2026-01-24,12,5
2026-01-24 13:00:00+00:00,35.53,2026-01-24,13,5
2026-01-24 14:00:00+00:00,35.91,2026-01-24,14,5
2026-01-24 15:00:00+00:00,35.83,2026-01-24,15,5
2026-01-24 16:00:00+00:00,35.9,2026-01-24,16,5
2026-01-24 17:00:00+00:00,36.47,2026-01-24,17,5
2026-01-24 18:00:00+00:00,36.91,2026-01-24,18,5
2026-01-24 19:00:00+00:00,37.26,2026-01-24,19,5
2026-01-24 20:00:00+00:00,37.87,2026-01-24,20,5
2026-01-24 21:00:00+00:00,38.26,2026-01-24,21,5
2026-01-24 22:00:00+00:00,39.15,2026-01-24,22,5
2026-01-24 23:00:00+00:00,40.99,2026-01-24,23,5
2026-01-25 00:00:00+00:00,42.91,2026-01-25,0,6
2026-01-25 01:00:00+00:00,43.05,2026-01-25,1,6
2026-01-25 02:00:00+00:00,43.18,2026-01-25,2,6
2026-01-25 03:00:00+00:00,43.57,2026-01-25,3,6
2026-01-25 04:00:00+00:00,43.67,2026-01-25,4,6
2026-01-25 05:00:00+00:00,43.25,2026-01-25,5,6
2026-01-25 06:00:00+00:00,43.15,2026-01-25,6,6
2026-01-25 07:00:00+00:00,43.03,2026-01-25,7,6
2026-01-25 08:00:00+00:00,43.36,2026-01-25,8,6
2026-01-25 09:00:00+00:00,44.56,2026-01-25,9,6
2026-01-25 10:00:00+00:00,44.75,2026-01-25,10,6
2026-01-25 11:00:00+00:00,45.08,2026-01-25,11,6
2026-01-25 12:00:00+00:00,45.63,2026-01-25,12,6
2026-01-25 13:00:00+00:00,45.28,2026-01-25,13,6
2026-01-25 14:00:00+00:00,45.17,2026-01-25,14,6
2026-01-25 15:00:00+00:00,45.31,2026-01-25,15,6
2026-01-25 16:00:00+00:00,47.18,2026-01-25,16,6
2026-01-25 17:00:00+00:00,48.87,2026-01-25,17,6
2026-01-25 18:00:00+00:00,49.34,2026-01-25,18,6
2026-01-25 19:00:00+00:00,48.31,2026-01-25,19,6
2026-01-25 20:00:00+00:00,42.75,2026-01-25,20,6
2026-01-25 21:00:00+00:00,39.64,2026-01-25,21,6
2026-01-25 22:00:00+00:00,39.56,2026-01-25,22,6
2026-01-25 23:00:00+00:00,39.23,2026-01-25,23,6
2026-01-26 00:00:00+00:00,38.49,2026-01-26,0,0
2026-01-26 01:00:00+00:00,38.65,2026-01-26,1,0
2026-01-26 02:00:00+00:00,39.48,2026-01-26,2,0
2026-01-26 03:00:00+00:00,40.23,2026-01-26,3,0
2026-01-26 04:00:00+00:00,41.32,2026-01-26,4,0
2026-01-26 05:00:00+00:00,41.72,2026-01-26,5,0
2026-01-26 06:00:00+00:00,41.85,2026-01-26,6,0
2026-01-26 07:00:00+00:00,45.9,2026-01-26,7,0
2026-01-26 08:00:00+00:00,55.13,2026-01-26,8,0
2026-01-26 09:00:00+00:00,50.45,2026-01-26,9,0
2026-01-26 10:00:00+00:00,44.8,2026-01-26,10,0
2026-01-26 11:00:00+00:00,44.99,2026-01-26,11,0
2026-01-26 12:00:00+00:00,42.25,2026-01-26,12,0
2026-01-26 13:00:00+00:00,41.23,2026-01-26,13,0
2026-01-26 14:00:00+00:00,40.74,2026-01-26,14,0
2026-01-26 15:00:00+00:00,45.71,2026-01-26,15,0
2026-01-26 16:00:00+00:00,50.52,2026-01-26,16,0
2026-01-26 17:00:00+00:00,48.02,2026-01-26,17,0
2026-01-26 18:00:00+00:00,52.96,2026-01-26,18,0
2026-01-26 19:00:00+00:00,54.39,2026-01-26,19,0
2026-01-26 20:00:00+00:00,50.87,2026-01-26,20,0
2026-01-26 21:00:00+00:00,51.87,2026-01-26,21,0
2026-01-26 22:00:00+00:00,52.42,2026-01-26,22,0
2026-01-26 23:00:00+00:00,53.33,2026-01-26,23,0
2026-01-27 00:00:00+00:00,53.79,2026-01-27,0,1
2026-01-27 01:00:00+00:00,53.99,2026-01-27,1,1
2026-01-27 02:00:00+00:00,54.08,2026-01-27,2,1
2026-01-27 03:00:00+00:00,54.08,2026-01-27,3,1
2026-01-27 04:00:00+00:00,53.7,2026-01-27,4,1
2026-01-27 05:00:00+00:00,53.26,2026-01-27,5,1
2026-01-27 06:00:00+00:00,52.45,2026-01-27,6,1
2026-01-27 07:00:00+00:00,53.92,2026-01-27,7,1
2026-01-27 08:00:00+00:00,60.11,2026-01-27,8,1
2026-01-27 09:00:00+00:00,53.37,2026-01-27,9,1
2026-01-27 10:00:00+00:00,56.84,2026-01-27,10,1
2026-01-27 11:00:00+00:00,51.74,2026-01-27,11,1
2026-01-27 12:00:00+00:00,50.87,2026-01-27,12,1
2026-01-27 13:00:00+00:00,50.52,2026-01-27,13,1
2026-01-27 14:00:00+00:00,52.3,2026-01-27,14,1
2026-01-27 15:00:00+00:00,51.54,2026-01-27,15,1
2026-01-27 16:00:00+00:00,53.39,2026-01-27,16,1
2026-01-27 17:00:00+00:00,54.06,2026-01-27,17,1
2026-01-27 18:00:00+00:00,50.57,2026-01-27,18,1
2026-01-27 19:00:00+00:00,48.74,2026-01-27,19,1
2026-01-27 20:00:00+00:00,47.68,2026-01-27,20,1
2026-01-27 21:00:00+00:00,44.19,2026-01-27,21,1
2026-01-27 22:00:00+00:00,42.37,2026-01-27,22,1
2026-01-27 23:00:00+00:00,42.9,2026-01-27,23,1
2026-01-28 00:00:00+00:00,42.65,2026-01-28,0,2
2026-01-28 01:00:00+00:00,42.63,2026-01-28,1,2
2026-01-28 02:00:00+00:00,42.69,2026-01-28,2,2
2026-01-28 03:00:00+00:00,42.86,2026-01-28,3,2
2026-01-28 04:00:00+00:00,43.46,2026-01-28,4,2
2026-01-28 05:00:00+00:00,43.35,2026-01-28,5,2
2026-01-28 06:00:00+00:00,42.21,2026-01-28,6,2
2026-01-28 07:00:00+00:00,43.49,2026-01-28,7,2
2026-01-28 08:00:00+00:00,49.6,2026-01-28,8,2
2026-01-28 09:00:00+00:00,52.4,2026-01-28,9,2
2026-01-28 10:00:00+00:00,50.32,2026-01-28,10,2
2026-01-28 11:00:00+00:00,51.59,2026-01-28,11,2
2026-01-28 12:00:00+00:00,51.72,2026-01-28,12,2
2026-01-28 13:00:00+00:00,52.04,2026-01-28,13,2
2026-01-28 14:00:00+00:00,51.46,2026-01-28,14,2
2026-01-28 15:00:00+00:00,48.61,2026-01-28,15,2
2026-01-28 16:00:00+00:00,47.3,2026-01-28,16,2
2026-01-28 17:00:00+00:00,49.58,2026-01-28,17,2
2026-01-28 18:00:00+00:00,51.39,2026-01-28,18,2
2026-01-28 19:00:00+00:00,52.68,2026-01-28,19,2
2026-01-28 20:00:00+00:00,46.52,2026-01-28,20,2
2026-01-28 21:00:00+00:00,45.82,2026-01-28,21,2
2026-01-28 22:00:00+00:00,46.1,2026-01-28,22,2
2026-01-28 23:00:00+00:00,46.19,2026-01-28,23,2
2026-01-29 00:00:00+00:00,45.7,2026-01-29,0,3
2026-01-29 01:00:00+00:00,45.7,2026-01-29,1,3
2026-01-29 02:00:00+00:00,45.46,2026-01-29,2,3
2026-01-29 03:00:00+00:00,45.48,2026-01-29,3,3
2026-01-29 04:00:00+00:00,45.56,2026-01-29,4,3
2026-01-29 05:00:00+00:00,45.48,2026-01-29,5,3
2026-01-29 06:00:00+00:00,45.32,2026-01-29,6,3
2026-01-29 07:00:00+00:00,48.63,2026-01-29,7,3
2026-01-29 08:00:00+00:00,52.68,2026-01-29,8,3
2026-01-29 09:00:00+00:00,53.4,2026-01-29,9,3
2026-01-29 10:00:00+00:00,53.75,2026-01-29,10,3
2026-01-29 11:00:00+00:00,54.36,2026-01-29,11,3
2026-01-29 12:00:00+00:00,52.7,2026-01-29,12,3
2026-01-29 13:00:00+00:00,51.55,2026-01-29,13,3
2026-01-29 14:00:00+00:00,53.29,2026-01-29,14,3
2026-01-29 15:00:00+00:00,58.56,2026-01-29,15,3
2026-01-29 16:00:00+00:00,61.81,2026-01-29,16,3
2026-01-29 17:00:00+00:00,62.17,2026-01-29,17,3
2026-01-29 18:00:00+00:00,63.51,2026-01-29,18,3
2026-01-29 19:00:00+00:00,64.0,2026-01-29,19,3
2026-01-29 20:00:00+00:00,62.96,2026-01-29,20,3
2026-01-29 21:00:00+00:00,61.59,2026-01-29,21,3
2026-01-29 22:00:00+00:00,60.78,2026-01-29,22,3
2026-01-29 23:00:00+00:00,59.51,2026-01-29,23,3
2026-01-30 00:00:00+00:00,55.41,2026-01-30,0,4
2026-01-30 01:00:00+00:00,53.19,2026-01-30,1,4
2026-01-30 02:00:00+00:00,51.88,2026-01-30,2,4
2026-01-30 03:00:00+00:00,50.91,2026-01-30,3,4
2026-01-30 04:00:00+00:00,50.35,2026-01-30,4,4
2026-01-30 05:00:00+00:00,49.46,2026-01-30,5,4
2026-01-30 06:00:00+00:00,48.04,2026-01-30,6,4
2026-01-30 07:00:00+00:00,47.56,2026-01-30,7,4
2026-01-30 08:00:00+00:00,49.53,2026-01-30,8,4
2026-01-30 09:00:00+00:00,48.06,2026-01-30,9,4
2026-01-30 10:00:00+00:00,44.75,2026-01-30,10,4
2026-01-30 11:00:00+00:00,45.19,2026-01-30,11,4
2026-01-30 12:00:00+00:00,45.51,2026-01-30,12,4
2026-01-30 13:00:00+00:00,44.19,2026-01-30,13,4
2026-01-30 14:00:00+00:00,42.6,2026-01-30,14,4
2026-01-30 15:00:00+00:00,41.45,2026-01-30,15,4
2026-01-30 16:00:00+00:00,41.22,2026-01-30,16,4
2026-01-30 17:00:00+00:00,41.1,2026-01-30,17,4
2026-01-30 18:00:00+00:00,42.1,2026-01-30,18,4
2026-01-30 19:00:00+00:00,42.81,2026-01-30,19,4
2026-01-30 20:00:00+00:00,44.7,2026-01-30,20,4
2026-01-30 21:00:00+00:00,46.83,2026-01-30,21,4
2026-01-30 22:00:00+00:00,46.82,2026-01-30,22,4
2026-01-30 23:00:00+00:00,44.47,2026-01-30,23,4
2026-01-31 00:00:00+00:00,43.04,2026-01-31,0,5
2026-01-31 01:00:00+00:00,40.61,2026-01-31,1,5
2026-01-31 02:00:00+00:00,37.73,2026-01-31,2,5
2026-01-31 03:00:00+00:00,36.66,2026-01-31,3,5
2026-01-31 04:00:00+00:00,37.34,2026-01-31,4,5
2026-01-31 05:00:00+00:00,37.46,2026-01-31,5,5
2026-01-31 06:00:00+00:00,37.53,2026-01-31,6,5
2026-01-31 07:00:00+00:00,37.73,2026-01-31,7,5
2026-01-31 08:00:00+00:00,36.72,2026-01-31,8,5
2026-01-31 09:00:00+00:00,35.7,2026-01-31,9,5
2026-01-31 10:00:00+00:00,35.13,2026-01-31,10,5
2026-01-31 11:00:00+00:00,34.68,2026-01-31,11,5
2026-01-31 12:00:00+00:00,34.53,2026-01-31,12,5
2026-01-31 13:00:00+00:00,34.42,2026-01-31,13,5
2026-01-31 14:00:00+00:00,34.4,2026-01-31,14,5
2026-01-31 15:00:00+00:00,34.68,2026-01-31,15,5
2026-01-31 16:00:00+00:00,35.4,2026-01-31,16,5
2026-01-31 17:00:00+00:00,36.83,2026-01-31,17,5
2026-01-31 18:00:00+00:00,37.43,2026-01-31,18,5
2026-01-31 19:00:00+00:00,37.73,2026-01-31,19,5
2026-01-31 20:00:00+00:00,37.82,2026-01-31,20,5
2026-01-31 21:00:00+00:00,38.32,2026-01-31,21,5
2026-01-31 22:00:00+00:00,39.62,2026-01-31,22,5
2026-01-31 23:00:00+00:00,40.16,2026-01-31,23,5
2026-02-01 00:00:00+00:00,40.58,2026-02-01,0,6
2026-02-01 01:00:00+00:00,40.95,2026-02-01,1,6
2026-02-01 02:00:00+00:00,41.27,2026-02-01,2,6
2026-02-01 03:00:00+00:00,41.63,2026-02-01,3,6
2026-02-01 04:00:00+00:00,41.95,2026-02-01,4,6
2026-02-01 05:00:00+00:00,42.98,2026-02-01,5,6
2026-02-01 06:00:00+00:00,43.82,2026-02-01,6,6
2026-02-01 07:00:00+00:00,44.78,2026-02-01,7,6
2026-02-01 08:00:00+00:00,45.7,2026-02-01,8,6
2026-02-01 09:00:00+00:00,45.72,2026-02-01,9,6
2026-02-01 10:00:00+00:00,45.67,2026-02-01,10,6
2026-02-01 11:00:00+00:00,45.03,2026-02-01,11,6
2026-02-01 12:00:00+00:00,45.12,2026-02-01,12,6
2026-02-01 13:00:00+00:00,45.24,2026-02-01,13,6
2026-02-01 14:00:00+00:00,45.99,2026-02-01,14,6
2026-02-01 15:00:00+00:00,46.94,2026-02-01,15,6
2026-02-01 16:00:00+00:00,48.15,2026-02-01,16,6
2026-02-01 17:00:00+00:00,49.23,2026-02-01,17,6
2026-02-01 18:00:00+00:00,50.03,2026-02-01,18,6
2026-02-01 19:00:00+00:00,51.11,2026-02-01,19,6
2026-02-01 20:00:00+00:00,50.59,2026-02-01,20,6
2026-02-01 21:00:00+00:00,50.43,2026-02-01,21,6
2026-02-01 22:00:00+00:00,50.49,2026-02-01,22,6
2026-02-01 23:00:00+00:00,50.72,2026-02-01,23,6
2026-02-02 00:00:00+00:00,51.09,2026-02-02,0,0
2026-02-02 01:00:00+00:00,51.41,2026-02-02,1,0
2026-02-02 02:00:00+00:00,51.69,2026-02-02,2,0
2026-02-02 03:00:00+00:00,52.13,2026-02-02,3,0
2026-02-02 04:00:00+00:00,52.57,2026-02-02,4,0
2026-02-02 05:00:00+00:00,53.05,2026-02-02,5,0
2026-02-02 06:00:00+00:00,52.73,2026-02-02,6,0
2026-02-02 07:00:00+00:00,55.88,2026-02-02,7,0
2026-02-02 08:00:00+00:00,58.26,2026-02-02,8,0
2026-02-02 09:00:00+00:00,56.13,2026-02-02,9,0
2026-02-02 10:00:00+00:00,54.38,2026-02-02,10,0
2026-02-02 11:00:00+00:00,54.04,2026-02-02,11,0
2026-02-02 12:00:00+00:00,52.76,2026-02-02,12,0
2026-02-02 13:00:00+00:00,50.83,2026-02-02,13,0
2026-02-02 14:00:00+00:00,49.63,2026-02-02,14,0
2026-02-02 15:00:00+00:00,46.33,2026-02-02,15,0
2026-02-02 16:00:00+00:00,45.52,2026-02-02,16,0
2026-02-02 17:00:00+00:00,45.62,2026-02-02,17,0
2026-02-02 18:00:00+00:00,45.32,2026-02-02,18,0
2026-02-02 19:00:00+00:00,45.34,2026-02-02,19,0
2026-02-02 20:00:00+00:00,45.01,2026-02-02,20,0
2026-02-02 21:00:00+00:00,45.01,2026-02-02,21,0
2026-02-02 22:00:00+00:00,44.86,2026-02-02,22,0
2026-02-02 23:00:00+00:00,44.66,2026-02-02,23,0
2026-02-03 00:00:00+00:00,44.4,2026-02-03,0,1
2026-02-03 01:00:00+00:00,43.93,2026-02-03,1,1
2026-02-03 02:00:00+00:00,43.81,2026-02-03,2,1
2026-02-03 03:00:00+00:00,43.85,2026-02-03,3,1
2026-02-03 04:00:00+00:00,43.76,2026-02-03,4,1
2026-02-03 05:00:00+00:00,44.31,2026-02-03,5,1
2026-02-03 06:00:00+00:00,43.39,2026-02-03,6,1
2026-02-03 07:00:00+00:00,46.48,2026-02-03,7,1
2026-02-03 08:00:00+00:00,52.22,2026-02-03,8,1
2026-02-03 09:00:00+00:00,48.79,2026-02-03,9,1
2026-02-03 10:00:00+00:00,47.93,2026-02-03,10,1
2026-02-03 11:00:00+00:00,49.17,2026-02-03,11,1
2026-02-03 12:00:00+00:00,45.64,2026-02-03,12,1
2026-02-03 13:00:00+00:00,42.37,2026-02-03,13,1
2026-02-03 14:00:00+00:00,42.56,2026-02-03,14,1
2026-02-03 15:00:00+00:00,45.81,2026-02-03,15,1
2026-02-03 16:00:00+00:00,48.17,2026-02-03,16,1
2026-02-03 17:00:00+00:00,47.29,2026-02-03,17,1
2026-02-03 18:00:00+00:00,48.19,2026-02-03,18,1
2026-02-03 19:00:00+00:00,45.72,2026-02-03,19,1
2026-02-03 20:00:00+00:00,46.09,2026-02-03,20,1
2026-02-03 21:00:00+00:00,46.24,2026-02-03,21,1
2026-02-03 22:00:00+00:00,46.12,2026-02-03,22,1
2026-02-03 23:00:00+00:00,46.11,2026-02-03,23,1
2026-02-04 00:00:00+00:00,46.18,2026-02-04,0,2
2026-02-04 01:00:00+00:00,46.06,2026-02-04,1,2
2026-02-04 02:00:00+00:00,45.93,2026-02-04,2,2
2026-02-04 03:00:00+00:00,46.09,2026-02-04,3,2
2026-02-04 04:00:00+00:00,46.89,2026-02-04,4,2
2026-02-04 05:00:00+00:00,47.51,2026-02-04,5,2
2026-02-04 06:00:00+00:00,47.24,2026-02-04,6,2
2026-02-04 07:00:00+00:00,48.3,2026-02-04,7,2
2026-02-04 08:00:00+00:00,51.41,2026-02-04,8,2
2026-02-04 09:00:00+00:00,52.87,2026-02-04,9,2
2026-02-04 10:00:00+00:00,51.04,2026-02-04,10,2
2026-02-04 11:00:00+00:00,53.38,2026-02-04,11,2
2026-02-04 12:00:00+00:00,51.56,2026-02-04,12,2
2026-02-04 13:00:00+00:00,49.41,2026-02-04,13,2
2026-02-04 14:00:00+00:00,49.55,2026-02-04,14,2
2026-02-04 15:00:00+00:00,52.98,2026-02-04,15,2
2026-02-04 16:00:00+00:00,55.1,2026-02-04,16,2
2026-02-04 17:00:00+00:00,56.6,2026-02-04,17,2
2026-02-04 18:00:00+00:00,55.24,2026-02-04,18,2
2026-02-04 19:00:00+00:00,55.16,2026-02-04,19,2
2026-02-04 20:00:00+00:00,53.79,2026-02-04,20,2
2026-02-04 21:00:00+00:00,53.09,2026-02-04,21,2
2026-02-04 22:00:00+00:00,52.77,2026-02-04,22,2
2026-02-04 23:00:00+00:00,52.35,2026-02-04,23,2
2026-02-05 00:00:00+00:00,51.96,2026-02-05,0,3
2026-02-05 01:00:00+00:00,52.15,2026-02-05,1,3
2026-02-05 02:00:00+00:00,52.43,2026-02-05,2,3
2026-02-05 03:00:00+00:00,52.33,2026-02-05,3,3
2026-02-05 04:00:00+00:00,52.63,2026-02-05,4,3
2026-02-05 05:00:00+00:00,52.5,2026-02-05,5,3
2026-02-05 06:00:00+00:00,50.98,2026-02-05,6,3
2026-02-05 07:00:00+00:00,52.02,2026-02-05,7,3
2026-02-05 08:00:00+00:00,56.75,2026-02-05,8,3
2026-02-05 09:00:00+00:00,54.49,2026-02-05,9,3
2026-02-05 10:00:00+00:00,51.65,2026-02-05,10,3
2026-02-05 11:00:00+00:00,50.13,2026-02-05,11,3
2026-02-05 12:00:00+00:00,49.95,2026-02-05,12,3
2026-02-05 13:00:00+00:00,52.44,2026-02-05,13,3
2026-02-05 14:00:00+00:00,51.29,2026-02-05,14,3
2026-02-05 15:00:00+00:00,45.78,2026-02-05,15,3
2026-02-05 16:00:00+00:00,47.05,2026-02-05,16,3
2026-02-05 17:00:00+00:00,48.61,2026-02-05,17,3
2026-02-05 18:00:00+00:00,52.43,2026-02-05,18,3
2026-02-05 19:00:00+00:00,53.04,2026-02-05,19,3
2026-02-05 20:00:00+00:00,50.36,2026-02-05,20,3
2026-02-05 21:00:00+00:00,47.59,2026-02-05,21,3
2026-02-05 22:00:00+00:00,47.02,2026-02-05,22,3
2026-02-05 23:00:00+00:00,47.53,2026-02-05,23,3
2026-02-06 00:00:00+00:00,47.65,2026-02-06,0,4
2026-02-06 01:00:00+00:00,48.31,2026-02-06,1,4
2026-02-06 02:00:00+00:00,48.92,2026-02-06,2,4
2026-02-06 03:00:00+00:00,48.88,2026-02-06,3,4
2026-02-06 04:00:00+00:00,47.69,2026-02-06,4,4
2026-02-06 05:00:00+00:00,47.44,2026-02-06,5,4
2026-02-06 06:00:00+00:00,47.65,2026-02-06,6,4
2026-02-06 07:00:00+00:00,50.8,2026-02-06,7,4
2026-02-06 08:00:00+00:00,58.41,2026-02-06,8,4
2026-02-06 09:00:00+00:00,53.89,2026-02-06,9,4
2026-02-06 10:00:00+00:00,48.96,2026-02-06,10,4
2026-02-06 11:00:00+00:00,49.27,2026-02-06,11,4
2026-02-06 12:00:00+00:00,43.85,2026-02-06,12,4
2026-02-06 13:00:00+00:00,43.78,2026-02-06,13,4
2026-02-06 14:00:00+00:00,44.06,2026-02-06,14,4
2026-02-06 15:00:00+00:00,43.69,2026-02-06,15,4
2026-02-06 16:00:00+00:00,43.6,2026-02-06,16,4
2026-02-06 17:00:00+00:00,45.92,2026-02-06,17,4
2026-02-06 18:00:00+00:00,47.19,2026-02-06,18,4
2026-02-06 19:00:00+00:00,47.7,2026-02-06,19,4
2026-02-06 20:00:00+00:00,47.5,2026-02-06,20,4
2026-02-06 21:00:00+00:00,47.14,2026-02-06,21,4
2026-02-06 22:00:00+00:00,47.07,2026-02-06,22,4
2026-02-06 23:00:00+00:00,46.17,2026-02-06,23,4
2026-02-07 00:00:00+00:00,46.05,2026-02-07,0,5
2026-02-07 01:00:00+00:00,45.72,2026-02-07,1,5
2026-02-07 02:00:00+00:00,45.67,2026-02-07,2,5
2026-02-07 03:00:00+00:00,45.86,2026-02-07,3,5
2026-02-07 04:00:00+00:00,45.78,2026-02-07,4,5
2026-02-07 05:00:00+00:00,45.19,2026-02-07,5,5
2026-02-07 06:00:00+00:00,44.85,2026-02-07,6,5
2026-02-07 07:00:00+00:00,44.39,2026-02-07,7,5
2026-02-07 08:00:00+00:00,43.91,2026-02-07,8,5
2026-02-07 09:00:00+00:00,43.34,2026-02-07,9,5
2026-02-07 10:00:00+00:00,41.8,2026-02-07,10,5
2026-02-07 11:00:00+00:00,40.5,2026-02-07,11,5
2026-02-07 12:00:00+00:00,40.13,2026-02-07,12,5
2026-02-07 13:00:00+00:00,39.82,2026-02-07,13,5
2026-02-07 14:00:00+00:00,39.31,2026-02-07,14,5
2026-02-07 15:00:00+00:00,39.76,2026-02-07,15,5
2026-02-07 16:00:00+00:00,40.15,2026-02-07,16,5
2026-02-07 17:00:00+00:00,41.24,2026-02-07,17,5
2026-02-07 18:00:00+00:00,41.9,2026-02-07,18,5
2026-02-07 19:00:00+00:00,42.25,2026-02-07,19,5
2026-02-07 20:00:00+00:00,42.88,2026-02-07,20,5
2026-02-07 21:00:00+00:00,43.73,2026-02-07,21,5
2026-02-07 22:00:00+00:00,44.1,2026-02-07,22,5
2026-02-07 23:00:00+00:00,44.59,2026-02-07,23,5
2026-02-08 00:00:00+00:00,45.06,2026-02-08,0,6
2026-02-08 01:00:00+00:00,45.52,2026-02-08,1,6
2026-02-08 02:00:00+00:00,45.72,2026-02-08,2,6
2026-02-08 03:00:00+00:00,45.55,2026-02-08,3,6
2026-02-08 04:00:00+00:00,44.99,2026-02-08,4,6
2026-02-08 05:00:00+00:00,45.1,2026-02-08,5,6
2026-02-08 06:00:00+00:00,45.25,2026-02-08,6,6
2026-02-08 07:00:00+00:00,45.77,2026-02-08,7,6
2026-02-08 08:00:00+00:00,46.07,2026-02-08,8,6
2026-02-08 09:00:00+00:00,46.05,2026-02-08,9,6
2026-02-08 10:00:00+00:00,45.05,2026-02-08,10,6
2026-02-08 11:00:00+00:00,43.63,2026-02-08,11,6
2026-02-08 12:00:00+00:00,42.53,2026-02-08,12,6
2026-02-08 13:00:00+00:00,41.56,2026-02-08,13,6
2026-02-08 14:00:00+00:00,40.78,2026-02-08,14,6
2026-02-08 15:00:00+00:00,40.74,2026-02-08,15,6
2026-02-08 16:00:00+00:00,40.54,2026-02-08,16,6
2026-02-08 17:00:00+00:00,40.66,2026-02-08,17,6
2026-02-08 18:00:00+00:00,41.01,2026-02-08,18,6
2026-02-08 19:00:00+00:00,41.35,2026-02-08,19,6
2026-02-08 20:00:00+00:00,41.58,2026-02-08,20,6
2026-02-08 21:00:00+00:00,41.62,2026-02-08,21,6
2026-02-08 22:00:00+00:00,41.59,2026-02-08,22,6
2026-02-08 23:00:00+00:00,41.57,2026-02-08,23,6
2026-02-09 00:00:00+00:00,41.59,2026-02-09,0,0
2026-02-09 01:00:00+00:00,41.92,2026-02-09,1,0
2026-02-09 02:00:00+00:00,42.48,2026-02-09,2,0
2026-02-09 03:00:00+00:00,43.36,2026-02-09,3,0
2026-02-09 04:00:00+00:00,43.61,2026-02-09,4,0
2026-02-09 05:00:00+00:00,44.01,2026-02-09,5,0
2026-02-09 06:00:00+00:00,45.34,2026-02-09,6,0
2026-02-09 07:00:00+00:00,49.89,2026-02-09,7,0
2026-02-09 08:00:00+00:00,57.83,2026-02-09,8,0
2026-02-09 09:00:00+00:00,56.58,2026-02-09,9,0
2026-02-09 10:00:00+00:00,53.41,2026-02-09,10,0
2026-02-09 11:00:00+00:00,53.64,2026-02-09,11,0
2026-02-09 12:00:00+00:00,47.77,2026-02-09,12,0
2026-02-09 13:00:00+00:00,45.11,2026-02-09,13,0
2026-02-09 14:00:00+00:00,43.98,2026-02-09,14,0
2026-02-09 15:00:00+00:00,44.34,2026-02-09,15,0
2026-02-09 16:00:00+00:00,44.62,2026-02-09,16,0
2026-02-09 17:00:00+00:00,45.69,2026-02-09,17,0
2026-02-09 18:00:00+00:00,47.25,2026-02-09,18,0
2026-02-09 19:00:00+00:00,49.07,2026-02-09,19,0
2026-02-09 20:00:00+00:00,49.33,2026-02-09,20,0
2026-02-09 21:00:00+00:00,50.53,2026-02-09,21,0
2026-02-09 22:00:00+00:00,51.18,2026-02-09,22,0
2026-02-09 23:00:00+00:00,51.51,2026-02-09,23,0
2026-02-10 00:00:00+00:00,52.0,2026-02-10,0,1
2026-02-10 01:00:00+00:00,52.42,2026-02-10,1,1
2026-02-10 02:00:00+00:00,52.87,2026-02-10,2,1
2026-02-10 03:00:00+00:00,53.44,2026-02-10,3,1
2026-02-10 04:00:00+00:00,53.6,2026-02-10,4,1
2026-02-10 05:00:00+00:00,53.74,2026-02-10,5,1
2026-02-10 06:00:00+00:00,52.96,2026-02-10,6,1
2026-02-10 07:00:00+00:00,54.81,2026-02-10,7,1
2026-02-10 08:00:00+00:00,61.07,2026-02-10,8,1
2026-02-10 09:00:00+00:00,55.79,2026-02-10,9,1
2026-02-10 10:00:00+00:00,52.46,2026-02-10,10,1
2026-02-10 11:00:00+00:00,51.09,2026-02-10,11,1
2026-02-10 12:00:00+00:00,49.42,2026-02-10,12,1
2026-02-10 13:00:00+00:00,50.49,2026-02-10,13,1
2026-02-10 14:00:00+00:00,52.0,2026-02-10,14,1
2026-02-10 15:00:00+00:00,53.98,2026-02-10,15,1
2026-02-10 16:00:00+00:00,54.17,2026-02-10,16,1
2026-02-10 17:00:00+00:00,52.48,2026-02-10,17,1
2026-02-10 18:00:00+00:00,54.77,2026-02-10,18,1
2026-02-10 19:00:00+00:00,56.2,2026-02-10,19,1
2026-02-10 20:00:00+00:00,57.24,2026-02-10,20,1
2026-02-10 21:00:00+00:00,56.87,2026-02-10,21,1
2026-02-10 22:00:00+00:00,55.51,2026-02-10,22,1
2026-02-10 23:00:00+00:00,54.86,2026-02-10,23,1
2026-02-11 00:00:00+00:00,53.79,2026-02-11,0,2
2026-02-11 01:00:00+00:00,53.77,2026-02-11,1,2
2026-02-11 02:00:00+00:00,52.84,2026-02-11,2,2
2026-02-11 03:00:00+00:00,51.2,2026-02-11,3,2
2026-02-11 04:00:00+00:00,47.74,2026-02-11,4,2
2026-02-11 05:00:00+00:00,47.07,2026-02-11,5,2
2026-02-11 06:00:00+00:00,45.86,2026-02-11,6,2
2026-02-11 07:00:00+00:00,45.92,2026-02-11,7,2
2026-02-11 08:00:00+00:00,47.37,2026-02-11,8,2
2026-02-11 09:00:00+00:00,46.66,2026-02-11,9,2
2026-02-11 10:00:00+00:00,45.22,2026-02-11,10,2
2026-02-11 11:00:00+00:00,45.27,2026-02-11,11,2
2026-02-11 12:00:00+00:00,45.65,2026-02-11,12,2
2026-02-11 13:00:00+00:00,48.37,2026-02-11,13,2
2026-02-11 14:00:00+00:00,51.65,2026-02-11,14,2
2026-02-11 15:00:00+00:00,53.73,2026-02-11,15,2
2026-02-11 16:00:00+00:00,54.79,2026-02-11,16,2
2026-02-11 17:00:00+00:00,54.67,2026-02-11,17,2
2026-02-11 18:00:00+00:00,56.43,2026-02-11,18,2
2026-02-11 19:00:00+00:00,57.4,2026-02-11,19,2
2026-02-11 20:00:00+00:00,54.03,2026-02-11,20,2
2026-02-11 21:00:00+00:00,52.55,2026-02-11,21,2
2026-02-11 22:00:00+00:00,52.57,2026-02-11,22,2
2026-02-11 23:00:00+00:00,53.09,2026-02-11,23,2
2026-02-12 00:00:00+00:00,53.05,2026-02-12,0,3
2026-02-12 01:00:00+00:00,51.78,2026-02-12,1,3
2026-02-12 02:00:00+00:00,49.39,2026-02-12,2,3
2026-02-12 03:00:00+00:00,47.89,2026-02-12,3,3
2026-02-12 04:00:00+00:00,46.59,2026-02-12,4,3
2026-02-12 05:00:00+00:00,45.34,2026-02-12,5,3
2026-02-12 06:00:00+00:00,43.9,2026-02-12,6,3
2026-02-12 07:00:00+00:00,44.52,2026-02-12,7,3
2026-02-12 08:00:00+00:00,45.03,2026-02-12,8,3
2026-02-12 09:00:00+00:00,41.87,2026-02-12,9,3
2026-02-12 10:00:00+00:00,39.1,2026-02-12,10,3
2026-02-12 11:00:00+00:00,37.43,2026-02-12,11,3
2026-02-12 12:00:00+00:00,36.92,2026-02-12,12,3
2026-02-12 13:00:00+00:00,35.26,2026-02-12,13,3
2026-02-12 14:00:00+00:00,33.19,2026-02-12,14,3
2026-02-12 15:00:00+00:00,34.03,2026-02-12,15,3
2026-02-12 16:00:00+00:00,35.57,2026-02-12,16,3
2026-02-12 17:00:00+00:00,35.4,2026-02-12,17,3
2026-02-12 18:00:00+00:00,38.53,2026-02-12,18,3
2026-02-12 19:00:00+00:00,42.18,2026-02-12,19,3
2026-02-12 20:00:00+00:00,42.32,2026-02-12,20,3
2026-02-12 21:00:00+00:00,41.78,2026-02-12,21,3
2026-02-12 22:00:00+00:00,41.39,2026-02-12,22,3
2026-02-12 23:00:00+00:00,40.69,2026-02-12,23,3
2026-02-13 00:00:00+00:00,40.12,2026-02-13,0,4
2026-02-13 01:00:00+00:00,40.22,2026-02-13,1,4
2026-02-13 02:00:00+00:00,40.29,2026-02-13,2,4
2026-02-13 03:00:00+00:00,40.55,2026-02-13,3,4
2026-02-13 04:00:00+00:00,41.2,2026-02-13,4,4
2026-02-13 05:00:00+00:00,41.67,2026-02-13,5,4
2026-02-13 06:00:00+00:00,42.02,2026-02-13,6,4
2026-02-13 07:00:00+00:00,46.54,2026-02-13,7,4
2026-02-13 08:00:00+00:00,54.88,2026-02-13,8,4
2026-02-13 09:00:00+00:00,48.26,2026-02-13,9,4
2026-02-13 10:00:00+00:00,45.64,2026-02-13,10,4
2026-02-13 11:00:00+00:00,45.16,2026-02-13,11,4
2026-02-13 12:00:00+00:00,42.58,2026-02-13,12,4
2026-02-13 13:00:00+00:00,43.7,2026-02-13,13,4
2026-02-13 14:00:00+00:00,48.22,2026-02-13,14,4
2026-02-13 15:00:00+00:00,45.73,2026-02-13,15,4
2026-02-13 16:00:00+00:00,41.7,2026-02-13,16,4
2026-02-13 17:00:00+00:00,40.52,2026-02-13,17,4
2026-02-13 18:00:00+00:00,40.39,2026-02-13,18,4
2026-02-13 19:00:00+00:00,40.6,2026-02-13,19,4
2026-02-13 20:00:00+00:00,40.63,2026-02-13,20,4
2026-02-13 21:00:00+00:00,40.4,2026-02-13,21,4
2026-02-13 22:00:00+00:00,39.59,2026-02-13,22,4
2026-02-13 23:00:00+00:00,39.16,2026-02-13,23,4
2026-02-14 00:00:00+00:00,38.56,2026-02-14,0,5
2026-02-14 01:00:00+00:00,37.89,2026-02-14,1,5
2026-02-14 02:00:00+00:00,37.44,2026-02-14,2,5
2026-02-14 03:00:00+00:00,35.75,2026-02-14,3,5
2026-02-14 04:00:00+00:00,34.07,2026-02-14,4,5
2026-02-14 05:00:00+00:00,33.79,2026-02-14,5,5
2026-02-14 06:00:00+00:00,33.26,2026-02-14,6,5
2026-02-14 07:00:00+00:00,33.29,2026-02-14,7,5
2026-02-14 08:00:00+00:00,33.07,2026-02-14,8,5
2026-02-14 09:00:00+00:00,32.08,2026-02-14,9,5
2026-02-14 10:00:00+00:00,31.68,2026-02-14,10,5
2026-02-14 11:00:00+00:00,31.65,2026-02-14,11,5
2026-02-14 12:00:00+00:00,31.54,2026-02-14,12,5
2026-02-14 13:00:00+00:00,31.89,2026-02-14,13,5
2026-02-14 14:00:00+00:00,32.4,2026-02-14,14,5
2026-02-14 15:00:00+00:00,32.72,2026-02-14,15,5
2026-02-14 16:00:00+00:00,32.22,2026-02-14,16,5
2026-02-14 17:00:00+00:00,32.2,2026-02-14,17,5
2026-02-14 18:00:00+00:00,31.99,2026-02-14,18,5
2026-02-14 19:00:00+00:00,32.33,2026-02-14,19,5
2026-02-14 20:00:00+00:00,32.21,2026-02-14,20,5
2026-02-14 21:00:00+00:00,32.01,2026-02-14,21,5
2026-02-14 22:00:00+00:00,32.28,2026-02-14,22,5
2026-02-14 23:00:00+00:00,31.69,2026-02-14,23,5
2026-02-15 00:00:00+00:00,30.88,2026-02-15,0,6
2026-02-15 01:00:00+00:00,30.37,2026-02-15,1,6
2026-02-15 02:00:00+00:00,28.25,2026-02-15,2,6
2026-02-15 03:00:00+00:00,27.62,2026-02-15,3,6
2026-02-15 04:00:00+00:00,26.58,2026-02-15,4,6
2026-02-15 05:00:00+00:00,25.69,2026-02-15,5,6
2026-02-15 06:00:00+00:00,26.09,2026-02-15,6,6
2026-02-15 07:00:00+00:00,27.08,2026-02-15,7,6
2026-02-15 08:00:00+00:00,28.91,2026-02-15,8,6
2026-02-15 09:00:00+00:00,30.61,2026-02-15,9,6
2026-02-15 10:00:00+00:00,32.14,2026-02-15,10,6
2026-02-15 11:00:00+00:00,33.25,2026-02-15,11,6
2026-02-15 12:00:00+00:00,34.08,2026-02-15,12,6
2026-02-15 13:00:00+00:00,34.39,2026-02-15,13,6
2026-02-15 14:00:00+00:00,35.26,2026-02-15,14,6
2026-02-15 15:00:00+00:00,36.32,2026-02-15,15,6
2026-02-15 16:00:00+00:00,37.7,2026-02-15,16,6
2026-02-15 17:00:00+00:00,38.22,2026-02-15,17,6
2026-02-15 18:00:00+00:00,39.44,2026-02-15,18,6
2026-02-15 19:00:00+00:00,40.57,2026-02-15,19,6
2026-02-15 20:00:00+00:00,41.12,2026-02-15,20,6
2026-02-15 21:00:00+00:00,41.14,2026-02-15,21,6
2026-02-15 22:00:00+00:00,41.34,2026-02-15,22,6
2026-02-15 23:00:00+00:00,42.24,2026-02-15,23,6
2026-02-16 00:00:00+00:00,42.59,2026-02-16,0,0
2026-02-16 01:00:00+00:00,43.22,2026-02-16,1,0
2026-02-16 02:00:00+00:00,44.91,2026-02-16,2,0
2026-02-16 03:00:00+00:00,46.31,2026-02-16,3,0
2026-02-16 04:00:00+00:00,47.49,2026-02-16,4,0
2026-02-16 05:00:00+00:00,48.08,2026-02-16,5,0
2026-02-16 06:00:00+00:00,47.2,2026-02-16,6,0
2026-02-16 07:00:00+00:00,48.71,2026-02-16,7,0
2026-02-16 08:00:00+00:00,48.69,2026-02-16,8,0
2026-02-16 09:00:00+00:00,47.93,2026-02-16,9,0
2026-02-16 10:00:00+00:00,46.96,2026-02-16,10,0
2026-02-16 11:00:00+00:00,48.59,2026-02-16,11,0
2026-02-16 12:00:00+00:00,48.64,2026-02-16,12,0
2026-02-16 13:00:00+00:00,46.3,2026-02-16,13,0
2026-02-16 14:00:00+00:00,46.89,2026-02-16,14,0
2026-02-16 15:00:00+00:00,50.35,2026-02-16,15,0
2026-02-16 16:00:00+00:00,52.87,2026-02-16,16,0
2026-02-16 17:00:00+00:00,53.01,2026-02-16,17,0
2026-02-16 18:00:00+00:00,54.72,2026-02-16,18,0
2026-02-16 19:00:00+00:00,55.47,2026-02-16,19,0
2026-02-16 20:00:00+00:00,53.52,2026-02-16,20,0
2026-02-16 21:00:00+00:00,52.4,2026-02-16,21,0
2026-02-16 22:00:00+00:00,52.14,2026-02-16,22,0
2026-02-16 23:00:00+00:00,52.14,2026-02-16,23,0
2026-02-17 00:00:00+00:00,51.87,2026-02-17,0,1
2026-02-17 01:00:00+00:00,52.05,2026-02-17,1,1
2026-02-17 02:00:00+00:00,52.48,2026-02-17,2,1
2026-02-17 03:00:00+00:00,52.57,2026-02-17,3,1
2026-02-17 04:00:00+00:00,52.71,2026-02-17,4,1
2026-02-17 05:00:00+00:00,52.8,2026-02-17,5,1
2026-02-17 06:00:00+00:00,52.25,2026-02-17,6,1
2026-02-17 07:00:00+00:00,55.89,2026-02-17,7,1
2026-02-17 08:00:00+00:00,59.76,2026-02-17,8,1
2026-02-17 09:00:00+00:00,53.97,2026-02-17,9,1
2026-02-17 10:00:00+00:00,49.89,2026-02-17,10,1
2026-02-17 11:00:00+00:00,49.52,2026-02-17,11,1
2026-02-17 12:00:00+00:00,49.5,2026-02-17,12,1
2026-02-17 13:00:00+00:00,45.93,2026-02-17,13,1
2026-02-17 14:00:00+00:00,43.03,2026-02-17,14,1
2026-02-17 15:00:00+00:00,39.61,2026-02-17,15,1
2026-02-17 16:00:00+00:00,39.45,2026-02-17,16,1
2026-02-17 17:00:00+00:00,44.52,2026-02-17,17,1
2026-02-17 18:00:00+00:00,45.26,2026-02-17,18,1
2026-02-17 19:00:00+00:00,46.3,2026-02-17,19,1
2026-02-17 20:00:00+00:00,46.4,2026-02-17,20,1
2026-02-17 21:00:00+00:00,46.64,2026-02-17,21,1
2026-02-17 22:00:00+00:00,46.93,2026-02-17,22,1
2026-02-17 23:00:00+00:00,47.67,2026-02-17,23,1
2026-02-18 00:00:00+00:00,47.89,2026-02-18,0,2
2026-02-18 01:00:00+00:00,48.05,2026-02-18,1,2
2026-02-18 02:00:00+00:00,48.24,2026-02-18,2,2
2026-02-18 03:00:00+00:00,48.29,2026-02-18,3,2
2026-02-18 04:00:00+00:00,48.44,2026-02-18,4,2
2026-02-18 05:00:00+00:00,48.28,2026-02-18,5,2
2026-02-18 06:00:00+00:00,48.44,2026-02-18,6,2
2026-02-18 07:00:00+00:00,50.19,2026-02-18,7,2
2026-02-18 08:00:00+00:00,52.72,2026-02-18,8,2
2026-02-18 09:00:00+00:00,52.18,2026-02-18,9,2
2026-02-18 10:00:00+00:00,45.96,2026-02-18,10,2
2026-02-18 11:00:00+00:00,46.33,2026-02-18,11,2
2026-02-18 12:00:00+00:00,44.04,2026-02-18,12,2
2026-02-18 13:00:00+00:00,38.05,2026-02-18,13,2
2026-02-18 14:00:00+00:00,37.09,2026-02-18,14,2
2026-02-18 15:00:00+00:00,41.16,2026-02-18,15,2
2026-02-18 16:00:00+00:00,41.99,2026-02-18,16,2
2026-02-18 17:00:00+00:00,41.36,2026-02-18,17,2
2026-02-18 18:00:00+00:00,44.12,2026-02-18,18,2
2026-02-18 19:00:00+00:00,43.27,2026-02-18,19,2
2026-02-18 20:00:00+00:00,42.0,2026-02-18,20,2
2026-02-18 21:00:00+00:00,41.96,2026-02-18,21,2
2026-02-18 22:00:00+00:00,42.26,2026-02-18,22,2
2026-02-18 23:00:00+00:00,42.73,2026-02-18,23,2
2026-02-19 00:00:00+00:00,43.48,2026-02-19,0,3
2026-02-19 01:00:00+00:00,44.75,2026-02-19,1,3
2026-02-19 02:00:00+00:00,44.01,2026-02-19,2,3
2026-02-19 03:00:00+00:00,40.91,2026-02-19,3,3
2026-02-19 04:00:00+00:00,39.81,2026-02-19,4,3
2026-02-19 05:00:00+00:00,38.35,2026-02-19,5,3
2026-02-19 06:00:00+00:00,36.68,2026-02-19,6,3
2026-02-19 07:00:00+00:00,36.49,2026-02-19,7,3
2026-02-19 08:00:00+00:00,35.52,2026-02-19,8,3
2026-02-19 09:00:00+00:00,33.1,2026-02-19,9,3
2026-02-19 10:00:00+00:00,29.87,2026-02-19,10,3
2026-02-19 11:00:00+00:00,32.25,2026-02-19,11,3
2026-02-19 12:00:00+00:00,28.21,2026-02-19,12,3
2026-02-19 13:00:00+00:00,27.28,2026-02-19,13,3
2026-02-19 14:00:00+00:00,26.72,2026-02-19,14,3
2026-02-19 15:00:00+00:00,29.28,2026-02-19,15,3
2026-02-19 16:00:00+00:00,28.87,2026-02-19,16,3
2026-02-19 17:00:00+00:00,28.88,2026-02-19,17,3
2026-02-19 18:00:00+00:00,31.92,2026-02-19,18,3
2026-02-19 19:00:00+00:00,33.83,2026-02-19,19,3
2026-02-19 20:00:00+00:00,33.43,2026-02-19,20,3
2026-02-19 21:00:00+00:00,32.49,2026-02-19,21,3
2026-02-19 22:00:00+00:00,32.25,2026-02-19,22,3
2026-02-19 23:00:00+00:00,32.38,2026-02-19,23,3
2026-02-20 00:00:00+00:00,32.16,2026-02-20,0,4
2026-02-20 01:00:00+00:00,31.57,2026-02-20,1,4
2026-02-20 02:00:00+00:00,31.41,2026-02-20,2,4
2026-02-20 03:00:00+00:00,31.18,2026-02-20,3,4
2026-02-20 04:00:00+00:00,31.39,2026-02-20,4,4
2026-02-20 05:00:00+00:00,31.3,2026-02-20,5,4
2026-02-20 06:00:00+00:00,31.19,2026-02-20,6,4
2026-02-20 07:00:00+00:00,34.19,2026-02-20,7,4
2026-02-20 08:00:00+00:00,38.56,2026-02-20,8,4
2026-02-20 09:00:00+00:00,33.32,2026-02-20,9,4
2026-02-20 10:00:00+00:00,33.97,2026-02-20,10,4
2026-02-20 11:00:00+00:00,32.39,2026-02-20,11,4
2026-02-20 12:00:00+00:00,31.85,2026-02-20,12,4
2026-02-20 13:00:00+00:00,29.67,2026-02-20,13,4
2026-02-20 14:00:00+00:00,29.08,2026-02-20,14,4
2026-02-20 15:00:00+00:00,31.97,2026-02-20,15,4
2026-02-20 16:00:00+00:00,33.22,2026-02-20,16,4
2026-02-20 17:00:00+00:00,34.58,2026-02-20,17,4
2026-02-20 18:00:00+00:00,34.9,2026-02-20,18,4
2026-02-20 19:00:00+00:00,35.33,2026-02-20,19,4
2026-02-20 20:00:00+00:00,35.56,2026-02-20,20,4
2026-02-20 21:00:00+00:00,36.03,2026-02-20,21,4
2026-02-20 22:00:00+00:00,36.37,2026-02-20,22,4
2026-02-20 23:00:00+00:00,36.35,2026-02-20,23,4
2026-02-21 00:00:00+00:00,36.25,2026-02-21,0,5
2026-02-21 01:00:00+00:00,36.09,2026-02-21,1,5
2026-02-21 02:00:00+00:00,36.22,2026-02-21,2,5
2026-02-21 03:00:00+00:00,36.13,2026-02-21,3,5
2026-02-21 04:00:00+00:00,36.24,2026-02-21,4,5
2026-02-21 05:00:00+00:00,35.97,2026-02-21,5,5
2026-02-21 06:00:00+00:00,35.78,2026-02-21,6,5
2026-02-21 07:00:00+00:00,35.72,2026-02-21,7,5
2026-02-21 08:00:00+00:00,35.77,2026-02-21,8,5
2026-02-21 09:00:00+00:00,36.38,2026-02-21,9,5
2026-02-21 10:00:00+00:00,36.34,2026-02-21,10,5
2026-02-21 11:00:00+00:00,36.21,2026-02-21,11,5
2026-02-21 12:00:00+00:00,36.25,2026-02-21,12,5
2026-02-21 13:00:00+00:00,36.33,2026-02-21,13,5
2026-02-21 14:00:00+00:00,36.43,2026-02-21,14,5
2026-02-21 15:00:00+00:00,36.78,2026-02-21,15,5
2026-02-21 16:00:00+00:00,37.44,2026-02-21,16,5
2026-02-21 17:00:00+00:00,38.3,2026-02-21,17,5
2026-02-21 18:00:00+00:00,39.56,2026-02-21,18,5
2026-02-21 19:00:00+00:00,41.12,2026-02-21,19,5
2026-02-21 20:00:00+00:00,42.68,2026-02-21,20,5
2026-02-21 21:00:00+00:00,43.71,2026-02-21,21,5
2026-02-21 22:00:00+00:00,44.33,2026-02-21,22,5
2026-02-21 23:00:00+00:00,44.5,2026-02-21,23,5
2026-02-22 00:00:00+00:00,44.02,2026-02-22,0,6
2026-02-22 01:00:00+00:00,43.32,2026-02-22,1,6
2026-02-22 02:00:00+00:00,42.64,2026-02-22,2,6
2026-02-22 03:00:00+00:00,42.22,2026-02-22,3,6
2026-02-22 04:00:00+00:00,41.9,2026-02-22,4,6
2026-02-22 05:00:00+00:00,41.56,2026-02-22,5,6
2026-02-22 06:00:00+00:00,41.24,2026-02-22,6,6
2026-02-22 07:00:00+00:00,40.93,2026-02-22,7,6
2026-02-22 08:00:00+00:00,40.97,2026-02-22,8,6
2026-02-22 09:00:00+00:00,41.32,2026-02-22,9,6
2026-02-22 10:00:00+00:00,41.47,2026-02-22,10,6
2026-02-22 11:00:00+00:00,41.41,2026-02-22,11,6
2026-02-22 12:00:00+00:00,41.43,2026-02-22,12,6
2026-02-22 13:00:00+00:00,41.9,2026-02-22,13,6
2026-02-22 14:00:00+00:00,42.4,2026-02-22,14,6
2026-02-22 15:00:00+00:00,42.74,2026-02-22,15,6
2026-02-22 16:00:00+00:00,43.69,2026-02-22,16,6
2026-02-22 17:00:00+00:00,44.53,2026-02-22,17,6
2026-02-22 18:00:00+00:00,45.07,2026-02-22,18,6
2026-02-22 19:00:00+00:00,45.6,2026-02-22,19,6
2026-02-22 20:00:00+00:00,46.32,2026-02-22,20,6
2026-02-22 21:00:00+00:00,46.7,2026-02-22,21,6
2026-02-22 22:00:00+00:00,46.77,2026-02-22,22,6
2026-02-22 23:00:00+00:00,46.63,2026-02-22,23,6
2026-02-23 00:00:00+00:00,46.29,2026-02-23,0,0
2026-02-23 01:00:00+00:00,46.0,2026-02-23,1,0
2026-02-23 02:00:00+00:00,45.9,2026-02-23,2,0
2026-02-23 03:00:00+00:00,45.81,2026-02-23,3,0
2026-02-23 04:00:00+00:00,45.5,2026-02-23,4,0
2026-02-23 05:00:00+00:00,45.1,2026-02-23,5,0
2026-02-23 06:00:00+00:00,43.56,2026-02-23,6,0
2026-02-23 07:00:00+00:00,45.61,2026-02-23,7,0
2026-02-23 08:00:00+00:00,49.13,2026-02-23,8,0
2026-02-23 09:00:00+00:00,49.41,2026-02-23,9,0
2026-02-23 10:00:00+00:00,50.7,2026-02-23,10,0
2026-02-23 11:00:00+00:00,44.83,2026-02-23,11,0
2026-02-23 12:00:00+00:00,42.82,2026-02-23,12,0
2026-02-23 13:00:00+00:00,39.68,2026-02-23,13,0
2026-02-23 14:00:00+00:00,36.78,2026-02-23,14,0
2026-02-23 15:00:00+00:00,38.91,2026-02-23,15,0
2026-02-23 16:00:00+00:00,39.85,2026-02-23,16,0
2026-02-23 17:00:00+00:00,43.02,2026-02-23,17,0
2026-02-23 18:00:00+00:00,49.82,2026-02-23,18,0
2026-02-23 19:00:00+00:00,50.14,2026-02-23,19,0
2026-02-23 20:00:00+00:00,49.13,2026-02-23,20,0
2026-02-23 21:00:00+00:00,49.26,2026-02-23,21,0
2026-02-23 22:00:00+00:00,48.68,2026-02-23,22,0
2026-02-23 23:00:00+00:00,47.93,2026-02-23,23,0
2026-02-24 00:00:00+00:00,47.04,2026-02-24,0,1
2026-02-24 01:00:00+00:00,46.15,2026-02-24,1,1
2026-02-24 02:00:00+00:00,45.54,2026-02-24,2,1
2026-02-24 03:00:00+00:00,44.98,2026-02-24,3,1
2026-02-24 04:00:00+00:00,44.5,2026-02-24,4,1
2026-02-24 05:00:00+00:00,43.64,2026-02-24,5,1
2026-02-24 06:00:00+00:00,40.79,2026-02-24,6,1
2026-02-24 07:00:00+00:00,42.79,2026-02-24,7,1
2026-02-24 08:00:00+00:00,47.22,2026-02-24,8,1
2026-02-24 09:00:00+00:00,46.21,2026-02-24,9,1
2026-02-24 10:00:00+00:00,43.59,2026-02-24,10,1
2026-02-24 11:00:00+00:00,43.86,2026-02-24,11,1
2026-02-24 12:00:00+00:00,45.54,2026-02-24,12,1
2026-02-24 13:00:00+00:00,45.72,2026-02-24,13,1
2026-02-24 14:00:00+00:00,44.88,2026-02-24,14,1
2026-02-24 15:00:00+00:00,45.03,2026-02-24,15,1
2026-02-24 16:00:00+00:00,47.42,2026-02-24,16,1
2026-02-24 17:00:00+00:00,48.94,2026-02-24,17,1
2026-02-24 18:00:00+00:00,49.52,2026-02-24,18,1
2026-02-24 19:00:00+00:00,49.27,2026-02-24,19,1
2026-02-24 20:00:00+00:00,49.73,2026-02-24,20,1
2026-02-24 21:00:00+00:00,51.5,2026-02-24,21,1
2026-02-24 22:00:00+00:00,51.87,2026-02-24,22,1
2026-02-24 23:00:00+00:00,49.95,2026-02-24,23,1
2026-02-25 00:00:00+00:00,48.69,2026-02-25,0,2
2026-02-25 01:00:00+00:00,47.57,2026-02-25,1,2
2026-02-25 02:00:00+00:00,46.67,2026-02-25,2,2
2026-02-25 03:00:00+00:00,45.84,2026-02-25,3,2
2026-02-25 04:00:00+00:00,45.35,2026-02-25,4,2
2026-02-25 05:00:00+00:00,44.86,2026-02-25,5,2
2026-02-25 06:00:00+00:00,43.62,2026-02-25,6,2
2026-02-25 07:00:00+00:00,44.43,2026-02-25,7,2
2026-02-25 08:00:00+00:00,47.5,2026-02-25,8,2
2026-02-25 09:00:00+00:00,54.06,2026-02-25,9,2
2026-02-25 10:00:00+00:00,52.81,2026-02-25,10,2
2026-02-25 11:00:00+00:00,51.91,2026-02-25,11,2
2026-02-25 12:00:00+00:00,51.49,2026-02-25,12,2
2026-02-25 13:00:00+00:00,51.58,2026-02-25,13,2
2026-02-25 14:00:00+00:00,52.13,2026-02-25,14,2
2026-02-25 15:00:00+00:00,55.87,2026-02-25,15,2
2026-02-25 16:00:00+00:00,56.47,2026-02-25,16,2
2026-02-25 17:00:00+00:00,55.43,2026-02-25,17,2
2026-02-25 18:00:00+00:00,57.04,2026-02-25,18,2
2026-02-25 19:00:00+00:00,57.01,2026-02-25,19,2
2026-02-25 20:00:00+00:00,56.1,2026-02-25,20,2
2026-02-25 21:00:00+00:00,55.85,2026-02-25,21,2
2026-02-25 22:00:00+00:00,55.45,2026-02-25,22,2
2026-02-25 23:00:00+00:00,55.16,2026-02-25,23,2
2026-02-26 00:00:00+00:00,54.88,2026-02-26,0,3
2026-02-26 01:00:00+00:00,54.71,2026-02-26,1,3
2026-02-26 02:00:00+00:00,54.8,2026-02-26,2,3
2026-02-26 03:00:00+00:00,54.43,2026-02-26,3,3
2026-02-26 04:00:00+00:00,53.86,2026-02-26,4,3
2026-02-26 05:00:00+00:00,52.56,2026-02-26,5,3
2026-02-26 06:00:00+00:00,50.89,2026-02-26,6,3
2026-02-26 07:00:00+00:00,50.51,2026-02-26,7,3
2026-02-26 08:00:00+00:00,52.01,2026-02-26,8,3
2026-02-26 09:00:00+00:00,48.9,2026-02-26,9,3
2026-02-26 10:00:00+00:00,48.06,2026-02-26,10,3
2026-02-26 11:00:00+00:00,48.7,2026-02-26,11,3
2026-02-26 12:00:00+00:00,46.33,2026-02-26,12,3
2026-02-26 13:00:00+00:00,45.13,2026-02-26,13,3
2026-02-26 14:00:00+00:00,46.65,2026-02-26,14,3
2026-02-26 15:00:00+00:00,50.53,2026-02-26,15,3
2026-02-26 16:00:00+00:00,53.62,2026-02-26,16,3
2026-02-26 17:00:00+00:00,52.93,2026-02-26,17,3
2026-02-26 18:00:00+00:00,54.77,2026-02-26,18,3
2026-02-26 19:00:00+00:00,55.94,2026-02-26,19,3
2026-02-26 20:00:00+00:00,54.01,2026-02-26,20,3
2026-02-26 21:00:00+00:00,53.67,2026-02-26,21,3
2026-02-26 22:00:00+00:00,53.71,2026-02-26,22,3
2026-02-26 23:00:00+00:00,53.36,2026-02-26,23,3
2026-02-27 00:00:00+00:00,52.47,2026-02-27,0,4
2026-02-27 01:00:00+00:00,51.23,2026-02-27,1,4
2026-02-27 02:00:00+00:00,49.8,2026-02-27,2,4
2026-02-27 03:00:00+00:00,48.79,2026-02-27,3,4
2026-02-27 04:00:00+00:00,47.97,2026-02-27,4,4
2026-02-27 05:00:00+00:00,46.57,2026-02-27,5,4
2026-02-27 06:00:00+00:00,44.91,2026-02-27,6,4
2026-02-27 07:00:00+00:00,46.09,2026-02-27,7,4
2026-02-27 08:00:00+00:00,45.71,2026-02-27,8,4
2026-02-27 09:00:00+00:00,44.18,2026-02-27,9,4
2026-02-27 10:00:00+00:00,44.35,2026-02-27,10,4
2026-02-27 11:00:00+00:00,46.02,2026-02-27,11,4
2026-02-27 12:00:00+00:00,48.49,2026-02-27,12,4
2026-02-27 13:00:00+00:00,48.99,2026-02-27,13,4
2026-02-27 14:00:00+00:00,49.92,2026-02-27,14,4
2026-02-27 15:00:00+00:00,50.49,2026-02-27,15,4
2026-02-27 16:00:00+00:00,51.22,2026-02-27,16,4
2026-02-27 17:00:00+00:00,51.8,2026-02-27,17,4
2026-02-27 18:00:00+00:00,52.34,2026-02-27,18,4
2026-02-27 19:00:00+00:00,52.81,2026-02-27,19,4
2026-02-27 20:00:00+00:00,52.61,2026-02-27,20,4
2026-02-27 21:00:00+00:00,52.46,2026-02-27,21,4
2026-02-27 22:00:00+00:00,52.33,2026-02-27,22,4
2026-02-27 23:00:00+00:00,52.09,2026-02-27,23,4
2026-02-28 00:00:00+00:00,51.96,2026-02-28,0,5
2026-02-28 01:00:00+00:00,51.73,2026-02-28,1,5
2026-02-28 02:00:00+00:00,51.49,2026-02-28,2,5
2026-02-28 03:00:00+00:00,51.37,2026-02-28,3,5
2026-02-28 04:00:00+00:00,51.34,2026-02-28,4,5
2026-02-28 05:00:00+00:00,51.33,2026-02-28,5,5
2026-02-28 06:00:00+00:00,51.21,2026-02-28,6,5
2026-02-28 07:00:00+00:00,51.07,2026-02-28,7,5
2026-02-28 08:00:00+00:00,51.15,2026-02-28,8,5
2026-02-28 09:00:00+00:00,51.31,2026-02-28,9,5
2026-02-28 10:00:00+00:00,51.5,2026-02-28,10,5
2026-02-28 11:00:00+00:00,51.77,2026-02-28,11,5
2026-02-28 12:00:00+00:00,52.18,2026-02-28,12,5
2026-02-28 13:00:00+00:00,52.36,2026-02-28,13,5
2026-02-28 14:00:00+00:00,52.44,2026-02-28,14,5
2026-02-28 15:00:00+00:00,52.46,2026-02-28,15,5
2026-02-28 16:00:00+00:00,52.59,2026-02-28,16,5
2026-02-28 17:00:00+00:00,52.83,2026-02-28,17,5
2026-02-28 18:00:00+00:00,53.14,2026-02-28,18,5
2026-02-28 19:00:00+00:00,53.28,2026-02-28,19,5
2026-02-28 20:00:00+00:00,53.41,2026-02-28,20,5
2026-02-28 21:00:00+00:00,53.39,2026-02-28,21,5
2026-02-28 22:00:00+00:00,53.41,2026-02-28,22,5
2026-02-28 23:00:00+00:00,53.36,2026-02-28,23,5
2026-03-01 00:00:00+00:00,53.34,2026-03-01,0,6
2026-03-01 01:00:00+00:00,53.89,2026-03-01,1,6
2026-03-01 02:00:00+00:00,53.83,2026-03-01,2,6
2026-03-01 03:00:00+00:00,53.58,2026-03-01,3,6
2026-03-01 04:00:00+00:00,53.28,2026-03-01,4,6
2026-03-01 05:00:00+00:00,53.12,2026-03-01,5,6
2026-03-01 06:00:00+00:00,53.1,2026-03-01,6,6
2026-03-01 07:00:00+00:00,53.12,2026-03-01,7,6
2026-03-01 08:00:00+00:00,53.27,2026-03-01,8,6
2026-03-01 09:00:00+00:00,53.81,2026-03-01,9,6
2026-03-01 10:00:00+00:00,53.79,2026-03-01,10,6
2026-03-01 11:00:00+00:00,53.63,2026-03-01,11,6
2026-03-01 12:00:00+00:00,53.45,2026-03-01,12,6
2026-03-01 13:00:00+00:00,53.23,2026-03-01,13,6
2026-03-01 14:00:00+00:00,52.96,2026-03-01,14,6
2026-03-01 15:00:00+00:00,52.67,2026-03-01,15,6
2026-03-01 16:00:00+00:00,52.49,2026-03-01,16,6
2026-03-01 17:00:00+00:00,52.26,2026-03-01,17,6
2026-03-01 18:00:00+00:00,52.21,2026-03-01,18,6
2026-03-01 19:00:00+00:00,52.36,2026-03-01,19,6
2026-03-01 20:00:00+00:00,52.63,2026-03-01,20,6
2026-03-01 21:00:00+00:00,52.99,2026-03-01,21,6
2026-03-01 22:00:00+00:00,53.33,2026-03-01,22,6
2026-03-01 23:00:00+00:00,53.43,2026-03-01,23,6
2026-03-02 00:00:00+00:00,53.41,2026-03-02,0,0
2026-03-02 01:00:00+00:00,53.43,2026-03-02,1,0
2026-03-02 02:00:00+00:00,53.51,2026-03-02,2,0
2026-03-02 03:00:00+00:00,53.46,2026-03-02,3,0
2026-03-02 04:00:00+00:00,53.44,2026-03-02,4,0
2026-03-02 05:00:00+00:00,53.63,2026-03-02,5,0
2026-03-02 06:00:00+00:00,53.51,2026-03-02,6,0
2026-03-02 07:00:00+00:00,55.72,2026-03-02,7,0
2026-03-02 08:00:00+00:00,59.33,2026-03-02,8,0
