timestamp,date,hour,weekday,percent_open_time,open_seconds,open_flag
2025-01-17 13:00:00+00:00,2025-01-17,13,4,0.06,2.13,1
2025-01-17 14:00:00+00:00,2025-01-17,14,4,8.25,296.87,1
2025-01-17 15:00:00+00:00,2025-01-17,15,4,13.36,480.96,1
2025-01-17 16:00:00+00:00,2025-01-17,16,4,0.0,0.0,0
2025-01-17 17:00:00+00:00,2025-01-17,17,4,0.0,0.0,0
2025-01-17 18:00:00+00:00,2025-01-17,18,4,0.0,0.0,0
2025-01-17 19:00:00+00:00,2025-01-17,19,4,0.47,16.93,1
2025-01-17 20:00:00+00:00,2025-01-17,20,4,0.0,0.0,0
2025-01-17 21:00:00+00:00,2025-01-17,21,4,0.0,0.0,0
2025-01-17 22:00:00+00:00,2025-01-17,22,4,0.0,0.0,0
2025-01-17 23:00:00+00:00,2025-01-17,23,4,0.0,0.0,0
2025-01-18 00:00:00+00:00,2025-01-18,0,5,0.0,0.0,0
2025-01-18 01:00:00+00:00,2025-01-18,1,5,0.0,0.0,0
2025-01-18 02:00:00+00:00,2025-01-18,2,5,0.0,0.0,0
2025-01-18 03:00:00+00:00,2025-01-18,3,5,0.0,0.0,0
2025-01-18 04:00:00+00:00,2025-01-18,4,5,0.0,0.0,0
2025-01-18 05:00:00+00:00,2025-01-18,5,5,0.0,0.0,0
2025-01-18 06:00:00+00:00,2025-01-18,6,5,0.0,0.0,0
2025-01-18 07:00:00+00:00,2025-01-18,7,5,0.0,0.0,0
2025-01-18 08:00:00+00:00,2025-01-18,8,5,0.0,0.0,0
2025-01-18 09:00:00+00:00,2025-01-18,9,5,0.0,0.0,0
2025-01-18 10:00:00+00:00,2025-01-18,10,5,0.0,0.0,0
2025-01-18 11:00:00+00:00,2025-01-18,11,5,0.0,0.0,0
2025-01-18 12:00:00+00:00,2025-01-18,12,5,0.0,0.0,0
2025-01-18 13:00:00+00:00,2025-01-18,13,5,0.0,0.0,0
2025-01-18 14:00:00+00:00,2025-01-18,14,5,0.0,0.0,0
2025-01-18 15:00:00+00:00,2025-01-18,15,5,0.0,0.0,0
2025-01-18 16:00:00+00:00,2025-01-18,16,5,0.0,0.0,0
2025-01-18 17:00:00+00:00,2025-01-18,17,5,0.0,0.0,0
2025-01-18 18:00:00+00:00,2025-01-18,18,5,0.0,0.0,0
2025-01-18 19:00:00+00:00,2025-01-18,19,5,0.0,0.0,0
2025-01-18 20:00:00+00:00,2025-01-18,20,5,0.0,0.0,0
2025-01-18 21:00:00+00:00,2025-01-18,21,5,0.0,0.0,0
2025-01-18 22:00:00+00:00,2025-01-18,22,5,0.0,0.0,0
2025-01-18 23:00:00+00:00,2025-01-18,23,5,0.0,0.0,0
2025-01-19 00:00:00+00:00,2025-01-19,0,6,0.0,0.0,0
2025-01-19 01:00:00+00:00,2025-01-19,1,6,0.0,0.0,0
2025-01-19 02:00:00+00:00,2025-01-19,2,6,0.0,0.0,0
2025-01-19 03:00:00+00:00,2025-01-19,3,6,0.0,0.0,0
2025-01-19 04:00:00+00:00,2025-01-19,4,6,0.0,0.0,0
2025-01-19 05:00:00+00:00,2025-01-19,5,6,0.0,0.0,0
2025-01-19 06:00:00+00:00,2025-01-19,6,6,0.0,0.0,0
2025-01-19 07:00:00+00:00,2025-01-19,7,6,0.0,0.0,0
2025-01-19 08:00:00+00:00,2025-01-19,8,6,0.0,0.0,0
2025-01-19 09:00:00+00:00,2025-01-19,9,6,0.0,0.0,0
2025-01-19 10:00:00+00:00,2025-01-19,10,6,0.0,0.0,0
2025-01-19 11:00:00+00:00,2025-01-19,11,6,0.0,0.0,0
2025-01-19 12:00:00+00:00,2025-01-19,12,6,0.0,0.0,0
2025-01-19 13:00:00+00:00,2025-01-19,13,6,0.0,0.0,0
2025-01-19 14:00:00+00:00,2025-01-19,14,6,0.0,0.0,0
2025-01-19 15:00:00+00:00,2025-01-19,15,6,0.0,0.0,0
2025-01-19 16:00:00+00:00,2025-01-19,16,6,0.0,0.0,0
2025-01-19 17:00:00+00:00,2025-01-19,17,6,0.0,0.0,0
2025-01-19 18:00:00+00:00,2025-01-19,18,6,0.0,0.0,0
2025-01-19 19:00:00+00:00,2025-01-19,19,6,0.0,0.0,0
2025-01-19 20:00:00+00:00,2025-01-19,20,6,0.0,0.0,0
2025-01-19 21:00:00+00:00,2025-01-19,21,6,0.0,0.0,0
2025-01-19 22:00:00+00:00,2025-01-19,22,6,0.0,0.0,0
2025-01-19 23:00:00+00:00,2025-01-19,23,6,0.0,0.0,0
2025-01-20 00:00:00+00:00,2025-01-20,0,0,0.0,0.0,0
2025-01-20 01:00:00+00:00,2025-01-20,1,0,0.0,0.0,0
2025-01-20 02:00:00+00:00,2025-01-20,2,0,0.0,0.0,0
2025-01-20 03:00:00+00:00,2025-01-20,3,0,0.0,0.0,0
2025-01-20 04:00:00+00:00,2025-01-20,4,0,0.0,0.0,0
2025-01-20 05:00:00+00:00,2025-01-20,5,0,0.0,0.0,0
2025-01-20 06:00:00+00:00,2025-01-20,6,0,10.13,364.79,1
2025-01-20 07:00:00+00:00,2025-01-20,7,0,29.74,1070.54,1
2025-01-20 08:00:00+00:00,2025-01-20,8,0,25.38,913.64,1
2025-01-20 09:00:00+00:00,2025-01-20,9,0,29.21,1051.52,1
2025-01-20 10:00:00+00:00,2025-01-20,10,0,39.98,1439.24,1
2025-01-20 11:00:00+00:00,2025-01-20,11,0,36.21,1303.39,1
2025-01-20 12:00:00+00:00,2025-01-20,12,0,30.82,1109.68,1
2025-01-20 13:00:00+00:00,2025-01-20,13,0,26.02,936.58,1
2025-01-20 14:00:00+00:00,2025-01-20,14,0,25.93,933.31,1
2025-01-20 15:00:00+00:00,2025-01-20,15,0,43.2,1555.21,1
2025-01-20 16:00:00+00:00,2025-01-20,16,0,45.0,1620.0,1
2025-01-20 17:00:00+00:00,2025-01-20,17,0,45.0,1620.0,1
2025-01-20 18:00:00+00:00,2025-01-20,18,0,42.66,1535.66,1
2025-01-20 19:00:00+00:00,2025-01-20,19,0,25.98,935.29,1
2025-01-20 20:00:00+00:00,2025-01-20,20,0,25.0,900.0,1
2025-01-20 21:00:00+00:00,2025-01-20,21,0,25.0,900.0,1
2025-01-20 22:00:00+00:00,2025-01-20,22,0,25.0,900.0,1
2025-01-20 23:00:00+00:00,2025-01-20,23,0,25.0,900.0,1
2025-01-21 00:00:00+00:00,2025-01-21,0,1,25.0,900.0,1
2025-01-21 01:00:00+00:00,2025-01-21,1,1,25.0,900.0,1
2025-01-21 02:00:00+00:00,2025-01-21,2,1,25.0,900.0,1
2025-01-21 03:00:00+00:00,2025-01-21,3,1,25.0,900.0,1
2025-01-21 04:00:00+00:00,2025-01-21,4,1,25.0,900.0,1
2025-01-21 05:00:00+00:00,2025-01-21,5,1,25.0,900.0,1
2025-01-21 06:00:00+00:00,2025-01-21,6,1,26.68,960.31,1
2025-01-21 07:00:00+00:00,2025-01-21,7,1,71.21,2563.46,1
2025-01-21 08:00:00+00:00,2025-01-21,8,1,70.33,2531.94,1
2025-01-21 09:00:00+00:00,2025-01-21,9,1,58.11,2092.04,1
2025-01-21 10:00:00+00:00,2025-01-21,10,1,61.61,2217.96,1
2025-01-21 11:00:00+00:00,2025-01-21,11,1,65.0,2340.0,1
2025-01-21 12:00:00+00:00,2025-01-21,12,1,65.0,2340.0,1
2025-01-21 13:00:00+00:00,2025-01-21,13,1,51.98,1871.22,1
2025-01-21 14:00:00+00:00,2025-01-21,14,1,50.25,1809.17,1
2025-01-21 15:00:00+00:00,2025-01-21,15,1,25.81,929.01,1
2025-01-21 16:00:00+00:00,2025-01-21,16,1,26.34,948.28,1
2025-01-21 17:00:00+00:00,2025-01-21,17,1,25.53,918.9,1
2025-01-21 18:00:00+00:00,2025-01-21,18,1,12.68,456.49,1
2025-01-21 19:00:00+00:00,2025-01-21,19,1,4.01,144.21,1
2025-01-21 20:00:00+00:00,2025-01-21,20,1,0.0,0.0,0
2025-01-21 21:00:00+00:00,2025-01-21,21,1,0.0,0.0,0
2025-01-21 22:00:00+00:00,2025-01-21,22,1,0.0,0.0,0
2025-01-21 23:00:00+00:00,2025-01-21,23,1,0.0,0.0,0
2025-01-22 00:00:00+00:00,2025-01-22,0,2,0.0,0.0,0
2025-01-22 01:00:00+00:00,2025-01-22,1,2,0.0,0.0,0
2025-01-22 02:00:00+00:00,2025-01-22,2,2,0.0,0.0,0
2025-01-22 03:00:00+00:00,2025-01-22,3,2,0.0,0.0,0
2025-01-22 04:00:00+00:00,2025-01-22,4,2,0.0,0.0,0
2025-01-22 05:00:00+00:00,2025-01-22,5,2,0.74,26.49,1
2025-01-22 06:00:00+00:00,2025-01-22,6,2,20.0,720.0,1
2025-01-22 07:00:00+00:00,2025-01-22,7,2,20.0,720.0,1
2025-01-22 08:00:00+00:00,2025-01-22,8,2,18.26,657.36,1
2025-01-22 09:00:00+00:00,2025-01-22,9,2,8.33,299.79,1
2025-01-22 10:00:00+00:00,2025-01-22,10,2,15.37,553.28,1
2025-01-22 11:00:00+00:00,2025-01-22,11,2,14.64,527.05,1
2025-01-22 12:00:00+00:00,2025-01-22,12,2,12.29,442.43,1
2025-01-22 13:00:00+00:00,2025-01-22,13,2,10.41,374.76,1
2025-01-22 14:00:00+00:00,2025-01-22,14,2,12.51,450.45,1
2025-01-22 15:00:00+00:00,2025-01-22,15,2,27.73,998.16,1
2025-01-22 16:00:00+00:00,2025-01-22,16,2,18.48,665.35,1
2025-01-22 17:00:00+00:00,2025-01-22,17,2,19.5,701.9,1
2025-01-22 18:00:00+00:00,2025-01-22,18,2,20.0,720.0,1
2025-01-22 19:00:00+00:00,2025-01-22,19,2,15.56,560.13,1
2025-01-22 20:00:00+00:00,2025-01-22,20,2,0.0,0.0,0
2025-01-22 21:00:00+00:00,2025-01-22,21,2,0.0,0.0,0
2025-01-22 22:00:00+00:00,2025-01-22,22,2,0.0,0.0,0
2025-01-22 23:00:00+00:00,2025-01-22,23,2,0.0,0.0,0
2025-01-23 00:00:00+00:00,2025-01-23,0,3,0.0,0.0,0
2025-01-23 01:00:00+00:00,2025-01-23,1,3,0.0,0.0,0
2025-01-23 02:00:00+00:00,2025-01-23,2,3,0.0,0.0,0
2025-01-23 03:00:00+00:00,2025-01-23,3,3,0.0,0.0,0
2025-01-23 04:00:00+00:00,2025-01-23,4,3,0.0,0.0,0
2025-01-23 05:00:00+00:00,2025-01-23,5,3,5.21,187.68,1
2025-01-23 06:00:00+00:00,2025-01-23,6,3,20.0,720.0,1
2025-01-23 07:00:00+00:00,2025-01-23,7,3,29.74,1070.74,1
2025-01-23 08:00:00+00:00,2025-01-23,8,3,30.38,1093.5,1
2025-01-23 09:00:00+00:00,2025-01-23,9,3,22.37,805.19,1
2025-01-23 10:00:00+00:00,2025-01-23,10,3,23.08,830.8,1
2025-01-23 11:00:00+00:00,2025-01-23,11,3,31.77,1143.9,1
2025-01-23 12:00:00+00:00,2025-01-23,12,3,13.25,476.96,1
2025-01-23 13:00:00+00:00,2025-01-23,13,3,19.91,716.68,1
2025-01-23 14:00:00+00:00,2025-01-23,14,3,22.99,827.82,1
2025-01-23 15:00:00+00:00,2025-01-23,15,3,20.34,732.19,1
2025-01-23 16:00:00+00:00,2025-01-23,16,3,27.52,990.58,1
2025-01-23 17:00:00+00:00,2025-01-23,17,3,26.52,954.77,1
2025-01-23 18:00:00+00:00,2025-01-23,18,3,29.75,1071.02,1
2025-01-23 19:00:00+00:00,2025-01-23,19,3,17.65,635.53,1
2025-01-23 20:00:00+00:00,2025-01-23,20,3,0.0,0.0,0
2025-01-23 21:00:00+00:00,2025-01-23,21,3,0.0,0.0,0
2025-01-23 22:00:00+00:00,2025-01-23,22,3,0.0,0.0,0
2025-01-23 23:00:00+00:00,2025-01-23,23,3,0.0,0.0,0
2025-01-24 00:00:00+00:00,2025-01-24,0,4,0.0,0.0,0
2025-01-24 01:00:00+00:00,2025-01-24,1,4,0.0,0.0,0
2025-01-24 02:00:00+00:00,2025-01-24,2,4,0.0,0.0,0
2025-01-24 03:00:00+00:00,2025-01-24,3,4,0.0,0.0,0
2025-01-24 04:00:00+00:00,2025-01-24,4,4,0.0,0.0,0
2025-01-24 05:00:00+00:00,2025-01-24,5,4,0.72,26.02,1
2025-01-24 06:00:00+00:00,2025-01-24,6,4,0.0,0.0,0
2025-01-24 07:00:00+00:00,2025-01-24,7,4,9.32,335.48,1
2025-01-24 08:00:00+00:00,2025-01-24,8,4,27.75,999.16,1
2025-01-24 09:00:00+00:00,2025-01-24,9,4,32.87,1183.24,1
2025-01-24 10:00:00+00:00,2025-01-24,10,4,44.8,1612.92,1
2025-01-24 11:00:00+00:00,2025-01-24,11,4,33.89,1220.05,1
2025-01-24 12:00:00+00:00,2025-01-24,12,4,33.36,1201.01,1
2025-01-24 13:00:00+00:00,2025-01-24,13,4,3.57,128.56,1
2025-01-24 14:00:00+00:00,2025-01-24,14,4,0.0,0.0,0
2025-01-24 15:00:00+00:00,2025-01-24,15,4,0.0,0.0,0
2025-01-24 16:00:00+00:00,2025-01-24,16,4,0.0,0.0,0
2025-01-24 17:00:00+00:00,2025-01-24,17,4,0.0,0.0,0
2025-01-24 18:00:00+00:00,2025-01-24,18,4,0.0,0.0,0
2025-01-24 19:00:00+00:00,2025-01-24,19,4,0.38,13.67,1
2025-01-24 20:00:00+00:00,2025-01-24,20,4,0.0,0.0,0
2025-01-24 21:00:00+00:00,2025-01-24,21,4,0.0,0.0,0
2025-01-24 22:00:00+00:00,2025-01-24,22,4,0.0,0.0,0
2025-01-24 23:00:00+00:00,2025-01-24,23,4,0.0,0.0,0
2025-01-25 00:00:00+00:00,2025-01-25,0,5,0.0,0.0,0
2025-01-25 01:00:00+00:00,2025-01-25,1,5,0.0,0.0,0
2025-01-25 02:00:00+00:00,2025-01-25,2,5,0.0,0.0,0
2025-01-25 03:00:00+00:00,2025-01-25,3,5,0.0,0.0,0
2025-01-25 04:00:00+00:00,2025-01-25,4,5,0.0,0.0,0
2025-01-25 05:00:00+00:00,2025-01-25,5,5,0.0,0.0,0
2025-01-25 06:00:00+00:00,2025-01-25,6,5,0.0,0.0,0
2025-01-25 07:00:00+00:00,2025-01-25,7,5,0.0,0.0,0
2025-01-25 08:00:00+00:00,2025-01-25,8,5,0.0,0.0,0
2025-01-25 09:00:00+00:00,2025-01-25,9,5,0.0,0.0,0
2025-01-25 10:00:00+00:00,2025-01-25,10,5,0.0,0.0,0
2025-01-25 11:00:00+00:00,2025-01-25,11,5,0.0,0.0,0
2025-01-25 12:00:00+00:00,2025-01-25,12,5,0.0,0.0,0
2025-01-25 13:00:00+00:00,2025-01-25,13,5,0.0,0.0,0
2025-01-25 14:00:00+00:00,2025-01-25,14,5,0.0,0.0,0
2025-01-25 15:00:00+00:00,2025-01-25,15,5,0.0,0.0,0
2025-01-25 16:00:00+00:00,2025-01-25,16,5,0.0,0.0,0
2025-01-25 17:00:00+00:00,2025-01-25,17,5,0.0,0.0,0
2025-01-25 18:00:00+00:00,2025-01-25,18,5,0.0,0.0,0
2025-01-25 19:00:00+00:00,2025-01-25,19,5,0.0,0.0,0
2025-01-25 20:00:00+00:00,2025-01-25,20,5,0.0,0.0,0
2025-01-25 21:00:00+00:00,2025-01-25,21,5,0.0,0.0,0
2025-01-25 22:00:00+00:00,2025-01-25,22,5,0.0,0.0,0
2025-01-25 23:00:00+00:00,2025-01-25,23,5,0.0,0.0,0
2025-01-26 00:00:00+00:00,2025-01-26,0,6,0.0,0.0,0
2025-01-26 01:00:00+00:00,2025-01-26,1,6,0.0,0.0,0
2025-01-26 02:00:00+00:00,2025-01-26,2,6,0.0,0.0,0
2025-01-26 03:00:00+00:00,2025-01-26,3,6,0.0,0.0,0
2025-01-26 04:00:00+00:00,2025-01-26,4,6,0.0,0.0,0
2025-01-26 05:00:00+00:00,2025-01-26,5,6,0.0,0.0,0
2025-01-26 06:00:00+00:00,2025-01-26,6,6,0.0,0.0,0
2025-01-26 07:00:00+00:00,2025-01-26,7,6,0.0,0.0,0
2025-01-26 08:00:00+00:00,2025-01-26,8,6,0.0,0.0,0
2025-01-26 09:00:00+00:00,2025-01-26,9,6,0.0,0.0,0
2025-01-26 10:00:00+00:00,2025-01-26,10,6,0.0,0.0,0
2025-01-26 11:00:00+00:00,2025-01-26,11,6,0.0,0.0,0
2025-01-26 12:00:00+00:00,2025-01-26,12,6,0.0,0.0,0
2025-01-26 13:00:00+00:00,2025-01-26,13,6,0.0,0.0,0
2025-01-26 14:00:00+00:00,2025-01-26,14,6,0.0,0.0,0
2025-01-26 15:00:00+00:00,2025-01-26,15,6,0.0,0.0,0
2025-01-26 16:00:00+00:00,2025-01-26,16,6,0.0,0.0,0
2025-01-26 17:00:00+00:00,2025-01-26,17,6,0.0,0.0,0
2025-01-26 18:00:00+00:00,2025-01-26,18,6,0.0,0.0,0
2025-01-26 19:00:00+00:00,2025-01-26,19,6,0.0,0.0,0
2025-01-26 20:00:00+00:00,2025-01-26,20,6,0.0,0.0,0
2025-01-26 21:00:00+00:00,2025-01-26,21,6,0.0,0.0,0
2025-01-26 22:00:00+00:00,2025-01-26,22,6,0.0,0.0,0
2025-01-26 23:00:00+00:00,2025-01-26,23,6,0.0,0.0,0
2025-01-27 00:00:00+00:00,2025-01-27,0,0,0.0,0.0,0
2025-01-27 01:00:00+00:00,2025-01-27,1,0,0.0,0.0,0
2025-01-27 02:00:00+00:00,2025-01-27,2,0,0.0,0.0,0
2025-01-27 03:00:00+00:00,2025-01-27,3,0,0.0,0.0,0
2025-01-27 04:00:00+00:00,2025-01-27,4,0,0.0,0.0,0
2025-01-27 05:00:00+00:00,2025-01-27,5,0,0.3,10.66,1
2025-01-27 06:00:00+00:00,2025-01-27,6,0,20.0,720.0,1
2025-01-27 07:00:00+00:00,2025-01-27,7,0,36.33,1307.81,1
2025-01-27 08:00:00+00:00,2025-01-27,8,0,34.17,1229.98,1
2025-01-27 09:00:00+00:00,2025-01-27,9,0,23.22,835.78,1
2025-01-27 10:00:00+00:00,2025-01-27,10,0,10.57,380.46,1
2025-01-27 11:00:00+00:00,2025-01-27,11,0,19.54,703.51,1
2025-01-27 12:00:00+00:00,2025-01-27,12,0,3.09,111.22,1
2025-01-27 13:00:00+00:00,2025-01-27,13,0,4.21,151.73,1
2025-01-27 14:00:00+00:00,2025-01-27,14,0,2.0,72.02,1
2025-01-27 15:00:00+00:00,2025-01-27,15,0,20.0,720.0,1
2025-01-27 16:00:00+00:00,2025-01-27,16,0,12.7,457.25,1
2025-01-27 17:00:00+00:00,2025-01-27,17,0,20.0,720.0,1
2025-01-27 18:00:00+00:00,2025-01-27,18,0,20.0,720.0,1
2025-01-27 19:00:00+00:00,2025-01-27,19,0,17.55,631.9,1
2025-01-27 20:00:00+00:00,2025-01-27,20,0,0.0,0.0,0
2025-01-27 21:00:00+00:00,2025-01-27,21,0,0.0,0.0,0
2025-01-27 22:00:00+00:00,2025-01-27,22,0,0.0,0.0,0
2025-01-27 23:00:00+00:00,2025-01-27,23,0,0.0,0.0,0
2025-01-28 00:00:00+00:00,2025-01-28,0,1,0.0,0.0,0
2025-01-28 01:00:00+00:00,2025-01-28,1,1,0.0,0.0,0
2025-01-28 02:00:00+00:00,2025-01-28,2,1,0.0,0.0,0
2025-01-28 03:00:00+00:00,2025-01-28,3,1,0.0,0.0,0
2025-01-28 04:00:00+00:00,2025-01-28,4,1,0.0,0.0,0
2025-01-28 05:00:00+00:00,2025-01-28,5,1,7.22,259.96,1
2025-01-28 06:00:00+00:00,2025-01-28,6,1,2.49,89.49,1
2025-01-28 07:00:00+00:00,2025-01-28,7,1,8.24,296.82,1
2025-01-28 08:00:00+00:00,2025-01-28,8,1,0.6,21.43,1
2025-01-28 09:00:00+00:00,2025-01-28,9,1,1.76,63.37,1
2025-01-28 10:00:00+00:00,2025-01-28,10,1,8.56,308.05,1
2025-01-28 11:00:00+00:00,2025-01-28,11,1,0.12,4.37,1
2025-01-28 12:00:00+00:00,2025-01-28,12,1,1.84,66.17,1
2025-01-28 13:00:00+00:00,2025-01-28,13,1,2.42,87.3,1
2025-01-28 14:00:00+00:00,2025-01-28,14,1,11.34,408.2,1
2025-01-28 15:00:00+00:00,2025-01-28,15,1,17.16,617.81,1
2025-01-28 16:00:00+00:00,2025-01-28,16,1,1.04,37.41,1
2025-01-28 17:00:00+00:00,2025-01-28,17,1,18.47,664.96,1
2025-01-28 18:00:00+00:00,2025-01-28,18,1,20.0,720.0,1
2025-01-28 19:00:00+00:00,2025-01-28,19,1,17.64,635.08,1
2025-01-28 20:00:00+00:00,2025-01-28,20,1,0.0,0.0,0
2025-01-28 21:00:00+00:00,2025-01-28,21,1,0.0,0.0,0
2025-01-28 22:00:00+00:00,2025-01-28,22,1,0.0,0.0,0
2025-01-28 23:00:00+00:00,2025-01-28,23,1,0.0,0.0,0
2025-01-29 00:00:00+00:00,2025-01-29,0,2,0.0,0.0,0
2025-01-29 01:00:00+00:00,2025-01-29,1,2,0.0,0.0,0
2025-01-29 02:00:00+00:00,2025-01-29,2,2,0.0,0.0,0
2025-01-29 03:00:00+00:00,2025-01-29,3,2,0.0,0.0,0
2025-01-29 04:00:00+00:00,2025-01-29,4,2,0.0,0.0,0
2025-01-29 05:00:00+00:00,2025-01-29,5,2,0.63,22.54,1
2025-01-29 06:00:00+00:00,2025-01-29,6,2,1.92,69.21,1
2025-01-29 07:00:00+00:00,2025-01-29,7,2,4.41,158.88,1
2025-01-29 08:00:00+00:00,2025-01-29,8,2,0.76,27.48,1
2025-01-29 09:00:00+00:00,2025-01-29,9,2,5.9,212.4,1
2025-01-29 10:00:00+00:00,2025-01-29,10,2,9.49,341.71,1
2025-01-29 11:00:00+00:00,2025-01-29,11,2,14.45,520.13,1
2025-01-29 12:00:00+00:00,2025-01-29,12,2,39.99,1439.7,1
2025-01-29 13:00:00+00:00,2025-01-29,13,2,20.0,720.0,1
2025-01-29 14:00:00+00:00,2025-01-29,14,2,31.81,1145.21,1
2025-01-29 15:00:00+00:00,2025-01-29,15,2,40.0,1440.0,1
2025-01-29 16:00:00+00:00,2025-01-29,16,2,25.11,904.06,1
2025-01-29 17:00:00+00:00,2025-01-29,17,2,20.43,735.61,1
2025-01-29 18:00:00+00:00,2025-01-29,18,2,20.18,726.3,1
2025-01-29 19:00:00+00:00,2025-01-29,19,2,21.52,774.77,1
2025-01-29 20:00:00+00:00,2025-01-29,20,2,20.0,720.0,1
2025-01-29 21:00:00+00:00,2025-01-29,21,2,20.0,720.0,1
2025-01-29 22:00:00+00:00,2025-01-29,22,2,20.0,720.0,1
2025-01-29 23:00:00+00:00,2025-01-29,23,2,20.0,720.0,1
2025-01-30 00:00:00+00:00,2025-01-30,0,3,20.0,720.0,1
2025-01-30 01:00:00+00:00,2025-01-30,1,3,20.0,720.0,1
2025-01-30 02:00:00+00:00,2025-01-30,2,3,20.0,720.0,1
2025-01-30 03:00:00+00:00,2025-01-30,3,3,20.0,720.0,1
2025-01-30 04:00:00+00:00,2025-01-30,4,3,20.0,720.0,1
2025-01-30 05:00:00+00:00,2025-01-30,5,3,20.55,739.79,1
2025-01-30 06:00:00+00:00,2025-01-30,6,3,20.0,720.0,1
2025-01-30 07:00:00+00:00,2025-01-30,7,3,39.23,1412.15,1
2025-01-30 08:00:00+00:00,2025-01-30,8,3,24.51,882.47,1
2025-01-30 09:00:00+00:00,2025-01-30,9,3,24.41,878.83,1
2025-01-30 10:00:00+00:00,2025-01-30,10,3,20.45,736.08,1
2025-01-30 11:00:00+00:00,2025-01-30,11,3,36.01,1296.48,1
2025-01-30 12:00:00+00:00,2025-01-30,12,3,30.94,1113.66,1
2025-01-30 13:00:00+00:00,2025-01-30,13,3,29.27,1053.73,1
2025-01-30 14:00:00+00:00,2025-01-30,14,3,31.45,1132.12,1
2025-01-30 15:00:00+00:00,2025-01-30,15,3,40.0,1440.0,1
2025-01-30 16:00:00+00:00,2025-01-30,16,3,38.76,1395.24,1
2025-01-30 17:00:00+00:00,2025-01-30,17,3,36.64,1318.95,1
2025-01-30 18:00:00+00:00,2025-01-30,18,3,32.29,1162.37,1
2025-01-30 19:00:00+00:00,2025-01-30,19,3,14.22,512.03,1
2025-01-30 20:00:00+00:00,2025-01-30,20,3,10.0,360.0,1
2025-01-30 21:00:00+00:00,2025-01-30,21,3,10.0,360.0,1
2025-01-30 22:00:00+00:00,2025-01-30,22,3,10.0,360.0,1
2025-01-30 23:00:00+00:00,2025-01-30,23,3,10.0,360.0,1
2025-01-31 00:00:00+00:00,2025-01-31,0,4,10.0,360.0,1
2025-01-31 01:00:00+00:00,2025-01-31,1,4,10.0,360.0,1
2025-01-31 02:00:00+00:00,2025-01-31,2,4,10.0,360.0,1
2025-01-31 03:00:00+00:00,2025-01-31,3,4,10.0,360.0,1
2025-01-31 04:00:00+00:00,2025-01-31,4,4,10.0,360.0,1
2025-01-31 05:00:00+00:00,2025-01-31,5,4,12.7,457.04,1
2025-01-31 06:00:00+00:00,2025-01-31,6,4,10.0,360.0,1
2025-01-31 07:00:00+00:00,2025-01-31,7,4,16.19,582.78,1
2025-01-31 08:00:00+00:00,2025-01-31,8,4,11.65,419.58,1
2025-01-31 09:00:00+00:00,2025-01-31,9,4,13.72,494.03,1
2025-01-31 10:00:00+00:00,2025-01-31,10,4,17.93,645.41,1
2025-01-31 11:00:00+00:00,2025-01-31,11,4,20.34,732.16,1
2025-01-31 12:00:00+00:00,2025-01-31,12,4,32.37,1165.48,1
2025-01-31 13:00:00+00:00,2025-01-31,13,4,34.17,1230.17,1
2025-01-31 14:00:00+00:00,2025-01-31,14,4,30.0,1080.0,1
2025-01-31 15:00:00+00:00,2025-01-31,15,4,30.0,1080.0,1
2025-01-31 16:00:00+00:00,2025-01-31,16,4,20.53,739.12,1
2025-01-31 17:00:00+00:00,2025-01-31,17,4,20.0,720.0,1
2025-01-31 18:00:00+00:00,2025-01-31,18,4,20.0,720.0,1
2025-01-31 19:00:00+00:00,2025-01-31,19,4,8.26,297.27,1
2025-01-31 20:00:00+00:00,2025-01-31,20,4,0.0,0.0,0
2025-01-31 21:00:00+00:00,2025-01-31,21,4,0.0,0.0,0
2025-01-31 22:00:00+00:00,2025-01-31,22,4,0.0,0.0,0
2025-01-31 23:00:00+00:00,2025-01-31,23,4,0.0,0.0,0
2025-02-01 00:00:00+00:00,2025-02-01,0,5,0.0,0.0,0
2025-02-01 01:00:00+00:00,2025-02-01,1,5,0.0,0.0,0
2025-02-01 02:00:00+00:00,2025-02-01,2,5,0.0,0.0,0
2025-02-01 03:00:00+00:00,2025-02-01,3,5,0.0,0.0,0
2025-02-01 04:00:00+00:00,2025-02-01,4,5,0.0,0.0,0
2025-02-01 05:00:00+00:00,2025-02-01,5,5,0.0,0.0,0
2025-02-01 06:00:00+00:00,2025-02-01,6,5,0.0,0.0,0
2025-02-01 07:00:00+00:00,2025-02-01,7,5,0.0,0.0,0
2025-02-01 08:00:00+00:00,2025-02-01,8,5,0.0,0.0,0
2025-02-01 09:00:00+00:00,2025-02-01,9,5,0.0,0.0,0
2025-02-01 10:00:00+00:00,2025-02-01,10,5,0.0,0.0,0
2025-02-01 11:00:00+00:00,2025-02-01,11,5,0.0,0.0,0
2025-02-01 12:00:00+00:00,2025-02-01,12,5,0.0,0.0,0
2025-02-01 13:00:00+00:00,2025-02-01,13,5,0.0,0.0,0
2025-02-01 14:00:00+00:00,2025-02-01,14,5,0.0,0.0,0
2025-02-01 15:00:00+00:00,2025-02-01,15,5,0.0,0.0,0
2025-02-01 16:00:00+00:00,2025-02-01,16,5,0.0,0.0,0
2025-02-01 17:00:00+00:00,2025-02-01,17,5,0.0,0.0,0
2025-02-01 18:00:00+00:00,2025-02-01,18,5,0.0,0.0,0
2025-02-01 19:00:00+00:00,2025-02-01,19,5,0.0,0.0,0
2025-02-01 20:00:00+00:00,2025-02-01,20,5,0.0,0.0,0
2025-02-01 21:00:00+00:00,2025-02-01,21,5,0.0,0.0,0
2025-02-01 22:00:00+00:00,2025-02-01,22,5,0.0,0.0,0
2025-02-01 23:00:00+00:00,2025-02-01,23,5,0.0,0.0,0
2025-02-02 00:00:00+00:00,2025-02-02,0,6,0.0,0.0,0
2025-02-02 01:00:00+00:00,2025-02-02,1,6,0.0,0.0,0
2025-02-02 02:00:00+00:00,2025-02-02,2,6,0.0,0.0,0
2025-02-02 03:00:00+00:00,2025-02-02,3,6,0.0,0.0,0
2025-02-02 04:00:00+00:00,2025-02-02,4,6,0.0,0.0,0
2025-02-02 05:00:00+00:00,2025-02-02,5,6,0.0,0.0,0
2025-02-02 06:00:00+00:00,2025-02-02,6,6,0.0,0.0,0
2025-02-02 07:00:00+00:00,2025-02-02,7,6,0.0,0.0,0
2025-02-02 08:00:00+00:00,2025-02-02,8,6,0.0,0.0,0
2025-02-02 09:00:00+00:00,2025-02-02,9,6,0.0,0.0,0
2025-02-02 10:00:00+00:00,2025-02-02,10,6,0.0,0.0,0
2025-02-02 11:00:00+00:00,2025-02-02,11,6,0.0,0.0,0
2025-02-02 12:00:00+00:00,2025-02-02,12,6,0.0,0.0,0
2025-02-02 13:00:00+00:00,2025-02-02,13,6,0.0,0.0,0
2025-02-02 14:00:00+00:00,2025-02-02,14,6,0.0,0.0,0
2025-02-02 15:00:00+00:00,2025-02-02,15,6,0.0,0.0,0
2025-02-02 16:00:00+00:00,2025-02-02,16,6,0.0,0.0,0
2025-02-02 17:00:00+00:00,2025-02-02,17,6,0.0,0.0,0
2025-02-02 18:00:00+00:00,2025-02-02,18,6,0.0,0.0,0
2025-02-02 19:00:00+00:00,2025-02-02,19,6,0.0,0.0,0
2025-02-02 20:00:00+00:00,2025-02-02,20,6,0.0,0.0,0
2025-02-02 21:00:00+00:00,2025-02-02,21,6,0.0,0.0,0
2025-02-02 22:00:00+00:00,2025-02-02,22,6,0.0,0.0,0
2025-02-02 23:00:00+00:00,2025-02-02,23,6,0.0,0.0,0
2025-02-03 00:00:00+00:00,2025-02-03,0,0,0.0,0.0,0
2025-02-03 01:00:00+00:00,2025-02-03,1,0,0.0,0.0,0
2025-02-03 02:00:00+00:00,2025-02-03,2,0,0.0,0.0,0
2025-02-03 03:00:00+00:00,2025-02-03,3,0,0.0,0.0,0
2025-02-03 04:00:00+00:00,2025-02-03,4,0,0.0,0.0,0
2025-02-03 05:00:00+00:00,2025-02-03,5,0,0.1,3.62,1
2025-02-03 06:00:00+00:00,2025-02-03,6,0,0.0,0.0,0
2025-02-03 07:00:00+00:00,2025-02-03,7,0,0.0,0.0,0
2025-02-03 08:00:00+00:00,2025-02-03,8,0,0.0,0.0,0
2025-02-03 09:00:00+00:00,2025-02-03,9,0,17.14,617.07,1
2025-02-03 10:00:00+00:00,2025-02-03,10,0,23.98,863.25,1
2025-02-03 11:00:00+00:00,2025-02-03,11,0,26.34,948.25,1
2025-02-03 12:00:00+00:00,2025-02-03,12,0,16.92,608.97,1
2025-02-03 13:00:00+00:00,2025-02-03,13,0,24.63,886.65,1
2025-02-03 14:00:00+00:00,2025-02-03,14,0,20.7,745.16,1
2025-02-03 15:00:00+00:00,2025-02-03,15,0,20.0,720.0,1
2025-02-03 16:00:00+00:00,2025-02-03,16,0,20.0,720.0,1
2025-02-03 17:00:00+00:00,2025-02-03,17,0,20.0,720.0,1
2025-02-03 18:00:00+00:00,2025-02-03,18,0,20.0,720.0,1
2025-02-03 19:00:00+00:00,2025-02-03,19,0,14.74,530.55,1
2025-02-03 20:00:00+00:00,2025-02-03,20,0,0.0,0.0,0
2025-02-03 21:00:00+00:00,2025-02-03,21,0,0.0,0.0,0
2025-02-03 22:00:00+00:00,2025-02-03,22,0,0.0,0.0,0
2025-02-03 23:00:00+00:00,2025-02-03,23,0,0.0,0.0,0
2025-02-04 00:00:00+00:00,2025-02-04,0,1,0.0,0.0,0
2025-02-04 01:00:00+00:00,2025-02-04,1,1,0.0,0.0,0
2025-02-04 02:00:00+00:00,2025-02-04,2,1,0.0,0.0,0
2025-02-04 03:00:00+00:00,2025-02-04,3,1,0.0,0.0,0
2025-02-04 04:00:00+00:00,2025-02-04,4,1,0.0,0.0,0
2025-02-04 05:00:00+00:00,2025-02-04,5,1,3.04,109.54,1
2025-02-04 06:00:00+00:00,2025-02-04,6,1,0.0,0.0,0
2025-02-04 07:00:00+00:00,2025-02-04,7,1,5.77,207.77,1
2025-02-04 08:00:00+00:00,2025-02-04,8,1,8.62,310.29,1
2025-02-04 09:00:00+00:00,2025-02-04,9,1,3.23,116.1,1
2025-02-04 10:00:00+00:00,2025-02-04,10,1,9.83,353.78,1
2025-02-04 11:00:00+00:00,2025-02-04,11,1,14.97,538.84,1
2025-02-04 12:00:00+00:00,2025-02-04,12,1,21.38,769.53,1
2025-02-04 13:00:00+00:00,2025-02-04,13,1,21.16,761.64,1
2025-02-04 14:00:00+00:00,2025-02-04,14,1,23.44,843.85,1
2025-02-04 15:00:00+00:00,2025-02-04,15,1,0.03,1.08,1
2025-02-04 16:00:00+00:00,2025-02-04,16,1,0.1,3.46,1
2025-02-04 17:00:00+00:00,2025-02-04,17,1,10.97,394.95,1
2025-02-04 18:00:00+00:00,2025-02-04,18,1,0.0,0.0,0
2025-02-04 19:00:00+00:00,2025-02-04,19,1,0.0,0.0,0
2025-02-04 20:00:00+00:00,2025-02-04,20,1,0.0,0.0,0
2025-02-04 21:00:00+00:00,2025-02-04,21,1,0.0,0.0,0
2025-02-04 22:00:00+00:00,2025-02-04,22,1,0.0,0.0,0
2025-02-04 23:00:00+00:00,2025-02-04,23,1,0.0,0.0,0
2025-02-05 00:00:00+00:00,2025-02-05,0,2,0.0,0.0,0
2025-02-05 01:00:00+00:00,2025-02-05,1,2,0.0,0.0,0
2025-02-05 02:00:00+00:00,2025-02-05,2,2,0.0,0.0,0
2025-02-05 03:00:00+00:00,2025-02-05,3,2,0.0,0.0,0
2025-02-05 04:00:00+00:00,2025-02-05,4,2,0.0,0.0,0
2025-02-05 05:00:00+00:00,2025-02-05,5,2,1.76,63.28,1
2025-02-05 06:00:00+00:00,2025-02-05,6,2,0.0,0.0,0
2025-02-05 07:00:00+00:00,2025-02-05,7,2,8.4,302.44,1
2025-02-05 08:00:00+00:00,2025-02-05,8,2,10.55,379.83,1
2025-02-05 09:00:00+00:00,2025-02-05,9,2,11.06,398.11,1
2025-02-05 10:00:00+00:00,2025-02-05,10,2,13.09,471.21,1
2025-02-05 11:00:00+00:00,2025-02-05,11,2,17.83,641.83,1
2025-02-05 12:00:00+00:00,2025-02-05,12,2,31.32,1127.36,1
2025-02-05 13:00:00+00:00,2025-02-05,13,2,32.88,1183.83,1
2025-02-05 14:00:00+00:00,2025-02-05,14,2,34.13,1228.76,1
2025-02-05 15:00:00+00:00,2025-02-05,15,2,21.88,787.76,1
2025-02-05 16:00:00+00:00,2025-02-05,16,2,28.16,1013.75,1
2025-02-05 17:00:00+00:00,2025-02-05,17,2,17.34,624.27,1
2025-02-05 18:00:00+00:00,2025-02-05,18,2,10.06,361.99,1
2025-02-05 19:00:00+00:00,2025-02-05,19,2,10.03,361.05,1
2025-02-05 20:00:00+00:00,2025-02-05,20,2,10.0,360.0,1
2025-02-05 21:00:00+00:00,2025-02-05,21,2,10.0,360.0,1
2025-02-05 22:00:00+00:00,2025-02-05,22,2,10.0,360.0,1
2025-02-05 23:00:00+00:00,2025-02-05,23,2,10.0,360.0,1
2025-02-06 00:00:00+00:00,2025-02-06,0,3,10.0,360.0,1
2025-02-06 01:00:00+00:00,2025-02-06,1,3,10.0,360.0,1
2025-02-06 02:00:00+00:00,2025-02-06,2,3,10.0,360.0,1
2025-02-06 03:00:00+00:00,2025-02-06,3,3,10.0,360.0,1
2025-02-06 04:00:00+00:00,2025-02-06,4,3,10.0,360.0,1
2025-02-06 05:00:00+00:00,2025-02-06,5,3,10.0,360.0,1
2025-02-06 06:00:00+00:00,2025-02-06,6,3,11.7,421.26,1
2025-02-06 07:00:00+00:00,2025-02-06,7,3,35.42,1275.08,1
2025-02-06 08:00:00+00:00,2025-02-06,8,3,23.98,863.2,1
2025-02-06 09:00:00+00:00,2025-02-06,9,3,22.64,814.87,1
2025-02-06 10:00:00+00:00,2025-02-06,10,3,35.08,1263.0,1
2025-02-06 11:00:00+00:00,2025-02-06,11,3,30.36,1092.84,1
2025-02-06 12:00:00+00:00,2025-02-06,12,3,30.12,1084.17,1
2025-02-06 13:00:00+00:00,2025-02-06,13,3,36.2,1303.23,1
2025-02-06 14:00:00+00:00,2025-02-06,14,3,44.11,1587.8,1
2025-02-06 15:00:00+00:00,2025-02-06,15,3,40.69,1464.9,1
2025-02-06 16:00:00+00:00,2025-02-06,16,3,30.23,1088.38,1
2025-02-06 17:00:00+00:00,2025-02-06,17,3,32.47,1168.92,1
2025-02-06 18:00:00+00:00,2025-02-06,18,3,17.83,641.77,1
2025-02-06 19:00:00+00:00,2025-02-06,19,3,10.0,360.0,1
2025-02-06 20:00:00+00:00,2025-02-06,20,3,10.0,360.0,1
2025-02-06 21:00:00+00:00,2025-02-06,21,3,10.0,360.0,1
2025-02-06 22:00:00+00:00,2025-02-06,22,3,10.0,360.0,1
2025-02-06 23:00:00+00:00,2025-02-06,23,3,10.0,360.0,1
2025-02-07 00:00:00+00:00,2025-02-07,0,4,10.0,360.0,1
2025-02-07 01:00:00+00:00,2025-02-07,1,4,10.0,360.0,1
2025-02-07 02:00:00+00:00,2025-02-07,2,4,10.0,360.0,1
2025-02-07 03:00:00+00:00,2025-02-07,3,4,10.0,360.0,1
2025-02-07 04:00:00+00:00,2025-02-07,4,4,10.0,360.0,1
2025-02-07 05:00:00+00:00,2025-02-07,5,4,13.59,489.19,1
2025-02-07 06:00:00+00:00,2025-02-07,6,4,14.27,513.58,1
2025-02-07 07:00:00+00:00,2025-02-07,7,4,15.63,562.78,1
2025-02-07 08:00:00+00:00,2025-02-07,8,4,11.19,402.83,1
2025-02-07 09:00:00+00:00,2025-02-07,9,4,12.31,443.34,1
2025-02-07 10:00:00+00:00,2025-02-07,10,4,27.73,998.39,1
2025-02-07 11:00:00+00:00,2025-02-07,11,4,30.78,1108.14,1
2025-02-07 12:00:00+00:00,2025-02-07,12,4,35.84,1290.42,1
2025-02-07 13:00:00+00:00,2025-02-07,13,4,41.89,1508.14,1
2025-02-07 14:00:00+00:00,2025-02-07,14,4,40.0,1440.0,1
2025-02-07 15:00:00+00:00,2025-02-07,15,4,33.3,1198.83,1
2025-02-07 16:00:00+00:00,2025-02-07,16,4,30.0,1080.0,1
2025-02-07 17:00:00+00:00,2025-02-07,17,4,30.0,1080.0,1
2025-02-07 18:00:00+00:00,2025-02-07,18,4,30.0,1080.0,1
2025-02-07 19:00:00+00:00,2025-02-07,19,4,7.14,256.9,1
2025-02-07 20:00:00+00:00,2025-02-07,20,4,0.0,0.0,0
2025-02-07 21:00:00+00:00,2025-02-07,21,4,0.0,0.0,0
2025-02-07 22:00:00+00:00,2025-02-07,22,4,0.0,0.0,0
2025-02-07 23:00:00+00:00,2025-02-07,23,4,0.0,0.0,0
2025-02-08 00:00:00+00:00,2025-02-08,0,5,0.0,0.0,0
2025-02-08 01:00:00+00:00,2025-02-08,1,5,0.0,0.0,0
2025-02-08 02:00:00+00:00,2025-02-08,2,5,0.0,0.0,0
2025-02-08 03:00:00+00:00,2025-02-08,3,5,0.0,0.0,0
2025-02-08 04:00:00+00:00,2025-02-08,4,5,0.0,0.0,0
2025-02-08 05:00:00+00:00,2025-02-08,5,5,0.0,0.0,0
2025-02-08 06:00:00+00:00,2025-02-08,6,5,0.0,0.0,0
2025-02-08 07:00:00+00:00,2025-02-08,7,5,0.0,0.0,0
2025-02-08 08:00:00+00:00,2025-02-08,8,5,0.0,0.0,0
2025-02-08 09:00:00+00:00,2025-02-08,9,5,0.0,0.0,0
2025-02-08 10:00:00+00:00,2025-02-08,10,5,0.0,0.0,0
2025-02-08 11:00:00+00:00,2025-02-08,11,5,0.0,0.0,0
2025-02-08 12:00:00+00:00,2025-02-08,12,5,0.0,0.0,0
2025-02-08 13:00:00+00:00,2025-02-08,13,5,0.0,0.0,0
2025-02-08 14:00:00+00:00,2025-02-08,14,5,0.0,0.0,0
2025-02-08 15:00:00+00:00,2025-02-08,15,5,0.0,0.0,0
2025-02-08 16:00:00+00:00,2025-02-08,16,5,0.0,0.0,0
2025-02-08 17:00:00+00:00,2025-02-08,17,5,0.0,0.0,0
2025-02-08 18:00:00+00:00,2025-02-08,18,5,0.0,0.0,0
2025-02-08 19:00:00+00:00,2025-02-08,19,5,0.0,0.0,0
2025-02-08 20:00:00+00:00,2025-02-08,20,5,0.0,0.0,0
2025-02-08 21:00:00+00:00,2025-02-08,21,5,0.0,0.0,0
2025-02-08 22:00:00+00:00,2025-02-08,22,5,0.0,0.0,0
2025-02-08 23:00:00+00:00,2025-02-08,23,5,0.0,0.0,0
2025-02-09 00:00:00+00:00,2025-02-09,0,6,0.0,0.0,0
2025-02-09 01:00:00+00:00,2025-02-09,1,6,0.0,0.0,0
2025-02-09 02:00:00+00:00,2025-02-09,2,6,0.0,0.0,0
2025-02-09 03:00:00+00:00,2025-02-09,3,6,0.0,0.0,0
2025-02-09 04:00:00+00:00,2025-02-09,4,6,0.0,0.0,0
2025-02-09 05:00:00+00:00,2025-02-09,5,6,0.0,0.0,0
2025-02-09 06:00:00+00:00,2025-02-09,6,6,0.0,0.0,0
2025-02-09 07:00:00+00:00,2025-02-09,7,6,0.0,0.0,0
2025-02-09 08:00:00+00:00,2025-02-09,8,6,0.0,0.0,0
2025-02-09 09:00:00+00:00,2025-02-09,9,6,0.0,0.0,0
2025-02-09 10:00:00+00:00,2025-02-09,10,6,0.0,0.0,0
2025-02-09 11:00:00+00:00,2025-02-09,11,6,0.0,0.0,0
2025-02-09 12:00:00+00:00,2025-02-09,12,6,0.0,0.0,0
2025-02-09 13:00:00+00:00,2025-02-09,13,6,0.0,0.0,0
2025-02-09 14:00:00+00:00,2025-02-09,14,6,0.0,0.0,0
2025-02-09 15:00:00+00:00,2025-02-09,15,6,0.0,0.0,0
2025-02-09 16:00:00+00:00,2025-02-09,16,6,0.0,0.0,0
2025-02-09 17:00:00+00:00,2025-02-09,17,6,0.0,0.0,0
2025-02-09 18:00:00+00:00,2025-02-09,18,6,0.0,0.0,0
2025-02-09 19:00:00+00:00,2025-02-09,19,6,0.0,0.0,0
2025-02-09 20:00:00+00:00,2025-02-09,20,6,0.0,0.0,0
2025-02-09 21:00:00+00:00,2025-02-09,21,6,0.0,0.0,0
2025-02-09 22:00:00+00:00,2025-02-09,22,6,0.0,0.0,0
2025-02-09 23:00:00+00:00,2025-02-09,23,6,0.0,0.0,0
2025-02-10 00:00:00+00:00,2025-02-10,0,0,0.0,0.0,0
2025-02-10 01:00:00+00:00,2025-02-10,1,0,0.0,0.0,0
2025-02-10 02:00:00+00:00,2025-02-10,2,0,0.0,0.0,0
2025-02-10 03:00:00+00:00,2025-02-10,3,0,0.0,0.0,0
2025-02-10 04:00:00+00:00,2025-02-10,4,0,0.0,0.0,0
2025-02-10 05:00:00+00:00,2025-02-10,5,0,5.38,193.51,1
2025-02-10 06:00:00+00:00,2025-02-10,6,0,22.09,795.35,1
2025-02-10 07:00:00+00:00,2025-02-10,7,0,16.22,583.82,1
2025-02-10 08:00:00+00:00,2025-02-10,8,0,10.52,378.88,1
2025-02-10 09:00:00+00:00,2025-02-10,9,0,11.51,414.49,1
2025-02-10 10:00:00+00:00,2025-02-10,10,0,41.15,1481.29,1
2025-02-10 11:00:00+00:00,2025-02-10,11,0,38.04,1369.34,1
2025-02-10 12:00:00+00:00,2025-02-10,12,0,41.26,1485.34,1
2025-02-10 13:00:00+00:00,2025-02-10,13,0,24.01,864.49,1
2025-02-10 14:00:00+00:00,2025-02-10,14,0,29.0,1044.02,1
2025-02-10 15:00:00+00:00,2025-02-10,15,0,21.98,791.17,1
2025-02-10 16:00:00+00:00,2025-02-10,16,0,39.6,1425.59,1
2025-02-10 17:00:00+00:00,2025-02-10,17,0,40.0,1440.0,1
2025-02-10 18:00:00+00:00,2025-02-10,18,0,20.48,737.13,1
2025-02-10 19:00:00+00:00,2025-02-10,19,0,20.26,729.44,1
2025-02-10 20:00:00+00:00,2025-02-10,20,0,10.0,360.0,1
2025-02-10 21:00:00+00:00,2025-02-10,21,0,10.0,360.0,1
2025-02-10 22:00:00+00:00,2025-02-10,22,0,10.0,360.0,1
2025-02-10 23:00:00+00:00,2025-02-10,23,0,10.0,360.0,1
2025-02-11 00:00:00+00:00,2025-02-11,0,1,10.0,360.0,1
2025-02-11 01:00:00+00:00,2025-02-11,1,1,10.0,360.0,1
2025-02-11 02:00:00+00:00,2025-02-11,2,1,10.0,360.0,1
2025-02-11 03:00:00+00:00,2025-02-11,3,1,10.0,360.0,1
2025-02-11 04:00:00+00:00,2025-02-11,4,1,10.0,360.0,1
2025-02-11 05:00:00+00:00,2025-02-11,5,1,12.12,436.34,1
2025-02-11 06:00:00+00:00,2025-02-11,6,1,11.0,395.9,1
2025-02-11 07:00:00+00:00,2025-02-11,7,1,28.17,1014.26,1
2025-02-11 08:00:00+00:00,2025-02-11,8,1,36.07,1298.43,1
2025-02-11 09:00:00+00:00,2025-02-11,9,1,21.0,756.1,1
2025-02-11 10:00:00+00:00,2025-02-11,10,1,22.07,794.68,1
2025-02-11 11:00:00+00:00,2025-02-11,11,1,25.99,935.78,1
2025-02-11 12:00:00+00:00,2025-02-11,12,1,34.71,1249.48,1
2025-02-11 13:00:00+00:00,2025-02-11,13,1,35.27,1269.71,1
2025-02-11 14:00:00+00:00,2025-02-11,14,1,33.96,1222.54,1
2025-02-11 15:00:00+00:00,2025-02-11,15,1,30.0,1080.0,1
2025-02-11 16:00:00+00:00,2025-02-11,16,1,30.81,1109.14,1
2025-02-11 17:00:00+00:00,2025-02-11,17,1,34.24,1232.53,1
2025-02-11 18:00:00+00:00,2025-02-11,18,1,30.0,1080.0,1
2025-02-11 19:00:00+00:00,2025-02-11,19,1,23.48,845.37,1
2025-02-11 20:00:00+00:00,2025-02-11,20,1,0.0,0.0,0
2025-02-11 21:00:00+00:00,2025-02-11,21,1,0.0,0.0,0
2025-02-11 22:00:00+00:00,2025-02-11,22,1,0.0,0.0,0
2025-02-11 23:00:00+00:00,2025-02-11,23,1,0.0,0.0,0
2025-02-12 00:00:00+00:00,2025-02-12,0,2,0.0,0.0,0
2025-02-12 01:00:00+00:00,2025-02-12,1,2,0.0,0.0,0
2025-02-12 02:00:00+00:00,2025-02-12,2,2,0.0,0.0,0
2025-02-12 03:00:00+00:00,2025-02-12,3,2,0.0,0.0,0
2025-02-12 04:00:00+00:00,2025-02-12,4,2,0.0,0.0,0
2025-02-12 05:00:00+00:00,2025-02-12,5,2,3.22,115.75,1
2025-02-12 06:00:00+00:00,2025-02-12,6,2,20.0,720.0,1
2025-02-12 07:00:00+00:00,2025-02-12,7,2,17.33,623.74,1
2025-02-12 08:00:00+00:00,2025-02-12,8,2,4.75,171.05,1
2025-02-12 09:00:00+00:00,2025-02-12,9,2,1.31,47.03,1
2025-02-12 10:00:00+00:00,2025-02-12,10,2,1.94,69.7,1
2025-02-12 11:00:00+00:00,2025-02-12,11,2,18.41,662.73,1
2025-02-12 12:00:00+00:00,2025-02-12,12,2,19.52,702.57,1
2025-02-12 13:00:00+00:00,2025-02-12,13,2,0.0,0.0,0
2025-02-12 14:00:00+00:00,2025-02-12,14,2,4.41,158.92,1
2025-02-12 15:00:00+00:00,2025-02-12,15,2,20.0,720.0,1
2025-02-12 16:00:00+00:00,2025-02-12,16,2,17.06,614.07,1
2025-02-12 17:00:00+00:00,2025-02-12,17,2,18.83,677.92,1
2025-02-12 18:00:00+00:00,2025-02-12,18,2,5.06,182.02,1
2025-02-12 19:00:00+00:00,2025-02-12,19,2,15.03,540.94,1
2025-02-12 20:00:00+00:00,2025-02-12,20,2,0.0,0.0,0
2025-02-12 21:00:00+00:00,2025-02-12,21,2,0.0,0.0,0
2025-02-12 22:00:00+00:00,2025-02-12,22,2,0.0,0.0,0
2025-02-12 23:00:00+00:00,2025-02-12,23,2,0.0,0.0,0
2025-02-13 00:00:00+00:00,2025-02-13,0,3,0.0,0.0,0
2025-02-13 01:00:00+00:00,2025-02-13,1,3,0.0,0.0,0
2025-02-13 02:00:00+00:00,2025-02-13,2,3,0.0,0.0,0
2025-02-13 03:00:00+00:00,2025-02-13,3,3,0.0,0.0,0
2025-02-13 04:00:00+00:00,2025-02-13,4,3,0.0,0.0,0
2025-02-13 05:00:00+00:00,2025-02-13,5,3,0.0,0.0,0
2025-02-13 06:00:00+00:00,2025-02-13,6,3,1.97,70.8,1
2025-02-13 07:00:00+00:00,2025-02-13,7,3,29.59,1065.34,1
2025-02-13 08:00:00+00:00,2025-02-13,8,3,30.18,1086.31,1
2025-02-13 09:00:00+00:00,2025-02-13,9,3,25.46,916.41,1
2025-02-13 10:00:00+00:00,2025-02-13,10,3,41.66,1499.7,1
2025-02-13 11:00:00+00:00,2025-02-13,11,3,50.68,1824.35,1
2025-02-13 12:00:00+00:00,2025-02-13,12,3,50.55,1819.91,1
2025-02-13 13:00:00+00:00,2025-02-13,13,3,50.5,1818.17,1
2025-02-13 14:00:00+00:00,2025-02-13,14,3,53.82,1937.4,1
2025-02-13 15:00:00+00:00,2025-02-13,15,3,45.1,1623.43,1
2025-02-13 16:00:00+00:00,2025-02-13,16,3,30.3,1090.86,1
2025-02-13 17:00:00+00:00,2025-02-13,17,3,19.24,692.78,1
2025-02-13 18:00:00+00:00,2025-02-13,18,3,20.0,720.0,1
2025-02-13 19:00:00+00:00,2025-02-13,19,3,12.32,443.56,1
2025-02-13 20:00:00+00:00,2025-02-13,20,3,0.0,0.0,0
2025-02-13 21:00:00+00:00,2025-02-13,21,3,0.0,0.0,0
2025-02-13 22:00:00+00:00,2025-02-13,22,3,0.0,0.0,0
2025-02-13 23:00:00+00:00,2025-02-13,23,3,0.0,0.0,0
2025-02-14 00:00:00+00:00,2025-02-14,0,4,0.0,0.0,0
2025-02-14 01:00:00+00:00,2025-02-14,1,4,0.0,0.0,0
2025-02-14 02:00:00+00:00,2025-02-14,2,4,0.0,0.0,0
2025-02-14 03:00:00+00:00,2025-02-14,3,4,0.0,0.0,0
2025-02-14 04:00:00+00:00,2025-02-14,4,4,0.0,0.0,0
2025-02-14 05:00:00+00:00,2025-02-14,5,4,0.0,0.0,0
2025-02-14 06:00:00+00:00,2025-02-14,6,4,1.23,44.15,1
2025-02-14 07:00:00+00:00,2025-02-14,7,4,3.92,141.22,1
2025-02-14 08:00:00+00:00,2025-02-14,8,4,1.37,49.21,1
2025-02-14 09:00:00+00:00,2025-02-14,9,4,6.32,227.35,1
2025-02-14 10:00:00+00:00,2025-02-14,10,4,10.09,363.18,1
2025-02-14 11:00:00+00:00,2025-02-14,11,4,0.65,23.39,1
2025-02-14 12:00:00+00:00,2025-02-14,12,4,10.32,371.64,1
2025-02-14 13:00:00+00:00,2025-02-14,13,4,4.07,146.65,1
2025-02-14 14:00:00+00:00,2025-02-14,14,4,1.6,57.68,1
2025-02-14 15:00:00+00:00,2025-02-14,15,4,0.0,0.0,0
2025-02-14 16:00:00+00:00,2025-02-14,16,4,0.0,0.0,0
2025-02-14 17:00:00+00:00,2025-02-14,17,4,0.0,0.0,0
2025-02-14 18:00:00+00:00,2025-02-14,18,4,0.0,0.0,0
2025-02-14 19:00:00+00:00,2025-02-14,19,4,0.49,17.46,1
2025-02-14 20:00:00+00:00,2025-02-14,20,4,0.0,0.0,0
2025-02-14 21:00:00+00:00,2025-02-14,21,4,0.0,0.0,0
2025-02-14 22:00:00+00:00,2025-02-14,22,4,0.0,0.0,0
2025-02-14 23:00:00+00:00,2025-02-14,23,4,0.0,0.0,0
2025-02-15 00:00:00+00:00,2025-02-15,0,5,0.0,0.0,0
2025-02-15 01:00:00+00:00,2025-02-15,1,5,0.0,0.0,0
2025-02-15 02:00:00+00:00,2025-02-15,2,5,0.0,0.0,0
2025-02-15 03:00:00+00:00,2025-02-15,3,5,0.0,0.0,0
2025-02-15 04:00:00+00:00,2025-02-15,4,5,0.0,0.0,0
2025-02-15 05:00:00+00:00,2025-02-15,5,5,0.0,0.0,0
2025-02-15 06:00:00+00:00,2025-02-15,6,5,0.0,0.0,0
2025-02-15 07:00:00+00:00,2025-02-15,7,5,0.0,0.0,0
2025-02-15 08:00:00+00:00,2025-02-15,8,5,0.0,0.0,0
2025-02-15 09:00:00+00:00,2025-02-15,9,5,0.0,0.0,0
2025-02-15 10:00:00+00:00,2025-02-15,10,5,0.0,0.0,0
2025-02-15 11:00:00+00:00,2025-02-15,11,5,0.0,0.0,0
2025-02-15 12:00:00+00:00,2025-02-15,12,5,0.0,0.0,0
2025-02-15 13:00:00+00:00,2025-02-15,13,5,0.0,0.0,0
2025-02-15 14:00:00+00:00,2025-02-15,14,5,0.0,0.0,0
2025-02-15 15:00:00+00:00,2025-02-15,15,5,0.0,0.0,0
2025-02-15 16:00:00+00:00,2025-02-15,16,5,0.0,0.0,0
2025-02-15 17:00:00+00:00,2025-02-15,17,5,0.0,0.0,0
2025-02-15 18:00:00+00:00,2025-02-15,18,5,0.0,0.0,0
2025-02-15 19:00:00+00:00,2025-02-15,19,5,0.0,0.0,0
2025-02-15 20:00:00+00:00,2025-02-15,20,5,0.0,0.0,0
2025-02-15 21:00:00+00:00,2025-02-15,21,5,0.0,0.0,0
2025-02-15 22:00:00+00:00,2025-02-15,22,5,0.0,0.0,0
2025-02-15 23:00:00+00:00,2025-02-15,23,5,0.0,0.0,0
2025-02-16 00:00:00+00:00,2025-02-16,0,6,0.0,0.0,0
2025-02-16 01:00:00+00:00,2025-02-16,1,6,0.0,0.0,0
2025-02-16 02:00:00+00:00,2025-02-16,2,6,0.0,0.0,0
2025-02-16 03:00:00+00:00,2025-02-16,3,6,0.0,0.0,0
2025-02-16 04:00:00+00:00,2025-02-16,4,6,0.0,0.0,0
2025-02-16 05:00:00+00:00,2025-02-16,5,6,0.0,0.0,0
2025-02-16 06:00:00+00:00,2025-02-16,6,6,0.0,0.0,0
2025-02-16 07:00:00+00:00,2025-02-16,7,6,0.0,0.0,0
2025-02-16 08:00:00+00:00,2025-02-16,8,6,0.0,0.0,0
2025-02-16 09:00:00+00:00,2025-02-16,9,6,0.0,0.0,0
2025-02-16 10:00:00+00:00,2025-02-16,10,6,0.0,0.0,0
2025-02-16 11:00:00+00:00,2025-02-16,11,6,0.0,0.0,0
2025-02-16 12:00:00+00:00,2025-02-16,12,6,0.0,0.0,0
2025-02-16 13:00:00+00:00,2025-02-16,13,6,0.0,0.0,0
2025-02-16 14:00:00+00:00,2025-02-16,14,6,0.0,0.0,0
2025-02-16 15:00:00+00:00,2025-02-16,15,6,0.0,0.0,0
2025-02-16 16:00:00+00:00,2025-02-16,16,6,0.0,0.0,0
2025-02-16 17:00:00+00:00,2025-02-16,17,6,0.0,0.0,0
2025-02-16 18:00:00+00:00,2025-02-16,18,6,0.0,0.0,0
2025-02-16 19:00:00+00:00,2025-02-16,19,6,0.0,0.0,0
2025-02-16 20:00:00+00:00,2025-02-16,20,6,0.0,0.0,0
2025-02-16 21:00:00+00:00,2025-02-16,21,6,0.0,0.0,0
2025-02-16 22:00:00+00:00,2025-02-16,22,6,0.0,0.0,0
2025-02-16 23:00:00+00:00,2025-02-16,23,6,0.0,0.0,0
2025-02-17 00:00:00+00:00,2025-02-17,0,0,0.0,0.0,0
2025-02-17 01:00:00+00:00,2025-02-17,1,0,0.0,0.0,0
2025-02-17 02:00:00+00:00,2025-02-17,2,0,0.0,0.0,0
2025-02-17 03:00:00+00:00,2025-02-17,3,0,0.0,0.0,0
2025-02-17 04:00:00+00:00,2025-02-17,4,0,0.0,0.0,0
2025-02-17 05:00:00+00:00,2025-02-17,5,0,0.0,0.0,0
2025-02-17 06:00:00+00:00,2025-02-17,6,0,0.24,8.74,1
2025-02-17 07:00:00+00:00,2025-02-17,7,0,49.53,1783.03,1
2025-02-17 08:00:00+00:00,2025-02-17,8,0,30.93,1113.5,1
2025-02-17 09:00:00+00:00,2025-02-17,9,0,13.21,475.64,1
2025-02-17 10:00:00+00:00,2025-02-17,10,0,28.98,1043.11,1
2025-02-17 11:00:00+00:00,2025-02-17,11,0,20.23,728.21,1
2025-02-17 12:00:00+00:00,2025-02-17,12,0,23.92,861.28,1
2025-02-17 13:00:00+00:00,2025-02-17,13,0,33.47,1204.93,1
2025-02-17 14:00:00+00:00,2025-02-17,14,0,30.96,1114.48,1
2025-02-17 15:00:00+00:00,2025-02-17,15,0,20.62,742.21,1
2025-02-17 16:00:00+00:00,2025-02-17,16,0,20.0,720.0,1
2025-02-17 17:00:00+00:00,2025-02-17,17,0,20.0,720.0,1
2025-02-17 18:00:00+00:00,2025-02-17,18,0,4.07,146.35,1
2025-02-17 19:00:00+00:00,2025-02-17,19,0,0.59,21.17,1
2025-02-17 20:00:00+00:00,2025-02-17,20,0,0.0,0.0,0
2025-02-17 21:00:00+00:00,2025-02-17,21,0,0.0,0.0,0
2025-02-17 22:00:00+00:00,2025-02-17,22,0,0.0,0.0,0
2025-02-17 23:00:00+00:00,2025-02-17,23,0,0.0,0.0,0
2025-02-18 00:00:00+00:00,2025-02-18,0,1,0.0,0.0,0
2025-02-18 01:00:00+00:00,2025-02-18,1,1,0.0,0.0,0
2025-02-18 02:00:00+00:00,2025-02-18,2,1,0.0,0.0,0
2025-02-18 03:00:00+00:00,2025-02-18,3,1,0.0,0.0,0
2025-02-18 04:00:00+00:00,2025-02-18,4,1,0.0,0.0,0
2025-02-18 05:00:00+00:00,2025-02-18,5,1,0.0,0.0,0
2025-02-18 06:00:00+00:00,2025-02-18,6,1,1.07,38.45,1
2025-02-18 07:00:00+00:00,2025-02-18,7,1,7.33,263.91,1
2025-02-18 08:00:00+00:00,2025-02-18,8,1,10.02,360.68,1
2025-02-18 09:00:00+00:00,2025-02-18,9,1,14.56,524.21,1
2025-02-18 10:00:00+00:00,2025-02-18,10,1,32.94,1185.97,1
2025-02-18 11:00:00+00:00,2025-02-18,11,1,25.78,927.93,1
2025-02-18 12:00:00+00:00,2025-02-18,12,1,20.83,750.06,1
2025-02-18 13:00:00+00:00,2025-02-18,13,1,38.98,1403.36,1
2025-02-18 14:00:00+00:00,2025-02-18,14,1,24.8,892.97,1
2025-02-18 15:00:00+00:00,2025-02-18,15,1,30.41,1094.8,1
2025-02-18 16:00:00+00:00,2025-02-18,16,1,13.24,476.51,1
2025-02-18 17:00:00+00:00,2025-02-18,17,1,21.23,764.29,1
2025-02-18 18:00:00+00:00,2025-02-18,18,1,28.15,1013.36,1
2025-02-18 19:00:00+00:00,2025-02-18,19,1,28.58,1028.82,1
2025-02-18 20:00:00+00:00,2025-02-18,20,1,20.0,720.0,1
2025-02-18 21:00:00+00:00,2025-02-18,21,1,20.0,720.0,1
2025-02-18 22:00:00+00:00,2025-02-18,22,1,20.0,720.0,1
2025-02-18 23:00:00+00:00,2025-02-18,23,1,20.0,720.0,1
2025-02-19 00:00:00+00:00,2025-02-19,0,2,20.0,720.0,1
2025-02-19 01:00:00+00:00,2025-02-19,1,2,20.0,720.0,1
2025-02-19 02:00:00+00:00,2025-02-19,2,2,20.0,720.0,1
2025-02-19 03:00:00+00:00,2025-02-19,3,2,20.0,720.0,1
2025-02-19 04:00:00+00:00,2025-02-19,4,2,20.0,720.0,1
2025-02-19 05:00:00+00:00,2025-02-19,5,2,20.0,720.0,1
2025-02-19 06:00:00+00:00,2025-02-19,6,2,35.21,1267.48,1
2025-02-19 07:00:00+00:00,2025-02-19,7,2,54.87,1975.4,1
2025-02-19 08:00:00+00:00,2025-02-19,8,2,54.58,1964.84,1
2025-02-19 09:00:00+00:00,2025-02-19,9,2,60.0,2160.0,1
2025-02-19 10:00:00+00:00,2025-02-19,10,2,42.07,1514.68,1
2025-02-19 11:00:00+00:00,2025-02-19,11,2,36.65,1319.27,1
2025-02-19 12:00:00+00:00,2025-02-19,12,2,42.5,1530.1,1
2025-02-19 13:00:00+00:00,2025-02-19,13,2,40.52,1458.79,1
2025-02-19 14:00:00+00:00,2025-02-19,14,2,51.64,1858.92,1
2025-02-19 15:00:00+00:00,2025-02-19,15,2,30.96,1114.71,1
2025-02-19 16:00:00+00:00,2025-02-19,16,2,30.6,1101.48,1
2025-02-19 17:00:00+00:00,2025-02-19,17,2,42.43,1527.49,1
2025-02-19 18:00:00+00:00,2025-02-19,18,2,40.0,1440.0,1
2025-02-19 19:00:00+00:00,2025-02-19,19,2,35.73,1286.13,1
2025-02-19 20:00:00+00:00,2025-02-19,20,2,20.0,720.0,1
2025-02-19 21:00:00+00:00,2025-02-19,21,2,20.0,720.0,1
2025-02-19 22:00:00+00:00,2025-02-19,22,2,20.0,720.0,1
2025-02-19 23:00:00+00:00,2025-02-19,23,2,20.0,720.0,1
2025-02-20 00:00:00+00:00,2025-02-20,0,3,20.0,720.0,1
2025-02-20 01:00:00+00:00,2025-02-20,1,3,20.0,720.0,1
2025-02-20 02:00:00+00:00,2025-02-20,2,3,20.0,720.0,1
2025-02-20 03:00:00+00:00,2025-02-20,3,3,20.0,720.0,1
2025-02-20 04:00:00+00:00,2025-02-20,4,3,20.0,720.0,1
2025-02-20 05:00:00+00:00,2025-02-20,5,3,20.0,720.0,1
2025-02-20 06:00:00+00:00,2025-02-20,6,3,31.16,1121.88,1
2025-02-20 07:00:00+00:00,2025-02-20,7,3,40.46,1456.46,1
2025-02-20 08:00:00+00:00,2025-02-20,8,3,30.09,1083.23,1
2025-02-20 09:00:00+00:00,2025-02-20,9,3,19.38,697.8,1
2025-02-20 10:00:00+00:00,2025-02-20,10,3,36.12,1300.44,1
2025-02-20 11:00:00+00:00,2025-02-20,11,3,41.67,1500.07,1
2025-02-20 12:00:00+00:00,2025-02-20,12,3,47.71,1717.62,1
2025-02-20 13:00:00+00:00,2025-02-20,13,3,53.97,1942.91,1
2025-02-20 14:00:00+00:00,2025-02-20,14,3,54.05,1945.88,1
2025-02-20 15:00:00+00:00,2025-02-20,15,3,40.0,1440.0,1
2025-02-20 16:00:00+00:00,2025-02-20,16,3,34.86,1255.05,1
2025-02-20 17:00:00+00:00,2025-02-20,17,3,38.21,1375.49,1
2025-02-20 18:00:00+00:00,2025-02-20,18,3,40.0,1440.0,1
2025-02-20 19:00:00+00:00,2025-02-20,19,3,35.67,1284.02,1
2025-02-20 20:00:00+00:00,2025-02-20,20,3,0.71,25.63,1
2025-02-20 21:00:00+00:00,2025-02-20,21,3,0.0,0.0,0
2025-02-20 22:00:00+00:00,2025-02-20,22,3,0.0,0.0,0
2025-02-20 23:00:00+00:00,2025-02-20,23,3,0.0,0.0,0
2025-02-21 00:00:00+00:00,2025-02-21,0,4,0.0,0.0,0
2025-02-21 01:00:00+00:00,2025-02-21,1,4,0.0,0.0,0
2025-02-21 02:00:00+00:00,2025-02-21,2,4,0.0,0.0,0
2025-02-21 03:00:00+00:00,2025-02-21,3,4,0.0,0.0,0
2025-02-21 04:00:00+00:00,2025-02-21,4,4,0.0,0.0,0
2025-02-21 05:00:00+00:00,2025-02-21,5,4,0.0,0.0,0
2025-02-21 06:00:00+00:00,2025-02-21,6,4,0.72,25.89,1
2025-02-21 07:00:00+00:00,2025-02-21,7,4,39.33,1416.0,1
2025-02-21 08:00:00+00:00,2025-02-21,8,4,50.0,1800.0,1
2025-02-21 09:00:00+00:00,2025-02-21,9,4,27.8,1000.73,1
2025-02-21 10:00:00+00:00,2025-02-21,10,4,21.58,776.77,1
2025-02-21 11:00:00+00:00,2025-02-21,11,4,35.42,1275.17,1
2025-02-21 12:00:00+00:00,2025-02-21,12,4,36.92,1329.19,1
2025-02-21 13:00:00+00:00,2025-02-21,13,4,12.21,439.45,1
2025-02-21 14:00:00+00:00,2025-02-21,14,4,20.0,720.0,1
2025-02-21 15:00:00+00:00,2025-02-21,15,4,20.0,720.0,1
2025-02-21 16:00:00+00:00,2025-02-21,16,4,20.0,720.0,1
2025-02-21 17:00:00+00:00,2025-02-21,17,4,20.0,720.0,1
2025-02-21 18:00:00+00:00,2025-02-21,18,4,20.0,720.0,1
2025-02-21 19:00:00+00:00,2025-02-21,19,4,6.6,237.61,1
2025-02-21 20:00:00+00:00,2025-02-21,20,4,0.0,0.0,0
2025-02-21 21:00:00+00:00,2025-02-21,21,4,0.0,0.0,0
2025-02-21 22:00:00+00:00,2025-02-21,22,4,0.0,0.0,0
2025-02-21 23:00:00+00:00,2025-02-21,23,4,0.0,0.0,0
2025-02-22 00:00:00+00:00,2025-02-22,0,5,0.0,0.0,0
2025-02-22 01:00:00+00:00,2025-02-22,1,5,0.0,0.0,0
2025-02-22 02:00:00+00:00,2025-02-22,2,5,0.0,0.0,0
2025-02-22 03:00:00+00:00,2025-02-22,3,5,0.0,0.0,0
2025-02-22 04:00:00+00:00,2025-02-22,4,5,0.0,0.0,0
2025-02-22 05:00:00+00:00,2025-02-22,5,5,0.0,0.0,0
2025-02-22 06:00:00+00:00,2025-02-22,6,5,0.0,0.0,0
2025-02-22 07:00:00+00:00,2025-02-22,7,5,0.0,0.0,0
2025-02-22 08:00:00+00:00,2025-02-22,8,5,0.0,0.0,0
2025-02-22 09:00:00+00:00,2025-02-22,9,5,0.0,0.0,0
2025-02-22 10:00:00+00:00,2025-02-22,10,5,0.0,0.0,0
2025-02-22 11:00:00+00:00,2025-02-22,11,5,0.0,0.0,0
2025-02-22 12:00:00+00:00,2025-02-22,12,5,0.0,0.0,0
2025-02-22 13:00:00+00:00,2025-02-22,13,5,0.0,0.0,0
2025-02-22 14:00:00+00:00,2025-02-22,14,5,0.0,0.0,0
2025-02-22 15:00:00+00:00,2025-02-22,15,5,0.0,0.0,0
2025-02-22 16:00:00+00:00,2025-02-22,16,5,0.0,0.0,0
2025-02-22 17:00:00+00:00,2025-02-22,17,5,0.0,0.0,0
2025-02-22 18:00:00+00:00,2025-02-22,18,5,0.0,0.0,0
2025-02-22 19:00:00+00:00,2025-02-22,19,5,0.0,0.0,0
2025-02-22 20:00:00+00:00,2025-02-22,20,5,0.0,0.0,0
2025-02-22 21:00:00+00:00,2025-02-22,21,5,0.0,0.0,0
2025-02-22 22:00:00+00:00,2025-02-22,22,5,0.0,0.0,0
2025-02-22 23:00:00+00:00,2025-02-22,23,5,0.0,0.0,0
2025-02-23 00:00:00+00:00,2025-02-23,0,6,0.0,0.0,0
2025-02-23 01:00:00+00:00,2025-02-23,1,6,0.0,0.0,0
2025-02-23 02:00:00+00:00,2025-02-23,2,6,0.0,0.0,0
2025-02-23 03:00:00+00:00,2025-02-23,3,6,0.0,0.0,0
2025-02-23 04:00:00+00:00,2025-02-23,4,6,0.0,0.0,0
2025-02-23 05:00:00+00:00,2025-02-23,5,6,0.0,0.0,0
2025-02-23 06:00:00+00:00,2025-02-23,6,6,0.0,0.0,0
2025-02-23 07:00:00+00:00,2025-02-23,7,6,0.0,0.0,0
2025-02-23 08:00:00+00:00,2025-02-23,8,6,0.0,0.0,0
2025-02-23 09:00:00+00:00,2025-02-23,9,6,0.0,0.0,0
2025-02-23 10:00:00+00:00,2025-02-23,10,6,0.0,0.0,0
2025-02-23 11:00:00+00:00,2025-02-23,11,6,0.0,0.0,0
2025-02-23 12:00:00+00:00,2025-02-23,12,6,0.0,0.0,0
2025-02-23 13:00:00+00:00,2025-02-23,13,6,0.0,0.0,0
2025-02-23 14:00:00+00:00,2025-02-23,14,6,0.0,0.0,0
2025-02-23 15:00:00+00:00,2025-02-23,15,6,0.0,0.0,0
2025-02-23 16:00:00+00:00,2025-02-23,16,6,0.0,0.0,0
2025-02-23 17:00:00+00:00,2025-02-23,17,6,0.0,0.0,0
2025-02-23 18:00:00+00:00,2025-02-23,18,6,0.0,0.0,0
2025-02-23 19:00:00+00:00,2025-02-23,19,6,0.0,0.0,0
2025-02-23 20:00:00+00:00,2025-02-23,20,6,0.0,0.0,0
2025-02-23 21:00:00+00:00,2025-02-23,21,6,0.0,0.0,0
2025-02-23 22:00:00+00:00,2025-02-23,22,6,0.0,0.0,0
2025-02-23 23:00:00+00:00,2025-02-23,23,6,0.0,0.0,0
2025-02-24 00:00:00+00:00,2025-02-24,0,0,0.0,0.0,0
2025-02-24 01:00:00+00:00,2025-02-24,1,0,0.0,0.0,0
2025-02-24 02:00:00+00:00,2025-02-24,2,0,0.0,0.0,0
2025-02-24 03:00:00+00:00,2025-02-24,3,0,0.0,0.0,0
2025-02-24 04:00:00+00:00,2025-02-24,4,0,0.0,0.0,0
2025-02-24 05:00:00+00:00,2025-02-24,5,0,0.0,0.0,0
2025-02-24 06:00:00+00:00,2025-02-24,6,0,0.14,4.91,1
2025-02-24 07:00:00+00:00,2025-02-24,7,0,5.71,205.68,1
2025-02-24 08:00:00+00:00,2025-02-24,8,0,2.51,90.42,1
2025-02-24 09:00:00+00:00,2025-02-24,9,0,5.31,191.02,1
2025-02-24 10:00:00+00:00,2025-02-24,10,0,23.5,845.86,1
2025-02-24 11:00:00+00:00,2025-02-24,11,0,22.81,821.28,1
2025-02-24 12:00:00+00:00,2025-02-24,12,0,22.33,803.77,1
2025-02-24 13:00:00+00:00,2025-02-24,13,0,9.71,349.53,1
2025-02-24 14:00:00+00:00,2025-02-24,14,0,0.0,0.0,0
2025-02-24 15:00:00+00:00,2025-02-24,15,0,19.94,717.72,1
2025-02-24 16:00:00+00:00,2025-02-24,16,0,20.0,720.0,1
2025-02-24 17:00:00+00:00,2025-02-24,17,0,20.0,720.0,1
2025-02-24 18:00:00+00:00,2025-02-24,18,0,10.43,375.58,1
2025-02-24 19:00:00+00:00,2025-02-24,19,0,1.2,43.1,1
2025-02-24 20:00:00+00:00,2025-02-24,20,0,0.0,0.0,0
2025-02-24 21:00:00+00:00,2025-02-24,21,0,0.0,0.0,0
2025-02-24 22:00:00+00:00,2025-02-24,22,0,0.0,0.0,0
2025-02-24 23:00:00+00:00,2025-02-24,23,0,0.0,0.0,0
2025-02-25 00:00:00+00:00,2025-02-25,0,1,0.0,0.0,0
2025-02-25 01:00:00+00:00,2025-02-25,1,1,0.0,0.0,0
2025-02-25 02:00:00+00:00,2025-02-25,2,1,0.0,0.0,0
2025-02-25 03:00:00+00:00,2025-02-25,3,1,0.0,0.0,0
2025-02-25 04:00:00+00:00,2025-02-25,4,1,0.0,0.0,0
2025-02-25 05:00:00+00:00,2025-02-25,5,1,0.0,0.0,0
2025-02-25 06:00:00+00:00,2025-02-25,6,1,4.19,150.68,1
2025-02-25 07:00:00+00:00,2025-02-25,7,1,28.77,1035.79,1
2025-02-25 08:00:00+00:00,2025-02-25,8,1,24.3,874.9,1
2025-02-25 09:00:00+00:00,2025-02-25,9,1,21.03,757.12,1
2025-02-25 10:00:00+00:00,2025-02-25,10,1,21.21,763.57,1
2025-02-25 11:00:00+00:00,2025-02-25,11,1,17.81,641.34,1
2025-02-25 12:00:00+00:00,2025-02-25,12,1,30.0,1080.0,1
2025-02-25 13:00:00+00:00,2025-02-25,13,1,17.3,622.93,1
2025-02-25 14:00:00+00:00,2025-02-25,14,1,15.77,567.81,1
2025-02-25 15:00:00+00:00,2025-02-25,15,1,12.48,449.3,1
2025-02-25 16:00:00+00:00,2025-02-25,16,1,0.57,20.37,1
2025-02-25 17:00:00+00:00,2025-02-25,17,1,19.15,689.27,1
2025-02-25 18:00:00+00:00,2025-02-25,18,1,20.0,720.0,1
2025-02-25 19:00:00+00:00,2025-02-25,19,1,18.67,672.05,1
2025-02-25 20:00:00+00:00,2025-02-25,20,1,0.0,0.0,0
2025-02-25 21:00:00+00:00,2025-02-25,21,1,0.0,0.0,0
2025-02-25 22:00:00+00:00,2025-02-25,22,1,0.0,0.0,0
2025-02-25 23:00:00+00:00,2025-02-25,23,1,0.0,0.0,0
2025-02-26 00:00:00+00:00,2025-02-26,0,2,0.0,0.0,0
2025-02-26 01:00:00+00:00,2025-02-26,1,2,0.0,0.0,0
2025-02-26 02:00:00+00:00,2025-02-26,2,2,0.0,0.0,0
2025-02-26 03:00:00+00:00,2025-02-26,3,2,0.0,0.0,0
2025-02-26 04:00:00+00:00,2025-02-26,4,2,0.0,0.0,0
2025-02-26 05:00:00+00:00,2025-02-26,5,2,1.79,64.41,1
2025-02-26 06:00:00+00:00,2025-02-26,6,2,0.0,0.0,0
2025-02-26 07:00:00+00:00,2025-02-26,7,2,5.32,191.68,1
2025-02-26 08:00:00+00:00,2025-02-26,8,2,0.15,5.48,1
2025-02-26 09:00:00+00:00,2025-02-26,9,2,1.84,66.41,1
2025-02-26 10:00:00+00:00,2025-02-26,10,2,10.39,373.95,1
2025-02-26 11:00:00+00:00,2025-02-26,11,2,17.56,632.1,1
2025-02-26 12:00:00+00:00,2025-02-26,12,2,1.18,42.36,1
2025-02-26 13:00:00+00:00,2025-02-26,13,2,1.22,43.93,1
2025-02-26 14:00:00+00:00,2025-02-26,14,2,2.78,100.14,1
2025-02-26 15:00:00+00:00,2025-02-26,15,2,2.96,106.65,1
2025-02-26 16:00:00+00:00,2025-02-26,16,2,0.32,11.41,1
2025-02-26 17:00:00+00:00,2025-02-26,17,2,17.45,628.3,1
2025-02-26 18:00:00+00:00,2025-02-26,18,2,20.0,720.0,1
2025-02-26 19:00:00+00:00,2025-02-26,19,2,15.89,572.15,1
2025-02-26 20:00:00+00:00,2025-02-26,20,2,0.0,0.0,0
2025-02-26 21:00:00+00:00,2025-02-26,21,2,0.0,0.0,0
2025-02-26 22:00:00+00:00,2025-02-26,22,2,0.0,0.0,0
2025-02-26 23:00:00+00:00,2025-02-26,23,2,0.0,0.0,0
2025-02-27 00:00:00+00:00,2025-02-27,0,3,0.0,0.0,0
2025-02-27 01:00:00+00:00,2025-02-27,1,3,0.0,0.0,0
2025-02-27 02:00:00+00:00,2025-02-27,2,3,0.0,0.0,0
2025-02-27 03:00:00+00:00,2025-02-27,3,3,0.0,0.0,0
2025-02-27 04:00:00+00:00,2025-02-27,4,3,0.0,0.0,0
2025-02-27 05:00:00+00:00,2025-02-27,5,3,0.0,0.0,0
2025-02-27 06:00:00+00:00,2025-02-27,6,3,2.68,96.39,1
2025-02-27 07:00:00+00:00,2025-02-27,7,3,18.56,668.34,1
2025-02-27 08:00:00+00:00,2025-02-27,8,3,27.56,992.08,1
2025-02-27 09:00:00+00:00,2025-02-27,9,3,4.77,171.64,1
2025-02-27 10:00:00+00:00,2025-02-27,10,3,9.84,354.36,1
2025-02-27 11:00:00+00:00,2025-02-27,11,3,11.59,417.34,1
2025-02-27 12:00:00+00:00,2025-02-27,12,3,26.29,946.52,1
2025-02-27 13:00:00+00:00,2025-02-27,13,3,44.69,1608.94,1
2025-02-27 14:00:00+00:00,2025-02-27,14,3,37.15,1337.53,1
2025-02-27 15:00:00+00:00,2025-02-27,15,3,35.46,1276.48,1
2025-02-27 16:00:00+00:00,2025-02-27,16,3,32.71,1177.42,1
2025-02-27 17:00:00+00:00,2025-02-27,17,3,49.84,1794.08,1
2025-02-27 18:00:00+00:00,2025-02-27,18,3,25.01,900.25,1
2025-02-27 19:00:00+00:00,2025-02-27,19,3,27.04,973.6,1
2025-02-27 20:00:00+00:00,2025-02-27,20,3,0.0,0.0,0
2025-02-27 21:00:00+00:00,2025-02-27,21,3,0.0,0.0,0
2025-02-27 22:00:00+00:00,2025-02-27,22,3,0.0,0.0,0
2025-02-27 23:00:00+00:00,2025-02-27,23,3,0.0,0.0,0
2025-02-28 00:00:00+00:00,2025-02-28,0,4,0.0,0.0,0
2025-02-28 01:00:00+00:00,2025-02-28,1,4,0.0,0.0,0
2025-02-28 02:00:00+00:00,2025-02-28,2,4,0.0,0.0,0
2025-02-28 03:00:00+00:00,2025-02-28,3,4,0.0,0.0,0
2025-02-28 04:00:00+00:00,2025-02-28,4,4,0.0,0.0,0
2025-02-28 05:00:00+00:00,2025-02-28,5,4,2.69,96.7,1
2025-02-28 06:00:00+00:00,2025-02-28,6,4,19.72,709.83,1
2025-02-28 07:00:00+00:00,2025-02-28,7,4,13.95,502.23,1
2025-02-28 08:00:00+00:00,2025-02-28,8,4,11.2,403.33,1
2025-02-28 09:00:00+00:00,2025-02-28,9,4,10.1,363.48,1
2025-02-28 10:00:00+00:00,2025-02-28,10,4,13.41,482.86,1
2025-02-28 11:00:00+00:00,2025-02-28,11,4,11.76,423.31,1
2025-02-28 12:00:00+00:00,2025-02-28,12,4,11.9,428.41,1
2025-02-28 13:00:00+00:00,2025-02-28,13,4,20.41,734.84,1
2025-02-28 14:00:00+00:00,2025-02-28,14,4,9.52,342.82,1
2025-02-28 15:00:00+00:00,2025-02-28,15,4,0.0,0.0,0
2025-02-28 16:00:00+00:00,2025-02-28,16,4,1.46,52.57,1
2025-02-28 17:00:00+00:00,2025-02-28,17,4,0.0,0.0,0
2025-02-28 18:00:00+00:00,2025-02-28,18,4,0.0,0.0,0
2025-02-28 19:00:00+00:00,2025-02-28,19,4,0.41,14.69,1
2025-02-28 20:00:00+00:00,2025-02-28,20,4,0.0,0.0,0
2025-02-28 21:00:00+00:00,2025-02-28,21,4,0.0,0.0,0
2025-02-28 22:00:00+00:00,2025-02-28,22,4,0.0,0.0,0
2025-02-28 23:00:00+00:00,2025-02-28,23,4,0.0,0.0,0
2025-03-01 00:00:00+00:00,2025-03-01,0,5,0.0,0.0,0
2025-03-01 01:00:00+00:00,2025-03-01,1,5,0.0,0.0,0
2025-03-01 02:00:00+00:00,2025-03-01,2,5,0.0,0.0,0
2025-03-01 03:00:00+00:00,2025-03-01,3,5,0.0,0.0,0
2025-03-01 04:00:00+00:00,2025-03-01,4,5,0.0,0.0,0
2025-03-01 05:00:00+00:00,2025-03-01,5,5,0.0,0.0,0
2025-03-01 06:00:00+00:00,2025-03-01,6,5,0.0,0.0,0
2025-03-01 07:00:00+00:00,2025-03-01,7,5,0.0,0.0,0
2025-03-01 08:00:00+00:00,2025-03-01,8,5,0.0,0.0,0
2025-03-01 09:00:00+00:00,2025-03-01,9,5,0.0,0.0,0
2025-03-01 10:00:00+00:00,2025-03-01,10,5,0.0,0.0,0
2025-03-01 11:00:00+00:00,2025-03-01,11,5,0.0,0.0,0
2025-03-01 12:00:00+00:00,2025-03-01,12,5,0.0,0.0,0
2025-03-01 13:00:00+00:00,2025-03-01,13,5,0.0,0.0,0
2025-03-01 14:00:00+00:00,2025-03-01,14,5,0.0,0.0,0
2025-03-01 15:00:00+00:00,2025-03-01,15,5,0.0,0.0,0
2025-03-01 16:00:00+00:00,2025-03-01,16,5,0.0,0.0,0
2025-03-01 17:00:00+00:00,2025-03-01,17,5,0.0,0.0,0
2025-03-01 18:00:00+00:00,2025-03-01,18,5,0.0,0.0,0
2025-03-01 19:00:00+00:00,2025-03-01,19,5,0.0,0.0,0
2025-03-01 20:00:00+00:00,2025-03-01,20,5,0.0,0.0,0
2025-03-01 21:00:00+00:00,2025-03-01,21,5,0.0,0.0,0
2025-03-01 22:00:00+00:00,2025-03-01,22,5,0.0,0.0,0
2025-03-01 23:00:00+00:00,2025-03-01,23,5,0.0,0.0,0
2025-03-02 00:00:00+00:00,2025-03-02,0,6,0.0,0.0,0
2025-03-02 01:00:00+00:00,2025-03-02,1,6,0.0,0.0,0
2025-03-02 02:00:00+00:00,2025-03-02,2,6,0.0,0.0,0
2025-03-02 03:00:00+00:00,2025-03-02,3,6,0.0,0.0,0
2025-03-02 04:00:00+00:00,2025-03-02,4,6,0.0,0.0,0
2025-03-02 05:00:00+00:00,2025-03-02,5,6,0.0,0.0,0
2025-03-02 06:00:00+00:00,2025-03-02,6,6,0.0,0.0,0
2025-03-02 07:00:00+00:00,2025-03-02,7,6,0.0,0.0,0
2025-03-02 08:00:00+00:00,2025-03-02,8,6,0.0,0.0,0
2025-03-02 09:00:00+00:00,2025-03-02,9,6,0.0,0.0,0
2025-03-02 10:00:00+00:00,2025-03-02,10,6,0.0,0.0,0
2025-03-02 11:00:00+00:00,2025-03-02,11,6,0.0,0.0,0
2025-03-02 12:00:00+00:00,2025-03-02,12,6,0.0,0.0,0
2025-03-02 13:00:00+00:00,2025-03-02,13,6,0.0,0.0,0
2025-03-02 14:00:00+00:00,2025-03-02,14,6,0.0,0.0,0
2025-03-02 15:00:00+00:00,2025-03-02,15,6,0.0,0.0,0
2025-03-02 16:00:00+00:00,2025-03-02,16,6,0.0,0.0,0
2025-03-02 17:00:00+00:00,2025-03-02,17,6,0.0,0.0,0
2025-03-02 18:00:00+00:00,2025-03-02,18,6,0.0,0.0,0
2025-03-02 19:00:00+00:00,2025-03-02,19,6,0.0,0.0,0
2025-03-02 20:00:00+00:00,2025-03-02,20,6,0.0,0.0,0
2025-03-02 21:00:00+00:00,2025-03-02,21,6,0.0,0.0,0
2025-03-02 22:00:00+00:00,2025-03-02,22,6,0.0,0.0,0
2025-03-02 23:00:00+00:00,2025-03-02,23,6,0.0,0.0,0
2025-03-03 00:00:00+00:00,2025-03-03,0,0,0.0,0.0,0
2025-03-03 01:00:00+00:00,2025-03-03,1,0,0.0,0.0,0
2025-03-03 02:00:00+00:00,2025-03-03,2,0,0.0,0.0,0
2025-03-03 03:00:00+00:00,2025-03-03,3,0,0.0,0.0,0
2025-03-03 04:00:00+00:00,2025-03-03,4,0,0.0,0.0,0
2025-03-03 05:00:00+00:00,2025-03-03,5,0,1.65,59.52,1
2025-03-03 06:00:00+00:00,2025-03-03,6,0,0.99,35.51,1
2025-03-03 07:00:00+00:00,2025-03-03,7,0,0.0,0.0,0
2025-03-03 08:00:00+00:00,2025-03-03,8,0,0.0,0.0,0
2025-03-03 09:00:00+00:00,2025-03-03,9,0,11.38,409.72,1
2025-03-03 10:00:00+00:00,2025-03-03,10,0,12.48,449.1,1
2025-03-03 11:00:00+00:00,2025-03-03,11,0,2.58,92.81,1
2025-03-03 12:00:00+00:00,2025-03-03,12,0,13.7,493.23,1
2025-03-03 13:00:00+00:00,2025-03-03,13,0,0.0,0.0,0
2025-03-03 14:00:00+00:00,2025-03-03,14,0,0.88,31.51,1
2025-03-03 15:00:00+00:00,2025-03-03,15,0,19.84,714.42,1
2025-03-03 16:00:00+00:00,2025-03-03,16,0,20.0,720.0,1
2025-03-03 17:00:00+00:00,2025-03-03,17,0,20.0,720.0,1
2025-03-03 18:00:00+00:00,2025-03-03,18,0,2.16,77.94,1
2025-03-03 19:00:00+00:00,2025-03-03,19,0,2.39,86.01,1
2025-03-03 20:00:00+00:00,2025-03-03,20,0,0.0,0.0,0
2025-03-03 21:00:00+00:00,2025-03-03,21,0,0.0,0.0,0
2025-03-03 22:00:00+00:00,2025-03-03,22,0,0.0,0.0,0
2025-03-03 23:00:00+00:00,2025-03-03,23,0,0.0,0.0,0
2025-03-04 00:00:00+00:00,2025-03-04,0,1,0.0,0.0,0
2025-03-04 01:00:00+00:00,2025-03-04,1,1,0.0,0.0,0
2025-03-04 02:00:00+00:00,2025-03-04,2,1,0.0,0.0,0
2025-03-04 03:00:00+00:00,2025-03-04,3,1,0.0,0.0,0
2025-03-04 04:00:00+00:00,2025-03-04,4,1,0.0,0.0,0
2025-03-04 05:00:00+00:00,2025-03-04,5,1,0.0,0.0,0
2025-03-04 06:00:00+00:00,2025-03-04,6,1,0.0,0.0,0
2025-03-04 07:00:00+00:00,2025-03-04,7,1,0.0,0.0,0
2025-03-04 08:00:00+00:00,2025-03-04,8,1,0.0,0.0,0
2025-03-04 09:00:00+00:00,2025-03-04,9,1,0.0,0.0,0
2025-03-04 10:00:00+00:00,2025-03-04,10,1,0.0,0.0,0
2025-03-04 11:00:00+00:00,2025-03-04,11,1,0.0,0.0,0
2025-03-04 12:00:00+00:00,2025-03-04,12,1,0.0,0.0,0
2025-03-04 13:00:00+00:00,2025-03-04,13,1,0.0,0.0,0
2025-03-04 14:00:00+00:00,2025-03-04,14,1,0.0,0.0,0
2025-03-04 15:00:00+00:00,2025-03-04,15,1,0.0,0.0,0
2025-03-04 16:00:00+00:00,2025-03-04,16,1,0.0,0.0,0
2025-03-04 17:00:00+00:00,2025-03-04,17,1,0.0,0.0,0
2025-03-04 18:00:00+00:00,2025-03-04,18,1,0.0,0.0,0
2025-03-04 19:00:00+00:00,2025-03-04,19,1,0.0,0.0,0
2025-03-04 20:00:00+00:00,2025-03-04,20,1,0.0,0.0,0
2025-03-04 21:00:00+00:00,2025-03-04,21,1,0.0,0.0,0
2025-03-04 22:00:00+00:00,2025-03-04,22,1,0.0,0.0,0
2025-03-04 23:00:00+00:00,2025-03-04,23,1,0.0,0.0,0
2025-03-05 00:00:00+00:00,2025-03-05,0,2,0.0,0.0,0
2025-03-05 01:00:00+00:00,2025-03-05,1,2,0.0,0.0,0
2025-03-05 02:00:00+00:00,2025-03-05,2,2,0.0,0.0,0
2025-03-05 03:00:00+00:00,2025-03-05,3,2,0.0,0.0,0
2025-03-05 04:00:00+00:00,2025-03-05,4,2,0.0,0.0,0
2025-03-05 05:00:00+00:00,2025-03-05,5,2,0.0,0.0,0
2025-03-05 06:00:00+00:00,2025-03-05,6,2,0.0,0.0,0
2025-03-05 07:00:00+00:00,2025-03-05,7,2,0.0,0.0,0
2025-03-05 08:00:00+00:00,2025-03-05,8,2,0.0,0.0,0
2025-03-05 09:00:00+00:00,2025-03-05,9,2,0.0,0.0,0
2025-03-05 10:00:00+00:00,2025-03-05,10,2,0.0,0.0,0
2025-03-05 11:00:00+00:00,2025-03-05,11,2,0.0,0.0,0
2025-03-05 12:00:00+00:00,2025-03-05,12,2,0.0,0.0,0
2025-03-05 13:00:00+00:00,2025-03-05,13,2,0.0,0.0,0
2025-03-05 14:00:00+00:00,2025-03-05,14,2,0.0,0.0,0
2025-03-05 15:00:00+00:00,2025-03-05,15,2,0.0,0.0,0
2025-03-05 16:00:00+00:00,2025-03-05,16,2,0.0,0.0,0
2025-03-05 17:00:00+00:00,2025-03-05,17,2,0.0,0.0,0
2025-03-05 18:00:00+00:00,2025-03-05,18,2,0.0,0.0,0
2025-03-05 19:00:00+00:00,2025-03-05,19,2,0.0,0.0,0
2025-03-05 20:00:00+00:00,2025-03-05,20,2,0.0,0.0,0
2025-03-05 21:00:00+00:00,2025-03-05,21,2,0.0,0.0,0
2025-03-05 22:00:00+00:00,2025-03-05,22,2,0.0,0.0,0
2025-03-05 23:00:00+00:00,2025-03-05,23,2,0.0,0.0,0
2025-03-06 00:00:00+00:00,2025-03-06,0,3,0.0,0.0,0
2025-03-06 01:00:00+00:00,2025-03-06,1,3,0.0,0.0,0
2025-03-06 02:00:00+00:00,2025-03-06,2,3,0.0,0.0,0
2025-03-06 03:00:00+00:00,2025-03-06,3,3,0.0,0.0,0
2025-03-06 04:00:00+00:00,2025-03-06,4,3,0.0,0.0,0
2025-03-06 05:00:00+00:00,2025-03-06,5,3,0.0,0.0,0
2025-03-06 06:00:00+00:00,2025-03-06,6,3,0.0,0.0,0
2025-03-06 07:00:00+00:00,2025-03-06,7,3,0.0,0.0,0
2025-03-06 08:00:00+00:00,2025-03-06,8,3,0.0,0.0,0
2025-03-06 09:00:00+00:00,2025-03-06,9,3,0.0,0.0,0
2025-03-06 10:00:00+00:00,2025-03-06,10,3,0.0,0.0,0
2025-03-06 11:00:00+00:00,2025-03-06,11,3,0.0,0.0,0
2025-03-06 12:00:00+00:00,2025-03-06,12,3,0.0,0.0,0
2025-03-06 13:00:00+00:00,2025-03-06,13,3,0.0,0.0,0
2025-03-06 14:00:00+00:00,2025-03-06,14,3,0.0,0.0,0
2025-03-06 15:00:00+00:00,2025-03-06,15,3,0.0,0.0,0
2025-03-06 16:00:00+00:00,2025-03-06,16,3,0.0,0.0,0
2025-03-06 17:00:00+00:00,2025-03-06,17,3,0.0,0.0,0
2025-03-06 18:00:00+00:00,2025-03-06,18,3,0.0,0.0,0
2025-03-06 19:00:00+00:00,2025-03-06,19,3,0.0,0.0,0
2025-03-06 20:00:00+00:00,2025-03-06,20,3,0.0,0.0,0
2025-03-06 21:00:00+00:00,2025-03-06,21,3,0.0,0.0,0
2025-03-06 22:00:00+00:00,2025-03-06,22,3,0.0,0.0,0
2025-03-06 23:00:00+00:00,2025-03-06,23,3,0.0,0.0,0
2025-03-07 00:00:00+00:00,2025-03-07,0,4,0.0,0.0,0
2025-03-07 01:00:00+00:00,2025-03-07,1,4,0.0,0.0,0
2025-03-07 02:00:00+00:00,2025-03-07,2,4,0.0,0.0,0
2025-03-07 03:00:00+00:00,2025-03-07,3,4,0.0,0.0,0
2025-03-07 04:00:00+00:00,2025-03-07,4,4,0.0,0.0,0
2025-03-07 05:00:00+00:00,2025-03-07,5,4,0.21,7.66,1
2025-03-07 06:00:00+00:00,2025-03-07,6,4,4.0,143.89,1
2025-03-07 07:00:00+00:00,2025-03-07,7,4,0.0,0.0,0
2025-03-07 08:00:00+00:00,2025-03-07,8,4,2.74,98.74,1
2025-03-07 09:00:00+00:00,2025-03-07,9,4,36.55,1315.91,1
2025-03-07 10:00:00+00:00,2025-03-07,10,4,25.38,913.57,1
2025-03-07 11:00:00+00:00,2025-03-07,11,4,20.9,752.34,1
2025-03-07 12:00:00+00:00,2025-03-07,12,4,22.06,794.27,1
2025-03-07 13:00:00+00:00,2025-03-07,13,4,20.0,720.0,1
2025-03-07 14:00:00+00:00,2025-03-07,14,4,20.0,720.0,1
2025-03-07 15:00:00+00:00,2025-03-07,15,4,20.0,720.0,1
2025-03-07 16:00:00+00:00,2025-03-07,16,4,20.0,720.0,1
2025-03-07 17:00:00+00:00,2025-03-07,17,4,16.24,584.69,1
2025-03-07 18:00:00+00:00,2025-03-07,18,4,0.0,0.0,0
2025-03-07 19:00:00+00:00,2025-03-07,19,4,0.47,16.76,1
2025-03-07 20:00:00+00:00,2025-03-07,20,4,0.0,0.0,0
2025-03-07 21:00:00+00:00,2025-03-07,21,4,0.0,0.0,0
2025-03-07 22:00:00+00:00,2025-03-07,22,4,0.0,0.0,0
2025-03-07 23:00:00+00:00,2025-03-07,23,4,0.0,0.0,0
2025-03-08 00:00:00+00:00,2025-03-08,0,5,0.0,0.0,0
2025-03-08 01:00:00+00:00,2025-03-08,1,5,0.0,0.0,0
2025-03-08 02:00:00+00:00,2025-03-08,2,5,0.0,0.0,0
2025-03-08 03:00:00+00:00,2025-03-08,3,5,0.0,0.0,0
2025-03-08 04:00:00+00:00,2025-03-08,4,5,0.0,0.0,0
2025-03-08 05:00:00+00:00,2025-03-08,5,5,0.0,0.0,0
2025-03-08 06:00:00+00:00,2025-03-08,6,5,0.0,0.0,0
2025-03-08 07:00:00+00:00,2025-03-08,7,5,0.0,0.0,0
2025-03-08 08:00:00+00:00,2025-03-08,8,5,0.0,0.0,0
2025-03-08 09:00:00+00:00,2025-03-08,9,5,0.0,0.0,0
2025-03-08 10:00:00+00:00,2025-03-08,10,5,0.0,0.0,0
2025-03-08 11:00:00+00:00,2025-03-08,11,5,0.0,0.0,0
2025-03-08 12:00:00+00:00,2025-03-08,12,5,0.0,0.0,0
2025-03-08 13:00:00+00:00,2025-03-08,13,5,0.0,0.0,0
2025-03-08 14:00:00+00:00,2025-03-08,14,5,0.0,0.0,0
2025-03-08 15:00:00+00:00,2025-03-08,15,5,0.0,0.0,0
2025-03-08 16:00:00+00:00,2025-03-08,16,5,0.0,0.0,0
2025-03-08 17:00:00+00:00,2025-03-08,17,5,0.0,0.0,0
2025-03-08 18:00:00+00:00,2025-03-08,18,5,0.0,0.0,0
2025-03-08 19:00:00+00:00,2025-03-08,19,5,0.0,0.0,0
2025-03-08 20:00:00+00:00,2025-03-08,20,5,0.0,0.0,0
2025-03-08 21:00:00+00:00,2025-03-08,21,5,0.0,0.0,0
2025-03-08 22:00:00+00:00,2025-03-08,22,5,0.0,0.0,0
2025-03-08 23:00:00+00:00,2025-03-08,23,5,0.0,0.0,0
2025-03-09 00:00:00+00:00,2025-03-09,0,6,0.0,0.0,0
2025-03-09 01:00:00+00:00,2025-03-09,1,6,0.0,0.0,0
2025-03-09 02:00:00+00:00,2025-03-09,2,6,0.0,0.0,0
2025-03-09 03:00:00+00:00,2025-03-09,3,6,0.0,0.0,0
2025-03-09 04:00:00+00:00,2025-03-09,4,6,0.0,0.0,0
2025-03-09 05:00:00+00:00,2025-03-09,5,6,0.0,0.0,0
2025-03-09 06:00:00+00:00,2025-03-09,6,6,0.0,0.0,0
2025-03-09 07:00:00+00:00,2025-03-09,7,6,0.0,0.0,0
2025-03-09 08:00:00+00:00,2025-03-09,8,6,0.0,0.0,0
2025-03-09 09:00:00+00:00,2025-03-09,9,6,0.0,0.0,0
2025-03-09 10:00:00+00:00,2025-03-09,10,6,0.0,0.0,0
2025-03-09 11:00:00+00:00,2025-03-09,11,6,0.0,0.0,0
2025-03-09 12:00:00+00:00,2025-03-09,12,6,0.0,0.0,0
2025-03-09 13:00:00+00:00,2025-03-09,13,6,0.0,0.0,0
2025-03-09 14:00:00+00:00,2025-03-09,14,6,0.0,0.0,0
2025-03-09 15:00:00+00:00,2025-03-09,15,6,0.0,0.0,0
2025-03-09 16:00:00+00:00,2025-03-09,16,6,0.0,0.0,0
2025-03-09 17:00:00+00:00,2025-03-09,17,6,0.0,0.0,0
2025-03-09 18:00:00+00:00,2025-03-09,18,6,0.0,0.0,0
2025-03-09 19:00:00+00:00,2025-03-09,19,6,0.0,0.0,0
2025-03-09 20:00:00+00:00,2025-03-09,20,6,0.0,0.0,0
2025-03-09 21:00:00+00:00,2025-03-09,21,6,0.0,0.0,0
2025-03-09 22:00:00+00:00,2025-03-09,22,6,0.0,0.0,0
2025-03-09 23:00:00+00:00,2025-03-09,23,6,0.0,0.0,0
2025-03-10 00:00:00+00:00,2025-03-10,0,0,0.0,0.0,0
2025-03-10 01:00:00+00:00,2025-03-10,1,0,0.0,0.0,0
2025-03-10 02:00:00+00:00,2025-03-10,2,0,0.0,0.0,0
2025-03-10 03:00:00+00:00,2025-03-10,3,0,0.0,0.0,0
2025-03-10 04:00:00+00:00,2025-03-10,4,0,0.0,0.0,0
2025-03-10 05:00:00+00:00,2025-03-10,5,0,0.19,6.87,1
2025-03-10 06:00:00+00:00,2025-03-10,6,0,0.0,0.0,0
2025-03-10 07:00:00+00:00,2025-03-10,7,0,2.1,75.74,1
2025-03-10 08:00:00+00:00,2025-03-10,8,0,3.86,138.87,1
2025-03-10 09:00:00+00:00,2025-03-10,9,0,2.51,90.48,1
2025-03-10 10:00:00+00:00,2025-03-10,10,0,0.0,0.0,0
2025-03-10 11:00:00+00:00,2025-03-10,11,0,0.0,0.0,0
2025-03-10 12:00:00+00:00,2025-03-10,12,0,1.44,51.91,1
2025-03-10 13:00:00+00:00,2025-03-10,13,0,0.0,0.0,0
2025-03-10 14:00:00+00:00,2025-03-10,14,0,0.0,0.0,0
2025-03-10 15:00:00+00:00,2025-03-10,15,0,25.41,914.8,1
2025-03-10 16:00:00+00:00,2025-03-10,16,0,30.0,1080.0,1
2025-03-10 17:00:00+00:00,2025-03-10,17,0,14.44,519.89,1
2025-03-10 18:00:00+00:00,2025-03-10,18,0,24.67,888.21,1
2025-03-10 19:00:00+00:00,2025-03-10,19,0,12.39,446.2,1
2025-03-10 20:00:00+00:00,2025-03-10,20,0,10.0,360.0,1
2025-03-10 21:00:00+00:00,2025-03-10,21,0,10.0,360.0,1
2025-03-10 22:00:00+00:00,2025-03-10,22,0,10.0,360.0,1
2025-03-10 23:00:00+00:00,2025-03-10,23,0,10.0,360.0,1
2025-03-11 00:00:00+00:00,2025-03-11,0,1,10.0,360.0,1
2025-03-11 01:00:00+00:00,2025-03-11,1,1,10.0,360.0,1
2025-03-11 02:00:00+00:00,2025-03-11,2,1,10.0,360.0,1
2025-03-11 03:00:00+00:00,2025-03-11,3,1,10.0,360.0,1
2025-03-11 04:00:00+00:00,2025-03-11,4,1,10.0,360.0,1
2025-03-11 05:00:00+00:00,2025-03-11,5,1,10.0,360.0,1
2025-03-11 06:00:00+00:00,2025-03-11,6,1,10.0,360.0,1
2025-03-11 07:00:00+00:00,2025-03-11,7,1,12.25,441.12,1
2025-03-11 08:00:00+00:00,2025-03-11,8,1,10.0,360.0,1
2025-03-11 09:00:00+00:00,2025-03-11,9,1,10.65,383.47,1
2025-03-11 10:00:00+00:00,2025-03-11,10,1,10.1,363.71,1
2025-03-11 11:00:00+00:00,2025-03-11,11,1,10.72,385.9,1
2025-03-11 12:00:00+00:00,2025-03-11,12,1,12.23,440.28,1
2025-03-11 13:00:00+00:00,2025-03-11,13,1,10.0,360.0,1
2025-03-11 14:00:00+00:00,2025-03-11,14,1,11.99,431.63,1
2025-03-11 15:00:00+00:00,2025-03-11,15,1,2.55,91.83,1
2025-03-11 16:00:00+00:00,2025-03-11,16,1,14.96,538.47,1
2025-03-11 17:00:00+00:00,2025-03-11,17,1,10.99,395.63,1
2025-03-11 18:00:00+00:00,2025-03-11,18,1,4.09,147.39,1
2025-03-11 19:00:00+00:00,2025-03-11,19,1,2.82,101.41,1
2025-03-11 20:00:00+00:00,2025-03-11,20,1,0.0,0.0,0
2025-03-11 21:00:00+00:00,2025-03-11,21,1,0.0,0.0,0
2025-03-11 22:00:00+00:00,2025-03-11,22,1,0.0,0.0,0
2025-03-11 23:00:00+00:00,2025-03-11,23,1,0.0,0.0,0
2025-03-12 00:00:00+00:00,2025-03-12,0,2,0.0,0.0,0
2025-03-12 01:00:00+00:00,2025-03-12,1,2,0.0,0.0,0
2025-03-12 02:00:00+00:00,2025-03-12,2,2,0.0,0.0,0
2025-03-12 03:00:00+00:00,2025-03-12,3,2,0.0,0.0,0
2025-03-12 04:00:00+00:00,2025-03-12,4,2,0.0,0.0,0
2025-03-12 05:00:00+00:00,2025-03-12,5,2,0.0,0.0,0
2025-03-12 06:00:00+00:00,2025-03-12,6,2,1.09,39.12,1
2025-03-12 07:00:00+00:00,2025-03-12,7,2,0.0,0.0,0
2025-03-12 08:00:00+00:00,2025-03-12,8,2,0.0,0.0,0
2025-03-12 09:00:00+00:00,2025-03-12,9,2,0.0,0.0,0
2025-03-12 10:00:00+00:00,2025-03-12,10,2,0.0,0.0,0
2025-03-12 11:00:00+00:00,2025-03-12,11,2,2.92,105.07,1
2025-03-12 12:00:00+00:00,2025-03-12,12,2,2.63,94.68,1
2025-03-12 13:00:00+00:00,2025-03-12,13,2,0.0,0.0,0
2025-03-12 14:00:00+00:00,2025-03-12,14,2,0.69,24.67,1
2025-03-12 15:00:00+00:00,2025-03-12,15,2,1.77,63.76,1
2025-03-12 16:00:00+00:00,2025-03-12,16,2,0.55,19.69,1
2025-03-12 17:00:00+00:00,2025-03-12,17,2,18.4,662.49,1
2025-03-12 18:00:00+00:00,2025-03-12,18,2,25.0,900.0,1
2025-03-12 19:00:00+00:00,2025-03-12,19,2,9.27,333.77,1
2025-03-12 20:00:00+00:00,2025-03-12,20,2,0.3,10.67,1
2025-03-12 21:00:00+00:00,2025-03-12,21,2,0.0,0.0,0
2025-03-12 22:00:00+00:00,2025-03-12,22,2,0.0,0.0,0
2025-03-12 23:00:00+00:00,2025-03-12,23,2,0.0,0.0,0
2025-03-13 00:00:00+00:00,2025-03-13,0,3,0.0,0.0,0
2025-03-13 01:00:00+00:00,2025-03-13,1,3,0.0,0.0,0
2025-03-13 02:00:00+00:00,2025-03-13,2,3,0.0,0.0,0
2025-03-13 03:00:00+00:00,2025-03-13,3,3,0.0,0.0,0
2025-03-13 04:00:00+00:00,2025-03-13,4,3,0.0,0.0,0
2025-03-13 05:00:00+00:00,2025-03-13,5,3,0.0,0.0,0
2025-03-13 06:00:00+00:00,2025-03-13,6,3,3.02,108.79,1
2025-03-13 07:00:00+00:00,2025-03-13,7,3,7.77,279.8,1
2025-03-13 08:00:00+00:00,2025-03-13,8,3,7.95,286.09,1
2025-03-13 09:00:00+00:00,2025-03-13,9,3,3.02,108.71,1
2025-03-13 10:00:00+00:00,2025-03-13,10,3,13.23,476.25,1
2025-03-13 11:00:00+00:00,2025-03-13,11,3,0.99,35.61,1
2025-03-13 12:00:00+00:00,2025-03-13,12,3,0.06,2.21,1
2025-03-13 13:00:00+00:00,2025-03-13,13,3,0.0,0.0,0
2025-03-13 14:00:00+00:00,2025-03-13,14,3,4.43,159.4,1
2025-03-13 15:00:00+00:00,2025-03-13,15,3,19.48,701.33,1
2025-03-13 16:00:00+00:00,2025-03-13,16,3,2.63,94.77,1
2025-03-13 17:00:00+00:00,2025-03-13,17,3,8.01,288.35,1
2025-03-13 18:00:00+00:00,2025-03-13,18,3,12.1,435.45,1
2025-03-13 19:00:00+00:00,2025-03-13,19,3,5.74,206.53,1
2025-03-13 20:00:00+00:00,2025-03-13,20,3,0.0,0.0,0
2025-03-13 21:00:00+00:00,2025-03-13,21,3,0.0,0.0,0
2025-03-13 22:00:00+00:00,2025-03-13,22,3,0.0,0.0,0
2025-03-13 23:00:00+00:00,2025-03-13,23,3,0.0,0.0,0
2025-03-14 00:00:00+00:00,2025-03-14,0,4,0.0,0.0,0
2025-03-14 01:00:00+00:00,2025-03-14,1,4,0.0,0.0,0
2025-03-14 02:00:00+00:00,2025-03-14,2,4,0.0,0.0,0
2025-03-14 03:00:00+00:00,2025-03-14,3,4,0.0,0.0,0
2025-03-14 04:00:00+00:00,2025-03-14,4,4,0.0,0.0,0
2025-03-14 05:00:00+00:00,2025-03-14,5,4,0.0,0.0,0
2025-03-14 06:00:00+00:00,2025-03-14,6,4,1.51,54.2,1
2025-03-14 07:00:00+00:00,2025-03-14,7,4,0.16,5.66,1
2025-03-14 08:00:00+00:00,2025-03-14,8,4,0.28,10.09,1
2025-03-14 09:00:00+00:00,2025-03-14,9,4,0.31,11.03,1
2025-03-14 10:00:00+00:00,2025-03-14,10,4,0.0,0.0,0
2025-03-14 11:00:00+00:00,2025-03-14,11,4,0.04,1.35,1
2025-03-14 12:00:00+00:00,2025-03-14,12,4,5.78,207.91,1
2025-03-14 13:00:00+00:00,2025-03-14,13,4,0.0,0.0,0
2025-03-14 14:00:00+00:00,2025-03-14,14,4,0.0,0.0,0
2025-03-14 15:00:00+00:00,2025-03-14,15,4,0.0,0.0,0
2025-03-14 16:00:00+00:00,2025-03-14,16,4,0.0,0.0,0
2025-03-14 17:00:00+00:00,2025-03-14,17,4,0.0,0.0,0
2025-03-14 18:00:00+00:00,2025-03-14,18,4,0.0,0.0,0
2025-03-14 19:00:00+00:00,2025-03-14,19,4,0.36,12.9,1
2025-03-14 20:00:00+00:00,2025-03-14,20,4,0.0,0.0,0
2025-03-14 21:00:00+00:00,2025-03-14,21,4,0.0,0.0,0
2025-03-14 22:00:00+00:00,2025-03-14,22,4,0.0,0.0,0
2025-03-14 23:00:00+00:00,2025-03-14,23,4,0.0,0.0,0
2025-03-15 00:00:00+00:00,2025-03-15,0,5,0.0,0.0,0
2025-03-15 01:00:00+00:00,2025-03-15,1,5,0.0,0.0,0
2025-03-15 02:00:00+00:00,2025-03-15,2,5,0.0,0.0,0
2025-03-15 03:00:00+00:00,2025-03-15,3,5,0.0,0.0,0
2025-03-15 04:00:00+00:00,2025-03-15,4,5,0.0,0.0,0
2025-03-15 05:00:00+00:00,2025-03-15,5,5,0.0,0.0,0
2025-03-15 06:00:00+00:00,2025-03-15,6,5,0.0,0.0,0
2025-03-15 07:00:00+00:00,2025-03-15,7,5,0.0,0.0,0
2025-03-15 08:00:00+00:00,2025-03-15,8,5,0.0,0.0,0
2025-03-15 09:00:00+00:00,2025-03-15,9,5,0.0,0.0,0
2025-03-15 10:00:00+00:00,2025-03-15,10,5,0.0,0.0,0
2025-03-15 11:00:00+00:00,2025-03-15,11,5,0.0,0.0,0
2025-03-15 12:00:00+00:00,2025-03-15,12,5,0.0,0.0,0
2025-03-15 13:00:00+00:00,2025-03-15,13,5,0.0,0.0,0
2025-03-15 14:00:00+00:00,2025-03-15,14,5,0.0,0.0,0
2025-03-15 15:00:00+00:00,2025-03-15,15,5,0.0,0.0,0
2025-03-15 16:00:00+00:00,2025-03-15,16,5,0.0,0.0,0
2025-03-15 17:00:00+00:00,2025-03-15,17,5,0.0,0.0,0
2025-03-15 18:00:00+00:00,2025-03-15,18,5,0.0,0.0,0
2025-03-15 19:00:00+00:00,2025-03-15,19,5,0.0,0.0,0
2025-03-15 20:00:00+00:00,2025-03-15,20,5,0.0,0.0,0
2025-03-15 21:00:00+00:00,2025-03-15,21,5,0.0,0.0,0
2025-03-15 22:00:00+00:00,2025-03-15,22,5,0.0,0.0,0
2025-03-15 23:00:00+00:00,2025-03-15,23,5,0.0,0.0,0
2025-03-16 00:00:00+00:00,2025-03-16,0,6,0.0,0.0,0
2025-03-16 01:00:00+00:00,2025-03-16,1,6,0.0,0.0,0
2025-03-16 02:00:00+00:00,2025-03-16,2,6,0.0,0.0,0
2025-03-16 03:00:00+00:00,2025-03-16,3,6,0.0,0.0,0
2025-03-16 04:00:00+00:00,2025-03-16,4,6,0.0,0.0,0
2025-03-16 05:00:00+00:00,2025-03-16,5,6,0.0,0.0,0
2025-03-16 06:00:00+00:00,2025-03-16,6,6,0.0,0.0,0
2025-03-16 07:00:00+00:00,2025-03-16,7,6,0.0,0.0,0
2025-03-16 08:00:00+00:00,2025-03-16,8,6,0.0,0.0,0
2025-03-16 09:00:00+00:00,2025-03-16,9,6,0.0,0.0,0
2025-03-16 10:00:00+00:00,2025-03-16,10,6,0.0,0.0,0
2025-03-16 11:00:00+00:00,2025-03-16,11,6,0.0,0.0,0
2025-03-16 12:00:00+00:00,2025-03-16,12,6,0.0,0.0,0
2025-03-16 13:00:00+00:00,2025-03-16,13,6,0.0,0.0,0
2025-03-16 14:00:00+00:00,2025-03-16,14,6,0.0,0.0,0
2025-03-16 15:00:00+00:00,2025-03-16,15,6,0.0,0.0,0
2025-03-16 16:00:00+00:00,2025-03-16,16,6,0.0,0.0,0
2025-03-16 17:00:00+00:00,2025-03-16,17,6,0.0,0.0,0
2025-03-16 18:00:00+00:00,2025-03-16,18,6,0.0,0.0,0
2025-03-16 19:00:00+00:00,2025-03-16,19,6,0.0,0.0,0
2025-03-16 20:00:00+00:00,2025-03-16,20,6,0.0,0.0,0
2025-03-16 21:00:00+00:00,2025-03-16,21,6,0.0,0.0,0
2025-03-16 22:00:00+00:00,2025-03-16,22,6,0.0,0.0,0
2025-03-16 23:00:00+00:00,2025-03-16,23,6,0.0,0.0,0
2025-03-17 00:00:00+00:00,2025-03-17,0,0,0.0,0.0,0
2025-03-17 01:00:00+00:00,2025-03-17,1,0,0.0,0.0,0
2025-03-17 02:00:00+00:00,2025-03-17,2,0,0.0,0.0,0
2025-03-17 03:00:00+00:00,2025-03-17,3,0,0.0,0.0,0
2025-03-17 04:00:00+00:00,2025-03-17,4,0,0.0,0.0,0
2025-03-17 05:00:00+00:00,2025-03-17,5,0,0.0,0.0,0
2025-03-17 06:00:00+00:00,2025-03-17,6,0,0.0,0.0,0
2025-03-17 07:00:00+00:00,2025-03-17,7,0,0.0,0.0,0
2025-03-17 08:00:00+00:00,2025-03-17,8,0,0.0,0.0,0
2025-03-17 09:00:00+00:00,2025-03-17,9,0,0.0,0.0,0
2025-03-17 10:00:00+00:00,2025-03-17,10,0,0.0,0.0,0
2025-03-17 11:00:00+00:00,2025-03-17,11,0,0.0,0.0,0
2025-03-17 12:00:00+00:00,2025-03-17,12,0,0.0,0.0,0
2025-03-17 13:00:00+00:00,2025-03-17,13,0,0.0,0.0,0
2025-03-17 14:00:00+00:00,2025-03-17,14,0,0.0,0.0,0
2025-03-17 15:00:00+00:00,2025-03-17,15,0,0.0,0.0,0
2025-03-17 16:00:00+00:00,2025-03-17,16,0,0.0,0.0,0
2025-03-17 17:00:00+00:00,2025-03-17,17,0,0.0,0.0,0
2025-03-17 18:00:00+00:00,2025-03-17,18,0,0.0,0.0,0
2025-03-17 19:00:00+00:00,2025-03-17,19,0,0.0,0.0,0
2025-03-17 20:00:00+00:00,2025-03-17,20,0,0.0,0.0,0
2025-03-17 21:00:00+00:00,2025-03-17,21,0,0.0,0.0,0
2025-03-17 22:00:00+00:00,2025-03-17,22,0,0.0,0.0,0
2025-03-17 23:00:00+00:00,2025-03-17,23,0,0.0,0.0,0
2025-03-18 00:00:00+00:00,2025-03-18,0,1,0.0,0.0,0
2025-03-18 01:00:00+00:00,2025-03-18,1,1,0.0,0.0,0
2025-03-18 02:00:00+00:00,2025-03-18,2,1,0.0,0.0,0
2025-03-18 03:00:00+00:00,2025-03-18,3,1,0.0,0.0,0
2025-03-18 04:00:00+00:00,2025-03-18,4,1,0.0,0.0,0
2025-03-18 05:00:00+00:00,2025-03-18,5,1,0.0,0.0,0
2025-03-18 06:00:00+00:00,2025-03-18,6,1,0.0,0.0,0
2025-03-18 07:00:00+00:00,2025-03-18,7,1,0.0,0.0,0
2025-03-18 08:00:00+00:00,2025-03-18,8,1,0.0,0.0,0
2025-03-18 09:00:00+00:00,2025-03-18,9,1,0.0,0.0,0
2025-03-18 10:00:00+00:00,2025-03-18,10,1,0.0,0.0,0
2025-03-18 11:00:00+00:00,2025-03-18,11,1,0.0,0.0,0
2025-03-18 12:00:00+00:00,2025-03-18,12,1,0.0,0.0,0
2025-03-18 13:00:00+00:00,2025-03-18,13,1,0.0,0.0,0
2025-03-18 14:00:00+00:00,2025-03-18,14,1,0.0,0.0,0
2025-03-18 15:00:00+00:00,2025-03-18,15,1,0.0,0.0,0
2025-03-18 16:00:00+00:00,2025-03-18,16,1,0.0,0.0,0
2025-03-18 17:00:00+00:00,2025-03-18,17,1,0.0,0.0,0
2025-03-18 18:00:00+00:00,2025-03-18,18,1,0.0,0.0,0
2025-03-18 19:00:00+00:00,2025-03-18,19,1,0.0,0.0,0
2025-03-18 20:00:00+00:00,2025-03-18,20,1,0.0,0.0,0
2025-03-18 21:00:00+00:00,2025-03-18,21,1,0.0,0.0,0
2025-03-18 22:00:00+00:00,2025-03-18,22,1,0.0,0.0,0
2025-03-18 23:00:00+00:00,2025-03-18,23,1,0.0,0.0,0
2025-03-19 00:00:00+00:00,2025-03-19,0,2,0.0,0.0,0
2025-03-19 01:00:00+00:00,2025-03-19,1,2,0.0,0.0,0
2025-03-19 02:00:00+00:00,2025-03-19,2,2,0.0,0.0,0
2025-03-19 03:00:00+00:00,2025-03-19,3,2,0.0,0.0,0
2025-03-19 04:00:00+00:00,2025-03-19,4,2,0.0,0.0,0
2025-03-19 05:00:00+00:00,2025-03-19,5,2,0.0,0.0,0
2025-03-19 06:00:00+00:00,2025-03-19,6,2,0.0,0.0,0
2025-03-19 07:00:00+00:00,2025-03-19,7,2,0.0,0.0,0
2025-03-19 08:00:00+00:00,2025-03-19,8,2,0.0,0.0,0
2025-03-19 09:00:00+00:00,2025-03-19,9,2,0.0,0.0,0
2025-03-19 10:00:00+00:00,2025-03-19,10,2,0.0,0.0,0
2025-03-19 11:00:00+00:00,2025-03-19,11,2,0.0,0.0,0
2025-03-19 12:00:00+00:00,2025-03-19,12,2,0.0,0.0,0
2025-03-19 13:00:00+00:00,2025-03-19,13,2,0.0,0.0,0
2025-03-19 14:00:00+00:00,2025-03-19,14,2,0.0,0.0,0
2025-03-19 15:00:00+00:00,2025-03-19,15,2,0.0,0.0,0
2025-03-19 16:00:00+00:00,2025-03-19,16,2,0.0,0.0,0
2025-03-19 17:00:00+00:00,2025-03-19,17,2,0.0,0.0,0
2025-03-19 18:00:00+00:00,2025-03-19,18,2,0.0,0.0,0
2025-03-19 19:00:00+00:00,2025-03-19,19,2,0.0,0.0,0
2025-03-19 20:00:00+00:00,2025-03-19,20,2,0.0,0.0,0
2025-03-19 21:00:00+00:00,2025-03-19,21,2,0.0,0.0,0
2025-03-19 22:00:00+00:00,2025-03-19,22,2,0.0,0.0,0
2025-03-19 23:00:00+00:00,2025-03-19,23,2,0.0,0.0,0
2025-03-20 00:00:00+00:00,2025-03-20,0,3,0.0,0.0,0
2025-03-20 01:00:00+00:00,2025-03-20,1,3,0.0,0.0,0
2025-03-20 02:00:00+00:00,2025-03-20,2,3,0.0,0.0,0
2025-03-20 03:00:00+00:00,2025-03-20,3,3,0.0,0.0,0
2025-03-20 04:00:00+00:00,2025-03-20,4,3,0.0,0.0,0
2025-03-20 05:00:00+00:00,2025-03-20,5,3,0.0,0.0,0
2025-03-20 06:00:00+00:00,2025-03-20,6,3,0.19,6.97,1
2025-03-20 07:00:00+00:00,2025-03-20,7,3,0.0,0.0,0
2025-03-20 08:00:00+00:00,2025-03-20,8,3,0.0,0.0,0
2025-03-20 09:00:00+00:00,2025-03-20,9,3,0.59,21.13,1
2025-03-20 10:00:00+00:00,2025-03-20,10,3,4.58,164.82,1
2025-03-20 11:00:00+00:00,2025-03-20,11,3,5.38,193.84,1
2025-03-20 12:00:00+00:00,2025-03-20,12,3,5.04,181.3,1
2025-03-20 13:00:00+00:00,2025-03-20,13,3,6.5,233.99,1
2025-03-20 14:00:00+00:00,2025-03-20,14,3,23.94,861.8,1
2025-03-20 15:00:00+00:00,2025-03-20,15,3,9.54,343.33,1
2025-03-20 16:00:00+00:00,2025-03-20,16,3,5.35,192.42,1
2025-03-20 17:00:00+00:00,2025-03-20,17,3,24.42,879.17,1
2025-03-20 18:00:00+00:00,2025-03-20,18,3,24.98,899.29,1
2025-03-20 19:00:00+00:00,2025-03-20,19,3,9.41,338.86,1
2025-03-20 20:00:00+00:00,2025-03-20,20,3,5.0,180.0,1
2025-03-20 21:00:00+00:00,2025-03-20,21,3,5.0,180.0,1
2025-03-20 22:00:00+00:00,2025-03-20,22,3,5.0,180.0,1
2025-03-20 23:00:00+00:00,2025-03-20,23,3,5.0,180.0,1
2025-03-21 00:00:00+00:00,2025-03-21,0,4,5.0,180.0,1
2025-03-21 01:00:00+00:00,2025-03-21,1,4,5.0,180.0,1
2025-03-21 02:00:00+00:00,2025-03-21,2,4,5.0,180.0,1
2025-03-21 03:00:00+00:00,2025-03-21,3,4,5.0,180.0,1
2025-03-21 04:00:00+00:00,2025-03-21,4,4,5.0,180.0,1
2025-03-21 05:00:00+00:00,2025-03-21,5,4,5.0,180.0,1
2025-03-21 06:00:00+00:00,2025-03-21,6,4,7.2,259.26,1
2025-03-21 07:00:00+00:00,2025-03-21,7,4,6.35,228.45,1
2025-03-21 08:00:00+00:00,2025-03-21,8,4,5.0,180.0,1
2025-03-21 09:00:00+00:00,2025-03-21,9,4,6.65,239.48,1
2025-03-21 10:00:00+00:00,2025-03-21,10,4,5.0,180.0,1
2025-03-21 11:00:00+00:00,2025-03-21,11,4,5.0,180.0,1
2025-03-21 12:00:00+00:00,2025-03-21,12,4,6.16,221.7,1
2025-03-21 13:00:00+00:00,2025-03-21,13,4,5.0,180.0,1
2025-03-21 14:00:00+00:00,2025-03-21,14,4,0.69,24.7,1
2025-03-21 15:00:00+00:00,2025-03-21,15,4,0.0,0.0,0
2025-03-21 16:00:00+00:00,2025-03-21,16,4,0.0,0.0,0
2025-03-21 17:00:00+00:00,2025-03-21,17,4,0.0,0.0,0
2025-03-21 18:00:00+00:00,2025-03-21,18,4,0.0,0.0,0
2025-03-21 19:00:00+00:00,2025-03-21,19,4,0.57,20.69,1
2025-03-21 20:00:00+00:00,2025-03-21,20,4,0.0,0.0,0
2025-03-21 21:00:00+00:00,2025-03-21,21,4,0.0,0.0,0
2025-03-21 22:00:00+00:00,2025-03-21,22,4,0.0,0.0,0
2025-03-21 23:00:00+00:00,2025-03-21,23,4,0.0,0.0,0
2025-03-22 00:00:00+00:00,2025-03-22,0,5,0.0,0.0,0
2025-03-22 01:00:00+00:00,2025-03-22,1,5,0.0,0.0,0
2025-03-22 02:00:00+00:00,2025-03-22,2,5,0.0,0.0,0
2025-03-22 03:00:00+00:00,2025-03-22,3,5,0.0,0.0,0
2025-03-22 04:00:00+00:00,2025-03-22,4,5,0.0,0.0,0
2025-03-22 05:00:00+00:00,2025-03-22,5,5,0.0,0.0,0
2025-03-22 06:00:00+00:00,2025-03-22,6,5,0.0,0.0,0
2025-03-22 07:00:00+00:00,2025-03-22,7,5,0.0,0.0,0
2025-03-22 08:00:00+00:00,2025-03-22,8,5,0.0,0.0,0
2025-03-22 09:00:00+00:00,2025-03-22,9,5,0.0,0.0,0
2025-03-22 10:00:00+00:00,2025-03-22,10,5,0.0,0.0,0
2025-03-22 11:00:00+00:00,2025-03-22,11,5,0.0,0.0,0
2025-03-22 12:00:00+00:00,2025-03-22,12,5,0.0,0.0,0
2025-03-22 13:00:00+00:00,2025-03-22,13,5,0.0,0.0,0
2025-03-22 14:00:00+00:00,2025-03-22,14,5,0.0,0.0,0
2025-03-22 15:00:00+00:00,2025-03-22,15,5,0.0,0.0,0
2025-03-22 16:00:00+00:00,2025-03-22,16,5,0.0,0.0,0
2025-03-22 17:00:00+00:00,2025-03-22,17,5,0.0,0.0,0
2025-03-22 18:00:00+00:00,2025-03-22,18,5,0.0,0.0,0
2025-03-22 19:00:00+00:00,2025-03-22,19,5,0.0,0.0,0
2025-03-22 20:00:00+00:00,2025-03-22,20,5,0.0,0.0,0
2025-03-22 21:00:00+00:00,2025-03-22,21,5,0.0,0.0,0
2025-03-22 22:00:00+00:00,2025-03-22,22,5,0.0,0.0,0
2025-03-22 23:00:00+00:00,2025-03-22,23,5,0.0,0.0,0
2025-03-23 00:00:00+00:00,2025-03-23,0,6,0.0,0.0,0
2025-03-23 01:00:00+00:00,2025-03-23,1,6,0.0,0.0,0
2025-03-23 02:00:00+00:00,2025-03-23,2,6,0.0,0.0,0
2025-03-23 03:00:00+00:00,2025-03-23,3,6,0.0,0.0,0
2025-03-23 04:00:00+00:00,2025-03-23,4,6,0.0,0.0,0
2025-03-23 05:00:00+00:00,2025-03-23,5,6,0.0,0.0,0
2025-03-23 06:00:00+00:00,2025-03-23,6,6,0.0,0.0,0
2025-03-23 07:00:00+00:00,2025-03-23,7,6,0.0,0.0,0
2025-03-23 08:00:00+00:00,2025-03-23,8,6,0.0,0.0,0
2025-03-23 09:00:00+00:00,2025-03-23,9,6,0.0,0.0,0
2025-03-23 10:00:00+00:00,2025-03-23,10,6,0.0,0.0,0
2025-03-23 11:00:00+00:00,2025-03-23,11,6,0.0,0.0,0
2025-03-23 12:00:00+00:00,2025-03-23,12,6,0.0,0.0,0
2025-03-23 13:00:00+00:00,2025-03-23,13,6,0.0,0.0,0
2025-03-23 14:00:00+00:00,2025-03-23,14,6,0.0,0.0,0
2025-03-23 15:00:00+00:00,2025-03-23,15,6,0.0,0.0,0
2025-03-23 16:00:00+00:00,2025-03-23,16,6,0.0,0.0,0
2025-03-23 17:00:00+00:00,2025-03-23,17,6,0.0,0.0,0
2025-03-23 18:00:00+00:00,2025-03-23,18,6,0.0,0.0,0
2025-03-23 19:00:00+00:00,2025-03-23,19,6,0.0,0.0,0
2025-03-23 20:00:00+00:00,2025-03-23,20,6,0.0,0.0,0
2025-03-23 21:00:00+00:00,2025-03-23,21,6,0.0,0.0,0
2025-03-23 22:00:00+00:00,2025-03-23,22,6,0.0,0.0,0
2025-03-23 23:00:00+00:00,2025-03-23,23,6,0.0,0.0,0
2025-03-24 00:00:00+00:00,2025-03-24,0,0,0.0,0.0,0
2025-03-24 01:00:00+00:00,2025-03-24,1,0,0.0,0.0,0
2025-03-24 02:00:00+00:00,2025-03-24,2,0,0.0,0.0,0
2025-03-24 03:00:00+00:00,2025-03-24,3,0,0.0,0.0,0
2025-03-24 04:00:00+00:00,2025-03-24,4,0,0.0,0.0,0
2025-03-24 05:00:00+00:00,2025-03-24,5,0,0.0,0.0,0
2025-03-24 06:00:00+00:00,2025-03-24,6,0,0.0,0.0,0
2025-03-24 07:00:00+00:00,2025-03-24,7,0,0.16,5.7,1
2025-03-24 08:00:00+00:00,2025-03-24,8,0,0.0,0.0,0
2025-03-24 09:00:00+00:00,2025-03-24,9,0,0.0,0.0,0
2025-03-24 10:00:00+00:00,2025-03-24,10,0,0.0,0.0,0
2025-03-24 11:00:00+00:00,2025-03-24,11,0,0.0,0.0,0
2025-03-24 12:00:00+00:00,2025-03-24,12,0,0.0,0.0,0
2025-03-24 13:00:00+00:00,2025-03-24,13,0,0.0,0.0,0
2025-03-24 14:00:00+00:00,2025-03-24,14,0,0.0,0.0,0
2025-03-24 15:00:00+00:00,2025-03-24,15,0,19.63,706.7,1
2025-03-24 16:00:00+00:00,2025-03-24,16,0,20.0,720.0,1
2025-03-24 17:00:00+00:00,2025-03-24,17,0,20.0,720.0,1
2025-03-24 18:00:00+00:00,2025-03-24,18,0,20.0,720.0,1
2025-03-24 19:00:00+00:00,2025-03-24,19,0,13.15,473.34,1
2025-03-24 20:00:00+00:00,2025-03-24,20,0,0.0,0.0,0
2025-03-24 21:00:00+00:00,2025-03-24,21,0,0.0,0.0,0
2025-03-24 22:00:00+00:00,2025-03-24,22,0,0.0,0.0,0
2025-03-24 23:00:00+00:00,2025-03-24,23,0,0.0,0.0,0
2025-03-25 00:00:00+00:00,2025-03-25,0,1,0.0,0.0,0
2025-03-25 01:00:00+00:00,2025-03-25,1,1,0.0,0.0,0
2025-03-25 02:00:00+00:00,2025-03-25,2,1,0.0,0.0,0
2025-03-25 03:00:00+00:00,2025-03-25,3,1,0.0,0.0,0
2025-03-25 04:00:00+00:00,2025-03-25,4,1,0.0,0.0,0
2025-03-25 05:00:00+00:00,2025-03-25,5,1,0.0,0.0,0
2025-03-25 06:00:00+00:00,2025-03-25,6,1,0.0,0.0,0
2025-03-25 07:00:00+00:00,2025-03-25,7,1,0.0,0.0,0
2025-03-25 08:00:00+00:00,2025-03-25,8,1,0.0,0.0,0
2025-03-25 09:00:00+00:00,2025-03-25,9,1,0.0,0.0,0
2025-03-25 10:00:00+00:00,2025-03-25,10,1,0.0,0.0,0
2025-03-25 11:00:00+00:00,2025-03-25,11,1,0.0,0.0,0
2025-03-25 12:00:00+00:00,2025-03-25,12,1,0.0,0.0,0
2025-03-25 13:00:00+00:00,2025-03-25,13,1,0.0,0.0,0
2025-03-25 14:00:00+00:00,2025-03-25,14,1,0.0,0.0,0
2025-03-25 15:00:00+00:00,2025-03-25,15,1,0.0,0.0,0
2025-03-25 16:00:00+00:00,2025-03-25,16,1,0.0,0.0,0
2025-03-25 17:00:00+00:00,2025-03-25,17,1,0.0,0.0,0
2025-03-25 18:00:00+00:00,2025-03-25,18,1,0.0,0.0,0
2025-03-25 19:00:00+00:00,2025-03-25,19,1,0.3,10.8,1
2025-03-25 20:00:00+00:00,2025-03-25,20,1,0.0,0.0,0
2025-03-25 21:00:00+00:00,2025-03-25,21,1,0.0,0.0,0
2025-03-25 22:00:00+00:00,2025-03-25,22,1,0.0,0.0,0
2025-03-25 23:00:00+00:00,2025-03-25,23,1,0.0,0.0,0
2025-03-26 00:00:00+00:00,2025-03-26,0,2,0.0,0.0,0
2025-03-26 01:00:00+00:00,2025-03-26,1,2,0.0,0.0,0
2025-03-26 02:00:00+00:00,2025-03-26,2,2,0.0,0.0,0
2025-03-26 03:00:00+00:00,2025-03-26,3,2,0.0,0.0,0
2025-03-26 04:00:00+00:00,2025-03-26,4,2,0.0,0.0,0
2025-03-26 05:00:00+00:00,2025-03-26,5,2,0.0,0.0,0
2025-03-26 06:00:00+00:00,2025-03-26,6,2,0.93,33.39,1
2025-03-26 07:00:00+00:00,2025-03-26,7,2,1.0,36.11,1
2025-03-26 08:00:00+00:00,2025-03-26,8,2,0.0,0.0,0
2025-03-26 09:00:00+00:00,2025-03-26,9,2,0.0,0.0,0
2025-03-26 10:00:00+00:00,2025-03-26,10,2,0.7,25.16,1
2025-03-26 11:00:00+00:00,2025-03-26,11,2,0.0,0.0,0
2025-03-26 12:00:00+00:00,2025-03-26,12,2,0.0,0.0,0
2025-03-26 13:00:00+00:00,2025-03-26,13,2,0.0,0.0,0
2025-03-26 14:00:00+00:00,2025-03-26,14,2,15.28,550.09,1
2025-03-26 15:00:00+00:00,2025-03-26,15,2,20.0,720.0,1
2025-03-26 16:00:00+00:00,2025-03-26,16,2,16.66,599.73,1
2025-03-26 17:00:00+00:00,2025-03-26,17,2,15.13,544.6,1
2025-03-26 18:00:00+00:00,2025-03-26,18,2,13.47,484.85,1
2025-03-26 19:00:00+00:00,2025-03-26,19,2,0.0,0.0,0
2025-03-26 20:00:00+00:00,2025-03-26,20,2,0.0,0.0,0
2025-03-26 21:00:00+00:00,2025-03-26,21,2,0.0,0.0,0
2025-03-26 22:00:00+00:00,2025-03-26,22,2,0.0,0.0,0
2025-03-26 23:00:00+00:00,2025-03-26,23,2,0.0,0.0,0
2025-03-27 00:00:00+00:00,2025-03-27,0,3,0.0,0.0,0
2025-03-27 01:00:00+00:00,2025-03-27,1,3,0.0,0.0,0
2025-03-27 02:00:00+00:00,2025-03-27,2,3,0.0,0.0,0
2025-03-27 03:00:00+00:00,2025-03-27,3,3,0.0,0.0,0
2025-03-27 04:00:00+00:00,2025-03-27,4,3,0.0,0.0,0
2025-03-27 05:00:00+00:00,2025-03-27,5,3,0.0,0.0,0
2025-03-27 06:00:00+00:00,2025-03-27,6,3,1.07,38.51,1
2025-03-27 07:00:00+00:00,2025-03-27,7,3,0.0,0.0,0
2025-03-27 08:00:00+00:00,2025-03-27,8,3,0.0,0.0,0
2025-03-27 09:00:00+00:00,2025-03-27,9,3,3.52,126.85,1
2025-03-27 10:00:00+00:00,2025-03-27,10,3,0.21,7.66,1
2025-03-27 11:00:00+00:00,2025-03-27,11,3,0.76,27.43,1
2025-03-27 12:00:00+00:00,2025-03-27,12,3,0.03,1.18,1
2025-03-27 13:00:00+00:00,2025-03-27,13,3,6.18,222.34,1
2025-03-27 14:00:00+00:00,2025-03-27,14,3,19.07,686.52,1
2025-03-27 15:00:00+00:00,2025-03-27,15,3,20.0,720.0,1
2025-03-27 16:00:00+00:00,2025-03-27,16,3,14.71,529.42,1
2025-03-27 17:00:00+00:00,2025-03-27,17,3,18.61,669.83,1
2025-03-27 18:00:00+00:00,2025-03-27,18,3,5.99,215.69,1
2025-03-27 19:00:00+00:00,2025-03-27,19,3,0.89,32.08,1
2025-03-27 20:00:00+00:00,2025-03-27,20,3,0.0,0.0,0
2025-03-27 21:00:00+00:00,2025-03-27,21,3,0.0,0.0,0
2025-03-27 22:00:00+00:00,2025-03-27,22,3,0.0,0.0,0
2025-03-27 23:00:00+00:00,2025-03-27,23,3,0.0,0.0,0
2025-03-28 00:00:00+00:00,2025-03-28,0,4,0.0,0.0,0
2025-03-28 01:00:00+00:00,2025-03-28,1,4,0.0,0.0,0
2025-03-28 02:00:00+00:00,2025-03-28,2,4,0.0,0.0,0
2025-03-28 03:00:00+00:00,2025-03-28,3,4,0.0,0.0,0
2025-03-28 04:00:00+00:00,2025-03-28,4,4,0.0,0.0,0
2025-03-28 05:00:00+00:00,2025-03-28,5,4,2.23,80.12,1
2025-03-28 06:00:00+00:00,2025-03-28,6,4,0.0,0.0,0
2025-03-28 07:00:00+00:00,2025-03-28,7,4,12.88,463.68,1
2025-03-28 08:00:00+00:00,2025-03-28,8,4,0.0,0.0,0
2025-03-28 09:00:00+00:00,2025-03-28,9,4,5.77,207.73,1
2025-03-28 10:00:00+00:00,2025-03-28,10,4,5.83,209.9,1
2025-03-28 11:00:00+00:00,2025-03-28,11,4,10.05,361.94,1
2025-03-28 12:00:00+00:00,2025-03-28,12,4,2.51,90.4,1
2025-03-28 13:00:00+00:00,2025-03-28,13,4,0.0,0.0,0
2025-03-28 14:00:00+00:00,2025-03-28,14,4,0.0,0.0,0
2025-03-28 15:00:00+00:00,2025-03-28,15,4,0.0,0.0,0
2025-03-28 16:00:00+00:00,2025-03-28,16,4,0.0,0.0,0
2025-03-28 17:00:00+00:00,2025-03-28,17,4,0.0,0.0,0
2025-03-28 18:00:00+00:00,2025-03-28,18,4,0.46,16.68,1
2025-03-28 19:00:00+00:00,2025-03-28,19,4,0.0,0.0,0
2025-03-28 20:00:00+00:00,2025-03-28,20,4,0.0,0.0,0
2025-03-28 21:00:00+00:00,2025-03-28,21,4,0.0,0.0,0
2025-03-28 22:00:00+00:00,2025-03-28,22,4,0.0,0.0,0
2025-03-28 23:00:00+00:00,2025-03-28,23,4,0.0,0.0,0
2025-03-29 00:00:00+00:00,2025-03-29,0,5,0.0,0.0,0
2025-03-29 01:00:00+00:00,2025-03-29,1,5,0.0,0.0,0
2025-03-29 02:00:00+00:00,2025-03-29,2,5,0.0,0.0,0
2025-03-29 03:00:00+00:00,2025-03-29,3,5,0.0,0.0,0
2025-03-29 04:00:00+00:00,2025-03-29,4,5,0.0,0.0,0
2025-03-29 05:00:00+00:00,2025-03-29,5,5,0.0,0.0,0
2025-03-29 06:00:00+00:00,2025-03-29,6,5,0.0,0.0,0
2025-03-29 07:00:00+00:00,2025-03-29,7,5,0.0,0.0,0
2025-03-29 08:00:00+00:00,2025-03-29,8,5,0.0,0.0,0
2025-03-29 09:00:00+00:00,2025-03-29,9,5,0.0,0.0,0
2025-03-29 10:00:00+00:00,2025-03-29,10,5,0.0,0.0,0
2025-03-29 11:00:00+00:00,2025-03-29,11,5,0.0,0.0,0
2025-03-29 12:00:00+00:00,2025-03-29,12,5,0.0,0.0,0
2025-03-29 13:00:00+00:00,2025-03-29,13,5,0.0,0.0,0
2025-03-29 14:00:00+00:00,2025-03-29,14,5,0.0,0.0,0
2025-03-29 15:00:00+00:00,2025-03-29,15,5,0.0,0.0,0
2025-03-29 16:00:00+00:00,2025-03-29,16,5,0.16,5.76,1
2025-03-29 17:00:00+00:00,2025-03-29,17,5,0.0,0.0,0
2025-03-29 18:00:00+00:00,2025-03-29,18,5,0.0,0.0,0
2025-03-29 19:00:00+00:00,2025-03-29,19,5,0.0,0.0,0
2025-03-29 20:00:00+00:00,2025-03-29,20,5,0.0,0.0,0
2025-03-29 21:00:00+00:00,2025-03-29,21,5,0.0,0.0,0
2025-03-29 22:00:00+00:00,2025-03-29,22,5,0.0,0.0,0
2025-03-29 23:00:00+00:00,2025-03-29,23,5,0.0,0.0,0
2025-03-30 00:00:00+00:00,2025-03-30,0,6,0.0,0.0,0
2025-03-30 01:00:00+00:00,2025-03-30,1,6,0.0,0.0,0
2025-03-30 02:00:00+00:00,2025-03-30,2,6,0.0,0.0,0
2025-03-30 03:00:00+00:00,2025-03-30,3,6,0.0,0.0,0
2025-03-30 04:00:00+00:00,2025-03-30,4,6,0.0,0.0,0
2025-03-30 05:00:00+00:00,2025-03-30,5,6,0.0,0.0,0
2025-03-30 06:00:00+00:00,2025-03-30,6,6,0.0,0.0,0
2025-03-30 07:00:00+00:00,2025-03-30,7,6,0.0,0.0,0
2025-03-30 08:00:00+00:00,2025-03-30,8,6,0.0,0.0,0
2025-03-30 09:00:00+00:00,2025-03-30,9,6,0.0,0.0,0
2025-03-30 10:00:00+00:00,2025-03-30,10,6,0.0,0.0,0
2025-03-30 11:00:00+00:00,2025-03-30,11,6,0.0,0.0,0
2025-03-30 12:00:00+00:00,2025-03-30,12,6,0.0,0.0,0
2025-03-30 13:00:00+00:00,2025-03-30,13,6,0.0,0.0,0
2025-03-30 14:00:00+00:00,2025-03-30,14,6,0.0,0.0,0
2025-03-30 15:00:00+00:00,2025-03-30,15,6,0.0,0.0,0
2025-03-30 16:00:00+00:00,2025-03-30,16,6,0.0,0.0,0
2025-03-30 17:00:00+00:00,2025-03-30,17,6,0.0,0.0,0
2025-03-30 18:00:00+00:00,2025-03-30,18,6,0.0,0.0,0
2025-03-30 19:00:00+00:00,2025-03-30,19,6,0.0,0.0,0
2025-03-30 20:00:00+00:00,2025-03-30,20,6,0.0,0.0,0
2025-03-30 21:00:00+00:00,2025-03-30,21,6,0.0,0.0,0
2025-03-30 22:00:00+00:00,2025-03-30,22,6,0.0,0.0,0
2025-03-30 23:00:00+00:00,2025-03-30,23,6,0.0,0.0,0
2025-03-31 00:00:00+00:00,2025-03-31,0,0,0.0,0.0,0
2025-03-31 01:00:00+00:00,2025-03-31,1,0,0.0,0.0,0
2025-03-31 02:00:00+00:00,2025-03-31,2,0,0.0,0.0,0
2025-03-31 03:00:00+00:00,2025-03-31,3,0,0.0,0.0,0
2025-03-31 04:00:00+00:00,2025-03-31,4,0,0.0,0.0,0
2025-03-31 05:00:00+00:00,2025-03-31,5,0,0.0,0.0,0
2025-03-31 06:00:00+00:00,2025-03-31,6,0,0.08,2.77,1
2025-03-31 07:00:00+00:00,2025-03-31,7,0,0.0,0.0,0
2025-03-31 08:00:00+00:00,2025-03-31,8,0,0.0,0.0,0
2025-03-31 09:00:00+00:00,2025-03-31,9,0,0.0,0.0,0
2025-03-31 10:00:00+00:00,2025-03-31,10,0,0.0,0.0,0
2025-03-31 11:00:00+00:00,2025-03-31,11,0,0.15,5.52,1
2025-03-31 12:00:00+00:00,2025-03-31,12,0,0.0,0.0,0
2025-03-31 13:00:00+00:00,2025-03-31,13,0,0.0,0.0,0
2025-03-31 14:00:00+00:00,2025-03-31,14,0,19.25,692.86,1
2025-03-31 15:00:00+00:00,2025-03-31,15,0,20.0,720.0,1
2025-03-31 16:00:00+00:00,2025-03-31,16,0,22.56,812.04,1
2025-03-31 17:00:00+00:00,2025-03-31,17,0,21.16,761.9,1
2025-03-31 18:00:00+00:00,2025-03-31,18,0,16.16,581.65,1
2025-03-31 19:00:00+00:00,2025-03-31,19,0,0.0,0.0,0
2025-03-31 20:00:00+00:00,2025-03-31,20,0,0.0,0.0,0
2025-03-31 21:00:00+00:00,2025-03-31,21,0,0.0,0.0,0
2025-03-31 22:00:00+00:00,2025-03-31,22,0,0.0,0.0,0
2025-03-31 23:00:00+00:00,2025-03-31,23,0,0.0,0.0,0
2025-04-01 00:00:00+00:00,2025-04-01,0,1,0.0,0.0,0
2025-04-01 01:00:00+00:00,2025-04-01,1,1,0.0,0.0,0
2025-04-01 02:00:00+00:00,2025-04-01,2,1,0.0,0.0,0
2025-04-01 03:00:00+00:00,2025-04-01,3,1,0.0,0.0,0
2025-04-01 04:00:00+00:00,2025-04-01,4,1,0.0,0.0,0
2025-04-01 05:00:00+00:00,2025-04-01,5,1,0.73,26.24,1
2025-04-01 06:00:00+00:00,2025-04-01,6,1,0.0,0.0,0
2025-04-01 07:00:00+00:00,2025-04-01,7,1,0.08,2.95,1
2025-04-01 08:00:00+00:00,2025-04-01,8,1,0.0,0.0,0
2025-04-01 09:00:00+00:00,2025-04-01,9,1,0.0,0.0,0
2025-04-01 10:00:00+00:00,2025-04-01,10,1,0.0,0.0,0
2025-04-01 11:00:00+00:00,2025-04-01,11,1,0.0,0.0,0
2025-04-01 12:00:00+00:00,2025-04-01,12,1,0.06,2.22,1
2025-04-01 13:00:00+00:00,2025-04-01,13,1,6.73,242.1,1
2025-04-01 14:00:00+00:00,2025-04-01,14,1,11.07,398.67,1
2025-04-01 15:00:00+00:00,2025-04-01,15,1,5.66,203.78,1
2025-04-01 16:00:00+00:00,2025-04-01,16,1,20.0,720.0,1
2025-04-01 17:00:00+00:00,2025-04-01,17,1,21.65,779.37,1
2025-04-01 18:00:00+00:00,2025-04-01,18,1,15.78,568.21,1
2025-04-01 19:00:00+00:00,2025-04-01,19,1,0.0,0.0,0
2025-04-01 20:00:00+00:00,2025-04-01,20,1,0.0,0.0,0
2025-04-01 21:00:00+00:00,2025-04-01,21,1,0.0,0.0,0
2025-04-01 22:00:00+00:00,2025-04-01,22,1,0.0,0.0,0
2025-04-01 23:00:00+00:00,2025-04-01,23,1,0.0,0.0,0
2025-04-02 00:00:00+00:00,2025-04-02,0,2,0.0,0.0,0
2025-04-02 01:00:00+00:00,2025-04-02,1,2,0.0,0.0,0
2025-04-02 02:00:00+00:00,2025-04-02,2,2,0.0,0.0,0
2025-04-02 03:00:00+00:00,2025-04-02,3,2,0.0,0.0,0
2025-04-02 04:00:00+00:00,2025-04-02,4,2,0.0,0.0,0
2025-04-02 05:00:00+00:00,2025-04-02,5,2,1.18,42.45,1
2025-04-02 06:00:00+00:00,2025-04-02,6,2,10.43,375.45,1
2025-04-02 07:00:00+00:00,2025-04-02,7,2,20.0,720.0,1
2025-04-02 08:00:00+00:00,2025-04-02,8,2,4.35,156.56,1
2025-04-02 09:00:00+00:00,2025-04-02,9,2,0.0,0.0,0
2025-04-02 10:00:00+00:00,2025-04-02,10,2,0.0,0.0,0
2025-04-02 11:00:00+00:00,2025-04-02,11,2,0.0,0.0,0
2025-04-02 12:00:00+00:00,2025-04-02,12,2,0.0,0.0,0
2025-04-02 13:00:00+00:00,2025-04-02,13,2,7.09,255.42,1
2025-04-02 14:00:00+00:00,2025-04-02,14,2,29.91,1076.79,1
2025-04-02 15:00:00+00:00,2025-04-02,15,2,30.0,1080.0,1
2025-04-02 16:00:00+00:00,2025-04-02,16,2,29.69,1068.93,1
2025-04-02 17:00:00+00:00,2025-04-02,17,2,30.0,1080.0,1
2025-04-02 18:00:00+00:00,2025-04-02,18,2,21.62,778.42,1
2025-04-02 19:00:00+00:00,2025-04-02,19,2,0.0,0.0,0
2025-04-02 20:00:00+00:00,2025-04-02,20,2,0.0,0.0,0
2025-04-02 21:00:00+00:00,2025-04-02,21,2,0.0,0.0,0
2025-04-02 22:00:00+00:00,2025-04-02,22,2,0.0,0.0,0
2025-04-02 23:00:00+00:00,2025-04-02,23,2,0.0,0.0,0
2025-04-03 00:00:00+00:00,2025-04-03,0,3,0.0,0.0,0
2025-04-03 01:00:00+00:00,2025-04-03,1,3,0.0,0.0,0
2025-04-03 02:00:00+00:00,2025-04-03,2,3,0.0,0.0,0
2025-04-03 03:00:00+00:00,2025-04-03,3,3,0.0,0.0,0
2025-04-03 04:00:00+00:00,2025-04-03,4,3,0.0,0.0,0
2025-04-03 05:00:00+00:00,2025-04-03,5,3,5.5,198.08,1
2025-04-03 06:00:00+00:00,2025-04-03,6,3,4.03,145.23,1
2025-04-03 07:00:00+00:00,2025-04-03,7,3,1.27,45.71,1
2025-04-03 08:00:00+00:00,2025-04-03,8,3,0.03,1.15,1
2025-04-03 09:00:00+00:00,2025-04-03,9,3,0.0,0.0,0
2025-04-03 10:00:00+00:00,2025-04-03,10,3,0.57,20.38,1
2025-04-03 11:00:00+00:00,2025-04-03,11,3,0.0,0.0,0
2025-04-03 12:00:00+00:00,2025-04-03,12,3,0.0,0.0,0
2025-04-03 13:00:00+00:00,2025-04-03,13,3,6.43,231.54,1
2025-04-03 14:00:00+00:00,2025-04-03,14,3,20.0,720.0,1
2025-04-03 15:00:00+00:00,2025-04-03,15,3,15.72,566.08,1
2025-04-03 16:00:00+00:00,2025-04-03,16,3,17.33,623.75,1
2025-04-03 17:00:00+00:00,2025-04-03,17,3,20.0,720.0,1
2025-04-03 18:00:00+00:00,2025-04-03,18,3,11.04,397.58,1
2025-04-03 19:00:00+00:00,2025-04-03,19,3,0.0,0.0,0
2025-04-03 20:00:00+00:00,2025-04-03,20,3,0.0,0.0,0
2025-04-03 21:00:00+00:00,2025-04-03,21,3,0.0,0.0,0
2025-04-03 22:00:00+00:00,2025-04-03,22,3,0.0,0.0,0
2025-04-03 23:00:00+00:00,2025-04-03,23,3,0.0,0.0,0
2025-04-04 00:00:00+00:00,2025-04-04,0,4,0.0,0.0,0
2025-04-04 01:00:00+00:00,2025-04-04,1,4,0.0,0.0,0
2025-04-04 02:00:00+00:00,2025-04-04,2,4,0.0,0.0,0
2025-04-04 03:00:00+00:00,2025-04-04,3,4,0.0,0.0,0
2025-04-04 04:00:00+00:00,2025-04-04,4,4,0.0,0.0,0
2025-04-04 05:00:00+00:00,2025-04-04,5,4,1.0,36.15,1
2025-04-04 06:00:00+00:00,2025-04-04,6,4,0.31,11.28,1
2025-04-04 07:00:00+00:00,2025-04-04,7,4,0.0,0.0,0
2025-04-04 08:00:00+00:00,2025-04-04,8,4,12.05,433.64,1
2025-04-04 09:00:00+00:00,2025-04-04,9,4,10.97,395.0,1
2025-04-04 10:00:00+00:00,2025-04-04,10,4,0.13,4.56,1
2025-04-04 11:00:00+00:00,2025-04-04,11,4,1.22,44.09,1
2025-04-04 12:00:00+00:00,2025-04-04,12,4,0.0,0.0,0
2025-04-04 13:00:00+00:00,2025-04-04,13,4,0.68,24.47,1
2025-04-04 14:00:00+00:00,2025-04-04,14,4,0.0,0.0,0
2025-04-04 15:00:00+00:00,2025-04-04,15,4,0.0,0.0,0
2025-04-04 16:00:00+00:00,2025-04-04,16,4,0.0,0.0,0
2025-04-04 17:00:00+00:00,2025-04-04,17,4,0.0,0.0,0
2025-04-04 18:00:00+00:00,2025-04-04,18,4,0.48,17.42,1
2025-04-04 19:00:00+00:00,2025-04-04,19,4,0.0,0.0,0
2025-04-04 20:00:00+00:00,2025-04-04,20,4,0.0,0.0,0
2025-04-04 21:00:00+00:00,2025-04-04,21,4,0.0,0.0,0
2025-04-04 22:00:00+00:00,2025-04-04,22,4,0.0,0.0,0
2025-04-04 23:00:00+00:00,2025-04-04,23,4,0.0,0.0,0
2025-04-05 00:00:00+00:00,2025-04-05,0,5,0.0,0.0,0
2025-04-05 01:00:00+00:00,2025-04-05,1,5,0.0,0.0,0
2025-04-05 02:00:00+00:00,2025-04-05,2,5,0.0,0.0,0
2025-04-05 03:00:00+00:00,2025-04-05,3,5,0.0,0.0,0
2025-04-05 04:00:00+00:00,2025-04-05,4,5,0.0,0.0,0
2025-04-05 05:00:00+00:00,2025-04-05,5,5,0.0,0.0,0
2025-04-05 06:00:00+00:00,2025-04-05,6,5,0.0,0.0,0
2025-04-05 07:00:00+00:00,2025-04-05,7,5,0.0,0.0,0
2025-04-05 08:00:00+00:00,2025-04-05,8,5,0.0,0.0,0
2025-04-05 09:00:00+00:00,2025-04-05,9,5,0.0,0.0,0
2025-04-05 10:00:00+00:00,2025-04-05,10,5,0.0,0.0,0
2025-04-05 11:00:00+00:00,2025-04-05,11,5,0.0,0.0,0
2025-04-05 12:00:00+00:00,2025-04-05,12,5,0.0,0.0,0
2025-04-05 13:00:00+00:00,2025-04-05,13,5,0.0,0.0,0
2025-04-05 14:00:00+00:00,2025-04-05,14,5,0.0,0.0,0
2025-04-05 15:00:00+00:00,2025-04-05,15,5,0.0,0.0,0
2025-04-05 16:00:00+00:00,2025-04-05,16,5,0.0,0.0,0
2025-04-05 17:00:00+00:00,2025-04-05,17,5,0.0,0.0,0
2025-04-05 18:00:00+00:00,2025-04-05,18,5,0.0,0.0,0
2025-04-05 19:00:00+00:00,2025-04-05,19,5,0.0,0.0,0
2025-04-05 20:00:00+00:00,2025-04-05,20,5,0.0,0.0,0
2025-04-05 21:00:00+00:00,2025-04-05,21,5,0.0,0.0,0
2025-04-05 22:00:00+00:00,2025-04-05,22,5,0.0,0.0,0
2025-04-05 23:00:00+00:00,2025-04-05,23,5,0.0,0.0,0
2025-04-06 00:00:00+00:00,2025-04-06,0,6,0.0,0.0,0
2025-04-06 01:00:00+00:00,2025-04-06,1,6,0.0,0.0,0
2025-04-06 02:00:00+00:00,2025-04-06,2,6,0.0,0.0,0
2025-04-06 03:00:00+00:00,2025-04-06,3,6,0.0,0.0,0
2025-04-06 04:00:00+00:00,2025-04-06,4,6,0.0,0.0,0
2025-04-06 05:00:00+00:00,2025-04-06,5,6,0.0,0.0,0
2025-04-06 06:00:00+00:00,2025-04-06,6,6,0.0,0.0,0
2025-04-06 07:00:00+00:00,2025-04-06,7,6,0.0,0.0,0
2025-04-06 08:00:00+00:00,2025-04-06,8,6,0.0,0.0,0
2025-04-06 09:00:00+00:00,2025-04-06,9,6,0.0,0.0,0
2025-04-06 10:00:00+00:00,2025-04-06,10,6,0.0,0.0,0
2025-04-06 11:00:00+00:00,2025-04-06,11,6,0.0,0.0,0
2025-04-06 12:00:00+00:00,2025-04-06,12,6,0.0,0.0,0
2025-04-06 13:00:00+00:00,2025-04-06,13,6,0.0,0.0,0
2025-04-06 14:00:00+00:00,2025-04-06,14,6,0.0,0.0,0
2025-04-06 15:00:00+00:00,2025-04-06,15,6,0.0,0.0,0
2025-04-06 16:00:00+00:00,2025-04-06,16,6,0.0,0.0,0
2025-04-06 17:00:00+00:00,2025-04-06,17,6,0.0,0.0,0
2025-04-06 18:00:00+00:00,2025-04-06,18,6,0.0,0.0,0
2025-04-06 19:00:00+00:00,2025-04-06,19,6,0.0,0.0,0
2025-04-06 20:00:00+00:00,2025-04-06,20,6,0.0,0.0,0
2025-04-06 21:00:00+00:00,2025-04-06,21,6,0.0,0.0,0
2025-04-06 22:00:00+00:00,2025-04-06,22,6,0.0,0.0,0
2025-04-06 23:00:00+00:00,2025-04-06,23,6,0.0,0.0,0
2025-04-07 00:00:00+00:00,2025-04-07,0,0,0.0,0.0,0
2025-04-07 01:00:00+00:00,2025-04-07,1,0,0.0,0.0,0
2025-04-07 02:00:00+00:00,2025-04-07,2,0,0.0,0.0,0
2025-04-07 03:00:00+00:00,2025-04-07,3,0,0.0,0.0,0
2025-04-07 04:00:00+00:00,2025-04-07,4,0,0.0,0.0,0
2025-04-07 05:00:00+00:00,2025-04-07,5,0,0.22,7.94,1
2025-04-07 06:00:00+00:00,2025-04-07,6,0,0.0,0.0,0
2025-04-07 07:00:00+00:00,2025-04-07,7,0,0.0,0.0,0
2025-04-07 08:00:00+00:00,2025-04-07,8,0,0.61,21.96,1
2025-04-07 09:00:00+00:00,2025-04-07,9,0,1.78,63.95,1
2025-04-07 10:00:00+00:00,2025-04-07,10,0,11.25,405.0,1
2025-04-07 11:00:00+00:00,2025-04-07,11,0,0.0,0.0,0
2025-04-07 12:00:00+00:00,2025-04-07,12,0,0.0,0.0,0
2025-04-07 13:00:00+00:00,2025-04-07,13,0,0.0,0.0,0
2025-04-07 14:00:00+00:00,2025-04-07,14,0,15.86,571.07,1
2025-04-07 15:00:00+00:00,2025-04-07,15,0,6.6,237.43,1
2025-04-07 16:00:00+00:00,2025-04-07,16,0,30.0,1080.0,1
2025-04-07 17:00:00+00:00,2025-04-07,17,0,38.09,1371.32,1
2025-04-07 18:00:00+00:00,2025-04-07,18,0,32.89,1184.06,1
2025-04-07 19:00:00+00:00,2025-04-07,19,0,0.0,0.0,0
2025-04-07 20:00:00+00:00,2025-04-07,20,0,0.0,0.0,0
2025-04-07 21:00:00+00:00,2025-04-07,21,0,0.0,0.0,0
2025-04-07 22:00:00+00:00,2025-04-07,22,0,0.0,0.0,0
2025-04-07 23:00:00+00:00,2025-04-07,23,0,0.0,0.0,0
2025-04-08 00:00:00+00:00,2025-04-08,0,1,0.0,0.0,0
2025-04-08 01:00:00+00:00,2025-04-08,1,1,0.0,0.0,0
2025-04-08 02:00:00+00:00,2025-04-08,2,1,0.0,0.0,0
2025-04-08 03:00:00+00:00,2025-04-08,3,1,0.0,0.0,0
2025-04-08 04:00:00+00:00,2025-04-08,4,1,0.0,0.0,0
2025-04-08 05:00:00+00:00,2025-04-08,5,1,0.43,15.48,1
2025-04-08 06:00:00+00:00,2025-04-08,6,1,20.0,720.0,1
2025-04-08 07:00:00+00:00,2025-04-08,7,1,20.0,720.0,1
2025-04-08 08:00:00+00:00,2025-04-08,8,1,20.0,720.0,1
2025-04-08 09:00:00+00:00,2025-04-08,9,1,16.9,608.5,1
2025-04-08 10:00:00+00:00,2025-04-08,10,1,10.39,374.17,1
2025-04-08 11:00:00+00:00,2025-04-08,11,1,12.18,438.35,1
2025-04-08 12:00:00+00:00,2025-04-08,12,1,4.57,164.42,1
2025-04-08 13:00:00+00:00,2025-04-08,13,1,4.99,179.55,1
2025-04-08 14:00:00+00:00,2025-04-08,14,1,20.0,720.0,1
2025-04-08 15:00:00+00:00,2025-04-08,15,1,15.78,568.13,1
2025-04-08 16:00:00+00:00,2025-04-08,16,1,22.8,820.82,1
2025-04-08 17:00:00+00:00,2025-04-08,17,1,33.01,1188.49,1
2025-04-08 18:00:00+00:00,2025-04-08,18,1,29.44,1060.01,1
2025-04-08 19:00:00+00:00,2025-04-08,19,1,0.0,0.0,0
2025-04-08 20:00:00+00:00,2025-04-08,20,1,0.0,0.0,0
2025-04-08 21:00:00+00:00,2025-04-08,21,1,0.0,0.0,0
2025-04-08 22:00:00+00:00,2025-04-08,22,1,0.0,0.0,0
2025-04-08 23:00:00+00:00,2025-04-08,23,1,0.0,0.0,0
2025-04-09 00:00:00+00:00,2025-04-09,0,2,0.0,0.0,0
2025-04-09 01:00:00+00:00,2025-04-09,1,2,0.0,0.0,0
2025-04-09 02:00:00+00:00,2025-04-09,2,2,0.0,0.0,0
2025-04-09 03:00:00+00:00,2025-04-09,3,2,0.0,0.0,0
2025-04-09 04:00:00+00:00,2025-04-09,4,2,4.06,146.23,1
2025-04-09 05:00:00+00:00,2025-04-09,5,2,0.0,0.0,0
2025-04-09 06:00:00+00:00,2025-04-09,6,2,3.88,139.8,1
2025-04-09 07:00:00+00:00,2025-04-09,7,2,41.81,1505.17,1
2025-04-09 08:00:00+00:00,2025-04-09,8,2,60.0,2160.0,1
2025-04-09 09:00:00+00:00,2025-04-09,9,2,50.75,1827.14,1
2025-04-09 10:00:00+00:00,2025-04-09,10,2,45.83,1649.81,1
2025-04-09 11:00:00+00:00,2025-04-09,11,2,12.07,434.53,1
2025-04-09 12:00:00+00:00,2025-04-09,12,2,0.0,0.0,0
2025-04-09 13:00:00+00:00,2025-04-09,13,2,0.0,0.0,0
2025-04-09 14:00:00+00:00,2025-04-09,14,2,33.2,1195.15,1
2025-04-09 15:00:00+00:00,2025-04-09,15,2,40.0,1440.0,1
2025-04-09 16:00:00+00:00,2025-04-09,16,2,40.03,1441.03,1
2025-04-09 17:00:00+00:00,2025-04-09,17,2,50.0,1800.0,1
2025-04-09 18:00:00+00:00,2025-04-09,18,2,35.77,1287.62,1
2025-04-09 19:00:00+00:00,2025-04-09,19,2,0.0,0.0,0
2025-04-09 20:00:00+00:00,2025-04-09,20,2,0.0,0.0,0
2025-04-09 21:00:00+00:00,2025-04-09,21,2,0.0,0.0,0
2025-04-09 22:00:00+00:00,2025-04-09,22,2,0.0,0.0,0
2025-04-09 23:00:00+00:00,2025-04-09,23,2,0.0,0.0,0
2025-04-10 00:00:00+00:00,2025-04-10,0,3,0.0,0.0,0
2025-04-10 01:00:00+00:00,2025-04-10,1,3,0.0,0.0,0
2025-04-10 02:00:00+00:00,2025-04-10,2,3,0.0,0.0,0
2025-04-10 03:00:00+00:00,2025-04-10,3,3,0.0,0.0,0
2025-04-10 04:00:00+00:00,2025-04-10,4,3,0.0,0.0,0
2025-04-10 05:00:00+00:00,2025-04-10,5,3,0.13,4.66,1
2025-04-10 06:00:00+00:00,2025-04-10,6,3,3.35,120.48,1
2025-04-10 07:00:00+00:00,2025-04-10,7,3,2.25,80.98,1
2025-04-10 08:00:00+00:00,2025-04-10,8,3,0.16,5.81,1
2025-04-10 09:00:00+00:00,2025-04-10,9,3,0.0,0.0,0
2025-04-10 10:00:00+00:00,2025-04-10,10,3,0.0,0.0,0
2025-04-10 11:00:00+00:00,2025-04-10,11,3,0.0,0.0,0
2025-04-10 12:00:00+00:00,2025-04-10,12,3,2.04,73.33,1
2025-04-10 13:00:00+00:00,2025-04-10,13,3,5.05,181.93,1
2025-04-10 14:00:00+00:00,2025-04-10,14,3,28.83,1037.78,1
2025-04-10 15:00:00+00:00,2025-04-10,15,3,21.93,789.55,1
2025-04-10 16:00:00+00:00,2025-04-10,16,3,20.0,720.0,1
2025-04-10 17:00:00+00:00,2025-04-10,17,3,22.46,808.68,1
2025-04-10 18:00:00+00:00,2025-04-10,18,3,22.75,819.05,1
2025-04-10 19:00:00+00:00,2025-04-10,19,3,0.0,0.0,0
2025-04-10 20:00:00+00:00,2025-04-10,20,3,0.0,0.0,0
2025-04-10 21:00:00+00:00,2025-04-10,21,3,0.0,0.0,0
2025-04-10 22:00:00+00:00,2025-04-10,22,3,0.0,0.0,0
2025-04-10 23:00:00+00:00,2025-04-10,23,3,0.0,0.0,0
2025-04-11 00:00:00+00:00,2025-04-11,0,4,0.0,0.0,0
2025-04-11 01:00:00+00:00,2025-04-11,1,4,0.0,0.0,0
2025-04-11 02:00:00+00:00,2025-04-11,2,4,0.0,0.0,0
2025-04-11 03:00:00+00:00,2025-04-11,3,4,0.0,0.0,0
2025-04-11 04:00:00+00:00,2025-04-11,4,4,0.0,0.0,0
2025-04-11 05:00:00+00:00,2025-04-11,5,4,1.22,44.02,1
2025-04-11 06:00:00+00:00,2025-04-11,6,4,32.77,1179.6,1
2025-04-11 07:00:00+00:00,2025-04-11,7,4,47.97,1726.75,1
2025-04-11 08:00:00+00:00,2025-04-11,8,4,23.87,859.21,1
2025-04-11 09:00:00+00:00,2025-04-11,9,4,26.4,950.28,1
2025-04-11 10:00:00+00:00,2025-04-11,10,4,25.35,912.57,1
2025-04-11 11:00:00+00:00,2025-04-11,11,4,9.39,338.17,1
2025-04-11 12:00:00+00:00,2025-04-11,12,4,0.0,0.0,0
2025-04-11 13:00:00+00:00,2025-04-11,13,4,0.0,0.0,0
2025-04-11 14:00:00+00:00,2025-04-11,14,4,0.0,0.0,0
2025-04-11 15:00:00+00:00,2025-04-11,15,4,0.0,0.0,0
2025-04-11 16:00:00+00:00,2025-04-11,16,4,0.0,0.0,0
2025-04-11 17:00:00+00:00,2025-04-11,17,4,0.0,0.0,0
2025-04-11 18:00:00+00:00,2025-04-11,18,4,0.44,16.01,1
2025-04-11 19:00:00+00:00,2025-04-11,19,4,0.0,0.0,0
2025-04-11 20:00:00+00:00,2025-04-11,20,4,0.0,0.0,0
2025-04-11 21:00:00+00:00,2025-04-11,21,4,0.0,0.0,0
2025-04-11 22:00:00+00:00,2025-04-11,22,4,0.0,0.0,0
2025-04-11 23:00:00+00:00,2025-04-11,23,4,0.0,0.0,0
2025-04-12 00:00:00+00:00,2025-04-12,0,5,0.0,0.0,0
2025-04-12 01:00:00+00:00,2025-04-12,1,5,0.0,0.0,0
2025-04-12 02:00:00+00:00,2025-04-12,2,5,0.0,0.0,0
2025-04-12 03:00:00+00:00,2025-04-12,3,5,0.0,0.0,0
2025-04-12 04:00:00+00:00,2025-04-12,4,5,0.0,0.0,0
2025-04-12 05:00:00+00:00,2025-04-12,5,5,0.0,0.0,0
2025-04-12 06:00:00+00:00,2025-04-12,6,5,0.0,0.0,0
2025-04-12 07:00:00+00:00,2025-04-12,7,5,0.0,0.0,0
2025-04-12 08:00:00+00:00,2025-04-12,8,5,0.0,0.0,0
2025-04-12 09:00:00+00:00,2025-04-12,9,5,0.0,0.0,0
2025-04-12 10:00:00+00:00,2025-04-12,10,5,0.0,0.0,0
2025-04-12 11:00:00+00:00,2025-04-12,11,5,0.0,0.0,0
2025-04-12 12:00:00+00:00,2025-04-12,12,5,0.0,0.0,0
2025-04-12 13:00:00+00:00,2025-04-12,13,5,0.0,0.0,0
2025-04-12 14:00:00+00:00,2025-04-12,14,5,0.0,0.0,0
2025-04-12 15:00:00+00:00,2025-04-12,15,5,0.0,0.0,0
2025-04-12 16:00:00+00:00,2025-04-12,16,5,0.0,0.0,0
2025-04-12 17:00:00+00:00,2025-04-12,17,5,0.0,0.0,0
2025-04-12 18:00:00+00:00,2025-04-12,18,5,0.0,0.0,0
2025-04-12 19:00:00+00:00,2025-04-12,19,5,0.0,0.0,0
2025-04-12 20:00:00+00:00,2025-04-12,20,5,0.0,0.0,0
2025-04-12 21:00:00+00:00,2025-04-12,21,5,0.0,0.0,0
2025-04-12 22:00:00+00:00,2025-04-12,22,5,0.0,0.0,0
2025-04-12 23:00:00+00:00,2025-04-12,23,5,0.0,0.0,0
2025-04-13 00:00:00+00:00,2025-04-13,0,6,0.0,0.0,0
2025-04-13 01:00:00+00:00,2025-04-13,1,6,0.0,0.0,0
2025-04-13 02:00:00+00:00,2025-04-13,2,6,0.0,0.0,0
2025-04-13 03:00:00+00:00,2025-04-13,3,6,0.0,0.0,0
2025-04-13 04:00:00+00:00,2025-04-13,4,6,0.0,0.0,0
2025-04-13 05:00:00+00:00,2025-04-13,5,6,0.0,0.0,0
2025-04-13 06:00:00+00:00,2025-04-13,6,6,0.0,0.0,0
2025-04-13 07:00:00+00:00,2025-04-13,7,6,0.0,0.0,0
2025-04-13 08:00:00+00:00,2025-04-13,8,6,0.0,0.0,0
2025-04-13 09:00:00+00:00,2025-04-13,9,6,0.0,0.0,0
2025-04-13 10:00:00+00:00,2025-04-13,10,6,0.0,0.0,0
2025-04-13 11:00:00+00:00,2025-04-13,11,6,0.0,0.0,0
2025-04-13 12:00:00+00:00,2025-04-13,12,6,0.0,0.0,0
2025-04-13 13:00:00+00:00,2025-04-13,13,6,0.0,0.0,0
2025-04-13 14:00:00+00:00,2025-04-13,14,6,0.0,0.0,0
2025-04-13 15:00:00+00:00,2025-04-13,15,6,0.0,0.0,0
2025-04-13 16:00:00+00:00,2025-04-13,16,6,0.0,0.0,0
2025-04-13 17:00:00+00:00,2025-04-13,17,6,0.0,0.0,0
2025-04-13 18:00:00+00:00,2025-04-13,18,6,0.0,0.0,0
2025-04-13 19:00:00+00:00,2025-04-13,19,6,0.0,0.0,0
2025-04-13 20:00:00+00:00,2025-04-13,20,6,0.0,0.0,0
2025-04-13 21:00:00+00:00,2025-04-13,21,6,0.0,0.0,0
2025-04-13 22:00:00+00:00,2025-04-13,22,6,0.0,0.0,0
2025-04-13 23:00:00+00:00,2025-04-13,23,6,0.0,0.0,0
2025-04-14 00:00:00+00:00,2025-04-14,0,0,0.0,0.0,0
2025-04-14 01:00:00+00:00,2025-04-14,1,0,0.0,0.0,0
2025-04-14 02:00:00+00:00,2025-04-14,2,0,0.0,0.0,0
2025-04-14 03:00:00+00:00,2025-04-14,3,0,0.0,0.0,0
2025-04-14 04:00:00+00:00,2025-04-14,4,0,0.0,0.0,0
2025-04-14 05:00:00+00:00,2025-04-14,5,0,1.97,70.76,1
2025-04-14 06:00:00+00:00,2025-04-14,6,0,13.82,497.62,1
2025-04-14 07:00:00+00:00,2025-04-14,7,0,7.6,273.42,1
2025-04-14 08:00:00+00:00,2025-04-14,8,0,1.79,64.46,1
2025-04-14 09:00:00+00:00,2025-04-14,9,0,4.74,170.81,1
2025-04-14 10:00:00+00:00,2025-04-14,10,0,0.29,10.32,1
2025-04-14 11:00:00+00:00,2025-04-14,11,0,0.0,0.0,0
2025-04-14 12:00:00+00:00,2025-04-14,12,0,0.3,10.82,1
2025-04-14 13:00:00+00:00,2025-04-14,13,0,8.82,317.55,1
2025-04-14 14:00:00+00:00,2025-04-14,14,0,4.32,155.63,1
2025-04-14 15:00:00+00:00,2025-04-14,15,0,20.0,720.0,1
2025-04-14 16:00:00+00:00,2025-04-14,16,0,20.0,720.0,1
2025-04-14 17:00:00+00:00,2025-04-14,17,0,20.0,720.0,1
2025-04-14 18:00:00+00:00,2025-04-14,18,0,16.81,605.11,1
2025-04-14 19:00:00+00:00,2025-04-14,19,0,0.0,0.0,0
2025-04-14 20:00:00+00:00,2025-04-14,20,0,0.0,0.0,0
2025-04-14 21:00:00+00:00,2025-04-14,21,0,0.0,0.0,0
2025-04-14 22:00:00+00:00,2025-04-14,22,0,0.0,0.0,0
2025-04-14 23:00:00+00:00,2025-04-14,23,0,0.0,0.0,0
2025-04-15 00:00:00+00:00,2025-04-15,0,1,0.0,0.0,0
2025-04-15 01:00:00+00:00,2025-04-15,1,1,0.0,0.0,0
2025-04-15 02:00:00+00:00,2025-04-15,2,1,0.0,0.0,0
2025-04-15 03:00:00+00:00,2025-04-15,3,1,0.0,0.0,0
2025-04-15 04:00:00+00:00,2025-04-15,4,1,0.0,0.0,0
2025-04-15 05:00:00+00:00,2025-04-15,5,1,0.0,0.0,0
2025-04-15 06:00:00+00:00,2025-04-15,6,1,1.34,48.23,1
2025-04-15 07:00:00+00:00,2025-04-15,7,1,5.6,201.55,1
2025-04-15 08:00:00+00:00,2025-04-15,8,1,18.58,668.95,1
2025-04-15 09:00:00+00:00,2025-04-15,9,1,20.0,720.0,1
2025-04-15 10:00:00+00:00,2025-04-15,10,1,20.0,720.0,1
2025-04-15 11:00:00+00:00,2025-04-15,11,1,11.25,405.17,1
2025-04-15 12:00:00+00:00,2025-04-15,12,1,0.52,18.6,1
2025-04-15 13:00:00+00:00,2025-04-15,13,1,11.84,426.11,1
2025-04-15 14:00:00+00:00,2025-04-15,14,1,20.0,720.0,1
2025-04-15 15:00:00+00:00,2025-04-15,15,1,20.01,720.21,1
2025-04-15 16:00:00+00:00,2025-04-15,16,1,20.0,720.0,1
2025-04-15 17:00:00+00:00,2025-04-15,17,1,20.35,732.42,1
2025-04-15 18:00:00+00:00,2025-04-15,18,1,15.93,573.31,1
2025-04-15 19:00:00+00:00,2025-04-15,19,1,0.0,0.0,0
2025-04-15 20:00:00+00:00,2025-04-15,20,1,0.0,0.0,0
2025-04-15 21:00:00+00:00,2025-04-15,21,1,0.0,0.0,0
2025-04-15 22:00:00+00:00,2025-04-15,22,1,0.0,0.0,0
2025-04-15 23:00:00+00:00,2025-04-15,23,1,0.0,0.0,0
2025-04-16 00:00:00+00:00,2025-04-16,0,2,0.0,0.0,0
2025-04-16 01:00:00+00:00,2025-04-16,1,2,0.0,0.0,0
2025-04-16 02:00:00+00:00,2025-04-16,2,2,0.0,0.0,0
2025-04-16 03:00:00+00:00,2025-04-16,3,2,0.0,0.0,0
2025-04-16 04:00:00+00:00,2025-04-16,4,2,0.0,0.0,0
2025-04-16 05:00:00+00:00,2025-04-16,5,2,0.0,0.0,0
2025-04-16 06:00:00+00:00,2025-04-16,6,2,3.14,112.96,1
2025-04-16 07:00:00+00:00,2025-04-16,7,2,0.0,0.0,0
2025-04-16 08:00:00+00:00,2025-04-16,8,2,0.0,0.0,0
2025-04-16 09:00:00+00:00,2025-04-16,9,2,0.0,0.0,0
2025-04-16 10:00:00+00:00,2025-04-16,10,2,0.0,0.0,0
2025-04-16 11:00:00+00:00,2025-04-16,11,2,0.0,0.0,0
2025-04-16 12:00:00+00:00,2025-04-16,12,2,0.0,0.0,0
2025-04-16 13:00:00+00:00,2025-04-16,13,2,0.87,31.49,1
2025-04-16 14:00:00+00:00,2025-04-16,14,2,20.0,720.0,1
2025-04-16 15:00:00+00:00,2025-04-16,15,2,13.05,469.81,1
2025-04-16 16:00:00+00:00,2025-04-16,16,2,0.0,0.0,0
2025-04-16 17:00:00+00:00,2025-04-16,17,2,0.8,28.78,1
2025-04-16 18:00:00+00:00,2025-04-16,18,2,0.0,0.0,0
2025-04-16 19:00:00+00:00,2025-04-16,19,2,0.0,0.0,0
2025-04-16 20:00:00+00:00,2025-04-16,20,2,0.0,0.0,0
2025-04-16 21:00:00+00:00,2025-04-16,21,2,0.0,0.0,0
2025-04-16 22:00:00+00:00,2025-04-16,22,2,0.0,0.0,0
2025-04-16 23:00:00+00:00,2025-04-16,23,2,0.0,0.0,0
2025-04-17 00:00:00+00:00,2025-04-17,0,3,0.0,0.0,0
2025-04-17 01:00:00+00:00,2025-04-17,1,3,0.0,0.0,0
2025-04-17 02:00:00+00:00,2025-04-17,2,3,0.0,0.0,0
2025-04-17 03:00:00+00:00,2025-04-17,3,3,0.0,0.0,0
2025-04-17 04:00:00+00:00,2025-04-17,4,3,0.0,0.0,0
2025-04-17 05:00:00+00:00,2025-04-17,5,3,0.0,0.0,0
2025-04-17 06:00:00+00:00,2025-04-17,6,3,0.0,0.0,0
2025-04-17 07:00:00+00:00,2025-04-17,7,3,0.0,0.0,0
2025-04-17 08:00:00+00:00,2025-04-17,8,3,0.0,0.0,0
2025-04-17 09:00:00+00:00,2025-04-17,9,3,0.0,0.0,0
2025-04-17 10:00:00+00:00,2025-04-17,10,3,0.0,0.0,0
2025-04-17 11:00:00+00:00,2025-04-17,11,3,0.0,0.0,0
2025-04-17 12:00:00+00:00,2025-04-17,12,3,0.0,0.0,0
2025-04-17 13:00:00+00:00,2025-04-17,13,3,0.0,0.0,0
2025-04-17 14:00:00+00:00,2025-04-17,14,3,0.0,0.0,0
2025-04-17 15:00:00+00:00,2025-04-17,15,3,0.0,0.0,0
2025-04-17 16:00:00+00:00,2025-04-17,16,3,0.0,0.0,0
2025-04-17 17:00:00+00:00,2025-04-17,17,3,0.0,0.0,0
2025-04-17 18:00:00+00:00,2025-04-17,18,3,0.0,0.0,0
2025-04-17 19:00:00+00:00,2025-04-17,19,3,0.0,0.0,0
2025-04-17 20:00:00+00:00,2025-04-17,20,3,0.0,0.0,0
2025-04-17 21:00:00+00:00,2025-04-17,21,3,0.0,0.0,0
2025-04-17 22:00:00+00:00,2025-04-17,22,3,0.0,0.0,0
2025-04-17 23:00:00+00:00,2025-04-17,23,3,0.0,0.0,0
2025-04-18 00:00:00+00:00,2025-04-18,0,4,0.0,0.0,0
2025-04-18 01:00:00+00:00,2025-04-18,1,4,0.0,0.0,0
2025-04-18 02:00:00+00:00,2025-04-18,2,4,0.0,0.0,0
2025-04-18 03:00:00+00:00,2025-04-18,3,4,0.0,0.0,0
2025-04-18 04:00:00+00:00,2025-04-18,4,4,0.0,0.0,0
2025-04-18 05:00:00+00:00,2025-04-18,5,4,0.0,0.0,0
2025-04-18 06:00:00+00:00,2025-04-18,6,4,0.0,0.0,0
2025-04-18 07:00:00+00:00,2025-04-18,7,4,0.0,0.0,0
2025-04-18 08:00:00+00:00,2025-04-18,8,4,0.0,0.0,0
2025-04-18 09:00:00+00:00,2025-04-18,9,4,0.0,0.0,0
2025-04-18 10:00:00+00:00,2025-04-18,10,4,0.0,0.0,0
2025-04-18 11:00:00+00:00,2025-04-18,11,4,0.0,0.0,0
2025-04-18 12:00:00+00:00,2025-04-18,12,4,0.0,0.0,0
2025-04-18 13:00:00+00:00,2025-04-18,13,4,0.0,0.0,0
2025-04-18 14:00:00+00:00,2025-04-18,14,4,0.0,0.0,0
2025-04-18 15:00:00+00:00,2025-04-18,15,4,0.0,0.0,0
2025-04-18 16:00:00+00:00,2025-04-18,16,4,0.0,0.0,0
2025-04-18 17:00:00+00:00,2025-04-18,17,4,0.0,0.0,0
2025-04-18 18:00:00+00:00,2025-04-18,18,4,0.0,0.0,0
2025-04-18 19:00:00+00:00,2025-04-18,19,4,0.0,0.0,0
2025-04-18 20:00:00+00:00,2025-04-18,20,4,0.0,0.0,0
2025-04-18 21:00:00+00:00,2025-04-18,21,4,0.0,0.0,0
2025-04-18 22:00:00+00:00,2025-04-18,22,4,0.0,0.0,0
2025-04-18 23:00:00+00:00,2025-04-18,23,4,0.0,0.0,0
2025-04-19 00:00:00+00:00,2025-04-19,0,5,0.0,0.0,0
2025-04-19 01:00:00+00:00,2025-04-19,1,5,0.0,0.0,0
2025-04-19 02:00:00+00:00,2025-04-19,2,5,0.0,0.0,0
2025-04-19 03:00:00+00:00,2025-04-19,3,5,0.0,0.0,0
2025-04-19 04:00:00+00:00,2025-04-19,4,5,0.0,0.0,0
2025-04-19 05:00:00+00:00,2025-04-19,5,5,0.0,0.0,0
2025-04-19 06:00:00+00:00,2025-04-19,6,5,0.0,0.0,0
2025-04-19 07:00:00+00:00,2025-04-19,7,5,0.0,0.0,0
2025-04-19 08:00:00+00:00,2025-04-19,8,5,0.0,0.0,0
2025-04-19 09:00:00+00:00,2025-04-19,9,5,0.0,0.0,0
2025-04-19 10:00:00+00:00,2025-04-19,10,5,0.0,0.0,0
2025-04-19 11:00:00+00:00,2025-04-19,11,5,0.0,0.0,0
2025-04-19 12:00:00+00:00,2025-04-19,12,5,0.0,0.0,0
2025-04-19 13:00:00+00:00,2025-04-19,13,5,0.0,0.0,0
2025-04-19 14:00:00+00:00,2025-04-19,14,5,0.0,0.0,0
2025-04-19 15:00:00+00:00,2025-04-19,15,5,0.0,0.0,0
2025-04-19 16:00:00+00:00,2025-04-19,16,5,0.0,0.0,0
2025-04-19 17:00:00+00:00,2025-04-19,17,5,0.0,0.0,0
2025-04-19 18:00:00+00:00,2025-04-19,18,5,0.0,0.0,0
2025-04-19 19:00:00+00:00,2025-04-19,19,5,0.0,0.0,0
2025-04-19 20:00:00+00:00,2025-04-19,20,5,0.0,0.0,0
2025-04-19 21:00:00+00:00,2025-04-19,21,5,0.0,0.0,0
2025-04-19 22:00:00+00:00,2025-04-19,22,5,0.0,0.0,0
2025-04-19 23:00:00+00:00,2025-04-19,23,5,0.0,0.0,0
2025-04-20 00:00:00+00:00,2025-04-20,0,6,0.0,0.0,0
2025-04-20 01:00:00+00:00,2025-04-20,1,6,0.0,0.0,0
2025-04-20 02:00:00+00:00,2025-04-20,2,6,0.0,0.0,0
2025-04-20 03:00:00+00:00,2025-04-20,3,6,0.0,0.0,0
2025-04-20 04:00:00+00:00,2025-04-20,4,6,0.0,0.0,0
2025-04-20 05:00:00+00:00,2025-04-20,5,6,0.0,0.0,0
2025-04-20 06:00:00+00:00,2025-04-20,6,6,0.0,0.0,0
2025-04-20 07:00:00+00:00,2025-04-20,7,6,0.0,0.0,0
2025-04-20 08:00:00+00:00,2025-04-20,8,6,0.0,0.0,0
2025-04-20 09:00:00+00:00,2025-04-20,9,6,0.0,0.0,0
2025-04-20 10:00:00+00:00,2025-04-20,10,6,0.0,0.0,0
2025-04-20 11:00:00+00:00,2025-04-20,11,6,0.0,0.0,0
2025-04-20 12:00:00+00:00,2025-04-20,12,6,0.0,0.0,0
2025-04-20 13:00:00+00:00,2025-04-20,13,6,0.0,0.0,0
2025-04-20 14:00:00+00:00,2025-04-20,14,6,0.0,0.0,0
2025-04-20 15:00:00+00:00,2025-04-20,15,6,0.0,0.0,0
2025-04-20 16:00:00+00:00,2025-04-20,16,6,0.0,0.0,0
2025-04-20 17:00:00+00:00,2025-04-20,17,6,0.0,0.0,0
2025-04-20 18:00:00+00:00,2025-04-20,18,6,0.0,0.0,0
2025-04-20 19:00:00+00:00,2025-04-20,19,6,0.0,0.0,0
2025-04-20 20:00:00+00:00,2025-04-20,20,6,0.0,0.0,0
2025-04-20 21:00:00+00:00,2025-04-20,21,6,0.0,0.0,0
2025-04-20 22:00:00+00:00,2025-04-20,22,6,0.0,0.0,0
2025-04-20 23:00:00+00:00,2025-04-20,23,6,0.0,0.0,0
2025-04-21 00:00:00+00:00,2025-04-21,0,0,0.0,0.0,0
2025-04-21 01:00:00+00:00,2025-04-21,1,0,0.0,0.0,0
2025-04-21 02:00:00+00:00,2025-04-21,2,0,0.0,0.0,0
2025-04-21 03:00:00+00:00,2025-04-21,3,0,0.0,0.0,0
2025-04-21 04:00:00+00:00,2025-04-21,4,0,0.0,0.0,0
2025-04-21 05:00:00+00:00,2025-04-21,5,0,0.0,0.0,0
2025-04-21 06:00:00+00:00,2025-04-21,6,0,0.0,0.0,0
2025-04-21 07:00:00+00:00,2025-04-21,7,0,0.0,0.0,0
2025-04-21 08:00:00+00:00,2025-04-21,8,0,0.0,0.0,0
2025-04-21 09:00:00+00:00,2025-04-21,9,0,0.0,0.0,0
2025-04-21 10:00:00+00:00,2025-04-21,10,0,0.0,0.0,0
2025-04-21 11:00:00+00:00,2025-04-21,11,0,0.0,0.0,0
2025-04-21 12:00:00+00:00,2025-04-21,12,0,0.0,0.0,0
2025-04-21 13:00:00+00:00,2025-04-21,13,0,0.0,0.0,0
2025-04-21 14:00:00+00:00,2025-04-21,14,0,0.0,0.0,0
2025-04-21 15:00:00+00:00,2025-04-21,15,0,0.0,0.0,0
2025-04-21 16:00:00+00:00,2025-04-21,16,0,0.0,0.0,0
2025-04-21 17:00:00+00:00,2025-04-21,17,0,0.0,0.0,0
2025-04-21 18:00:00+00:00,2025-04-21,18,0,0.0,0.0,0
2025-04-21 19:00:00+00:00,2025-04-21,19,0,0.0,0.0,0
2025-04-21 20:00:00+00:00,2025-04-21,20,0,0.0,0.0,0
2025-04-21 21:00:00+00:00,2025-04-21,21,0,0.0,0.0,0
2025-04-21 22:00:00+00:00,2025-04-21,22,0,0.0,0.0,0
2025-04-21 23:00:00+00:00,2025-04-21,23,0,0.0,0.0,0
2025-04-22 00:00:00+00:00,2025-04-22,0,1,0.0,0.0,0
2025-04-22 01:00:00+00:00,2025-04-22,1,1,0.0,0.0,0
2025-04-22 02:00:00+00:00,2025-04-22,2,1,0.0,0.0,0
2025-04-22 03:00:00+00:00,2025-04-22,3,1,0.0,0.0,0
2025-04-22 04:00:00+00:00,2025-04-22,4,1,0.0,0.0,0
2025-04-22 05:00:00+00:00,2025-04-22,5,1,0.0,0.0,0
2025-04-22 06:00:00+00:00,2025-04-22,6,1,0.0,0.0,0
2025-04-22 07:00:00+00:00,2025-04-22,7,1,0.0,0.0,0
2025-04-22 08:00:00+00:00,2025-04-22,8,1,0.0,0.0,0
2025-04-22 09:00:00+00:00,2025-04-22,9,1,0.0,0.0,0
2025-04-22 10:00:00+00:00,2025-04-22,10,1,0.0,0.0,0
2025-04-22 11:00:00+00:00,2025-04-22,11,1,0.0,0.0,0
2025-04-22 12:00:00+00:00,2025-04-22,12,1,0.0,0.0,0
2025-04-22 13:00:00+00:00,2025-04-22,13,1,0.0,0.0,0
2025-04-22 14:00:00+00:00,2025-04-22,14,1,0.0,0.0,0
2025-04-22 15:00:00+00:00,2025-04-22,15,1,0.0,0.0,0
2025-04-22 16:00:00+00:00,2025-04-22,16,1,0.0,0.0,0
2025-04-22 17:00:00+00:00,2025-04-22,17,1,0.0,0.0,0
2025-04-22 18:00:00+00:00,2025-04-22,18,1,0.0,0.0,0
2025-04-22 19:00:00+00:00,2025-04-22,19,1,0.0,0.0,0
2025-04-22 20:00:00+00:00,2025-04-22,20,1,0.0,0.0,0
2025-04-22 21:00:00+00:00,2025-04-22,21,1,0.0,0.0,0
2025-04-22 22:00:00+00:00,2025-04-22,22,1,0.0,0.0,0
2025-04-22 23:00:00+00:00,2025-04-22,23,1,0.0,0.0,0
2025-04-23 00:00:00+00:00,2025-04-23,0,2,0.0,0.0,0
2025-04-23 01:00:00+00:00,2025-04-23,1,2,0.0,0.0,0
2025-04-23 02:00:00+00:00,2025-04-23,2,2,0.0,0.0,0
2025-04-23 03:00:00+00:00,2025-04-23,3,2,0.0,0.0,0
2025-04-23 04:00:00+00:00,2025-04-23,4,2,0.0,0.0,0
2025-04-23 05:00:00+00:00,2025-04-23,5,2,0.0,0.0,0
2025-04-23 06:00:00+00:00,2025-04-23,6,2,0.0,0.0,0
2025-04-23 07:00:00+00:00,2025-04-23,7,2,0.0,0.0,0
2025-04-23 08:00:00+00:00,2025-04-23,8,2,0.0,0.0,0
2025-04-23 09:00:00+00:00,2025-04-23,9,2,0.0,0.0,0
2025-04-23 10:00:00+00:00,2025-04-23,10,2,0.0,0.0,0
2025-04-23 11:00:00+00:00,2025-04-23,11,2,0.0,0.0,0
2025-04-23 12:00:00+00:00,2025-04-23,12,2,0.0,0.0,0
2025-04-23 13:00:00+00:00,2025-04-23,13,2,0.0,0.0,0
2025-04-23 14:00:00+00:00,2025-04-23,14,2,0.0,0.0,0
2025-04-23 15:00:00+00:00,2025-04-23,15,2,0.0,0.0,0
2025-04-23 16:00:00+00:00,2025-04-23,16,2,0.0,0.0,0
2025-04-23 17:00:00+00:00,2025-04-23,17,2,0.0,0.0,0
2025-04-23 18:00:00+00:00,2025-04-23,18,2,0.0,0.0,0
2025-04-23 19:00:00+00:00,2025-04-23,19,2,0.0,0.0,0
2025-04-23 20:00:00+00:00,2025-04-23,20,2,0.0,0.0,0
2025-04-23 21:00:00+00:00,2025-04-23,21,2,0.0,0.0,0
2025-04-23 22:00:00+00:00,2025-04-23,22,2,0.0,0.0,0
2025-04-23 23:00:00+00:00,2025-04-23,23,2,0.0,0.0,0
2025-04-24 00:00:00+00:00,2025-04-24,0,3,0.0,0.0,0
2025-04-24 01:00:00+00:00,2025-04-24,1,3,0.0,0.0,0
2025-04-24 02:00:00+00:00,2025-04-24,2,3,0.0,0.0,0
2025-04-24 03:00:00+00:00,2025-04-24,3,3,0.0,0.0,0
2025-04-24 04:00:00+00:00,2025-04-24,4,3,0.0,0.0,0
2025-04-24 05:00:00+00:00,2025-04-24,5,3,0.0,0.0,0
2025-04-24 06:00:00+00:00,2025-04-24,6,3,0.0,0.0,0
2025-04-24 07:00:00+00:00,2025-04-24,7,3,0.0,0.0,0
2025-04-24 08:00:00+00:00,2025-04-24,8,3,0.0,0.0,0
2025-04-24 09:00:00+00:00,2025-04-24,9,3,0.0,0.0,0
2025-04-24 10:00:00+00:00,2025-04-24,10,3,0.0,0.0,0
2025-04-24 11:00:00+00:00,2025-04-24,11,3,0.0,0.0,0
2025-04-24 12:00:00+00:00,2025-04-24,12,3,0.0,0.0,0
2025-04-24 13:00:00+00:00,2025-04-24,13,3,0.0,0.0,0
2025-04-24 14:00:00+00:00,2025-04-24,14,3,0.0,0.0,0
2025-04-24 15:00:00+00:00,2025-04-24,15,3,0.0,0.0,0
2025-04-24 16:00:00+00:00,2025-04-24,16,3,0.0,0.0,0
2025-04-24 17:00:00+00:00,2025-04-24,17,3,0.0,0.0,0
2025-04-24 18:00:00+00:00,2025-04-24,18,3,0.0,0.0,0
2025-04-24 19:00:00+00:00,2025-04-24,19,3,0.0,0.0,0
2025-04-24 20:00:00+00:00,2025-04-24,20,3,0.0,0.0,0
2025-04-24 21:00:00+00:00,2025-04-24,21,3,0.0,0.0,0
2025-04-24 22:00:00+00:00,2025-04-24,22,3,0.0,0.0,0
2025-04-24 23:00:00+00:00,2025-04-24,23,3,0.0,0.0,0
2025-04-25 00:00:00+00:00,2025-04-25,0,4,0.0,0.0,0
2025-04-25 01:00:00+00:00,2025-04-25,1,4,0.0,0.0,0
2025-04-25 02:00:00+00:00,2025-04-25,2,4,0.0,0.0,0
2025-04-25 03:00:00+00:00,2025-04-25,3,4,0.0,0.0,0
2025-04-25 04:00:00+00:00,2025-04-25,4,4,0.0,0.0,0
2025-04-25 05:00:00+00:00,2025-04-25,5,4,0.0,0.0,0
2025-04-25 06:00:00+00:00,2025-04-25,6,4,0.0,0.0,0
2025-04-25 07:00:00+00:00,2025-04-25,7,4,0.0,0.0,0
2025-04-25 08:00:00+00:00,2025-04-25,8,4,0.0,0.0,0
2025-04-25 09:00:00+00:00,2025-04-25,9,4,0.0,0.0,0
2025-04-25 10:00:00+00:00,2025-04-25,10,4,0.0,0.0,0
2025-04-25 11:00:00+00:00,2025-04-25,11,4,0.0,0.0,0
2025-04-25 12:00:00+00:00,2025-04-25,12,4,0.0,0.0,0
2025-04-25 13:00:00+00:00,2025-04-25,13,4,0.0,0.0,0
2025-04-25 14:00:00+00:00,2025-04-25,14,4,0.0,0.0,0
2025-04-25 15:00:00+00:00,2025-04-25,15,4,0.0,0.0,0
2025-04-25 16:00:00+00:00,2025-04-25,16,4,0.0,0.0,0
2025-04-25 17:00:00+00:00,2025-04-25,17,4,0.0,0.0,0
2025-04-25 18:00:00+00:00,2025-04-25,18,4,0.0,0.0,0
2025-04-25 19:00:00+00:00,2025-04-25,19,4,0.0,0.0,0
2025-04-25 20:00:00+00:00,2025-04-25,20,4,0.0,0.0,0
2025-04-25 21:00:00+00:00,2025-04-25,21,4,0.0,0.0,0
2025-04-25 22:00:00+00:00,2025-04-25,22,4,0.0,0.0,0
2025-04-25 23:00:00+00:00,2025-04-25,23,4,0.0,0.0,0
2025-04-26 00:00:00+00:00,2025-04-26,0,5,0.0,0.0,0
2025-04-26 01:00:00+00:00,2025-04-26,1,5,0.0,0.0,0
2025-04-26 02:00:00+00:00,2025-04-26,2,5,0.0,0.0,0
2025-04-26 03:00:00+00:00,2025-04-26,3,5,0.0,0.0,0
2025-04-26 04:00:00+00:00,2025-04-26,4,5,0.0,0.0,0
2025-04-26 05:00:00+00:00,2025-04-26,5,5,0.0,0.0,0
2025-04-26 06:00:00+00:00,2025-04-26,6,5,0.0,0.0,0
2025-04-26 07:00:00+00:00,2025-04-26,7,5,0.0,0.0,0
2025-04-26 08:00:00+00:00,2025-04-26,8,5,0.0,0.0,0
2025-04-26 09:00:00+00:00,2025-04-26,9,5,0.0,0.0,0
2025-04-26 10:00:00+00:00,2025-04-26,10,5,0.0,0.0,0
2025-04-26 11:00:00+00:00,2025-04-26,11,5,0.0,0.0,0
2025-04-26 12:00:00+00:00,2025-04-26,12,5,0.0,0.0,0
2025-04-26 13:00:00+00:00,2025-04-26,13,5,0.0,0.0,0
2025-04-26 14:00:00+00:00,2025-04-26,14,5,0.0,0.0,0
2025-04-26 15:00:00+00:00,2025-04-26,15,5,0.0,0.0,0
2025-04-26 16:00:00+00:00,2025-04-26,16,5,0.0,0.0,0
2025-04-26 17:00:00+00:00,2025-04-26,17,5,0.0,0.0,0
2025-04-26 18:00:00+00:00,2025-04-26,18,5,0.0,0.0,0
2025-04-26 19:00:00+00:00,2025-04-26,19,5,0.0,0.0,0
2025-04-26 20:00:00+00:00,2025-04-26,20,5,0.0,0.0,0
2025-04-26 21:00:00+00:00,2025-04-26,21,5,0.0,0.0,0
2025-04-26 22:00:00+00:00,2025-04-26,22,5,0.0,0.0,0
2025-04-26 23:00:00+00:00,2025-04-26,23,5,0.0,0.0,0
2025-04-27 00:00:00+00:00,2025-04-27,0,6,0.0,0.0,0
2025-04-27 01:00:00+00:00,2025-04-27,1,6,0.0,0.0,0
2025-04-27 02:00:00+00:00,2025-04-27,2,6,0.0,0.0,0
2025-04-27 03:00:00+00:00,2025-04-27,3,6,0.0,0.0,0
2025-04-27 04:00:00+00:00,2025-04-27,4,6,0.0,0.0,0
2025-04-27 05:00:00+00:00,2025-04-27,5,6,0.0,0.0,0
2025-04-27 06:00:00+00:00,2025-04-27,6,6,0.0,0.0,0
2025-04-27 07:00:00+00:00,2025-04-27,7,6,0.0,0.0,0
2025-04-27 08:00:00+00:00,2025-04-27,8,6,0.0,0.0,0
2025-04-27 09:00:00+00:00,2025-04-27,9,6,0.0,0.0,0
2025-04-27 10:00:00+00:00,2025-04-27,10,6,0.0,0.0,0
2025-04-27 11:00:00+00:00,2025-04-27,11,6,0.0,0.0,0
2025-04-27 12:00:00+00:00,2025-04-27,12,6,0.0,0.0,0
2025-04-27 13:00:00+00:00,2025-04-27,13,6,0.0,0.0,0
2025-04-27 14:00:00+00:00,2025-04-27,14,6,0.0,0.0,0
2025-04-27 15:00:00+00:00,2025-04-27,15,6,0.0,0.0,0
2025-04-27 16:00:00+00:00,2025-04-27,16,6,0.0,0.0,0
2025-04-27 17:00:00+00:00,2025-04-27,17,6,0.0,0.0,0
2025-04-27 18:00:00+00:00,2025-04-27,18,6,0.0,0.0,0
2025-04-27 19:00:00+00:00,2025-04-27,19,6,0.0,0.0,0
2025-04-27 20:00:00+00:00,2025-04-27,20,6,0.0,0.0,0
2025-04-27 21:00:00+00:00,2025-04-27,21,6,0.0,0.0,0
2025-04-27 22:00:00+00:00,2025-04-27,22,6,0.0,0.0,0
2025-04-27 23:00:00+00:00,2025-04-27,23,6,0.0,0.0,0
2025-04-28 00:00:00+00:00,2025-04-28,0,0,0.0,0.0,0
2025-04-28 01:00:00+00:00,2025-04-28,1,0,0.0,0.0,0
2025-04-28 02:00:00+00:00,2025-04-28,2,0,0.0,0.0,0
2025-04-28 03:00:00+00:00,2025-04-28,3,0,0.0,0.0,0
2025-04-28 04:00:00+00:00,2025-04-28,4,0,0.0,0.0,0
2025-04-28 05:00:00+00:00,2025-04-28,5,0,0.0,0.0,0
2025-04-28 06:00:00+00:00,2025-04-28,6,0,0.0,0.0,0
2025-04-28 07:00:00+00:00,2025-04-28,7,0,0.0,0.0,0
2025-04-28 08:00:00+00:00,2025-04-28,8,0,0.0,0.0,0
2025-04-28 09:00:00+00:00,2025-04-28,9,0,0.0,0.0,0
2025-04-28 10:00:00+00:00,2025-04-28,10,0,0.0,0.0,0
2025-04-28 11:00:00+00:00,2025-04-28,11,0,0.0,0.0,0
2025-04-28 12:00:00+00:00,2025-04-28,12,0,0.0,0.0,0
2025-04-28 13:00:00+00:00,2025-04-28,13,0,0.0,0.0,0
2025-04-28 14:00:00+00:00,2025-04-28,14,0,0.0,0.0,0
2025-04-28 15:00:00+00:00,2025-04-28,15,0,0.0,0.0,0
2025-04-28 16:00:00+00:00,2025-04-28,16,0,0.0,0.0,0
2025-04-28 17:00:00+00:00,2025-04-28,17,0,0.0,0.0,0
2025-04-28 18:00:00+00:00,2025-04-28,18,0,0.0,0.0,0
2025-04-28 19:00:00+00:00,2025-04-28,19,0,0.0,0.0,0
2025-04-28 20:00:00+00:00,2025-04-28,20,0,0.0,0.0,0
2025-04-28 21:00:00+00:00,2025-04-28,21,0,0.0,0.0,0
2025-04-28 22:00:00+00:00,2025-04-28,22,0,0.0,0.0,0
2025-04-28 23:00:00+00:00,2025-04-28,23,0,0.0,0.0,0
2025-04-29 00:00:00+00:00,2025-04-29,0,1,0.0,0.0,0
2025-04-29 01:00:00+00:00,2025-04-29,1,1,0.0,0.0,0
2025-04-29 02:00:00+00:00,2025-04-29,2,1,0.0,0.0,0
2025-04-29 03:00:00+00:00,2025-04-29,3,1,0.0,0.0,0
2025-04-29 04:00:00+00:00,2025-04-29,4,1,0.0,0.0,0
2025-04-29 05:00:00+00:00,2025-04-29,5,1,0.0,0.0,0
2025-04-29 06:00:00+00:00,2025-04-29,6,1,0.0,0.0,0
2025-04-29 07:00:00+00:00,2025-04-29,7,1,0.0,0.0,0
2025-04-29 08:00:00+00:00,2025-04-29,8,1,0.0,0.0,0
2025-04-29 09:00:00+00:00,2025-04-29,9,1,0.0,0.0,0
2025-04-29 10:00:00+00:00,2025-04-29,10,1,0.0,0.0,0
2025-04-29 11:00:00+00:00,2025-04-29,11,1,0.0,0.0,0
2025-04-29 12:00:00+00:00,2025-04-29,12,1,0.0,0.0,0
2025-04-29 13:00:00+00:00,2025-04-29,13,1,0.3,10.95,1
2025-04-29 14:00:00+00:00,2025-04-29,14,1,18.23,656.24,1
2025-04-29 15:00:00+00:00,2025-04-29,15,1,19.99,719.48,1
2025-04-29 16:00:00+00:00,2025-04-29,16,1,0.0,0.0,0
2025-04-29 17:00:00+00:00,2025-04-29,17,1,0.0,0.0,0
2025-04-29 18:00:00+00:00,2025-04-29,18,1,0.0,0.0,0
2025-04-29 19:00:00+00:00,2025-04-29,19,1,0.0,0.0,0
2025-04-29 20:00:00+00:00,2025-04-29,20,1,0.0,0.0,0
2025-04-29 21:00:00+00:00,2025-04-29,21,1,0.0,0.0,0
2025-04-29 22:00:00+00:00,2025-04-29,22,1,0.0,0.0,0
2025-04-29 23:00:00+00:00,2025-04-29,23,1,0.0,0.0,0
2025-04-30 00:00:00+00:00,2025-04-30,0,2,0.0,0.0,0
2025-04-30 01:00:00+00:00,2025-04-30,1,2,0.0,0.0,0
2025-04-30 02:00:00+00:00,2025-04-30,2,2,0.0,0.0,0
2025-04-30 03:00:00+00:00,2025-04-30,3,2,0.0,0.0,0
2025-04-30 04:00:00+00:00,2025-04-30,4,2,0.0,0.0,0
2025-04-30 05:00:00+00:00,2025-04-30,5,2,0.0,0.0,0
2025-04-30 06:00:00+00:00,2025-04-30,6,2,0.0,0.0,0
2025-04-30 07:00:00+00:00,2025-04-30,7,2,0.0,0.0,0
2025-04-30 08:00:00+00:00,2025-04-30,8,2,0.0,0.0,0
2025-04-30 09:00:00+00:00,2025-04-30,9,2,0.0,0.0,0
2025-04-30 10:00:00+00:00,2025-04-30,10,2,0.58,20.87,1
2025-04-30 11:00:00+00:00,2025-04-30,11,2,0.43,15.48,1
2025-04-30 12:00:00+00:00,2025-04-30,12,2,2.09,75.23,1
2025-04-30 13:00:00+00:00,2025-04-30,13,2,0.0,0.0,0
2025-04-30 14:00:00+00:00,2025-04-30,14,2,0.0,0.0,0
2025-04-30 15:00:00+00:00,2025-04-30,15,2,0.0,0.0,0
2025-04-30 16:00:00+00:00,2025-04-30,16,2,9.11,327.85,1
2025-04-30 17:00:00+00:00,2025-04-30,17,2,0.0,0.0,0
2025-04-30 18:00:00+00:00,2025-04-30,18,2,0.0,0.0,0
2025-04-30 19:00:00+00:00,2025-04-30,19,2,0.0,0.0,0
2025-04-30 20:00:00+00:00,2025-04-30,20,2,0.0,0.0,0
2025-04-30 21:00:00+00:00,2025-04-30,21,2,0.0,0.0,0
2025-04-30 22:00:00+00:00,2025-04-30,22,2,0.0,0.0,0
2025-04-30 23:00:00+00:00,2025-04-30,23,2,0.0,0.0,0
2025-05-01 00:00:00+00:00,2025-05-01,0,3,0.0,0.0,0
2025-05-01 01:00:00+00:00,2025-05-01,1,3,0.0,0.0,0
2025-05-01 02:00:00+00:00,2025-05-01,2,3,0.0,0.0,0
2025-05-01 03:00:00+00:00,2025-05-01,3,3,0.0,0.0,0
2025-05-01 04:00:00+00:00,2025-05-01,4,3,0.0,0.0,0
2025-05-01 05:00:00+00:00,2025-05-01,5,3,0.0,0.0,0
2025-05-01 06:00:00+00:00,2025-05-01,6,3,0.0,0.0,0
2025-05-01 07:00:00+00:00,2025-05-01,7,3,0.0,0.0,0
2025-05-01 08:00:00+00:00,2025-05-01,8,3,0.0,0.0,0
2025-05-01 09:00:00+00:00,2025-05-01,9,3,0.0,0.0,0
2025-05-01 10:00:00+00:00,2025-05-01,10,3,0.0,0.0,0
2025-05-01 11:00:00+00:00,2025-05-01,11,3,0.0,0.0,0
2025-05-01 12:00:00+00:00,2025-05-01,12,3,0.0,0.0,0
2025-05-01 13:00:00+00:00,2025-05-01,13,3,0.0,0.0,0
2025-05-01 14:00:00+00:00,2025-05-01,14,3,0.0,0.0,0
2025-05-01 15:00:00+00:00,2025-05-01,15,3,0.0,0.0,0
2025-05-01 16:00:00+00:00,2025-05-01,16,3,0.0,0.0,0
2025-05-01 17:00:00+00:00,2025-05-01,17,3,0.0,0.0,0
2025-05-01 18:00:00+00:00,2025-05-01,18,3,0.0,0.0,0
2025-05-01 19:00:00+00:00,2025-05-01,19,3,0.0,0.0,0
2025-05-01 20:00:00+00:00,2025-05-01,20,3,0.0,0.0,0
2025-05-01 21:00:00+00:00,2025-05-01,21,3,0.0,0.0,0
2025-05-01 22:00:00+00:00,2025-05-01,22,3,0.0,0.0,0
2025-05-01 23:00:00+00:00,2025-05-01,23,3,0.0,0.0,0
2025-05-02 00:00:00+00:00,2025-05-02,0,4,0.0,0.0,0
2025-05-02 01:00:00+00:00,2025-05-02,1,4,0.0,0.0,0
2025-05-02 02:00:00+00:00,2025-05-02,2,4,0.0,0.0,0
2025-05-02 03:00:00+00:00,2025-05-02,3,4,0.0,0.0,0
2025-05-02 04:00:00+00:00,2025-05-02,4,4,0.0,0.0,0
2025-05-02 05:00:00+00:00,2025-05-02,5,4,0.0,0.0,0
2025-05-02 06:00:00+00:00,2025-05-02,6,4,0.0,0.0,0
2025-05-02 07:00:00+00:00,2025-05-02,7,4,0.0,0.0,0
2025-05-02 08:00:00+00:00,2025-05-02,8,4,0.0,0.0,0
2025-05-02 09:00:00+00:00,2025-05-02,9,4,0.0,0.0,0
2025-05-02 10:00:00+00:00,2025-05-02,10,4,0.0,0.0,0
2025-05-02 11:00:00+00:00,2025-05-02,11,4,0.0,0.0,0
2025-05-02 12:00:00+00:00,2025-05-02,12,4,0.0,0.0,0
2025-05-02 13:00:00+00:00,2025-05-02,13,4,0.0,0.0,0
2025-05-02 14:00:00+00:00,2025-05-02,14,4,0.0,0.0,0
2025-05-02 15:00:00+00:00,2025-05-02,15,4,0.0,0.0,0
2025-05-02 16:00:00+00:00,2025-05-02,16,4,0.0,0.0,0
2025-05-02 17:00:00+00:00,2025-05-02,17,4,0.0,0.0,0
2025-05-02 18:00:00+00:00,2025-05-02,18,4,0.0,0.0,0
2025-05-02 19:00:00+00:00,2025-05-02,19,4,0.0,0.0,0
2025-05-02 20:00:00+00:00,2025-05-02,20,4,0.0,0.0,0
2025-05-02 21:00:00+00:00,2025-05-02,21,4,0.0,0.0,0
2025-05-02 22:00:00+00:00,2025-05-02,22,4,0.0,0.0,0
2025-05-02 23:00:00+00:00,2025-05-02,23,4,0.0,0.0,0
2025-05-03 00:00:00+00:00,2025-05-03,0,5,0.0,0.0,0
2025-05-03 01:00:00+00:00,2025-05-03,1,5,0.0,0.0,0
2025-05-03 02:00:00+00:00,2025-05-03,2,5,0.0,0.0,0
2025-05-03 03:00:00+00:00,2025-05-03,3,5,0.0,0.0,0
2025-05-03 04:00:00+00:00,2025-05-03,4,5,0.0,0.0,0
2025-05-03 05:00:00+00:00,2025-05-03,5,5,0.0,0.0,0
2025-05-03 06:00:00+00:00,2025-05-03,6,5,0.0,0.0,0
2025-05-03 07:00:00+00:00,2025-05-03,7,5,0.0,0.0,0
2025-05-03 08:00:00+00:00,2025-05-03,8,5,0.0,0.0,0
2025-05-03 09:00:00+00:00,2025-05-03,9,5,0.0,0.0,0
2025-05-03 10:00:00+00:00,2025-05-03,10,5,0.0,0.0,0
2025-05-03 11:00:00+00:00,2025-05-03,11,5,0.0,0.0,0
2025-05-03 12:00:00+00:00,2025-05-03,12,5,0.0,0.0,0
2025-05-03 13:00:00+00:00,2025-05-03,13,5,0.0,0.0,0
2025-05-03 14:00:00+00:00,2025-05-03,14,5,0.0,0.0,0
2025-05-03 15:00:00+00:00,2025-05-03,15,5,0.0,0.0,0
2025-05-03 16:00:00+00:00,2025-05-03,16,5,0.0,0.0,0
2025-05-03 17:00:00+00:00,2025-05-03,17,5,0.0,0.0,0
2025-05-03 18:00:00+00:00,2025-05-03,18,5,0.0,0.0,0
2025-05-03 19:00:00+00:00,2025-05-03,19,5,0.0,0.0,0
2025-05-03 20:00:00+00:00,2025-05-03,20,5,0.0,0.0,0
2025-05-03 21:00:00+00:00,2025-05-03,21,5,0.0,0.0,0
2025-05-03 22:00:00+00:00,2025-05-03,22,5,0.0,0.0,0
2025-05-03 23:00:00+00:00,2025-05-03,23,5,0.0,0.0,0
2025-05-04 00:00:00+00:00,2025-05-04,0,6,0.0,0.0,0
2025-05-04 01:00:00+00:00,2025-05-04,1,6,0.0,0.0,0
2025-05-04 02:00:00+00:00,2025-05-04,2,6,0.0,0.0,0
2025-05-04 03:00:00+00:00,2025-05-04,3,6,0.0,0.0,0
2025-05-04 04:00:00+00:00,2025-05-04,4,6,0.0,0.0,0
2025-05-04 05:00:00+00:00,2025-05-04,5,6,0.0,0.0,0
2025-05-04 06:00:00+00:00,2025-05-04,6,6,0.0,0.0,0
2025-05-04 07:00:00+00:00,2025-05-04,7,6,0.0,0.0,0
2025-05-04 08:00:00+00:00,2025-05-04,8,6,0.0,0.0,0
2025-05-04 09:00:00+00:00,2025-05-04,9,6,0.0,0.0,0
2025-05-04 10:00:00+00:00,2025-05-04,10,6,0.0,0.0,0
2025-05-04 11:00:00+00:00,2025-05-04,11,6,0.0,0.0,0
2025-05-04 12:00:00+00:00,2025-05-04,12,6,0.0,0.0,0
2025-05-04 13:00:00+00:00,2025-05-04,13,6,0.0,0.0,0
2025-05-04 14:00:00+00:00,2025-05-04,14,6,0.0,0.0,0
2025-05-04 15:00:00+00:00,2025-05-04,15,6,0.0,0.0,0
2025-05-04 16:00:00+00:00,2025-05-04,16,6,0.0,0.0,0
2025-05-04 17:00:00+00:00,2025-05-04,17,6,0.0,0.0,0
2025-05-04 18:00:00+00:00,2025-05-04,18,6,0.0,0.0,0
2025-05-04 19:00:00+00:00,2025-05-04,19,6,0.0,0.0,0
2025-05-04 20:00:00+00:00,2025-05-04,20,6,0.0,0.0,0
2025-05-04 21:00:00+00:00,2025-05-04,21,6,0.0,0.0,0
2025-05-04 22:00:00+00:00,2025-05-04,22,6,0.0,0.0,0
2025-05-04 23:00:00+00:00,2025-05-04,23,6,0.0,0.0,0
2025-05-05 00:00:00+00:00,2025-05-05,0,0,0.0,0.0,0
2025-05-05 01:00:00+00:00,2025-05-05,1,0,0.0,0.0,0
2025-05-05 02:00:00+00:00,2025-05-05,2,0,0.0,0.0,0
2025-05-05 03:00:00+00:00,2025-05-05,3,0,0.0,0.0,0
2025-05-05 04:00:00+00:00,2025-05-05,4,0,0.0,0.0,0
2025-05-05 05:00:00+00:00,2025-05-05,5,0,1.62,58.45,1
2025-05-05 06:00:00+00:00,2025-05-05,6,0,12.99,467.69,1
2025-05-05 07:00:00+00:00,2025-05-05,7,0,10.07,362.57,1
2025-05-05 08:00:00+00:00,2025-05-05,8,0,1.53,54.98,1
2025-05-05 09:00:00+00:00,2025-05-05,9,0,0.0,0.0,0
2025-05-05 10:00:00+00:00,2025-05-05,10,0,0.0,0.0,0
2025-05-05 11:00:00+00:00,2025-05-05,11,0,6.27,225.57,1
2025-05-05 12:00:00+00:00,2025-05-05,12,0,0.0,0.0,0
2025-05-05 13:00:00+00:00,2025-05-05,13,0,0.0,0.0,0
2025-05-05 14:00:00+00:00,2025-05-05,14,0,26.99,971.76,1
2025-05-05 15:00:00+00:00,2025-05-05,15,0,27.94,1005.68,1
2025-05-05 16:00:00+00:00,2025-05-05,16,0,30.0,1080.0,1
2025-05-05 17:00:00+00:00,2025-05-05,17,0,36.3,1306.91,1
2025-05-05 18:00:00+00:00,2025-05-05,18,0,23.05,829.78,1
2025-05-05 19:00:00+00:00,2025-05-05,19,0,0.0,0.0,0
2025-05-05 20:00:00+00:00,2025-05-05,20,0,0.0,0.0,0
2025-05-05 21:00:00+00:00,2025-05-05,21,0,0.0,0.0,0
2025-05-05 22:00:00+00:00,2025-05-05,22,0,0.0,0.0,0
2025-05-05 23:00:00+00:00,2025-05-05,23,0,0.0,0.0,0
2025-05-06 00:00:00+00:00,2025-05-06,0,1,0.0,0.0,0
2025-05-06 01:00:00+00:00,2025-05-06,1,1,0.0,0.0,0
2025-05-06 02:00:00+00:00,2025-05-06,2,1,0.0,0.0,0
2025-05-06 03:00:00+00:00,2025-05-06,3,1,0.0,0.0,0
2025-05-06 04:00:00+00:00,2025-05-06,4,1,0.0,0.0,0
2025-05-06 05:00:00+00:00,2025-05-06,5,1,0.0,0.0,0
2025-05-06 06:00:00+00:00,2025-05-06,6,1,17.97,646.93,1
2025-05-06 07:00:00+00:00,2025-05-06,7,1,20.0,720.0,1
2025-05-06 08:00:00+00:00,2025-05-06,8,1,19.66,707.77,1
2025-05-06 09:00:00+00:00,2025-05-06,9,1,11.85,426.76,1
2025-05-06 10:00:00+00:00,2025-05-06,10,1,13.8,496.86,1
2025-05-06 11:00:00+00:00,2025-05-06,11,1,9.26,333.45,1
2025-05-06 12:00:00+00:00,2025-05-06,12,1,0.0,0.0,0
2025-05-06 13:00:00+00:00,2025-05-06,13,1,0.98,35.4,1
2025-05-06 14:00:00+00:00,2025-05-06,14,1,0.0,0.0,0
2025-05-06 15:00:00+00:00,2025-05-06,15,1,0.0,0.0,0
2025-05-06 16:00:00+00:00,2025-05-06,16,1,19.83,713.99,1
2025-05-06 17:00:00+00:00,2025-05-06,17,1,20.0,720.0,1
2025-05-06 18:00:00+00:00,2025-05-06,18,1,11.26,405.27,1
2025-05-06 19:00:00+00:00,2025-05-06,19,1,0.0,0.0,0
2025-05-06 20:00:00+00:00,2025-05-06,20,1,0.0,0.0,0
2025-05-06 21:00:00+00:00,2025-05-06,21,1,0.0,0.0,0
2025-05-06 22:00:00+00:00,2025-05-06,22,1,0.0,0.0,0
2025-05-06 23:00:00+00:00,2025-05-06,23,1,0.0,0.0,0
2025-05-07 00:00:00+00:00,2025-05-07,0,2,0.0,0.0,0
2025-05-07 01:00:00+00:00,2025-05-07,1,2,0.0,0.0,0
2025-05-07 02:00:00+00:00,2025-05-07,2,2,0.0,0.0,0
2025-05-07 03:00:00+00:00,2025-05-07,3,2,0.0,0.0,0
2025-05-07 04:00:00+00:00,2025-05-07,4,2,2.47,89.01,1
2025-05-07 05:00:00+00:00,2025-05-07,5,2,10.0,360.0,1
2025-05-07 06:00:00+00:00,2025-05-07,6,2,10.18,366.49,1
2025-05-07 07:00:00+00:00,2025-05-07,7,2,10.44,376.0,1
2025-05-07 08:00:00+00:00,2025-05-07,8,2,10.0,360.0,1
2025-05-07 09:00:00+00:00,2025-05-07,9,2,10.0,360.0,1
2025-05-07 10:00:00+00:00,2025-05-07,10,2,11.42,411.03,1
2025-05-07 11:00:00+00:00,2025-05-07,11,2,10.0,360.0,1
2025-05-07 12:00:00+00:00,2025-05-07,12,2,10.06,362.0,1
2025-05-07 13:00:00+00:00,2025-05-07,13,2,17.96,646.61,1
2025-05-07 14:00:00+00:00,2025-05-07,14,2,28.0,1007.83,1
2025-05-07 15:00:00+00:00,2025-05-07,15,2,37.68,1356.62,1
2025-05-07 16:00:00+00:00,2025-05-07,16,2,37.45,1348.14,1
2025-05-07 17:00:00+00:00,2025-05-07,17,2,29.94,1077.87,1
2025-05-07 18:00:00+00:00,2025-05-07,18,2,29.52,1062.67,1
2025-05-07 19:00:00+00:00,2025-05-07,19,2,0.0,0.0,0
2025-05-07 20:00:00+00:00,2025-05-07,20,2,0.0,0.0,0
2025-05-07 21:00:00+00:00,2025-05-07,21,2,0.0,0.0,0
2025-05-07 22:00:00+00:00,2025-05-07,22,2,0.0,0.0,0
2025-05-07 23:00:00+00:00,2025-05-07,23,2,0.0,0.0,0
2025-05-08 00:00:00+00:00,2025-05-08,0,3,0.0,0.0,0
2025-05-08 01:00:00+00:00,2025-05-08,1,3,0.0,0.0,0
2025-05-08 02:00:00+00:00,2025-05-08,2,3,0.0,0.0,0
2025-05-08 03:00:00+00:00,2025-05-08,3,3,0.0,0.0,0
2025-05-08 04:00:00+00:00,2025-05-08,4,3,0.0,0.0,0
2025-05-08 05:00:00+00:00,2025-05-08,5,3,10.71,385.63,1
2025-05-08 06:00:00+00:00,2025-05-08,6,3,10.0,360.0,1
2025-05-08 07:00:00+00:00,2025-05-08,7,3,10.28,369.91,1
2025-05-08 08:00:00+00:00,2025-05-08,8,3,10.98,395.45,1
2025-05-08 09:00:00+00:00,2025-05-08,9,3,10.0,360.0,1
2025-05-08 10:00:00+00:00,2025-05-08,10,3,2.16,77.62,1
2025-05-08 11:00:00+00:00,2025-05-08,11,3,0.0,0.0,0
2025-05-08 12:00:00+00:00,2025-05-08,12,3,0.0,0.0,0
2025-05-08 13:00:00+00:00,2025-05-08,13,3,1.48,53.38,1
2025-05-08 14:00:00+00:00,2025-05-08,14,3,40.52,1458.59,1
2025-05-08 15:00:00+00:00,2025-05-08,15,3,44.97,1618.92,1
2025-05-08 16:00:00+00:00,2025-05-08,16,3,18.18,654.32,1
2025-05-08 17:00:00+00:00,2025-05-08,17,3,20.0,720.0,1
2025-05-08 18:00:00+00:00,2025-05-08,18,3,15.27,549.66,1
2025-05-08 19:00:00+00:00,2025-05-08,19,3,0.0,0.0,0
2025-05-08 20:00:00+00:00,2025-05-08,20,3,0.0,0.0,0
2025-05-08 21:00:00+00:00,2025-05-08,21,3,0.0,0.0,0
2025-05-08 22:00:00+00:00,2025-05-08,22,3,0.0,0.0,0
2025-05-08 23:00:00+00:00,2025-05-08,23,3,0.0,0.0,0
2025-05-09 00:00:00+00:00,2025-05-09,0,4,0.0,0.0,0
2025-05-09 01:00:00+00:00,2025-05-09,1,4,0.0,0.0,0
2025-05-09 02:00:00+00:00,2025-05-09,2,4,0.0,0.0,0
2025-05-09 03:00:00+00:00,2025-05-09,3,4,0.0,0.0,0
2025-05-09 04:00:00+00:00,2025-05-09,4,4,1.66,59.74,1
2025-05-09 05:00:00+00:00,2025-05-09,5,4,0.0,0.0,0
2025-05-09 06:00:00+00:00,2025-05-09,6,4,43.37,1561.14,1
2025-05-09 07:00:00+00:00,2025-05-09,7,4,22.9,824.53,1
2025-05-09 08:00:00+00:00,2025-05-09,8,4,34.84,1254.41,1
2025-05-09 09:00:00+00:00,2025-05-09,9,4,27.15,977.29,1
2025-05-09 10:00:00+00:00,2025-05-09,10,4,29.55,1063.93,1
2025-05-09 11:00:00+00:00,2025-05-09,11,4,20.58,741.05,1
2025-05-09 12:00:00+00:00,2025-05-09,12,4,5.65,203.54,1
2025-05-09 13:00:00+00:00,2025-05-09,13,4,0.0,0.0,0
2025-05-09 14:00:00+00:00,2025-05-09,14,4,0.0,0.0,0
2025-05-09 15:00:00+00:00,2025-05-09,15,4,0.0,0.0,0
2025-05-09 16:00:00+00:00,2025-05-09,16,4,0.0,0.0,0
2025-05-09 17:00:00+00:00,2025-05-09,17,4,0.0,0.0,0
2025-05-09 18:00:00+00:00,2025-05-09,18,4,0.51,18.41,1
2025-05-09 19:00:00+00:00,2025-05-09,19,4,0.0,0.0,0
2025-05-09 20:00:00+00:00,2025-05-09,20,4,0.0,0.0,0
2025-05-09 21:00:00+00:00,2025-05-09,21,4,0.0,0.0,0
2025-05-09 22:00:00+00:00,2025-05-09,22,4,0.0,0.0,0
2025-05-09 23:00:00+00:00,2025-05-09,23,4,0.0,0.0,0
2025-05-10 00:00:00+00:00,2025-05-10,0,5,0.0,0.0,0
2025-05-10 01:00:00+00:00,2025-05-10,1,5,0.0,0.0,0
2025-05-10 02:00:00+00:00,2025-05-10,2,5,0.0,0.0,0
2025-05-10 03:00:00+00:00,2025-05-10,3,5,0.0,0.0,0
2025-05-10 04:00:00+00:00,2025-05-10,4,5,0.0,0.0,0
2025-05-10 05:00:00+00:00,2025-05-10,5,5,0.0,0.0,0
2025-05-10 06:00:00+00:00,2025-05-10,6,5,0.0,0.0,0
2025-05-10 07:00:00+00:00,2025-05-10,7,5,0.0,0.0,0
2025-05-10 08:00:00+00:00,2025-05-10,8,5,0.0,0.0,0
2025-05-10 09:00:00+00:00,2025-05-10,9,5,0.0,0.0,0
2025-05-10 10:00:00+00:00,2025-05-10,10,5,0.0,0.0,0
2025-05-10 11:00:00+00:00,2025-05-10,11,5,0.0,0.0,0
2025-05-10 12:00:00+00:00,2025-05-10,12,5,0.0,0.0,0
2025-05-10 13:00:00+00:00,2025-05-10,13,5,0.0,0.0,0
2025-05-10 14:00:00+00:00,2025-05-10,14,5,0.0,0.0,0
2025-05-10 15:00:00+00:00,2025-05-10,15,5,0.0,0.0,0
2025-05-10 16:00:00+00:00,2025-05-10,16,5,0.0,0.0,0
2025-05-10 17:00:00+00:00,2025-05-10,17,5,0.0,0.0,0
2025-05-10 18:00:00+00:00,2025-05-10,18,5,0.0,0.0,0
2025-05-10 19:00:00+00:00,2025-05-10,19,5,0.0,0.0,0
2025-05-10 20:00:00+00:00,2025-05-10,20,5,0.0,0.0,0
2025-05-10 21:00:00+00:00,2025-05-10,21,5,0.0,0.0,0
2025-05-10 22:00:00+00:00,2025-05-10,22,5,0.0,0.0,0
2025-05-10 23:00:00+00:00,2025-05-10,23,5,0.0,0.0,0
2025-05-11 00:00:00+00:00,2025-05-11,0,6,0.0,0.0,0
2025-05-11 01:00:00+00:00,2025-05-11,1,6,0.0,0.0,0
2025-05-11 02:00:00+00:00,2025-05-11,2,6,0.0,0.0,0
2025-05-11 03:00:00+00:00,2025-05-11,3,6,0.0,0.0,0
2025-05-11 04:00:00+00:00,2025-05-11,4,6,0.0,0.0,0
2025-05-11 05:00:00+00:00,2025-05-11,5,6,0.0,0.0,0
2025-05-11 06:00:00+00:00,2025-05-11,6,6,0.0,0.0,0
2025-05-11 07:00:00+00:00,2025-05-11,7,6,0.0,0.0,0
2025-05-11 08:00:00+00:00,2025-05-11,8,6,0.0,0.0,0
2025-05-11 09:00:00+00:00,2025-05-11,9,6,0.0,0.0,0
2025-05-11 10:00:00+00:00,2025-05-11,10,6,0.0,0.0,0
2025-05-11 11:00:00+00:00,2025-05-11,11,6,0.0,0.0,0
2025-05-11 12:00:00+00:00,2025-05-11,12,6,0.0,0.0,0
2025-05-11 13:00:00+00:00,2025-05-11,13,6,0.0,0.0,0
2025-05-11 14:00:00+00:00,2025-05-11,14,6,0.0,0.0,0
2025-05-11 15:00:00+00:00,2025-05-11,15,6,0.0,0.0,0
2025-05-11 16:00:00+00:00,2025-05-11,16,6,0.0,0.0,0
2025-05-11 17:00:00+00:00,2025-05-11,17,6,0.0,0.0,0
2025-05-11 18:00:00+00:00,2025-05-11,18,6,0.0,0.0,0
2025-05-11 19:00:00+00:00,2025-05-11,19,6,0.0,0.0,0
2025-05-11 20:00:00+00:00,2025-05-11,20,6,0.0,0.0,0
2025-05-11 21:00:00+00:00,2025-05-11,21,6,0.0,0.0,0
2025-05-11 22:00:00+00:00,2025-05-11,22,6,0.0,0.0,0
2025-05-11 23:00:00+00:00,2025-05-11,23,6,0.0,0.0,0
2025-05-12 00:00:00+00:00,2025-05-12,0,0,0.0,0.0,0
2025-05-12 01:00:00+00:00,2025-05-12,1,0,0.0,0.0,0
2025-05-12 02:00:00+00:00,2025-05-12,2,0,0.0,0.0,0
2025-05-12 03:00:00+00:00,2025-05-12,3,0,0.0,0.0,0
2025-05-12 04:00:00+00:00,2025-05-12,4,0,0.0,0.0,0
2025-05-12 05:00:00+00:00,2025-05-12,5,0,0.46,16.46,1
2025-05-12 06:00:00+00:00,2025-05-12,6,0,13.5,485.87,1
2025-05-12 07:00:00+00:00,2025-05-12,7,0,4.04,145.61,1
2025-05-12 08:00:00+00:00,2025-05-12,8,0,0.05,1.86,1
2025-05-12 09:00:00+00:00,2025-05-12,9,0,0.0,0.0,0
2025-05-12 10:00:00+00:00,2025-05-12,10,0,0.0,0.0,0
2025-05-12 11:00:00+00:00,2025-05-12,11,0,0.68,24.57,1
2025-05-12 12:00:00+00:00,2025-05-12,12,0,0.0,0.0,0
2025-05-12 13:00:00+00:00,2025-05-12,13,0,0.0,0.0,0
2025-05-12 14:00:00+00:00,2025-05-12,14,0,19.38,697.54,1
2025-05-12 15:00:00+00:00,2025-05-12,15,0,15.86,570.84,1
2025-05-12 16:00:00+00:00,2025-05-12,16,0,17.03,613.15,1
2025-05-12 17:00:00+00:00,2025-05-12,17,0,20.4,734.39,1
2025-05-12 18:00:00+00:00,2025-05-12,18,0,24.13,868.82,1
2025-05-12 19:00:00+00:00,2025-05-12,19,0,0.0,0.0,0
2025-05-12 20:00:00+00:00,2025-05-12,20,0,0.0,0.0,0
2025-05-12 21:00:00+00:00,2025-05-12,21,0,0.0,0.0,0
2025-05-12 22:00:00+00:00,2025-05-12,22,0,0.0,0.0,0
2025-05-12 23:00:00+00:00,2025-05-12,23,0,0.0,0.0,0
2025-05-13 00:00:00+00:00,2025-05-13,0,1,0.0,0.0,0
2025-05-13 01:00:00+00:00,2025-05-13,1,1,0.0,0.0,0
2025-05-13 02:00:00+00:00,2025-05-13,2,1,0.0,0.0,0
2025-05-13 03:00:00+00:00,2025-05-13,3,1,0.0,0.0,0
2025-05-13 04:00:00+00:00,2025-05-13,4,1,0.0,0.0,0
2025-05-13 05:00:00+00:00,2025-05-13,5,1,9.71,349.51,1
2025-05-13 06:00:00+00:00,2025-05-13,6,1,24.83,894.03,1
2025-05-13 07:00:00+00:00,2025-05-13,7,1,13.99,503.46,1
2025-05-13 08:00:00+00:00,2025-05-13,8,1,10.9,392.4,1
2025-05-13 09:00:00+00:00,2025-05-13,9,1,24.38,877.53,1
2025-05-13 10:00:00+00:00,2025-05-13,10,1,10.28,370.18,1
2025-05-13 11:00:00+00:00,2025-05-13,11,1,11.9,428.34,1
2025-05-13 12:00:00+00:00,2025-05-13,12,1,1.83,65.96,1
2025-05-13 13:00:00+00:00,2025-05-13,13,1,2.2,79.37,1
2025-05-13 14:00:00+00:00,2025-05-13,14,1,20.46,736.7,1
2025-05-13 15:00:00+00:00,2025-05-13,15,1,15.22,548.08,1
2025-05-13 16:00:00+00:00,2025-05-13,16,1,34.54,1243.6,1
2025-05-13 17:00:00+00:00,2025-05-13,17,1,40.0,1440.0,1
2025-05-13 18:00:00+00:00,2025-05-13,18,1,27.22,979.89,1
2025-05-13 19:00:00+00:00,2025-05-13,19,1,0.0,0.0,0
2025-05-13 20:00:00+00:00,2025-05-13,20,1,0.0,0.0,0
2025-05-13 21:00:00+00:00,2025-05-13,21,1,0.0,0.0,0
2025-05-13 22:00:00+00:00,2025-05-13,22,1,0.0,0.0,0
2025-05-13 23:00:00+00:00,2025-05-13,23,1,0.0,0.0,0
2025-05-14 00:00:00+00:00,2025-05-14,0,2,0.0,0.0,0
2025-05-14 01:00:00+00:00,2025-05-14,1,2,0.0,0.0,0
2025-05-14 02:00:00+00:00,2025-05-14,2,2,0.0,0.0,0
2025-05-14 03:00:00+00:00,2025-05-14,3,2,0.0,0.0,0
2025-05-14 04:00:00+00:00,2025-05-14,4,2,0.0,0.0,0
2025-05-14 05:00:00+00:00,2025-05-14,5,2,2.32,83.44,1
2025-05-14 06:00:00+00:00,2025-05-14,6,2,0.0,0.0,0
2025-05-14 07:00:00+00:00,2025-05-14,7,2,0.0,0.0,0
2025-05-14 08:00:00+00:00,2025-05-14,8,2,1.2,43.02,1
2025-05-14 09:00:00+00:00,2025-05-14,9,2,4.7,169.11,1
2025-05-14 10:00:00+00:00,2025-05-14,10,2,10.02,360.89,1
2025-05-14 11:00:00+00:00,2025-05-14,11,2,9.59,345.28,1
2025-05-14 12:00:00+00:00,2025-05-14,12,2,6.01,216.31,1
2025-05-14 13:00:00+00:00,2025-05-14,13,2,9.01,324.29,1
2025-05-14 14:00:00+00:00,2025-05-14,14,2,11.84,426.26,1
2025-05-14 15:00:00+00:00,2025-05-14,15,2,16.58,596.99,1
2025-05-14 16:00:00+00:00,2025-05-14,16,2,39.68,1428.48,1
2025-05-14 17:00:00+00:00,2025-05-14,17,2,40.0,1440.0,1
2025-05-14 18:00:00+00:00,2025-05-14,18,2,20.74,746.71,1
2025-05-14 19:00:00+00:00,2025-05-14,19,2,0.0,0.0,0
2025-05-14 20:00:00+00:00,2025-05-14,20,2,0.0,0.0,0
2025-05-14 21:00:00+00:00,2025-05-14,21,2,0.0,0.0,0
2025-05-14 22:00:00+00:00,2025-05-14,22,2,0.0,0.0,0
2025-05-14 23:00:00+00:00,2025-05-14,23,2,0.0,0.0,0
2025-05-15 00:00:00+00:00,2025-05-15,0,3,0.0,0.0,0
2025-05-15 01:00:00+00:00,2025-05-15,1,3,0.0,0.0,0
2025-05-15 02:00:00+00:00,2025-05-15,2,3,0.0,0.0,0
2025-05-15 03:00:00+00:00,2025-05-15,3,3,0.0,0.0,0
2025-05-15 04:00:00+00:00,2025-05-15,4,3,1.24,44.47,1
2025-05-15 05:00:00+00:00,2025-05-15,5,3,0.19,6.84,1
2025-05-15 06:00:00+00:00,2025-05-15,6,3,0.0,0.0,0
2025-05-15 07:00:00+00:00,2025-05-15,7,3,0.0,0.0,0
2025-05-15 08:00:00+00:00,2025-05-15,8,3,0.0,0.0,0
2025-05-15 09:00:00+00:00,2025-05-15,9,3,15.8,568.71,1
2025-05-15 10:00:00+00:00,2025-05-15,10,3,51.85,1866.51,1
2025-05-15 11:00:00+00:00,2025-05-15,11,3,40.16,1445.69,1
2025-05-15 12:00:00+00:00,2025-05-15,12,3,1.44,51.99,1
2025-05-15 13:00:00+00:00,2025-05-15,13,3,0.15,5.41,1
2025-05-15 14:00:00+00:00,2025-05-15,14,3,4.3,154.89,1
2025-05-15 15:00:00+00:00,2025-05-15,15,3,20.0,720.0,1
2025-05-15 16:00:00+00:00,2025-05-15,16,3,30.61,1101.87,1
2025-05-15 17:00:00+00:00,2025-05-15,17,3,47.26,1701.41,1
2025-05-15 18:00:00+00:00,2025-05-15,18,3,28.27,1017.85,1
2025-05-15 19:00:00+00:00,2025-05-15,19,3,0.0,0.0,0
2025-05-15 20:00:00+00:00,2025-05-15,20,3,0.0,0.0,0
2025-05-15 21:00:00+00:00,2025-05-15,21,3,0.0,0.0,0
2025-05-15 22:00:00+00:00,2025-05-15,22,3,0.0,0.0,0
2025-05-15 23:00:00+00:00,2025-05-15,23,3,0.0,0.0,0
2025-05-16 00:00:00+00:00,2025-05-16,0,4,0.0,0.0,0
2025-05-16 01:00:00+00:00,2025-05-16,1,4,0.0,0.0,0
2025-05-16 02:00:00+00:00,2025-05-16,2,4,0.0,0.0,0
2025-05-16 03:00:00+00:00,2025-05-16,3,4,0.0,0.0,0
2025-05-16 04:00:00+00:00,2025-05-16,4,4,0.0,0.0,0
2025-05-16 05:00:00+00:00,2025-05-16,5,4,1.26,45.42,1
2025-05-16 06:00:00+00:00,2025-05-16,6,4,55.47,1996.94,1
2025-05-16 07:00:00+00:00,2025-05-16,7,4,50.99,1835.68,1
2025-05-16 08:00:00+00:00,2025-05-16,8,4,50.0,1800.0,1
2025-05-16 09:00:00+00:00,2025-05-16,9,4,50.0,1800.0,1
2025-05-16 10:00:00+00:00,2025-05-16,10,4,50.0,1800.0,1
2025-05-16 11:00:00+00:00,2025-05-16,11,4,33.27,1197.61,1
2025-05-16 12:00:00+00:00,2025-05-16,12,4,0.0,0.0,0
2025-05-16 13:00:00+00:00,2025-05-16,13,4,0.0,0.0,0
2025-05-16 14:00:00+00:00,2025-05-16,14,4,0.0,0.0,0
2025-05-16 15:00:00+00:00,2025-05-16,15,4,0.0,0.0,0
2025-05-16 16:00:00+00:00,2025-05-16,16,4,0.0,0.0,0
2025-05-16 17:00:00+00:00,2025-05-16,17,4,0.0,0.0,0
2025-05-16 18:00:00+00:00,2025-05-16,18,4,0.45,16.31,1
2025-05-16 19:00:00+00:00,2025-05-16,19,4,0.0,0.0,0
2025-05-16 20:00:00+00:00,2025-05-16,20,4,0.0,0.0,0
2025-05-16 21:00:00+00:00,2025-05-16,21,4,0.0,0.0,0
2025-05-16 22:00:00+00:00,2025-05-16,22,4,0.0,0.0,0
2025-05-16 23:00:00+00:00,2025-05-16,23,4,0.0,0.0,0
2025-05-17 00:00:00+00:00,2025-05-17,0,5,0.0,0.0,0
2025-05-17 01:00:00+00:00,2025-05-17,1,5,0.0,0.0,0
2025-05-17 02:00:00+00:00,2025-05-17,2,5,0.0,0.0,0
2025-05-17 03:00:00+00:00,2025-05-17,3,5,0.0,0.0,0
2025-05-17 04:00:00+00:00,2025-05-17,4,5,0.0,0.0,0
2025-05-17 05:00:00+00:00,2025-05-17,5,5,0.0,0.0,0
2025-05-17 06:00:00+00:00,2025-05-17,6,5,0.0,0.0,0
2025-05-17 07:00:00+00:00,2025-05-17,7,5,0.0,0.0,0
2025-05-17 08:00:00+00:00,2025-05-17,8,5,0.0,0.0,0
2025-05-17 09:00:00+00:00,2025-05-17,9,5,0.0,0.0,0
2025-05-17 10:00:00+00:00,2025-05-17,10,5,0.0,0.0,0
2025-05-17 11:00:00+00:00,2025-05-17,11,5,0.0,0.0,0
2025-05-17 12:00:00+00:00,2025-05-17,12,5,0.0,0.0,0
2025-05-17 13:00:00+00:00,2025-05-17,13,5,0.0,0.0,0
2025-05-17 14:00:00+00:00,2025-05-17,14,5,0.0,0.0,0
2025-05-17 15:00:00+00:00,2025-05-17,15,5,0.0,0.0,0
2025-05-17 16:00:00+00:00,2025-05-17,16,5,0.0,0.0,0
2025-05-17 17:00:00+00:00,2025-05-17,17,5,0.0,0.0,0
2025-05-17 18:00:00+00:00,2025-05-17,18,5,0.0,0.0,0
2025-05-17 19:00:00+00:00,2025-05-17,19,5,0.0,0.0,0
2025-05-17 20:00:00+00:00,2025-05-17,20,5,0.0,0.0,0
2025-05-17 21:00:00+00:00,2025-05-17,21,5,0.0,0.0,0
2025-05-17 22:00:00+00:00,2025-05-17,22,5,0.0,0.0,0
2025-05-17 23:00:00+00:00,2025-05-17,23,5,0.0,0.0,0
2025-05-18 00:00:00+00:00,2025-05-18,0,6,0.0,0.0,0
2025-05-18 01:00:00+00:00,2025-05-18,1,6,0.0,0.0,0
2025-05-18 02:00:00+00:00,2025-05-18,2,6,0.0,0.0,0
2025-05-18 03:00:00+00:00,2025-05-18,3,6,0.0,0.0,0
2025-05-18 04:00:00+00:00,2025-05-18,4,6,0.0,0.0,0
2025-05-18 05:00:00+00:00,2025-05-18,5,6,0.0,0.0,0
2025-05-18 06:00:00+00:00,2025-05-18,6,6,0.0,0.0,0
2025-05-18 07:00:00+00:00,2025-05-18,7,6,0.0,0.0,0
2025-05-18 08:00:00+00:00,2025-05-18,8,6,0.0,0.0,0
2025-05-18 09:00:00+00:00,2025-05-18,9,6,0.0,0.0,0
2025-05-18 10:00:00+00:00,2025-05-18,10,6,0.0,0.0,0
2025-05-18 11:00:00+00:00,2025-05-18,11,6,0.0,0.0,0
2025-05-18 12:00:00+00:00,2025-05-18,12,6,0.0,0.0,0
2025-05-18 13:00:00+00:00,2025-05-18,13,6,0.0,0.0,0
2025-05-18 14:00:00+00:00,2025-05-18,14,6,0.0,0.0,0
2025-05-18 15:00:00+00:00,2025-05-18,15,6,0.0,0.0,0
2025-05-18 16:00:00+00:00,2025-05-18,16,6,0.0,0.0,0
2025-05-18 17:00:00+00:00,2025-05-18,17,6,0.0,0.0,0
2025-05-18 18:00:00+00:00,2025-05-18,18,6,0.0,0.0,0
2025-05-18 19:00:00+00:00,2025-05-18,19,6,0.0,0.0,0
2025-05-18 20:00:00+00:00,2025-05-18,20,6,0.0,0.0,0
2025-05-18 21:00:00+00:00,2025-05-18,21,6,0.0,0.0,0
2025-05-18 22:00:00+00:00,2025-05-18,22,6,0.0,0.0,0
2025-05-18 23:00:00+00:00,2025-05-18,23,6,0.0,0.0,0
2025-05-19 00:00:00+00:00,2025-05-19,0,0,0.0,0.0,0
2025-05-19 01:00:00+00:00,2025-05-19,1,0,0.0,0.0,0
2025-05-19 02:00:00+00:00,2025-05-19,2,0,0.0,0.0,0
2025-05-19 03:00:00+00:00,2025-05-19,3,0,0.0,0.0,0
2025-05-19 04:00:00+00:00,2025-05-19,4,0,0.0,0.0,0
2025-05-19 05:00:00+00:00,2025-05-19,5,0,0.0,0.0,0
2025-05-19 06:00:00+00:00,2025-05-19,6,0,3.29,118.57,1
2025-05-19 07:00:00+00:00,2025-05-19,7,0,0.0,0.0,0
2025-05-19 08:00:00+00:00,2025-05-19,8,0,0.0,0.0,0
2025-05-19 09:00:00+00:00,2025-05-19,9,0,0.0,0.0,0
2025-05-19 10:00:00+00:00,2025-05-19,10,0,0.0,0.0,0
2025-05-19 11:00:00+00:00,2025-05-19,11,0,0.11,3.86,1
2025-05-19 12:00:00+00:00,2025-05-19,12,0,0.26,9.36,1
2025-05-19 13:00:00+00:00,2025-05-19,13,0,0.0,0.0,0
2025-05-19 14:00:00+00:00,2025-05-19,14,0,17.77,639.73,1
2025-05-19 15:00:00+00:00,2025-05-19,15,0,20.0,720.0,1
2025-05-19 16:00:00+00:00,2025-05-19,16,0,20.0,720.0,1
2025-05-19 17:00:00+00:00,2025-05-19,17,0,20.1,723.69,1
2025-05-19 18:00:00+00:00,2025-05-19,18,0,14.35,516.69,1
2025-05-19 19:00:00+00:00,2025-05-19,19,0,0.0,0.0,0
2025-05-19 20:00:00+00:00,2025-05-19,20,0,0.0,0.0,0
2025-05-19 21:00:00+00:00,2025-05-19,21,0,0.0,0.0,0
2025-05-19 22:00:00+00:00,2025-05-19,22,0,0.0,0.0,0
2025-05-19 23:00:00+00:00,2025-05-19,23,0,0.0,0.0,0
2025-05-20 00:00:00+00:00,2025-05-20,0,1,0.0,0.0,0
2025-05-20 01:00:00+00:00,2025-05-20,1,1,0.0,0.0,0
2025-05-20 02:00:00+00:00,2025-05-20,2,1,0.0,0.0,0
2025-05-20 03:00:00+00:00,2025-05-20,3,1,0.0,0.0,0
2025-05-20 04:00:00+00:00,2025-05-20,4,1,0.0,0.0,0
2025-05-20 05:00:00+00:00,2025-05-20,5,1,6.37,229.43,1
2025-05-20 06:00:00+00:00,2025-05-20,6,1,15.26,549.43,1
2025-05-20 07:00:00+00:00,2025-05-20,7,1,20.0,720.0,1
2025-05-20 08:00:00+00:00,2025-05-20,8,1,6.43,231.47,1
2025-05-20 09:00:00+00:00,2025-05-20,9,1,9.43,339.53,1
2025-05-20 10:00:00+00:00,2025-05-20,10,1,10.62,382.15,1
2025-05-20 11:00:00+00:00,2025-05-20,11,1,18.27,657.56,1
2025-05-20 12:00:00+00:00,2025-05-20,12,1,10.15,365.52,1
2025-05-20 13:00:00+00:00,2025-05-20,13,1,12.67,456.05,1
2025-05-20 14:00:00+00:00,2025-05-20,14,1,0.2,7.19,1
2025-05-20 15:00:00+00:00,2025-05-20,15,1,0.21,7.44,1
2025-05-20 16:00:00+00:00,2025-05-20,16,1,17.74,638.55,1
2025-05-20 17:00:00+00:00,2025-05-20,17,1,20.0,720.0,1
2025-05-20 18:00:00+00:00,2025-05-20,18,1,10.24,368.77,1
2025-05-20 19:00:00+00:00,2025-05-20,19,1,0.0,0.0,0
2025-05-20 20:00:00+00:00,2025-05-20,20,1,0.0,0.0,0
2025-05-20 21:00:00+00:00,2025-05-20,21,1,0.0,0.0,0
2025-05-20 22:00:00+00:00,2025-05-20,22,1,0.0,0.0,0
2025-05-20 23:00:00+00:00,2025-05-20,23,1,0.0,0.0,0
2025-05-21 00:00:00+00:00,2025-05-21,0,2,0.0,0.0,0
2025-05-21 01:00:00+00:00,2025-05-21,1,2,0.0,0.0,0
2025-05-21 02:00:00+00:00,2025-05-21,2,2,0.0,0.0,0
2025-05-21 03:00:00+00:00,2025-05-21,3,2,0.0,0.0,0
2025-05-21 04:00:00+00:00,2025-05-21,4,2,0.0,0.0,0
2025-05-21 05:00:00+00:00,2025-05-21,5,2,0.93,33.31,1
2025-05-21 06:00:00+00:00,2025-05-21,6,2,0.43,15.65,1
2025-05-21 07:00:00+00:00,2025-05-21,7,2,5.52,198.86,1
2025-05-21 08:00:00+00:00,2025-05-21,8,2,14.24,512.57,1
2025-05-21 09:00:00+00:00,2025-05-21,9,2,17.94,645.9,1
2025-05-21 10:00:00+00:00,2025-05-21,10,2,7.52,270.68,1
2025-05-21 11:00:00+00:00,2025-05-21,11,2,0.0,0.0,0
2025-05-21 12:00:00+00:00,2025-05-21,12,2,0.06,2.08,1
2025-05-21 13:00:00+00:00,2025-05-21,13,2,0.0,0.0,0
2025-05-21 14:00:00+00:00,2025-05-21,14,2,18.08,650.74,1
2025-05-21 15:00:00+00:00,2025-05-21,15,2,20.0,720.0,1
2025-05-21 16:00:00+00:00,2025-05-21,16,2,6.11,219.81,1
2025-05-21 17:00:00+00:00,2025-05-21,17,2,0.0,0.0,0
2025-05-21 18:00:00+00:00,2025-05-21,18,2,1.57,56.36,1
2025-05-21 19:00:00+00:00,2025-05-21,19,2,0.0,0.0,0
2025-05-21 20:00:00+00:00,2025-05-21,20,2,0.0,0.0,0
2025-05-21 21:00:00+00:00,2025-05-21,21,2,0.0,0.0,0
2025-05-21 22:00:00+00:00,2025-05-21,22,2,0.0,0.0,0
2025-05-21 23:00:00+00:00,2025-05-21,23,2,0.0,0.0,0
2025-05-22 00:00:00+00:00,2025-05-22,0,3,0.0,0.0,0
2025-05-22 01:00:00+00:00,2025-05-22,1,3,0.0,0.0,0
2025-05-22 02:00:00+00:00,2025-05-22,2,3,0.0,0.0,0
2025-05-22 03:00:00+00:00,2025-05-22,3,3,0.0,0.0,0
2025-05-22 04:00:00+00:00,2025-05-22,4,3,0.0,0.0,0
2025-05-22 05:00:00+00:00,2025-05-22,5,3,2.05,73.8,1
2025-05-22 06:00:00+00:00,2025-05-22,6,3,0.0,0.0,0
2025-05-22 07:00:00+00:00,2025-05-22,7,3,0.58,20.88,1
2025-05-22 08:00:00+00:00,2025-05-22,8,3,0.22,8.03,1
2025-05-22 09:00:00+00:00,2025-05-22,9,3,0.0,0.0,0
2025-05-22 10:00:00+00:00,2025-05-22,10,3,0.0,0.0,0
2025-05-22 11:00:00+00:00,2025-05-22,11,3,0.14,5.21,1
2025-05-22 12:00:00+00:00,2025-05-22,12,3,8.34,300.09,1
2025-05-22 13:00:00+00:00,2025-05-22,13,3,3.51,126.19,1
2025-05-22 14:00:00+00:00,2025-05-22,14,3,0.75,27.12,1
2025-05-22 15:00:00+00:00,2025-05-22,15,3,0.26,9.48,1
2025-05-22 16:00:00+00:00,2025-05-22,16,3,1.43,51.49,1
2025-05-22 17:00:00+00:00,2025-05-22,17,3,0.24,8.74,1
2025-05-22 18:00:00+00:00,2025-05-22,18,3,1.19,42.82,1
2025-05-22 19:00:00+00:00,2025-05-22,19,3,0.0,0.0,0
2025-05-22 20:00:00+00:00,2025-05-22,20,3,0.0,0.0,0
2025-05-22 21:00:00+00:00,2025-05-22,21,3,0.0,0.0,0
2025-05-22 22:00:00+00:00,2025-05-22,22,3,0.0,0.0,0
2025-05-22 23:00:00+00:00,2025-05-22,23,3,0.0,0.0,0
2025-05-23 00:00:00+00:00,2025-05-23,0,4,0.0,0.0,0
2025-05-23 01:00:00+00:00,2025-05-23,1,4,0.0,0.0,0
2025-05-23 02:00:00+00:00,2025-05-23,2,4,0.0,0.0,0
2025-05-23 03:00:00+00:00,2025-05-23,3,4,0.0,0.0,0
2025-05-23 04:00:00+00:00,2025-05-23,4,4,18.69,672.79,1
2025-05-23 05:00:00+00:00,2025-05-23,5,4,11.99,431.72,1
2025-05-23 06:00:00+00:00,2025-05-23,6,4,45.59,1641.38,1
2025-05-23 07:00:00+00:00,2025-05-23,7,4,50.69,1824.71,1
2025-05-23 08:00:00+00:00,2025-05-23,8,4,40.75,1467.06,1
2025-05-23 09:00:00+00:00,2025-05-23,9,4,40.69,1464.74,1
2025-05-23 10:00:00+00:00,2025-05-23,10,4,31.75,1143.07,1
2025-05-23 11:00:00+00:00,2025-05-23,11,4,28.93,1041.6,1
2025-05-23 12:00:00+00:00,2025-05-23,12,4,13.0,468.02,1
2025-05-23 13:00:00+00:00,2025-05-23,13,4,0.0,0.0,0
2025-05-23 14:00:00+00:00,2025-05-23,14,4,0.0,0.0,0
2025-05-23 15:00:00+00:00,2025-05-23,15,4,0.0,0.0,0
2025-05-23 16:00:00+00:00,2025-05-23,16,4,0.0,0.0,0
2025-05-23 17:00:00+00:00,2025-05-23,17,4,0.0,0.0,0
2025-05-23 18:00:00+00:00,2025-05-23,18,4,0.43,15.55,1
2025-05-23 19:00:00+00:00,2025-05-23,19,4,0.0,0.0,0
2025-05-23 20:00:00+00:00,2025-05-23,20,4,0.0,0.0,0
2025-05-23 21:00:00+00:00,2025-05-23,21,4,0.0,0.0,0
2025-05-23 22:00:00+00:00,2025-05-23,22,4,0.0,0.0,0
2025-05-23 23:00:00+00:00,2025-05-23,23,4,0.0,0.0,0
2025-05-24 00:00:00+00:00,2025-05-24,0,5,0.0,0.0,0
2025-05-24 01:00:00+00:00,2025-05-24,1,5,0.0,0.0,0
2025-05-24 02:00:00+00:00,2025-05-24,2,5,0.0,0.0,0
2025-05-24 03:00:00+00:00,2025-05-24,3,5,0.0,0.0,0
2025-05-24 04:00:00+00:00,2025-05-24,4,5,0.0,0.0,0
2025-05-24 05:00:00+00:00,2025-05-24,5,5,0.0,0.0,0
2025-05-24 06:00:00+00:00,2025-05-24,6,5,0.0,0.0,0
2025-05-24 07:00:00+00:00,2025-05-24,7,5,0.0,0.0,0
2025-05-24 08:00:00+00:00,2025-05-24,8,5,0.0,0.0,0
2025-05-24 09:00:00+00:00,2025-05-24,9,5,0.0,0.0,0
2025-05-24 10:00:00+00:00,2025-05-24,10,5,0.0,0.0,0
2025-05-24 11:00:00+00:00,2025-05-24,11,5,0.0,0.0,0
2025-05-24 12:00:00+00:00,2025-05-24,12,5,0.0,0.0,0
2025-05-24 13:00:00+00:00,2025-05-24,13,5,0.0,0.0,0
2025-05-24 14:00:00+00:00,2025-05-24,14,5,0.0,0.0,0
2025-05-24 15:00:00+00:00,2025-05-24,15,5,0.0,0.0,0
2025-05-24 16:00:00+00:00,2025-05-24,16,5,0.0,0.0,0
2025-05-24 17:00:00+00:00,2025-05-24,17,5,0.0,0.0,0
2025-05-24 18:00:00+00:00,2025-05-24,18,5,0.0,0.0,0
2025-05-24 19:00:00+00:00,2025-05-24,19,5,0.0,0.0,0
2025-05-24 20:00:00+00:00,2025-05-24,20,5,0.0,0.0,0
2025-05-24 21:00:00+00:00,2025-05-24,21,5,0.0,0.0,0
2025-05-24 22:00:00+00:00,2025-05-24,22,5,0.0,0.0,0
2025-05-24 23:00:00+00:00,2025-05-24,23,5,0.0,0.0,0
2025-05-25 00:00:00+00:00,2025-05-25,0,6,0.0,0.0,0
2025-05-25 01:00:00+00:00,2025-05-25,1,6,0.0,0.0,0
2025-05-25 02:00:00+00:00,2025-05-25,2,6,0.0,0.0,0
2025-05-25 03:00:00+00:00,2025-05-25,3,6,0.0,0.0,0
2025-05-25 04:00:00+00:00,2025-05-25,4,6,0.0,0.0,0
2025-05-25 05:00:00+00:00,2025-05-25,5,6,0.0,0.0,0
2025-05-25 06:00:00+00:00,2025-05-25,6,6,0.0,0.0,0
2025-05-25 07:00:00+00:00,2025-05-25,7,6,0.0,0.0,0
2025-05-25 08:00:00+00:00,2025-05-25,8,6,0.0,0.0,0
2025-05-25 09:00:00+00:00,2025-05-25,9,6,0.0,0.0,0
2025-05-25 10:00:00+00:00,2025-05-25,10,6,0.0,0.0,0
2025-05-25 11:00:00+00:00,2025-05-25,11,6,0.0,0.0,0
2025-05-25 12:00:00+00:00,2025-05-25,12,6,0.0,0.0,0
2025-05-25 13:00:00+00:00,2025-05-25,13,6,0.0,0.0,0
2025-05-25 14:00:00+00:00,2025-05-25,14,6,0.0,0.0,0
2025-05-25 15:00:00+00:00,2025-05-25,15,6,0.0,0.0,0
2025-05-25 16:00:00+00:00,2025-05-25,16,6,0.0,0.0,0
2025-05-25 17:00:00+00:00,2025-05-25,17,6,0.0,0.0,0
2025-05-25 18:00:00+00:00,2025-05-25,18,6,0.0,0.0,0
2025-05-25 19:00:00+00:00,2025-05-25,19,6,0.0,0.0,0
2025-05-25 20:00:00+00:00,2025-05-25,20,6,0.0,0.0,0
2025-05-25 21:00:00+00:00,2025-05-25,21,6,0.0,0.0,0
2025-05-25 22:00:00+00:00,2025-05-25,22,6,0.0,0.0,0
2025-05-25 23:00:00+00:00,2025-05-25,23,6,0.0,0.0,0
2025-05-26 00:00:00+00:00,2025-05-26,0,0,0.0,0.0,0
2025-05-26 01:00:00+00:00,2025-05-26,1,0,0.0,0.0,0
2025-05-26 02:00:00+00:00,2025-05-26,2,0,0.0,0.0,0
2025-05-26 03:00:00+00:00,2025-05-26,3,0,0.0,0.0,0
2025-05-26 04:00:00+00:00,2025-05-26,4,0,0.0,0.0,0
2025-05-26 05:00:00+00:00,2025-05-26,5,0,2.2,79.17,1
2025-05-26 06:00:00+00:00,2025-05-26,6,0,0.01,0.34,1
2025-05-26 07:00:00+00:00,2025-05-26,7,0,0.55,19.95,1
2025-05-26 08:00:00+00:00,2025-05-26,8,0,0.41,14.83,1
2025-05-26 09:00:00+00:00,2025-05-26,9,0,0.0,0.0,0
2025-05-26 10:00:00+00:00,2025-05-26,10,0,0.0,0.0,0
2025-05-26 11:00:00+00:00,2025-05-26,11,0,0.0,0.0,0
2025-05-26 12:00:00+00:00,2025-05-26,12,0,13.86,498.84,1
2025-05-26 13:00:00+00:00,2025-05-26,13,0,0.0,0.0,0
2025-05-26 14:00:00+00:00,2025-05-26,14,0,28.78,1036.13,1
2025-05-26 15:00:00+00:00,2025-05-26,15,0,30.0,1080.0,1
2025-05-26 16:00:00+00:00,2025-05-26,16,0,35.49,1277.82,1
2025-05-26 17:00:00+00:00,2025-05-26,17,0,40.0,1440.0,1
2025-05-26 18:00:00+00:00,2025-05-26,18,0,31.03,1117.14,1
2025-05-26 19:00:00+00:00,2025-05-26,19,0,0.0,0.0,0
2025-05-26 20:00:00+00:00,2025-05-26,20,0,0.0,0.0,0
2025-05-26 21:00:00+00:00,2025-05-26,21,0,0.0,0.0,0
2025-05-26 22:00:00+00:00,2025-05-26,22,0,0.0,0.0,0
2025-05-26 23:00:00+00:00,2025-05-26,23,0,0.0,0.0,0
2025-05-27 00:00:00+00:00,2025-05-27,0,1,0.0,0.0,0
2025-05-27 01:00:00+00:00,2025-05-27,1,1,0.0,0.0,0
2025-05-27 02:00:00+00:00,2025-05-27,2,1,0.0,0.0,0
2025-05-27 03:00:00+00:00,2025-05-27,3,1,0.0,0.0,0
2025-05-27 04:00:00+00:00,2025-05-27,4,1,0.6,21.58,1
2025-05-27 05:00:00+00:00,2025-05-27,5,1,0.0,0.0,0
2025-05-27 06:00:00+00:00,2025-05-27,6,1,18.4,662.32,1
2025-05-27 07:00:00+00:00,2025-05-27,7,1,27.34,984.07,1
2025-05-27 08:00:00+00:00,2025-05-27,8,1,24.71,889.58,1
2025-05-27 09:00:00+00:00,2025-05-27,9,1,24.65,887.31,1
2025-05-27 10:00:00+00:00,2025-05-27,10,1,20.21,727.48,1
2025-05-27 11:00:00+00:00,2025-05-27,11,1,15.98,575.41,1
2025-05-27 12:00:00+00:00,2025-05-27,12,1,2.39,85.93,1
2025-05-27 13:00:00+00:00,2025-05-27,13,1,3.28,118.08,1
2025-05-27 14:00:00+00:00,2025-05-27,14,1,6.85,246.57,1
2025-05-27 15:00:00+00:00,2025-05-27,15,1,1.06,38.27,1
2025-05-27 16:00:00+00:00,2025-05-27,16,1,0.15,5.24,1
2025-05-27 17:00:00+00:00,2025-05-27,17,1,6.07,218.4,1
2025-05-27 18:00:00+00:00,2025-05-27,18,1,0.0,0.0,0
2025-05-27 19:00:00+00:00,2025-05-27,19,1,0.0,0.0,0
2025-05-27 20:00:00+00:00,2025-05-27,20,1,0.0,0.0,0
2025-05-27 21:00:00+00:00,2025-05-27,21,1,0.0,0.0,0
2025-05-27 22:00:00+00:00,2025-05-27,22,1,0.0,0.0,0
2025-05-27 23:00:00+00:00,2025-05-27,23,1,0.0,0.0,0
2025-05-28 00:00:00+00:00,2025-05-28,0,2,0.0,0.0,0
2025-05-28 01:00:00+00:00,2025-05-28,1,2,0.0,0.0,0
2025-05-28 02:00:00+00:00,2025-05-28,2,2,0.0,0.0,0
2025-05-28 03:00:00+00:00,2025-05-28,3,2,0.0,0.0,0
2025-05-28 04:00:00+00:00,2025-05-28,4,2,0.0,0.0,0
2025-05-28 05:00:00+00:00,2025-05-28,5,2,8.96,322.46,1
2025-05-28 06:00:00+00:00,2025-05-28,6,2,0.75,26.95,1
2025-05-28 07:00:00+00:00,2025-05-28,7,2,13.31,479.32,1
2025-05-28 08:00:00+00:00,2025-05-28,8,2,11.24,404.69,1
2025-05-28 09:00:00+00:00,2025-05-28,9,2,9.73,350.12,1
2025-05-28 10:00:00+00:00,2025-05-28,10,2,10.21,367.42,1
2025-05-28 11:00:00+00:00,2025-05-28,11,2,10.0,360.0,1
2025-05-28 12:00:00+00:00,2025-05-28,12,2,13.83,497.72,1
2025-05-28 13:00:00+00:00,2025-05-28,13,2,26.12,940.48,1
2025-05-28 14:00:00+00:00,2025-05-28,14,2,0.88,31.7,1
2025-05-28 15:00:00+00:00,2025-05-28,15,2,0.05,1.8,1
2025-05-28 16:00:00+00:00,2025-05-28,16,2,0.24,8.68,1
2025-05-28 17:00:00+00:00,2025-05-28,17,2,0.5,17.83,1
2025-05-28 18:00:00+00:00,2025-05-28,18,2,0.73,26.16,1
2025-05-28 19:00:00+00:00,2025-05-28,19,2,0.0,0.0,0
2025-05-28 20:00:00+00:00,2025-05-28,20,2,0.0,0.0,0
2025-05-28 21:00:00+00:00,2025-05-28,21,2,0.0,0.0,0
2025-05-28 22:00:00+00:00,2025-05-28,22,2,0.0,0.0,0
2025-05-28 23:00:00+00:00,2025-05-28,23,2,0.0,0.0,0
2025-05-29 00:00:00+00:00,2025-05-29,0,3,0.0,0.0,0
2025-05-29 01:00:00+00:00,2025-05-29,1,3,0.0,0.0,0
2025-05-29 02:00:00+00:00,2025-05-29,2,3,0.0,0.0,0
2025-05-29 03:00:00+00:00,2025-05-29,3,3,0.0,0.0,0
2025-05-29 04:00:00+00:00,2025-05-29,4,3,0.0,0.0,0
2025-05-29 05:00:00+00:00,2025-05-29,5,3,0.12,4.27,1
2025-05-29 06:00:00+00:00,2025-05-29,6,3,0.0,0.0,0
2025-05-29 07:00:00+00:00,2025-05-29,7,3,10.91,392.71,1
2025-05-29 08:00:00+00:00,2025-05-29,8,3,11.35,408.48,1
2025-05-29 09:00:00+00:00,2025-05-29,9,3,18.9,680.56,1
2025-05-29 10:00:00+00:00,2025-05-29,10,3,17.54,631.46,1
2025-05-29 11:00:00+00:00,2025-05-29,11,3,6.96,250.71,1
2025-05-29 12:00:00+00:00,2025-05-29,12,3,5.52,198.54,1
2025-05-29 13:00:00+00:00,2025-05-29,13,3,1.72,61.98,1
2025-05-29 14:00:00+00:00,2025-05-29,14,3,0.95,34.13,1
2025-05-29 15:00:00+00:00,2025-05-29,15,3,0.65,23.3,1
2025-05-29 16:00:00+00:00,2025-05-29,16,3,1.57,56.6,1
2025-05-29 17:00:00+00:00,2025-05-29,17,3,2.65,95.5,1
2025-05-29 18:00:00+00:00,2025-05-29,18,3,2.88,103.72,1
2025-05-29 19:00:00+00:00,2025-05-29,19,3,0.0,0.0,0
2025-05-29 20:00:00+00:00,2025-05-29,20,3,0.0,0.0,0
2025-05-29 21:00:00+00:00,2025-05-29,21,3,0.0,0.0,0
2025-05-29 22:00:00+00:00,2025-05-29,22,3,0.0,0.0,0
2025-05-29 23:00:00+00:00,2025-05-29,23,3,0.0,0.0,0
2025-05-30 00:00:00+00:00,2025-05-30,0,4,0.0,0.0,0
2025-05-30 01:00:00+00:00,2025-05-30,1,4,0.0,0.0,0
2025-05-30 02:00:00+00:00,2025-05-30,2,4,0.0,0.0,0
2025-05-30 03:00:00+00:00,2025-05-30,3,4,0.0,0.0,0
2025-05-30 04:00:00+00:00,2025-05-30,4,4,0.0,0.0,0
2025-05-30 05:00:00+00:00,2025-05-30,5,4,1.63,58.59,1
2025-05-30 06:00:00+00:00,2025-05-30,6,4,0.0,0.0,0
2025-05-30 07:00:00+00:00,2025-05-30,7,4,0.77,27.78,1
2025-05-30 08:00:00+00:00,2025-05-30,8,4,20.44,735.85,1
2025-05-30 09:00:00+00:00,2025-05-30,9,4,11.93,429.32,1
2025-05-30 10:00:00+00:00,2025-05-30,10,4,8.26,297.31,1
2025-05-30 11:00:00+00:00,2025-05-30,11,4,4.15,149.4,1
2025-05-30 12:00:00+00:00,2025-05-30,12,4,1.2,43.1,1
2025-05-30 13:00:00+00:00,2025-05-30,13,4,0.58,20.95,1
2025-05-30 14:00:00+00:00,2025-05-30,14,4,0.0,0.0,0
2025-05-30 15:00:00+00:00,2025-05-30,15,4,0.0,0.0,0
2025-05-30 16:00:00+00:00,2025-05-30,16,4,0.0,0.0,0
2025-05-30 17:00:00+00:00,2025-05-30,17,4,0.0,0.0,0
2025-05-30 18:00:00+00:00,2025-05-30,18,4,0.5,18.05,1
2025-05-30 19:00:00+00:00,2025-05-30,19,4,0.0,0.0,0
2025-05-30 20:00:00+00:00,2025-05-30,20,4,0.0,0.0,0
2025-05-30 21:00:00+00:00,2025-05-30,21,4,0.0,0.0,0
2025-05-30 22:00:00+00:00,2025-05-30,22,4,0.0,0.0,0
2025-05-30 23:00:00+00:00,2025-05-30,23,4,0.0,0.0,0
2025-05-31 00:00:00+00:00,2025-05-31,0,5,0.0,0.0,0
2025-05-31 01:00:00+00:00,2025-05-31,1,5,0.0,0.0,0
2025-05-31 02:00:00+00:00,2025-05-31,2,5,0.0,0.0,0
2025-05-31 03:00:00+00:00,2025-05-31,3,5,0.0,0.0,0
2025-05-31 04:00:00+00:00,2025-05-31,4,5,0.0,0.0,0
2025-05-31 05:00:00+00:00,2025-05-31,5,5,0.0,0.0,0
2025-05-31 06:00:00+00:00,2025-05-31,6,5,0.0,0.0,0
2025-05-31 07:00:00+00:00,2025-05-31,7,5,0.0,0.0,0
2025-05-31 08:00:00+00:00,2025-05-31,8,5,0.0,0.0,0
2025-05-31 09:00:00+00:00,2025-05-31,9,5,0.0,0.0,0
2025-05-31 10:00:00+00:00,2025-05-31,10,5,0.0,0.0,0
2025-05-31 11:00:00+00:00,2025-05-31,11,5,0.0,0.0,0
2025-05-31 12:00:00+00:00,2025-05-31,12,5,0.0,0.0,0
2025-05-31 13:00:00+00:00,2025-05-31,13,5,0.0,0.0,0
2025-05-31 14:00:00+00:00,2025-05-31,14,5,0.0,0.0,0
2025-05-31 15:00:00+00:00,2025-05-31,15,5,0.0,0.0,0
2025-05-31 16:00:00+00:00,2025-05-31,16,5,0.0,0.0,0
2025-05-31 17:00:00+00:00,2025-05-31,17,5,0.0,0.0,0
2025-05-31 18:00:00+00:00,2025-05-31,18,5,0.0,0.0,0
2025-05-31 19:00:00+00:00,2025-05-31,19,5,0.0,0.0,0
2025-05-31 20:00:00+00:00,2025-05-31,20,5,0.0,0.0,0
2025-05-31 21:00:00+00:00,2025-05-31,21,5,0.0,0.0,0
2025-05-31 22:00:00+00:00,2025-05-31,22,5,0.0,0.0,0
2025-05-31 23:00:00+00:00,2025-05-31,23,5,0.0,0.0,0
2025-06-01 00:00:00+00:00,2025-06-01,0,6,0.0,0.0,0
2025-06-01 01:00:00+00:00,2025-06-01,1,6,0.0,0.0,0
2025-06-01 02:00:00+00:00,2025-06-01,2,6,0.0,0.0,0
2025-06-01 03:00:00+00:00,2025-06-01,3,6,0.0,0.0,0
2025-06-01 04:00:00+00:00,2025-06-01,4,6,0.0,0.0,0
2025-06-01 05:00:00+00:00,2025-06-01,5,6,0.0,0.0,0
2025-06-01 06:00:00+00:00,2025-06-01,6,6,0.0,0.0,0
2025-06-01 07:00:00+00:00,2025-06-01,7,6,0.0,0.0,0
2025-06-01 08:00:00+00:00,2025-06-01,8,6,0.0,0.0,0
2025-06-01 09:00:00+00:00,2025-06-01,9,6,0.0,0.0,0
2025-06-01 10:00:00+00:00,2025-06-01,10,6,0.0,0.0,0
2025-06-01 11:00:00+00:00,2025-06-01,11,6,0.0,0.0,0
2025-06-01 12:00:00+00:00,2025-06-01,12,6,0.0,0.0,0
2025-06-01 13:00:00+00:00,2025-06-01,13,6,0.0,0.0,0
2025-06-01 14:00:00+00:00,2025-06-01,14,6,0.0,0.0,0
2025-06-01 15:00:00+00:00,2025-06-01,15,6,0.0,0.0,0
2025-06-01 16:00:00+00:00,2025-06-01,16,6,0.0,0.0,0
2025-06-01 17:00:00+00:00,2025-06-01,17,6,0.0,0.0,0
2025-06-01 18:00:00+00:00,2025-06-01,18,6,0.0,0.0,0
2025-06-01 19:00:00+00:00,2025-06-01,19,6,0.0,0.0,0
2025-06-01 20:00:00+00:00,2025-06-01,20,6,0.0,0.0,0
2025-06-01 21:00:00+00:00,2025-06-01,21,6,0.0,0.0,0
2025-06-01 22:00:00+00:00,2025-06-01,22,6,0.0,0.0,0
2025-06-01 23:00:00+00:00,2025-06-01,23,6,0.0,0.0,0
2025-06-02 00:00:00+00:00,2025-06-02,0,0,0.0,0.0,0
2025-06-02 01:00:00+00:00,2025-06-02,1,0,0.0,0.0,0
2025-06-02 02:00:00+00:00,2025-06-02,2,0,0.0,0.0,0
2025-06-02 03:00:00+00:00,2025-06-02,3,0,0.0,0.0,0
2025-06-02 04:00:00+00:00,2025-06-02,4,0,0.0,0.0,0
2025-06-02 05:00:00+00:00,2025-06-02,5,0,0.39,14.21,1
2025-06-02 06:00:00+00:00,2025-06-02,6,0,0.39,13.93,1
2025-06-02 07:00:00+00:00,2025-06-02,7,0,0.0,0.0,0
2025-06-02 08:00:00+00:00,2025-06-02,8,0,0.5,18.02,1
2025-06-02 09:00:00+00:00,2025-06-02,9,0,12.12,436.14,1
2025-06-02 10:00:00+00:00,2025-06-02,10,0,3.41,122.86,1
2025-06-02 11:00:00+00:00,2025-06-02,11,0,1.54,55.32,1
2025-06-02 12:00:00+00:00,2025-06-02,12,0,7.85,282.61,1
2025-06-02 13:00:00+00:00,2025-06-02,13,0,1.01,36.45,1
2025-06-02 14:00:00+00:00,2025-06-02,14,0,17.09,615.21,1
2025-06-02 15:00:00+00:00,2025-06-02,15,0,13.09,471.08,1
2025-06-02 16:00:00+00:00,2025-06-02,16,0,20.0,720.0,1
2025-06-02 17:00:00+00:00,2025-06-02,17,0,18.29,658.46,1
2025-06-02 18:00:00+00:00,2025-06-02,18,0,0.0,0.0,0
2025-06-02 19:00:00+00:00,2025-06-02,19,0,0.0,0.0,0
2025-06-02 20:00:00+00:00,2025-06-02,20,0,0.0,0.0,0
2025-06-02 21:00:00+00:00,2025-06-02,21,0,0.0,0.0,0
2025-06-02 22:00:00+00:00,2025-06-02,22,0,0.0,0.0,0
2025-06-02 23:00:00+00:00,2025-06-02,23,0,0.0,0.0,0
2025-06-03 00:00:00+00:00,2025-06-03,0,1,0.0,0.0,0
2025-06-03 01:00:00+00:00,2025-06-03,1,1,0.0,0.0,0
2025-06-03 02:00:00+00:00,2025-06-03,2,1,0.0,0.0,0
2025-06-03 03:00:00+00:00,2025-06-03,3,1,0.0,0.0,0
2025-06-03 04:00:00+00:00,2025-06-03,4,1,0.0,0.0,0
2025-06-03 05:00:00+00:00,2025-06-03,5,1,3.16,113.58,1
2025-06-03 06:00:00+00:00,2025-06-03,6,1,18.35,660.5,1
2025-06-03 07:00:00+00:00,2025-06-03,7,1,21.69,780.95,1
2025-06-03 08:00:00+00:00,2025-06-03,8,1,20.66,743.72,1
2025-06-03 09:00:00+00:00,2025-06-03,9,1,32.07,1154.49,1
2025-06-03 10:00:00+00:00,2025-06-03,10,1,27.24,980.62,1
2025-06-03 11:00:00+00:00,2025-06-03,11,1,20.0,720.0,1
2025-06-03 12:00:00+00:00,2025-06-03,12,1,20.46,736.66,1
2025-06-03 13:00:00+00:00,2025-06-03,13,1,4.61,165.84,1
2025-06-03 14:00:00+00:00,2025-06-03,14,1,0.48,17.32,1
2025-06-03 15:00:00+00:00,2025-06-03,15,1,1.74,62.69,1
2025-06-03 16:00:00+00:00,2025-06-03,16,1,4.81,173.15,1
2025-06-03 17:00:00+00:00,2025-06-03,17,1,5.95,214.18,1
2025-06-03 18:00:00+00:00,2025-06-03,18,1,1.95,70.25,1
2025-06-03 19:00:00+00:00,2025-06-03,19,1,0.0,0.0,0
2025-06-03 20:00:00+00:00,2025-06-03,20,1,0.0,0.0,0
2025-06-03 21:00:00+00:00,2025-06-03,21,1,0.0,0.0,0
2025-06-03 22:00:00+00:00,2025-06-03,22,1,0.0,0.0,0
2025-06-03 23:00:00+00:00,2025-06-03,23,1,0.0,0.0,0
2025-06-04 00:00:00+00:00,2025-06-04,0,2,0.0,0.0,0
2025-06-04 01:00:00+00:00,2025-06-04,1,2,0.0,0.0,0
2025-06-04 02:00:00+00:00,2025-06-04,2,2,0.0,0.0,0
2025-06-04 03:00:00+00:00,2025-06-04,3,2,0.0,0.0,0
2025-06-04 04:00:00+00:00,2025-06-04,4,2,0.0,0.0,0
2025-06-04 05:00:00+00:00,2025-06-04,5,2,1.75,63.15,1
2025-06-04 06:00:00+00:00,2025-06-04,6,2,0.0,0.0,0
2025-06-04 07:00:00+00:00,2025-06-04,7,2,0.0,0.0,0
2025-06-04 08:00:00+00:00,2025-06-04,8,2,0.0,0.0,0
2025-06-04 09:00:00+00:00,2025-06-04,9,2,7.44,267.79,1
2025-06-04 10:00:00+00:00,2025-06-04,10,2,3.21,115.64,1
2025-06-04 11:00:00+00:00,2025-06-04,11,2,2.76,99.26,1
2025-06-04 12:00:00+00:00,2025-06-04,12,2,0.4,14.41,1
2025-06-04 13:00:00+00:00,2025-06-04,13,2,3.82,137.6,1
2025-06-04 14:00:00+00:00,2025-06-04,14,2,0.0,0.0,0
2025-06-04 15:00:00+00:00,2025-06-04,15,2,0.0,0.0,0
2025-06-04 16:00:00+00:00,2025-06-04,16,2,6.76,243.27,1
2025-06-04 17:00:00+00:00,2025-06-04,17,2,0.0,0.0,0
2025-06-04 18:00:00+00:00,2025-06-04,18,2,0.8,28.76,1
2025-06-04 19:00:00+00:00,2025-06-04,19,2,0.0,0.0,0
2025-06-04 20:00:00+00:00,2025-06-04,20,2,0.0,0.0,0
2025-06-04 21:00:00+00:00,2025-06-04,21,2,0.0,0.0,0
2025-06-04 22:00:00+00:00,2025-06-04,22,2,0.0,0.0,0
2025-06-04 23:00:00+00:00,2025-06-04,23,2,0.0,0.0,0
2025-06-05 00:00:00+00:00,2025-06-05,0,3,0.0,0.0,0
2025-06-05 01:00:00+00:00,2025-06-05,1,3,0.0,0.0,0
2025-06-05 02:00:00+00:00,2025-06-05,2,3,0.0,0.0,0
2025-06-05 03:00:00+00:00,2025-06-05,3,3,0.0,0.0,0
2025-06-05 04:00:00+00:00,2025-06-05,4,3,0.53,18.92,1
2025-06-05 05:00:00+00:00,2025-06-05,5,3,0.46,16.67,1
2025-06-05 06:00:00+00:00,2025-06-05,6,3,0.0,0.0,0
2025-06-05 07:00:00+00:00,2025-06-05,7,3,0.0,0.0,0
2025-06-05 08:00:00+00:00,2025-06-05,8,3,0.66,23.61,1
2025-06-05 09:00:00+00:00,2025-06-05,9,3,0.09,3.35,1
2025-06-05 10:00:00+00:00,2025-06-05,10,3,0.0,0.0,0
2025-06-05 11:00:00+00:00,2025-06-05,11,3,0.55,19.7,1
2025-06-05 12:00:00+00:00,2025-06-05,12,3,0.0,0.0,0
2025-06-05 13:00:00+00:00,2025-06-05,13,3,0.15,5.26,1
2025-06-05 14:00:00+00:00,2025-06-05,14,3,0.87,31.43,1
2025-06-05 15:00:00+00:00,2025-06-05,15,3,0.04,1.55,1
2025-06-05 16:00:00+00:00,2025-06-05,16,3,0.29,10.52,1
2025-06-05 17:00:00+00:00,2025-06-05,17,3,2.46,88.67,1
2025-06-05 18:00:00+00:00,2025-06-05,18,3,0.11,3.84,1
2025-06-05 19:00:00+00:00,2025-06-05,19,3,0.0,0.0,0
2025-06-05 20:00:00+00:00,2025-06-05,20,3,0.0,0.0,0
2025-06-05 21:00:00+00:00,2025-06-05,21,3,0.0,0.0,0
2025-06-05 22:00:00+00:00,2025-06-05,22,3,0.0,0.0,0
2025-06-05 23:00:00+00:00,2025-06-05,23,3,0.0,0.0,0
2025-06-06 00:00:00+00:00,2025-06-06,0,4,0.0,0.0,0
2025-06-06 01:00:00+00:00,2025-06-06,1,4,0.0,0.0,0
2025-06-06 02:00:00+00:00,2025-06-06,2,4,0.0,0.0,0
2025-06-06 03:00:00+00:00,2025-06-06,3,4,0.0,0.0,0
2025-06-06 04:00:00+00:00,2025-06-06,4,4,0.0,0.0,0
2025-06-06 05:00:00+00:00,2025-06-06,5,4,1.57,56.44,1
2025-06-06 06:00:00+00:00,2025-06-06,6,4,0.0,0.0,0
2025-06-06 07:00:00+00:00,2025-06-06,7,4,0.0,0.0,0
2025-06-06 08:00:00+00:00,2025-06-06,8,4,0.0,0.0,0
2025-06-06 09:00:00+00:00,2025-06-06,9,4,0.0,0.0,0
2025-06-06 10:00:00+00:00,2025-06-06,10,4,0.0,0.0,0
2025-06-06 11:00:00+00:00,2025-06-06,11,4,0.0,0.0,0
2025-06-06 12:00:00+00:00,2025-06-06,12,4,0.0,0.0,0
2025-06-06 13:00:00+00:00,2025-06-06,13,4,0.0,0.0,0
2025-06-06 14:00:00+00:00,2025-06-06,14,4,0.0,0.0,0
2025-06-06 15:00:00+00:00,2025-06-06,15,4,0.0,0.0,0
2025-06-06 16:00:00+00:00,2025-06-06,16,4,0.0,0.0,0
2025-06-06 17:00:00+00:00,2025-06-06,17,4,0.0,0.0,0
2025-06-06 18:00:00+00:00,2025-06-06,18,4,0.42,14.94,1
2025-06-06 19:00:00+00:00,2025-06-06,19,4,0.0,0.0,0
2025-06-06 20:00:00+00:00,2025-06-06,20,4,0.0,0.0,0
2025-06-06 21:00:00+00:00,2025-06-06,21,4,0.0,0.0,0
2025-06-06 22:00:00+00:00,2025-06-06,22,4,0.0,0.0,0
2025-06-06 23:00:00+00:00,2025-06-06,23,4,0.0,0.0,0
2025-06-07 00:00:00+00:00,2025-06-07,0,5,0.0,0.0,0
2025-06-07 01:00:00+00:00,2025-06-07,1,5,0.0,0.0,0
2025-06-07 02:00:00+00:00,2025-06-07,2,5,0.0,0.0,0
2025-06-07 03:00:00+00:00,2025-06-07,3,5,0.0,0.0,0
2025-06-07 04:00:00+00:00,2025-06-07,4,5,0.0,0.0,0
2025-06-07 05:00:00+00:00,2025-06-07,5,5,0.0,0.0,0
2025-06-07 06:00:00+00:00,2025-06-07,6,5,0.0,0.0,0
2025-06-07 07:00:00+00:00,2025-06-07,7,5,0.0,0.0,0
2025-06-07 08:00:00+00:00,2025-06-07,8,5,0.0,0.0,0
2025-06-07 09:00:00+00:00,2025-06-07,9,5,0.0,0.0,0
2025-06-07 10:00:00+00:00,2025-06-07,10,5,0.0,0.0,0
2025-06-07 11:00:00+00:00,2025-06-07,11,5,0.0,0.0,0
2025-06-07 12:00:00+00:00,2025-06-07,12,5,0.0,0.0,0
2025-06-07 13:00:00+00:00,2025-06-07,13,5,0.0,0.0,0
2025-06-07 14:00:00+00:00,2025-06-07,14,5,0.0,0.0,0
2025-06-07 15:00:00+00:00,2025-06-07,15,5,0.0,0.0,0
2025-06-07 16:00:00+00:00,2025-06-07,16,5,0.0,0.0,0
2025-06-07 17:00:00+00:00,2025-06-07,17,5,0.0,0.0,0
2025-06-07 18:00:00+00:00,2025-06-07,18,5,0.0,0.0,0
2025-06-07 19:00:00+00:00,2025-06-07,19,5,0.0,0.0,0
2025-06-07 20:00:00+00:00,2025-06-07,20,5,0.0,0.0,0
2025-06-07 21:00:00+00:00,2025-06-07,21,5,0.0,0.0,0
2025-06-07 22:00:00+00:00,2025-06-07,22,5,0.0,0.0,0
2025-06-07 23:00:00+00:00,2025-06-07,23,5,0.0,0.0,0
2025-06-08 00:00:00+00:00,2025-06-08,0,6,0.0,0.0,0
2025-06-08 01:00:00+00:00,2025-06-08,1,6,0.0,0.0,0
2025-06-08 02:00:00+00:00,2025-06-08,2,6,0.0,0.0,0
2025-06-08 03:00:00+00:00,2025-06-08,3,6,0.0,0.0,0
2025-06-08 04:00:00+00:00,2025-06-08,4,6,0.0,0.0,0
2025-06-08 05:00:00+00:00,2025-06-08,5,6,0.0,0.0,0
2025-06-08 06:00:00+00:00,2025-06-08,6,6,0.0,0.0,0
2025-06-08 07:00:00+00:00,2025-06-08,7,6,0.0,0.0,0
2025-06-08 08:00:00+00:00,2025-06-08,8,6,0.0,0.0,0
2025-06-08 09:00:00+00:00,2025-06-08,9,6,0.0,0.0,0
2025-06-08 10:00:00+00:00,2025-06-08,10,6,0.0,0.0,0
2025-06-08 11:00:00+00:00,2025-06-08,11,6,0.0,0.0,0
2025-06-08 12:00:00+00:00,2025-06-08,12,6,0.0,0.0,0
2025-06-08 13:00:00+00:00,2025-06-08,13,6,0.0,0.0,0
2025-06-08 14:00:00+00:00,2025-06-08,14,6,0.0,0.0,0
2025-06-08 15:00:00+00:00,2025-06-08,15,6,0.0,0.0,0
2025-06-08 16:00:00+00:00,2025-06-08,16,6,0.0,0.0,0
2025-06-08 17:00:00+00:00,2025-06-08,17,6,0.0,0.0,0
2025-06-08 18:00:00+00:00,2025-06-08,18,6,0.0,0.0,0
2025-06-08 19:00:00+00:00,2025-06-08,19,6,0.0,0.0,0
2025-06-08 20:00:00+00:00,2025-06-08,20,6,0.0,0.0,0
2025-06-08 21:00:00+00:00,2025-06-08,21,6,0.0,0.0,0
2025-06-08 22:00:00+00:00,2025-06-08,22,6,0.0,0.0,0
2025-06-08 23:00:00+00:00,2025-06-08,23,6,0.0,0.0,0
2025-06-09 00:00:00+00:00,2025-06-09,0,0,0.0,0.0,0
2025-06-09 01:00:00+00:00,2025-06-09,1,0,0.0,0.0,0
2025-06-09 02:00:00+00:00,2025-06-09,2,0,0.0,0.0,0
2025-06-09 03:00:00+00:00,2025-06-09,3,0,0.0,0.0,0
2025-06-09 04:00:00+00:00,2025-06-09,4,0,2.45,88.18,1
2025-06-09 05:00:00+00:00,2025-06-09,5,0,0.0,0.0,0
2025-06-09 06:00:00+00:00,2025-06-09,6,0,0.0,0.0,0
2025-06-09 07:00:00+00:00,2025-06-09,7,0,0.0,0.0,0
2025-06-09 08:00:00+00:00,2025-06-09,8,0,0.0,0.0,0
2025-06-09 09:00:00+00:00,2025-06-09,9,0,0.0,0.0,0
2025-06-09 10:00:00+00:00,2025-06-09,10,0,0.0,0.0,0
2025-06-09 11:00:00+00:00,2025-06-09,11,0,0.0,0.0,0
2025-06-09 12:00:00+00:00,2025-06-09,12,0,0.0,0.0,0
2025-06-09 13:00:00+00:00,2025-06-09,13,0,0.0,0.0,0
2025-06-09 14:00:00+00:00,2025-06-09,14,0,0.0,0.0,0
2025-06-09 15:00:00+00:00,2025-06-09,15,0,0.0,0.0,0
2025-06-09 16:00:00+00:00,2025-06-09,16,0,0.0,0.0,0
2025-06-09 17:00:00+00:00,2025-06-09,17,0,0.0,0.0,0
2025-06-09 18:00:00+00:00,2025-06-09,18,0,0.0,0.0,0
2025-06-09 19:00:00+00:00,2025-06-09,19,0,0.0,0.0,0
2025-06-09 20:00:00+00:00,2025-06-09,20,0,0.0,0.0,0
2025-06-09 21:00:00+00:00,2025-06-09,21,0,0.0,0.0,0
2025-06-09 22:00:00+00:00,2025-06-09,22,0,0.0,0.0,0
2025-06-09 23:00:00+00:00,2025-06-09,23,0,0.0,0.0,0
2025-06-10 00:00:00+00:00,2025-06-10,0,1,0.0,0.0,0
2025-06-10 01:00:00+00:00,2025-06-10,1,1,0.0,0.0,0
2025-06-10 02:00:00+00:00,2025-06-10,2,1,0.0,0.0,0
2025-06-10 03:00:00+00:00,2025-06-10,3,1,0.0,0.0,0
2025-06-10 04:00:00+00:00,2025-06-10,4,1,0.08,2.95,1
2025-06-10 05:00:00+00:00,2025-06-10,5,1,0.0,0.0,0
2025-06-10 06:00:00+00:00,2025-06-10,6,1,0.0,0.0,0
2025-06-10 07:00:00+00:00,2025-06-10,7,1,0.0,0.0,0
2025-06-10 08:00:00+00:00,2025-06-10,8,1,0.0,0.0,0
2025-06-10 09:00:00+00:00,2025-06-10,9,1,0.42,15.2,1
2025-06-10 10:00:00+00:00,2025-06-10,10,1,0.58,20.94,1
2025-06-10 11:00:00+00:00,2025-06-10,11,1,0.0,0.0,0
2025-06-10 12:00:00+00:00,2025-06-10,12,1,0.07,2.35,1
2025-06-10 13:00:00+00:00,2025-06-10,13,1,0.37,13.4,1
2025-06-10 14:00:00+00:00,2025-06-10,14,1,0.07,2.38,1
2025-06-10 15:00:00+00:00,2025-06-10,15,1,0.04,1.44,1
2025-06-10 16:00:00+00:00,2025-06-10,16,1,0.07,2.5,1
2025-06-10 17:00:00+00:00,2025-06-10,17,1,0.0,0.0,0
2025-06-10 18:00:00+00:00,2025-06-10,18,1,0.0,0.0,0
2025-06-10 19:00:00+00:00,2025-06-10,19,1,0.0,0.0,0
2025-06-10 20:00:00+00:00,2025-06-10,20,1,0.0,0.0,0
2025-06-10 21:00:00+00:00,2025-06-10,21,1,0.0,0.0,0
2025-06-10 22:00:00+00:00,2025-06-10,22,1,0.0,0.0,0
2025-06-10 23:00:00+00:00,2025-06-10,23,1,0.0,0.0,0
2025-06-11 00:00:00+00:00,2025-06-11,0,2,0.0,0.0,0
2025-06-11 01:00:00+00:00,2025-06-11,1,2,0.0,0.0,0
2025-06-11 02:00:00+00:00,2025-06-11,2,2,0.0,0.0,0
2025-06-11 03:00:00+00:00,2025-06-11,3,2,0.0,0.0,0
2025-06-11 04:00:00+00:00,2025-06-11,4,2,2.78,100.24,1
2025-06-11 05:00:00+00:00,2025-06-11,5,2,23.39,842.08,1
2025-06-11 06:00:00+00:00,2025-06-11,6,2,13.17,473.98,1
2025-06-11 07:00:00+00:00,2025-06-11,7,2,5.68,204.33,1
2025-06-11 08:00:00+00:00,2025-06-11,8,2,0.0,0.0,0
2025-06-11 09:00:00+00:00,2025-06-11,9,2,1.21,43.4,1
2025-06-11 10:00:00+00:00,2025-06-11,10,2,0.0,0.0,0
2025-06-11 11:00:00+00:00,2025-06-11,11,2,0.92,33.25,1
2025-06-11 12:00:00+00:00,2025-06-11,12,2,0.0,0.0,0
2025-06-11 13:00:00+00:00,2025-06-11,13,2,0.0,0.0,0
2025-06-11 14:00:00+00:00,2025-06-11,14,2,0.98,35.39,1
2025-06-11 15:00:00+00:00,2025-06-11,15,2,0.0,0.0,0
2025-06-11 16:00:00+00:00,2025-06-11,16,2,0.04,1.51,1
2025-06-11 17:00:00+00:00,2025-06-11,17,2,0.0,0.0,0
2025-06-11 18:00:00+00:00,2025-06-11,18,2,0.0,0.0,0
2025-06-11 19:00:00+00:00,2025-06-11,19,2,0.0,0.0,0
2025-06-11 20:00:00+00:00,2025-06-11,20,2,0.0,0.0,0
2025-06-11 21:00:00+00:00,2025-06-11,21,2,0.0,0.0,0
2025-06-11 22:00:00+00:00,2025-06-11,22,2,0.0,0.0,0
2025-06-11 23:00:00+00:00,2025-06-11,23,2,0.0,0.0,0
2025-06-12 00:00:00+00:00,2025-06-12,0,3,0.0,0.0,0
2025-06-12 01:00:00+00:00,2025-06-12,1,3,0.0,0.0,0
2025-06-12 02:00:00+00:00,2025-06-12,2,3,0.0,0.0,0
2025-06-12 03:00:00+00:00,2025-06-12,3,3,0.0,0.0,0
2025-06-12 04:00:00+00:00,2025-06-12,4,3,0.0,0.0,0
2025-06-12 05:00:00+00:00,2025-06-12,5,3,4.99,179.62,1
2025-06-12 06:00:00+00:00,2025-06-12,6,3,2.69,96.71,1
2025-06-12 07:00:00+00:00,2025-06-12,7,3,0.0,0.0,0
2025-06-12 08:00:00+00:00,2025-06-12,8,3,13.73,494.42,1
2025-06-12 09:00:00+00:00,2025-06-12,9,3,2.76,99.51,1
2025-06-12 10:00:00+00:00,2025-06-12,10,3,3.05,109.71,1
2025-06-12 11:00:00+00:00,2025-06-12,11,3,0.0,0.0,0
2025-06-12 12:00:00+00:00,2025-06-12,12,3,0.0,0.0,0
2025-06-12 13:00:00+00:00,2025-06-12,13,3,0.34,12.08,1
2025-06-12 14:00:00+00:00,2025-06-12,14,3,0.0,0.0,0
2025-06-12 15:00:00+00:00,2025-06-12,15,3,0.0,0.0,0
2025-06-12 16:00:00+00:00,2025-06-12,16,3,0.0,0.0,0
2025-06-12 17:00:00+00:00,2025-06-12,17,3,0.0,0.0,0
2025-06-12 18:00:00+00:00,2025-06-12,18,3,0.0,0.0,0
2025-06-12 19:00:00+00:00,2025-06-12,19,3,0.0,0.0,0
2025-06-12 20:00:00+00:00,2025-06-12,20,3,0.0,0.0,0
2025-06-12 21:00:00+00:00,2025-06-12,21,3,0.0,0.0,0
2025-06-12 22:00:00+00:00,2025-06-12,22,3,0.0,0.0,0
2025-06-12 23:00:00+00:00,2025-06-12,23,3,0.0,0.0,0
2025-06-13 00:00:00+00:00,2025-06-13,0,4,0.0,0.0,0
2025-06-13 01:00:00+00:00,2025-06-13,1,4,0.0,0.0,0
2025-06-13 02:00:00+00:00,2025-06-13,2,4,0.0,0.0,0
2025-06-13 03:00:00+00:00,2025-06-13,3,4,0.0,0.0,0
2025-06-13 04:00:00+00:00,2025-06-13,4,4,0.0,0.0,0
2025-06-13 05:00:00+00:00,2025-06-13,5,4,0.0,0.0,0
2025-06-13 06:00:00+00:00,2025-06-13,6,4,0.0,0.0,0
2025-06-13 07:00:00+00:00,2025-06-13,7,4,20.11,724.01,1
2025-06-13 08:00:00+00:00,2025-06-13,8,4,41.66,1499.77,1
2025-06-13 09:00:00+00:00,2025-06-13,9,4,11.45,412.16,1
2025-06-13 10:00:00+00:00,2025-06-13,10,4,0.27,9.63,1
2025-06-13 11:00:00+00:00,2025-06-13,11,4,0.92,33.12,1
2025-06-13 12:00:00+00:00,2025-06-13,12,4,0.0,0.0,0
2025-06-13 13:00:00+00:00,2025-06-13,13,4,0.0,0.0,0
2025-06-13 14:00:00+00:00,2025-06-13,14,4,0.0,0.0,0
2025-06-13 15:00:00+00:00,2025-06-13,15,4,0.0,0.0,0
2025-06-13 16:00:00+00:00,2025-06-13,16,4,0.0,0.0,0
2025-06-13 17:00:00+00:00,2025-06-13,17,4,0.57,20.63,1
2025-06-13 18:00:00+00:00,2025-06-13,18,4,0.0,0.0,0
2025-06-13 19:00:00+00:00,2025-06-13,19,4,0.0,0.0,0
2025-06-13 20:00:00+00:00,2025-06-13,20,4,0.0,0.0,0
2025-06-13 21:00:00+00:00,2025-06-13,21,4,0.0,0.0,0
2025-06-13 22:00:00+00:00,2025-06-13,22,4,0.0,0.0,0
2025-06-13 23:00:00+00:00,2025-06-13,23,4,0.0,0.0,0
2025-06-14 00:00:00+00:00,2025-06-14,0,5,0.0,0.0,0
2025-06-14 01:00:00+00:00,2025-06-14,1,5,0.0,0.0,0
2025-06-14 02:00:00+00:00,2025-06-14,2,5,0.0,0.0,0
2025-06-14 03:00:00+00:00,2025-06-14,3,5,0.0,0.0,0
2025-06-14 04:00:00+00:00,2025-06-14,4,5,0.0,0.0,0
2025-06-14 05:00:00+00:00,2025-06-14,5,5,0.0,0.0,0
2025-06-14 06:00:00+00:00,2025-06-14,6,5,0.0,0.0,0
2025-06-14 07:00:00+00:00,2025-06-14,7,5,0.0,0.0,0
2025-06-14 08:00:00+00:00,2025-06-14,8,5,0.0,0.0,0
2025-06-14 09:00:00+00:00,2025-06-14,9,5,0.0,0.0,0
2025-06-14 10:00:00+00:00,2025-06-14,10,5,0.0,0.0,0
2025-06-14 11:00:00+00:00,2025-06-14,11,5,0.0,0.0,0
2025-06-14 12:00:00+00:00,2025-06-14,12,5,0.0,0.0,0
2025-06-14 13:00:00+00:00,2025-06-14,13,5,0.0,0.0,0
2025-06-14 14:00:00+00:00,2025-06-14,14,5,0.0,0.0,0
2025-06-14 15:00:00+00:00,2025-06-14,15,5,0.0,0.0,0
2025-06-14 16:00:00+00:00,2025-06-14,16,5,0.0,0.0,0
2025-06-14 17:00:00+00:00,2025-06-14,17,5,0.0,0.0,0
2025-06-14 18:00:00+00:00,2025-06-14,18,5,0.0,0.0,0
2025-06-14 19:00:00+00:00,2025-06-14,19,5,0.0,0.0,0
2025-06-14 20:00:00+00:00,2025-06-14,20,5,0.0,0.0,0
2025-06-14 21:00:00+00:00,2025-06-14,21,5,0.0,0.0,0
2025-06-14 22:00:00+00:00,2025-06-14,22,5,0.0,0.0,0
2025-06-14 23:00:00+00:00,2025-06-14,23,5,0.0,0.0,0
2025-06-15 00:00:00+00:00,2025-06-15,0,6,0.0,0.0,0
2025-06-15 01:00:00+00:00,2025-06-15,1,6,0.0,0.0,0
2025-06-15 02:00:00+00:00,2025-06-15,2,6,0.0,0.0,0
2025-06-15 03:00:00+00:00,2025-06-15,3,6,0.0,0.0,0
2025-06-15 04:00:00+00:00,2025-06-15,4,6,0.0,0.0,0
2025-06-15 05:00:00+00:00,2025-06-15,5,6,0.0,0.0,0
2025-06-15 06:00:00+00:00,2025-06-15,6,6,0.0,0.0,0
2025-06-15 07:00:00+00:00,2025-06-15,7,6,0.0,0.0,0
2025-06-15 08:00:00+00:00,2025-06-15,8,6,0.0,0.0,0
2025-06-15 09:00:00+00:00,2025-06-15,9,6,0.0,0.0,0
2025-06-15 10:00:00+00:00,2025-06-15,10,6,0.0,0.0,0
2025-06-15 11:00:00+00:00,2025-06-15,11,6,0.0,0.0,0
2025-06-15 12:00:00+00:00,2025-06-15,12,6,0.0,0.0,0
2025-06-15 13:00:00+00:00,2025-06-15,13,6,0.0,0.0,0
2025-06-15 14:00:00+00:00,2025-06-15,14,6,0.0,0.0,0
2025-06-15 15:00:00+00:00,2025-06-15,15,6,0.0,0.0,0
2025-06-15 16:00:00+00:00,2025-06-15,16,6,0.0,0.0,0
2025-06-15 17:00:00+00:00,2025-06-15,17,6,0.0,0.0,0
2025-06-15 18:00:00+00:00,2025-06-15,18,6,0.0,0.0,0
2025-06-15 19:00:00+00:00,2025-06-15,19,6,0.0,0.0,0
2025-06-15 20:00:00+00:00,2025-06-15,20,6,0.0,0.0,0
2025-06-15 21:00:00+00:00,2025-06-15,21,6,0.0,0.0,0
2025-06-15 22:00:00+00:00,2025-06-15,22,6,0.0,0.0,0
2025-06-15 23:00:00+00:00,2025-06-15,23,6,0.0,0.0,0
2025-06-16 00:00:00+00:00,2025-06-16,0,0,0.0,0.0,0
2025-06-16 01:00:00+00:00,2025-06-16,1,0,0.0,0.0,0
2025-06-16 02:00:00+00:00,2025-06-16,2,0,0.0,0.0,0
2025-06-16 03:00:00+00:00,2025-06-16,3,0,0.0,0.0,0
2025-06-16 04:00:00+00:00,2025-06-16,4,0,0.0,0.0,0
2025-06-16 05:00:00+00:00,2025-06-16,5,0,0.0,0.0,0
2025-06-16 06:00:00+00:00,2025-06-16,6,0,0.0,0.0,0
2025-06-16 07:00:00+00:00,2025-06-16,7,0,0.0,0.0,0
2025-06-16 08:00:00+00:00,2025-06-16,8,0,0.0,0.0,0
2025-06-16 09:00:00+00:00,2025-06-16,9,0,0.23,8.25,1
2025-06-16 10:00:00+00:00,2025-06-16,10,0,0.31,11.02,1
2025-06-16 11:00:00+00:00,2025-06-16,11,0,0.0,0.0,0
2025-06-16 12:00:00+00:00,2025-06-16,12,0,0.0,0.0,0
2025-06-16 13:00:00+00:00,2025-06-16,13,0,0.0,0.0,0
2025-06-16 14:00:00+00:00,2025-06-16,14,0,0.0,0.0,0
2025-06-16 15:00:00+00:00,2025-06-16,15,0,0.0,0.0,0
2025-06-16 16:00:00+00:00,2025-06-16,16,0,0.0,0.0,0
2025-06-16 17:00:00+00:00,2025-06-16,17,0,0.0,0.0,0
2025-06-16 18:00:00+00:00,2025-06-16,18,0,0.0,0.0,0
2025-06-16 19:00:00+00:00,2025-06-16,19,0,0.0,0.0,0
2025-06-16 20:00:00+00:00,2025-06-16,20,0,0.0,0.0,0
2025-06-16 21:00:00+00:00,2025-06-16,21,0,0.0,0.0,0
2025-06-16 22:00:00+00:00,2025-06-16,22,0,0.0,0.0,0
2025-06-16 23:00:00+00:00,2025-06-16,23,0,0.0,0.0,0
2025-06-17 00:00:00+00:00,2025-06-17,0,1,0.0,0.0,0
2025-06-17 01:00:00+00:00,2025-06-17,1,1,0.0,0.0,0
2025-06-17 02:00:00+00:00,2025-06-17,2,1,0.0,0.0,0
2025-06-17 03:00:00+00:00,2025-06-17,3,1,0.0,0.0,0
2025-06-17 04:00:00+00:00,2025-06-17,4,1,0.0,0.0,0
2025-06-17 05:00:00+00:00,2025-06-17,5,1,0.0,0.0,0
2025-06-17 06:00:00+00:00,2025-06-17,6,1,0.0,0.0,0
2025-06-17 07:00:00+00:00,2025-06-17,7,1,0.0,0.0,0
2025-06-17 08:00:00+00:00,2025-06-17,8,1,1.53,55.14,1
2025-06-17 09:00:00+00:00,2025-06-17,9,1,20.0,720.0,1
2025-06-17 10:00:00+00:00,2025-06-17,10,1,9.74,350.54,1
2025-06-17 11:00:00+00:00,2025-06-17,11,1,0.0,0.0,0
2025-06-17 12:00:00+00:00,2025-06-17,12,1,0.0,0.0,0
2025-06-17 13:00:00+00:00,2025-06-17,13,1,0.0,0.0,0
2025-06-17 14:00:00+00:00,2025-06-17,14,1,0.0,0.0,0
2025-06-17 15:00:00+00:00,2025-06-17,15,1,0.0,0.0,0
2025-06-17 16:00:00+00:00,2025-06-17,16,1,0.0,0.0,0
2025-06-17 17:00:00+00:00,2025-06-17,17,1,0.0,0.0,0
2025-06-17 18:00:00+00:00,2025-06-17,18,1,0.0,0.0,0
2025-06-17 19:00:00+00:00,2025-06-17,19,1,0.0,0.0,0
2025-06-17 20:00:00+00:00,2025-06-17,20,1,0.0,0.0,0
2025-06-17 21:00:00+00:00,2025-06-17,21,1,0.0,0.0,0
2025-06-17 22:00:00+00:00,2025-06-17,22,1,0.0,0.0,0
2025-06-17 23:00:00+00:00,2025-06-17,23,1,0.0,0.0,0
2025-06-18 00:00:00+00:00,2025-06-18,0,2,0.0,0.0,0
2025-06-18 01:00:00+00:00,2025-06-18,1,2,0.0,0.0,0
2025-06-18 02:00:00+00:00,2025-06-18,2,2,0.0,0.0,0
2025-06-18 03:00:00+00:00,2025-06-18,3,2,0.0,0.0,0
2025-06-18 04:00:00+00:00,2025-06-18,4,2,11.12,400.32,1
2025-06-18 05:00:00+00:00,2025-06-18,5,2,1.62,58.15,1
2025-06-18 06:00:00+00:00,2025-06-18,6,2,0.0,0.0,0
2025-06-18 07:00:00+00:00,2025-06-18,7,2,0.0,0.0,0
2025-06-18 08:00:00+00:00,2025-06-18,8,2,0.0,0.0,0
2025-06-18 09:00:00+00:00,2025-06-18,9,2,0.0,0.0,0
2025-06-18 10:00:00+00:00,2025-06-18,10,2,0.0,0.0,0
2025-06-18 11:00:00+00:00,2025-06-18,11,2,0.0,0.0,0
2025-06-18 12:00:00+00:00,2025-06-18,12,2,0.0,0.0,0
2025-06-18 13:00:00+00:00,2025-06-18,13,2,0.0,0.0,0
2025-06-18 14:00:00+00:00,2025-06-18,14,2,0.0,0.0,0
2025-06-18 15:00:00+00:00,2025-06-18,15,2,0.0,0.0,0
2025-06-18 16:00:00+00:00,2025-06-18,16,2,0.0,0.0,0
2025-06-18 17:00:00+00:00,2025-06-18,17,2,0.0,0.0,0
2025-06-18 18:00:00+00:00,2025-06-18,18,2,0.0,0.0,0
2025-06-18 19:00:00+00:00,2025-06-18,19,2,0.0,0.0,0
2025-06-18 20:00:00+00:00,2025-06-18,20,2,0.0,0.0,0
2025-06-18 21:00:00+00:00,2025-06-18,21,2,0.0,0.0,0
2025-06-18 22:00:00+00:00,2025-06-18,22,2,0.0,0.0,0
2025-06-18 23:00:00+00:00,2025-06-18,23,2,0.0,0.0,0
2025-06-19 00:00:00+00:00,2025-06-19,0,3,0.0,0.0,0
2025-06-19 01:00:00+00:00,2025-06-19,1,3,0.0,0.0,0
2025-06-19 02:00:00+00:00,2025-06-19,2,3,0.0,0.0,0
2025-06-19 03:00:00+00:00,2025-06-19,3,3,0.0,0.0,0
2025-06-19 04:00:00+00:00,2025-06-19,4,3,0.0,0.0,0
2025-06-19 05:00:00+00:00,2025-06-19,5,3,0.0,0.0,0
2025-06-19 06:00:00+00:00,2025-06-19,6,3,0.0,0.0,0
2025-06-19 07:00:00+00:00,2025-06-19,7,3,0.0,0.0,0
2025-06-19 08:00:00+00:00,2025-06-19,8,3,0.0,0.0,0
2025-06-19 09:00:00+00:00,2025-06-19,9,3,0.0,0.0,0
2025-06-19 10:00:00+00:00,2025-06-19,10,3,0.27,9.63,1
2025-06-19 11:00:00+00:00,2025-06-19,11,3,0.0,0.0,0
2025-06-19 12:00:00+00:00,2025-06-19,12,3,0.0,0.0,0
2025-06-19 13:00:00+00:00,2025-06-19,13,3,0.0,0.0,0
2025-06-19 14:00:00+00:00,2025-06-19,14,3,0.0,0.0,0
2025-06-19 15:00:00+00:00,2025-06-19,15,3,0.0,0.0,0
2025-06-19 16:00:00+00:00,2025-06-19,16,3,0.0,0.0,0
2025-06-19 17:00:00+00:00,2025-06-19,17,3,0.0,0.0,0
2025-06-19 18:00:00+00:00,2025-06-19,18,3,0.0,0.0,0
2025-06-19 19:00:00+00:00,2025-06-19,19,3,0.0,0.0,0
2025-06-19 20:00:00+00:00,2025-06-19,20,3,0.0,0.0,0
2025-06-19 21:00:00+00:00,2025-06-19,21,3,0.0,0.0,0
2025-06-19 22:00:00+00:00,2025-06-19,22,3,0.0,0.0,0
2025-06-19 23:00:00+00:00,2025-06-19,23,3,0.0,0.0,0
2025-06-20 00:00:00+00:00,2025-06-20,0,4,0.0,0.0,0
2025-06-20 01:00:00+00:00,2025-06-20,1,4,0.0,0.0,0
2025-06-20 02:00:00+00:00,2025-06-20,2,4,0.0,0.0,0
2025-06-20 03:00:00+00:00,2025-06-20,3,4,0.0,0.0,0
2025-06-20 04:00:00+00:00,2025-06-20,4,4,0.0,0.0,0
2025-06-20 05:00:00+00:00,2025-06-20,5,4,0.0,0.0,0
2025-06-20 06:00:00+00:00,2025-06-20,6,4,0.09,3.19,1
2025-06-20 07:00:00+00:00,2025-06-20,7,4,0.0,0.0,0
2025-06-20 08:00:00+00:00,2025-06-20,8,4,0.0,0.0,0
2025-06-20 09:00:00+00:00,2025-06-20,9,4,0.0,0.0,0
2025-06-20 10:00:00+00:00,2025-06-20,10,4,0.0,0.0,0
2025-06-20 11:00:00+00:00,2025-06-20,11,4,0.0,0.0,0
2025-06-20 12:00:00+00:00,2025-06-20,12,4,0.0,0.0,0
2025-06-20 13:00:00+00:00,2025-06-20,13,4,0.0,0.0,0
2025-06-20 14:00:00+00:00,2025-06-20,14,4,0.0,0.0,0
2025-06-20 15:00:00+00:00,2025-06-20,15,4,0.0,0.0,0
2025-06-20 16:00:00+00:00,2025-06-20,16,4,0.0,0.0,0
2025-06-20 17:00:00+00:00,2025-06-20,17,4,0.0,0.0,0
2025-06-20 18:00:00+00:00,2025-06-20,18,4,0.0,0.0,0
2025-06-20 19:00:00+00:00,2025-06-20,19,4,0.0,0.0,0
2025-06-20 20:00:00+00:00,2025-06-20,20,4,0.0,0.0,0
2025-06-20 21:00:00+00:00,2025-06-20,21,4,0.0,0.0,0
2025-06-20 22:00:00+00:00,2025-06-20,22,4,0.0,0.0,0
2025-06-20 23:00:00+00:00,2025-06-20,23,4,0.0,0.0,0
2025-06-21 00:00:00+00:00,2025-06-21,0,5,0.0,0.0,0
2025-06-21 01:00:00+00:00,2025-06-21,1,5,0.0,0.0,0
2025-06-21 02:00:00+00:00,2025-06-21,2,5,0.0,0.0,0
2025-06-21 03:00:00+00:00,2025-06-21,3,5,0.0,0.0,0
2025-06-21 04:00:00+00:00,2025-06-21,4,5,0.0,0.0,0
2025-06-21 05:00:00+00:00,2025-06-21,5,5,0.0,0.0,0
2025-06-21 06:00:00+00:00,2025-06-21,6,5,0.0,0.0,0
2025-06-21 07:00:00+00:00,2025-06-21,7,5,0.0,0.0,0
2025-06-21 08:00:00+00:00,2025-06-21,8,5,0.0,0.0,0
2025-06-21 09:00:00+00:00,2025-06-21,9,5,0.0,0.0,0
2025-06-21 10:00:00+00:00,2025-06-21,10,5,0.0,0.0,0
2025-06-21 11:00:00+00:00,2025-06-21,11,5,0.0,0.0,0
2025-06-21 12:00:00+00:00,2025-06-21,12,5,0.0,0.0,0
2025-06-21 13:00:00+00:00,2025-06-21,13,5,0.0,0.0,0
2025-06-21 14:00:00+00:00,2025-06-21,14,5,0.0,0.0,0
2025-06-21 15:00:00+00:00,2025-06-21,15,5,0.0,0.0,0
2025-06-21 16:00:00+00:00,2025-06-21,16,5,0.0,0.0,0
2025-06-21 17:00:00+00:00,2025-06-21,17,5,0.0,0.0,0
2025-06-21 18:00:00+00:00,2025-06-21,18,5,0.0,0.0,0
2025-06-21 19:00:00+00:00,2025-06-21,19,5,0.0,0.0,0
2025-06-21 20:00:00+00:00,2025-06-21,20,5,0.0,0.0,0
2025-06-21 21:00:00+00:00,2025-06-21,21,5,0.0,0.0,0
2025-06-21 22:00:00+00:00,2025-06-21,22,5,0.0,0.0,0
2025-06-21 23:00:00+00:00,2025-06-21,23,5,0.0,0.0,0
2025-06-22 00:00:00+00:00,2025-06-22,0,6,0.0,0.0,0
2025-06-22 01:00:00+00:00,2025-06-22,1,6,0.0,0.0,0
2025-06-22 02:00:00+00:00,2025-06-22,2,6,0.0,0.0,0
2025-06-22 03:00:00+00:00,2025-06-22,3,6,0.0,0.0,0
2025-06-22 04:00:00+00:00,2025-06-22,4,6,0.0,0.0,0
2025-06-22 05:00:00+00:00,2025-06-22,5,6,0.0,0.0,0
2025-06-22 06:00:00+00:00,2025-06-22,6,6,0.0,0.0,0
2025-06-22 07:00:00+00:00,2025-06-22,7,6,0.0,0.0,0
2025-06-22 08:00:00+00:00,2025-06-22,8,6,0.0,0.0,0
2025-06-22 09:00:00+00:00,2025-06-22,9,6,0.0,0.0,0
2025-06-22 10:00:00+00:00,2025-06-22,10,6,0.0,0.0,0
2025-06-22 11:00:00+00:00,2025-06-22,11,6,0.0,0.0,0
2025-06-22 12:00:00+00:00,2025-06-22,12,6,0.0,0.0,0
2025-06-22 13:00:00+00:00,2025-06-22,13,6,0.0,0.0,0
2025-06-22 14:00:00+00:00,2025-06-22,14,6,0.0,0.0,0
2025-06-22 15:00:00+00:00,2025-06-22,15,6,0.0,0.0,0
2025-06-22 16:00:00+00:00,2025-06-22,16,6,0.0,0.0,0
2025-06-22 17:00:00+00:00,2025-06-22,17,6,0.0,0.0,0
2025-06-22 18:00:00+00:00,2025-06-22,18,6,0.0,0.0,0
2025-06-22 19:00:00+00:00,2025-06-22,19,6,0.0,0.0,0
2025-06-22 20:00:00+00:00,2025-06-22,20,6,0.0,0.0,0
2025-06-22 21:00:00+00:00,2025-06-22,21,6,0.0,0.0,0
2025-06-22 22:00:00+00:00,2025-06-22,22,6,0.0,0.0,0
2025-06-22 23:00:00+00:00,2025-06-22,23,6,0.0,0.0,0
2025-06-23 00:00:00+00:00,2025-06-23,0,0,0.0,0.0,0
2025-06-23 01:00:00+00:00,2025-06-23,1,0,0.0,0.0,0
2025-06-23 02:00:00+00:00,2025-06-23,2,0,0.0,0.0,0
2025-06-23 03:00:00+00:00,2025-06-23,3,0,0.0,0.0,0
2025-06-23 04:00:00+00:00,2025-06-23,4,0,0.0,0.0,0
2025-06-23 05:00:00+00:00,2025-06-23,5,0,0.0,0.0,0
2025-06-23 06:00:00+00:00,2025-06-23,6,0,0.0,0.0,0
2025-06-23 07:00:00+00:00,2025-06-23,7,0,0.0,0.0,0
2025-06-23 08:00:00+00:00,2025-06-23,8,0,0.0,0.0,0
2025-06-23 09:00:00+00:00,2025-06-23,9,0,0.0,0.0,0
2025-06-23 10:00:00+00:00,2025-06-23,10,0,0.0,0.0,0
2025-06-23 11:00:00+00:00,2025-06-23,11,0,3.21,115.6,1
2025-06-23 12:00:00+00:00,2025-06-23,12,0,0.0,0.0,0
2025-06-23 13:00:00+00:00,2025-06-23,13,0,0.0,0.0,0
2025-06-23 14:00:00+00:00,2025-06-23,14,0,0.0,0.0,0
2025-06-23 15:00:00+00:00,2025-06-23,15,0,0.0,0.0,0
2025-06-23 16:00:00+00:00,2025-06-23,16,0,0.0,0.0,0
2025-06-23 17:00:00+00:00,2025-06-23,17,0,0.0,0.0,0
2025-06-23 18:00:00+00:00,2025-06-23,18,0,0.0,0.0,0
2025-06-23 19:00:00+00:00,2025-06-23,19,0,0.0,0.0,0
2025-06-23 20:00:00+00:00,2025-06-23,20,0,0.0,0.0,0
2025-06-23 21:00:00+00:00,2025-06-23,21,0,0.0,0.0,0
2025-06-23 22:00:00+00:00,2025-06-23,22,0,0.0,0.0,0
2025-06-23 23:00:00+00:00,2025-06-23,23,0,0.0,0.0,0
2025-06-24 00:00:00+00:00,2025-06-24,0,1,0.0,0.0,0
2025-06-24 01:00:00+00:00,2025-06-24,1,1,0.0,0.0,0
2025-06-24 02:00:00+00:00,2025-06-24,2,1,0.0,0.0,0
2025-06-24 03:00:00+00:00,2025-06-24,3,1,0.0,0.0,0
2025-06-24 04:00:00+00:00,2025-06-24,4,1,0.0,0.0,0
2025-06-24 05:00:00+00:00,2025-06-24,5,1,0.0,0.0,0
2025-06-24 06:00:00+00:00,2025-06-24,6,1,0.0,0.0,0
2025-06-24 07:00:00+00:00,2025-06-24,7,1,0.0,0.0,0
2025-06-24 08:00:00+00:00,2025-06-24,8,1,0.0,0.0,0
2025-06-24 09:00:00+00:00,2025-06-24,9,1,0.0,0.0,0
2025-06-24 10:00:00+00:00,2025-06-24,10,1,0.0,0.0,0
2025-06-24 11:00:00+00:00,2025-06-24,11,1,0.0,0.0,0
2025-06-24 12:00:00+00:00,2025-06-24,12,1,0.0,0.0,0
2025-06-24 13:00:00+00:00,2025-06-24,13,1,0.0,0.0,0
2025-06-24 14:00:00+00:00,2025-06-24,14,1,0.0,0.0,0
2025-06-24 15:00:00+00:00,2025-06-24,15,1,0.0,0.0,0
2025-06-24 16:00:00+00:00,2025-06-24,16,1,0.0,0.0,0
2025-06-24 17:00:00+00:00,2025-06-24,17,1,0.0,0.0,0
2025-06-24 18:00:00+00:00,2025-06-24,18,1,0.0,0.0,0
2025-06-24 19:00:00+00:00,2025-06-24,19,1,0.0,0.0,0
2025-06-24 20:00:00+00:00,2025-06-24,20,1,0.0,0.0,0
2025-06-24 21:00:00+00:00,2025-06-24,21,1,0.0,0.0,0
2025-06-24 22:00:00+00:00,2025-06-24,22,1,0.0,0.0,0
2025-06-24 23:00:00+00:00,2025-06-24,23,1,0.0,0.0,0
2025-06-25 00:00:00+00:00,2025-06-25,0,2,0.0,0.0,0
2025-06-25 01:00:00+00:00,2025-06-25,1,2,0.0,0.0,0
2025-06-25 02:00:00+00:00,2025-06-25,2,2,0.0,0.0,0
2025-06-25 03:00:00+00:00,2025-06-25,3,2,0.0,0.0,0
2025-06-25 04:00:00+00:00,2025-06-25,4,2,0.0,0.0,0
2025-06-25 05:00:00+00:00,2025-06-25,5,2,0.0,0.0,0
2025-06-25 06:00:00+00:00,2025-06-25,6,2,0.0,0.0,0
2025-06-25 07:00:00+00:00,2025-06-25,7,2,0.26,9.22,1
2025-06-25 08:00:00+00:00,2025-06-25,8,2,0.06,2.1,1
2025-06-25 09:00:00+00:00,2025-06-25,9,2,0.36,12.79,1
2025-06-25 10:00:00+00:00,2025-06-25,10,2,0.0,0.0,0
2025-06-25 11:00:00+00:00,2025-06-25,11,2,0.0,0.0,0
2025-06-25 12:00:00+00:00,2025-06-25,12,2,0.0,0.0,0
2025-06-25 13:00:00+00:00,2025-06-25,13,2,0.0,0.0,0
2025-06-25 14:00:00+00:00,2025-06-25,14,2,0.0,0.0,0
2025-06-25 15:00:00+00:00,2025-06-25,15,2,0.0,0.0,0
2025-06-25 16:00:00+00:00,2025-06-25,16,2,0.0,0.0,0
2025-06-25 17:00:00+00:00,2025-06-25,17,2,0.0,0.0,0
2025-06-25 18:00:00+00:00,2025-06-25,18,2,0.0,0.0,0
2025-06-25 19:00:00+00:00,2025-06-25,19,2,0.0,0.0,0
2025-06-25 20:00:00+00:00,2025-06-25,20,2,0.0,0.0,0
2025-06-25 21:00:00+00:00,2025-06-25,21,2,0.0,0.0,0
2025-06-25 22:00:00+00:00,2025-06-25,22,2,0.0,0.0,0
2025-06-25 23:00:00+00:00,2025-06-25,23,2,0.0,0.0,0
2025-06-26 00:00:00+00:00,2025-06-26,0,3,0.0,0.0,0
2025-06-26 01:00:00+00:00,2025-06-26,1,3,0.0,0.0,0
2025-06-26 02:00:00+00:00,2025-06-26,2,3,0.0,0.0,0
2025-06-26 03:00:00+00:00,2025-06-26,3,3,0.0,0.0,0
2025-06-26 04:00:00+00:00,2025-06-26,4,3,0.0,0.0,0
2025-06-26 05:00:00+00:00,2025-06-26,5,3,0.0,0.0,0
2025-06-26 06:00:00+00:00,2025-06-26,6,3,0.0,0.0,0
2025-06-26 07:00:00+00:00,2025-06-26,7,3,0.0,0.0,0
2025-06-26 08:00:00+00:00,2025-06-26,8,3,0.0,0.0,0
2025-06-26 09:00:00+00:00,2025-06-26,9,3,0.05,1.67,1
2025-06-26 10:00:00+00:00,2025-06-26,10,3,0.16,5.73,1
2025-06-26 11:00:00+00:00,2025-06-26,11,3,0.39,14.2,1
2025-06-26 12:00:00+00:00,2025-06-26,12,3,0.0,0.0,0
2025-06-26 13:00:00+00:00,2025-06-26,13,3,0.0,0.0,0
2025-06-26 14:00:00+00:00,2025-06-26,14,3,0.0,0.0,0
2025-06-26 15:00:00+00:00,2025-06-26,15,3,0.0,0.0,0
2025-06-26 16:00:00+00:00,2025-06-26,16,3,0.0,0.0,0
2025-06-26 17:00:00+00:00,2025-06-26,17,3,0.0,0.0,0
2025-06-26 18:00:00+00:00,2025-06-26,18,3,0.0,0.0,0
2025-06-26 19:00:00+00:00,2025-06-26,19,3,0.0,0.0,0
2025-06-26 20:00:00+00:00,2025-06-26,20,3,0.0,0.0,0
2025-06-26 21:00:00+00:00,2025-06-26,21,3,0.0,0.0,0
2025-06-26 22:00:00+00:00,2025-06-26,22,3,0.0,0.0,0
2025-06-26 23:00:00+00:00,2025-06-26,23,3,0.0,0.0,0
2025-06-27 00:00:00+00:00,2025-06-27,0,4,0.0,0.0,0
2025-06-27 01:00:00+00:00,2025-06-27,1,4,0.0,0.0,0
2025-06-27 02:00:00+00:00,2025-06-27,2,4,0.0,0.0,0
2025-06-27 03:00:00+00:00,2025-06-27,3,4,0.0,0.0,0
2025-06-27 04:00:00+00:00,2025-06-27,4,4,0.0,0.0,0
2025-06-27 05:00:00+00:00,2025-06-27,5,4,0.0,0.0,0
2025-06-27 06:00:00+00:00,2025-06-27,6,4,0.0,0.0,0
2025-06-27 07:00:00+00:00,2025-06-27,7,4,0.05,1.82,1
2025-06-27 08:00:00+00:00,2025-06-27,8,4,0.0,0.0,0
2025-06-27 09:00:00+00:00,2025-06-27,9,4,0.0,0.0,0
2025-06-27 10:00:00+00:00,2025-06-27,10,4,0.0,0.0,0
2025-06-27 11:00:00+00:00,2025-06-27,11,4,0.0,0.0,0
2025-06-27 12:00:00+00:00,2025-06-27,12,4,0.0,0.0,0
2025-06-27 13:00:00+00:00,2025-06-27,13,4,0.0,0.0,0
2025-06-27 14:00:00+00:00,2025-06-27,14,4,0.0,0.0,0
2025-06-27 15:00:00+00:00,2025-06-27,15,4,0.0,0.0,0
2025-06-27 16:00:00+00:00,2025-06-27,16,4,0.0,0.0,0
2025-06-27 17:00:00+00:00,2025-06-27,17,4,0.0,0.0,0
2025-06-27 18:00:00+00:00,2025-06-27,18,4,0.0,0.0,0
2025-06-27 19:00:00+00:00,2025-06-27,19,4,0.0,0.0,0
2025-06-27 20:00:00+00:00,2025-06-27,20,4,0.0,0.0,0
2025-06-27 21:00:00+00:00,2025-06-27,21,4,0.0,0.0,0
2025-06-27 22:00:00+00:00,2025-06-27,22,4,0.0,0.0,0
2025-06-27 23:00:00+00:00,2025-06-27,23,4,0.0,0.0,0
2025-06-28 00:00:00+00:00,2025-06-28,0,5,0.0,0.0,0
2025-06-28 01:00:00+00:00,2025-06-28,1,5,0.0,0.0,0
2025-06-28 02:00:00+00:00,2025-06-28,2,5,0.0,0.0,0
2025-06-28 03:00:00+00:00,2025-06-28,3,5,0.0,0.0,0
2025-06-28 04:00:00+00:00,2025-06-28,4,5,0.0,0.0,0
2025-06-28 05:00:00+00:00,2025-06-28,5,5,0.0,0.0,0
2025-06-28 06:00:00+00:00,2025-06-28,6,5,0.0,0.0,0
2025-06-28 07:00:00+00:00,2025-06-28,7,5,0.0,0.0,0
2025-06-28 08:00:00+00:00,2025-06-28,8,5,0.0,0.0,0
2025-06-28 09:00:00+00:00,2025-06-28,9,5,0.0,0.0,0
2025-06-28 10:00:00+00:00,2025-06-28,10,5,0.0,0.0,0
2025-06-28 11:00:00+00:00,2025-06-28,11,5,0.0,0.0,0
2025-06-28 12:00:00+00:00,2025-06-28,12,5,0.0,0.0,0
2025-06-28 13:00:00+00:00,2025-06-28,13,5,0.0,0.0,0
2025-06-28 14:00:00+00:00,2025-06-28,14,5,0.0,0.0,0
2025-06-28 15:00:00+00:00,2025-06-28,15,5,0.0,0.0,0
2025-06-28 16:00:00+00:00,2025-06-28,16,5,0.0,0.0,0
2025-06-28 17:00:00+00:00,2025-06-28,17,5,0.0,0.0,0
2025-06-28 18:00:00+00:00,2025-06-28,18,5,0.0,0.0,0
2025-06-28 19:00:00+00:00,2025-06-28,19,5,0.0,0.0,0
2025-06-28 20:00:00+00:00,2025-06-28,20,5,0.0,0.0,0
2025-06-28 21:00:00+00:00,2025-06-28,21,5,0.0,0.0,0
2025-06-28 22:00:00+00:00,2025-06-28,22,5,0.0,0.0,0
2025-06-28 23:00:00+00:00,2025-06-28,23,5,0.0,0.0,0
2025-06-29 00:00:00+00:00,2025-06-29,0,6,0.0,0.0,0
2025-06-29 01:00:00+00:00,2025-06-29,1,6,0.0,0.0,0
2025-06-29 02:00:00+00:00,2025-06-29,2,6,0.0,0.0,0
2025-06-29 03:00:00+00:00,2025-06-29,3,6,0.0,0.0,0
2025-06-29 04:00:00+00:00,2025-06-29,4,6,0.0,0.0,0
2025-06-29 05:00:00+00:00,2025-06-29,5,6,0.0,0.0,0
2025-06-29 06:00:00+00:00,2025-06-29,6,6,0.0,0.0,0
2025-06-29 07:00:00+00:00,2025-06-29,7,6,0.0,0.0,0
2025-06-29 08:00:00+00:00,2025-06-29,8,6,0.0,0.0,0
2025-06-29 09:00:00+00:00,2025-06-29,9,6,0.0,0.0,0
2025-06-29 10:00:00+00:00,2025-06-29,10,6,0.0,0.0,0
2025-06-29 11:00:00+00:00,2025-06-29,11,6,0.0,0.0,0
2025-06-29 12:00:00+00:00,2025-06-29,12,6,0.0,0.0,0
2025-06-29 13:00:00+00:00,2025-06-29,13,6,0.0,0.0,0
2025-06-29 14:00:00+00:00,2025-06-29,14,6,0.0,0.0,0
2025-06-29 15:00:00+00:00,2025-06-29,15,6,0.0,0.0,0
2025-06-29 16:00:00+00:00,2025-06-29,16,6,0.0,0.0,0
2025-06-29 17:00:00+00:00,2025-06-29,17,6,0.0,0.0,0
2025-06-29 18:00:00+00:00,2025-06-29,18,6,0.0,0.0,0
2025-06-29 19:00:00+00:00,2025-06-29,19,6,0.0,0.0,0
2025-06-29 20:00:00+00:00,2025-06-29,20,6,0.0,0.0,0
2025-06-29 21:00:00+00:00,2025-06-29,21,6,0.0,0.0,0
2025-06-29 22:00:00+00:00,2025-06-29,22,6,0.0,0.0,0
2025-06-29 23:00:00+00:00,2025-06-29,23,6,0.0,0.0,0
2025-06-30 00:00:00+00:00,2025-06-30,0,0,0.0,0.0,0
2025-06-30 01:00:00+00:00,2025-06-30,1,0,0.0,0.0,0
2025-06-30 02:00:00+00:00,2025-06-30,2,0,0.0,0.0,0
2025-06-30 03:00:00+00:00,2025-06-30,3,0,0.0,0.0,0
2025-06-30 04:00:00+00:00,2025-06-30,4,0,0.0,0.0,0
2025-06-30 05:00:00+00:00,2025-06-30,5,0,0.0,0.0,0
2025-06-30 06:00:00+00:00,2025-06-30,6,0,1.87,67.29,1
2025-06-30 07:00:00+00:00,2025-06-30,7,0,0.0,0.0,0
2025-06-30 08:00:00+00:00,2025-06-30,8,0,0.0,0.0,0
2025-06-30 09:00:00+00:00,2025-06-30,9,0,0.27,9.81,1
2025-06-30 10:00:00+00:00,2025-06-30,10,0,0.0,0.0,0
2025-06-30 11:00:00+00:00,2025-06-30,11,0,0.0,0.0,0
2025-06-30 12:00:00+00:00,2025-06-30,12,0,0.0,0.0,0
2025-06-30 13:00:00+00:00,2025-06-30,13,0,0.0,0.0,0
2025-06-30 14:00:00+00:00,2025-06-30,14,0,0.0,0.0,0
2025-06-30 15:00:00+00:00,2025-06-30,15,0,0.0,0.0,0
2025-06-30 16:00:00+00:00,2025-06-30,16,0,0.0,0.0,0
2025-06-30 17:00:00+00:00,2025-06-30,17,0,0.0,0.0,0
2025-06-30 18:00:00+00:00,2025-06-30,18,0,0.0,0.0,0
2025-06-30 19:00:00+00:00,2025-06-30,19,0,0.0,0.0,0
2025-06-30 20:00:00+00:00,2025-06-30,20,0,0.0,0.0,0
2025-06-30 21:00:00+00:00,2025-06-30,21,0,0.0,0.0,0
2025-06-30 22:00:00+00:00,2025-06-30,22,0,0.0,0.0,0
2025-06-30 23:00:00+00:00,2025-06-30,23,0,0.0,0.0,0
2025-07-01 00:00:00+00:00,2025-07-01,0,1,0.0,0.0,0
2025-07-01 01:00:00+00:00,2025-07-01,1,1,0.0,0.0,0
2025-07-01 02:00:00+00:00,2025-07-01,2,1,0.0,0.0,0
2025-07-01 03:00:00+00:00,2025-07-01,3,1,0.0,0.0,0
2025-07-01 04:00:00+00:00,2025-07-01,4,1,0.0,0.0,0
2025-07-01 05:00:00+00:00,2025-07-01,5,1,0.0,0.0,0
2025-07-01 06:00:00+00:00,2025-07-01,6,1,0.0,0.0,0
2025-07-01 07:00:00+00:00,2025-07-01,7,1,0.0,0.0,0
2025-07-01 08:00:00+00:00,2025-07-01,8,1,0.0,0.0,0
2025-07-01 09:00:00+00:00,2025-07-01,9,1,0.28,10.06,1
2025-07-01 10:00:00+00:00,2025-07-01,10,1,0.0,0.0,0
2025-07-01 11:00:00+00:00,2025-07-01,11,1,0.0,0.0,0
2025-07-01 12:00:00+00:00,2025-07-01,12,1,0.0,0.0,0
2025-07-01 13:00:00+00:00,2025-07-01,13,1,0.0,0.0,0
2025-07-01 14:00:00+00:00,2025-07-01,14,1,0.0,0.0,0
2025-07-01 15:00:00+00:00,2025-07-01,15,1,0.0,0.0,0
2025-07-01 16:00:00+00:00,2025-07-01,16,1,0.0,0.0,0
2025-07-01 17:00:00+00:00,2025-07-01,17,1,0.0,0.0,0
2025-07-01 18:00:00+00:00,2025-07-01,18,1,0.0,0.0,0
2025-07-01 19:00:00+00:00,2025-07-01,19,1,0.0,0.0,0
2025-07-01 20:00:00+00:00,2025-07-01,20,1,0.0,0.0,0
2025-07-01 21:00:00+00:00,2025-07-01,21,1,0.0,0.0,0
2025-07-01 22:00:00+00:00,2025-07-01,22,1,0.0,0.0,0
2025-07-01 23:00:00+00:00,2025-07-01,23,1,0.0,0.0,0
2025-07-02 00:00:00+00:00,2025-07-02,0,2,0.0,0.0,0
2025-07-02 01:00:00+00:00,2025-07-02,1,2,0.0,0.0,0
2025-07-02 02:00:00+00:00,2025-07-02,2,2,0.0,0.0,0
2025-07-02 03:00:00+00:00,2025-07-02,3,2,0.0,0.0,0
2025-07-02 04:00:00+00:00,2025-07-02,4,2,0.0,0.0,0
2025-07-02 05:00:00+00:00,2025-07-02,5,2,0.0,0.0,0
2025-07-02 06:00:00+00:00,2025-07-02,6,2,0.0,0.0,0
2025-07-02 07:00:00+00:00,2025-07-02,7,2,0.0,0.0,0
2025-07-02 08:00:00+00:00,2025-07-02,8,2,0.0,0.0,0
2025-07-02 09:00:00+00:00,2025-07-02,9,2,0.0,0.0,0
2025-07-02 10:00:00+00:00,2025-07-02,10,2,0.0,0.0,0
2025-07-02 11:00:00+00:00,2025-07-02,11,2,0.0,0.0,0
2025-07-02 12:00:00+00:00,2025-07-02,12,2,0.0,0.0,0
2025-07-02 13:00:00+00:00,2025-07-02,13,2,0.0,0.0,0
2025-07-02 14:00:00+00:00,2025-07-02,14,2,0.0,0.0,0
2025-07-02 15:00:00+00:00,2025-07-02,15,2,0.0,0.0,0
2025-07-02 16:00:00+00:00,2025-07-02,16,2,0.0,0.0,0
2025-07-02 17:00:00+00:00,2025-07-02,17,2,0.0,0.0,0
2025-07-02 18:00:00+00:00,2025-07-02,18,2,0.0,0.0,0
2025-07-02 19:00:00+00:00,2025-07-02,19,2,0.0,0.0,0
2025-07-02 20:00:00+00:00,2025-07-02,20,2,0.0,0.0,0
2025-07-02 21:00:00+00:00,2025-07-02,21,2,0.0,0.0,0
2025-07-02 22:00:00+00:00,2025-07-02,22,2,0.0,0.0,0
2025-07-02 23:00:00+00:00,2025-07-02,23,2,0.0,0.0,0
2025-07-03 00:00:00+00:00,2025-07-03,0,3,0.0,0.0,0
2025-07-03 01:00:00+00:00,2025-07-03,1,3,0.0,0.0,0
2025-07-03 02:00:00+00:00,2025-07-03,2,3,0.0,0.0,0
2025-07-03 03:00:00+00:00,2025-07-03,3,3,0.0,0.0,0
2025-07-03 04:00:00+00:00,2025-07-03,4,3,0.0,0.0,0
2025-07-03 05:00:00+00:00,2025-07-03,5,3,0.0,0.0,0
2025-07-03 06:00:00+00:00,2025-07-03,6,3,0.0,0.0,0
2025-07-03 07:00:00+00:00,2025-07-03,7,3,0.0,0.0,0
2025-07-03 08:00:00+00:00,2025-07-03,8,3,0.0,0.0,0
2025-07-03 09:00:00+00:00,2025-07-03,9,3,0.0,0.0,0
2025-07-03 10:00:00+00:00,2025-07-03,10,3,0.0,0.0,0
2025-07-03 11:00:00+00:00,2025-07-03,11,3,0.0,0.0,0
2025-07-03 12:00:00+00:00,2025-07-03,12,3,0.0,0.0,0
2025-07-03 13:00:00+00:00,2025-07-03,13,3,0.0,0.0,0
2025-07-03 14:00:00+00:00,2025-07-03,14,3,0.0,0.0,0
2025-07-03 15:00:00+00:00,2025-07-03,15,3,0.0,0.0,0
2025-07-03 16:00:00+00:00,2025-07-03,16,3,0.0,0.0,0
2025-07-03 17:00:00+00:00,2025-07-03,17,3,0.0,0.0,0
2025-07-03 18:00:00+00:00,2025-07-03,18,3,0.0,0.0,0
2025-07-03 19:00:00+00:00,2025-07-03,19,3,0.0,0.0,0
2025-07-03 20:00:00+00:00,2025-07-03,20,3,0.0,0.0,0
2025-07-03 21:00:00+00:00,2025-07-03,21,3,0.0,0.0,0
2025-07-03 22:00:00+00:00,2025-07-03,22,3,0.0,0.0,0
2025-07-03 23:00:00+00:00,2025-07-03,23,3,0.0,0.0,0
2025-07-04 00:00:00+00:00,2025-07-04,0,4,0.0,0.0,0
2025-07-04 01:00:00+00:00,2025-07-04,1,4,0.0,0.0,0
2025-07-04 02:00:00+00:00,2025-07-04,2,4,0.0,0.0,0
2025-07-04 03:00:00+00:00,2025-07-04,3,4,0.0,0.0,0
2025-07-04 04:00:00+00:00,2025-07-04,4,4,0.0,0.0,0
2025-07-04 05:00:00+00:00,2025-07-04,5,4,0.0,0.0,0
2025-07-04 06:00:00+00:00,2025-07-04,6,4,0.0,0.0,0
2025-07-04 07:00:00+00:00,2025-07-04,7,4,0.0,0.0,0
2025-07-04 08:00:00+00:00,2025-07-04,8,4,0.32,11.65,1
2025-07-04 09:00:00+00:00,2025-07-04,9,4,0.0,0.0,0
2025-07-04 10:00:00+00:00,2025-07-04,10,4,0.0,0.0,0
2025-07-04 11:00:00+00:00,2025-07-04,11,4,0.0,0.0,0
2025-07-04 12:00:00+00:00,2025-07-04,12,4,0.0,0.0,0
2025-07-04 13:00:00+00:00,2025-07-04,13,4,0.0,0.0,0
2025-07-04 14:00:00+00:00,2025-07-04,14,4,0.0,0.0,0
2025-07-04 15:00:00+00:00,2025-07-04,15,4,0.0,0.0,0
2025-07-04 16:00:00+00:00,2025-07-04,16,4,0.0,0.0,0
2025-07-04 17:00:00+00:00,2025-07-04,17,4,0.0,0.0,0
2025-07-04 18:00:00+00:00,2025-07-04,18,4,0.0,0.0,0
2025-07-04 19:00:00+00:00,2025-07-04,19,4,0.0,0.0,0
2025-07-04 20:00:00+00:00,2025-07-04,20,4,0.0,0.0,0
2025-07-04 21:00:00+00:00,2025-07-04,21,4,0.0,0.0,0
2025-07-04 22:00:00+00:00,2025-07-04,22,4,0.0,0.0,0
2025-07-04 23:00:00+00:00,2025-07-04,23,4,0.0,0.0,0
2025-07-05 00:00:00+00:00,2025-07-05,0,5,0.0,0.0,0
2025-07-05 01:00:00+00:00,2025-07-05,1,5,0.0,0.0,0
2025-07-05 02:00:00+00:00,2025-07-05,2,5,0.0,0.0,0
2025-07-05 03:00:00+00:00,2025-07-05,3,5,0.0,0.0,0
2025-07-05 04:00:00+00:00,2025-07-05,4,5,0.0,0.0,0
2025-07-05 05:00:00+00:00,2025-07-05,5,5,0.0,0.0,0
2025-07-05 06:00:00+00:00,2025-07-05,6,5,0.0,0.0,0
2025-07-05 07:00:00+00:00,2025-07-05,7,5,0.0,0.0,0
2025-07-05 08:00:00+00:00,2025-07-05,8,5,0.0,0.0,0
2025-07-05 09:00:00+00:00,2025-07-05,9,5,0.0,0.0,0
2025-07-05 10:00:00+00:00,2025-07-05,10,5,0.0,0.0,0
2025-07-05 11:00:00+00:00,2025-07-05,11,5,0.0,0.0,0
2025-07-05 12:00:00+00:00,2025-07-05,12,5,0.0,0.0,0
2025-07-05 13:00:00+00:00,2025-07-05,13,5,0.0,0.0,0
2025-07-05 14:00:00+00:00,2025-07-05,14,5,0.0,0.0,0
2025-07-05 15:00:00+00:00,2025-07-05,15,5,0.0,0.0,0
2025-07-05 16:00:00+00:00,2025-07-05,16,5,0.0,0.0,0
2025-07-05 17:00:00+00:00,2025-07-05,17,5,0.0,0.0,0
2025-07-05 18:00:00+00:00,2025-07-05,18,5,0.0,0.0,0
2025-07-05 19:00:00+00:00,2025-07-05,19,5,0.0,0.0,0
2025-07-05 20:00:00+00:00,2025-07-05,20,5,0.0,0.0,0
2025-07-05 21:00:00+00:00,2025-07-05,21,5,0.0,0.0,0
2025-07-05 22:00:00+00:00,2025-07-05,22,5,0.0,0.0,0
2025-07-05 23:00:00+00:00,2025-07-05,23,5,0.0,0.0,0
2025-07-06 00:00:00+00:00,2025-07-06,0,6,0.0,0.0,0
2025-07-06 01:00:00+00:00,2025-07-06,1,6,0.0,0.0,0
2025-07-06 02:00:00+00:00,2025-07-06,2,6,0.0,0.0,0
2025-07-06 03:00:00+00:00,2025-07-06,3,6,0.0,0.0,0
2025-07-06 04:00:00+00:00,2025-07-06,4,6,0.0,0.0,0
2025-07-06 05:00:00+00:00,2025-07-06,5,6,0.0,0.0,0
2025-07-06 06:00:00+00:00,2025-07-06,6,6,0.0,0.0,0
2025-07-06 07:00:00+00:00,2025-07-06,7,6,0.0,0.0,0
2025-07-06 08:00:00+00:00,2025-07-06,8,6,0.0,0.0,0
2025-07-06 09:00:00+00:00,2025-07-06,9,6,0.0,0.0,0
2025-07-06 10:00:00+00:00,2025-07-06,10,6,0.0,0.0,0
2025-07-06 11:00:00+00:00,2025-07-06,11,6,0.0,0.0,0
2025-07-06 12:00:00+00:00,2025-07-06,12,6,0.0,0.0,0
2025-07-06 13:00:00+00:00,2025-07-06,13,6,0.0,0.0,0
2025-07-06 14:00:00+00:00,2025-07-06,14,6,0.0,0.0,0
2025-07-06 15:00:00+00:00,2025-07-06,15,6,0.0,0.0,0
2025-07-06 16:00:00+00:00,2025-07-06,16,6,0.0,0.0,0
2025-07-06 17:00:00+00:00,2025-07-06,17,6,0.0,0.0,0
2025-07-06 18:00:00+00:00,2025-07-06,18,6,0.0,0.0,0
2025-07-06 19:00:00+00:00,2025-07-06,19,6,0.0,0.0,0
2025-07-06 20:00:00+00:00,2025-07-06,20,6,0.0,0.0,0
2025-07-06 21:00:00+00:00,2025-07-06,21,6,0.0,0.0,0
2025-07-06 22:00:00+00:00,2025-07-06,22,6,0.0,0.0,0
2025-07-06 23:00:00+00:00,2025-07-06,23,6,0.0,0.0,0
2025-07-07 00:00:00+00:00,2025-07-07,0,0,0.0,0.0,0
2025-07-07 01:00:00+00:00,2025-07-07,1,0,0.0,0.0,0
2025-07-07 02:00:00+00:00,2025-07-07,2,0,0.0,0.0,0
2025-07-07 03:00:00+00:00,2025-07-07,3,0,0.0,0.0,0
2025-07-07 04:00:00+00:00,2025-07-07,4,0,0.0,0.0,0
2025-07-07 05:00:00+00:00,2025-07-07,5,0,0.11,3.84,1
2025-07-07 06:00:00+00:00,2025-07-07,6,0,0.0,0.0,0
2025-07-07 07:00:00+00:00,2025-07-07,7,0,0.0,0.0,0
2025-07-07 08:00:00+00:00,2025-07-07,8,0,0.0,0.0,0
2025-07-07 09:00:00+00:00,2025-07-07,9,0,0.0,0.0,0
2025-07-07 10:00:00+00:00,2025-07-07,10,0,0.0,0.0,0
2025-07-07 11:00:00+00:00,2025-07-07,11,0,0.0,0.0,0
2025-07-07 12:00:00+00:00,2025-07-07,12,0,0.0,0.0,0
2025-07-07 13:00:00+00:00,2025-07-07,13,0,0.0,0.0,0
2025-07-07 14:00:00+00:00,2025-07-07,14,0,0.0,0.0,0
2025-07-07 15:00:00+00:00,2025-07-07,15,0,0.0,0.0,0
2025-07-07 16:00:00+00:00,2025-07-07,16,0,0.1,3.61,1
2025-07-07 17:00:00+00:00,2025-07-07,17,0,0.57,20.53,1
2025-07-07 18:00:00+00:00,2025-07-07,18,0,0.0,0.0,0
2025-07-07 19:00:00+00:00,2025-07-07,19,0,0.0,0.0,0
2025-07-07 20:00:00+00:00,2025-07-07,20,0,0.0,0.0,0
2025-07-07 21:00:00+00:00,2025-07-07,21,0,0.0,0.0,0
2025-07-07 22:00:00+00:00,2025-07-07,22,0,0.0,0.0,0
2025-07-07 23:00:00+00:00,2025-07-07,23,0,0.0,0.0,0
2025-07-08 00:00:00+00:00,2025-07-08,0,1,0.0,0.0,0
2025-07-08 01:00:00+00:00,2025-07-08,1,1,0.0,0.0,0
2025-07-08 02:00:00+00:00,2025-07-08,2,1,0.0,0.0,0
2025-07-08 03:00:00+00:00,2025-07-08,3,1,0.0,0.0,0
2025-07-08 04:00:00+00:00,2025-07-08,4,1,0.0,0.0,0
2025-07-08 05:00:00+00:00,2025-07-08,5,1,0.0,0.0,0
2025-07-08 06:00:00+00:00,2025-07-08,6,1,0.0,0.0,0
2025-07-08 07:00:00+00:00,2025-07-08,7,1,0.0,0.0,0
2025-07-08 08:00:00+00:00,2025-07-08,8,1,0.0,0.0,0
2025-07-08 09:00:00+00:00,2025-07-08,9,1,0.0,0.0,0
2025-07-08 10:00:00+00:00,2025-07-08,10,1,0.0,0.0,0
2025-07-08 11:00:00+00:00,2025-07-08,11,1,0.0,0.0,0
2025-07-08 12:00:00+00:00,2025-07-08,12,1,0.0,0.0,0
2025-07-08 13:00:00+00:00,2025-07-08,13,1,0.0,0.0,0
2025-07-08 14:00:00+00:00,2025-07-08,14,1,0.0,0.0,0
2025-07-08 15:00:00+00:00,2025-07-08,15,1,0.0,0.0,0
2025-07-08 16:00:00+00:00,2025-07-08,16,1,0.0,0.0,0
2025-07-08 17:00:00+00:00,2025-07-08,17,1,0.0,0.0,0
2025-07-08 18:00:00+00:00,2025-07-08,18,1,0.0,0.0,0
2025-07-08 19:00:00+00:00,2025-07-08,19,1,0.0,0.0,0
2025-07-08 20:00:00+00:00,2025-07-08,20,1,0.0,0.0,0
2025-07-08 21:00:00+00:00,2025-07-08,21,1,0.0,0.0,0
2025-07-08 22:00:00+00:00,2025-07-08,22,1,0.0,0.0,0
2025-07-08 23:00:00+00:00,2025-07-08,23,1,0.0,0.0,0
2025-07-09 00:00:00+00:00,2025-07-09,0,2,0.0,0.0,0
2025-07-09 01:00:00+00:00,2025-07-09,1,2,0.0,0.0,0
2025-07-09 02:00:00+00:00,2025-07-09,2,2,0.0,0.0,0
2025-07-09 03:00:00+00:00,2025-07-09,3,2,0.0,0.0,0
2025-07-09 04:00:00+00:00,2025-07-09,4,2,0.0,0.0,0
2025-07-09 05:00:00+00:00,2025-07-09,5,2,0.0,0.0,0
2025-07-09 06:00:00+00:00,2025-07-09,6,2,0.0,0.0,0
2025-07-09 07:00:00+00:00,2025-07-09,7,2,0.0,0.0,0
2025-07-09 08:00:00+00:00,2025-07-09,8,2,0.0,0.0,0
2025-07-09 09:00:00+00:00,2025-07-09,9,2,0.0,0.0,0
2025-07-09 10:00:00+00:00,2025-07-09,10,2,0.0,0.0,0
2025-07-09 11:00:00+00:00,2025-07-09,11,2,0.0,0.0,0
2025-07-09 12:00:00+00:00,2025-07-09,12,2,0.0,0.0,0
2025-07-09 13:00:00+00:00,2025-07-09,13,2,0.0,0.0,0
2025-07-09 14:00:00+00:00,2025-07-09,14,2,0.0,0.0,0
2025-07-09 15:00:00+00:00,2025-07-09,15,2,0.0,0.0,0
2025-07-09 16:00:00+00:00,2025-07-09,16,2,0.0,0.0,0
2025-07-09 17:00:00+00:00,2025-07-09,17,2,0.0,0.0,0
2025-07-09 18:00:00+00:00,2025-07-09,18,2,0.0,0.0,0
2025-07-09 19:00:00+00:00,2025-07-09,19,2,0.0,0.0,0
2025-07-09 20:00:00+00:00,2025-07-09,20,2,0.0,0.0,0
2025-07-09 21:00:00+00:00,2025-07-09,21,2,0.0,0.0,0
2025-07-09 22:00:00+00:00,2025-07-09,22,2,0.0,0.0,0
2025-07-09 23:00:00+00:00,2025-07-09,23,2,0.0,0.0,0
2025-07-10 00:00:00+00:00,2025-07-10,0,3,0.0,0.0,0
2025-07-10 01:00:00+00:00,2025-07-10,1,3,0.0,0.0,0
2025-07-10 02:00:00+00:00,2025-07-10,2,3,0.0,0.0,0
2025-07-10 03:00:00+00:00,2025-07-10,3,3,0.0,0.0,0
2025-07-10 04:00:00+00:00,2025-07-10,4,3,0.0,0.0,0
2025-07-10 05:00:00+00:00,2025-07-10,5,3,0.0,0.0,0
2025-07-10 06:00:00+00:00,2025-07-10,6,3,0.0,0.0,0
2025-07-10 07:00:00+00:00,2025-07-10,7,3,0.0,0.0,0
2025-07-10 08:00:00+00:00,2025-07-10,8,3,0.0,0.0,0
2025-07-10 09:00:00+00:00,2025-07-10,9,3,0.0,0.0,0
2025-07-10 10:00:00+00:00,2025-07-10,10,3,0.0,0.0,0
2025-07-10 11:00:00+00:00,2025-07-10,11,3,0.0,0.0,0
2025-07-10 12:00:00+00:00,2025-07-10,12,3,0.0,0.0,0
2025-07-10 13:00:00+00:00,2025-07-10,13,3,0.0,0.0,0
2025-07-10 14:00:00+00:00,2025-07-10,14,3,0.0,0.0,0
2025-07-10 15:00:00+00:00,2025-07-10,15,3,0.0,0.0,0
2025-07-10 16:00:00+00:00,2025-07-10,16,3,0.0,0.0,0
2025-07-10 17:00:00+00:00,2025-07-10,17,3,0.0,0.0,0
2025-07-10 18:00:00+00:00,2025-07-10,18,3,0.0,0.0,0
2025-07-10 19:00:00+00:00,2025-07-10,19,3,0.0,0.0,0
2025-07-10 20:00:00+00:00,2025-07-10,20,3,0.0,0.0,0
2025-07-10 21:00:00+00:00,2025-07-10,21,3,0.0,0.0,0
2025-07-10 22:00:00+00:00,2025-07-10,22,3,0.0,0.0,0
2025-07-10 23:00:00+00:00,2025-07-10,23,3,0.0,0.0,0
2025-07-11 00:00:00+00:00,2025-07-11,0,4,0.0,0.0,0
2025-07-11 01:00:00+00:00,2025-07-11,1,4,0.0,0.0,0
2025-07-11 02:00:00+00:00,2025-07-11,2,4,0.0,0.0,0
2025-07-11 03:00:00+00:00,2025-07-11,3,4,0.0,0.0,0
2025-07-11 04:00:00+00:00,2025-07-11,4,4,0.0,0.0,0
2025-07-11 05:00:00+00:00,2025-07-11,5,4,0.0,0.0,0
2025-07-11 06:00:00+00:00,2025-07-11,6,4,0.0,0.0,0
2025-07-11 07:00:00+00:00,2025-07-11,7,4,0.0,0.0,0
2025-07-11 08:00:00+00:00,2025-07-11,8,4,0.0,0.0,0
2025-07-11 09:00:00+00:00,2025-07-11,9,4,0.0,0.0,0
2025-07-11 10:00:00+00:00,2025-07-11,10,4,0.0,0.0,0
2025-07-11 11:00:00+00:00,2025-07-11,11,4,0.0,0.0,0
2025-07-11 12:00:00+00:00,2025-07-11,12,4,0.0,0.0,0
2025-07-11 13:00:00+00:00,2025-07-11,13,4,0.0,0.0,0
2025-07-11 14:00:00+00:00,2025-07-11,14,4,0.0,0.0,0
2025-07-11 15:00:00+00:00,2025-07-11,15,4,0.0,0.0,0
2025-07-11 16:00:00+00:00,2025-07-11,16,4,0.0,0.0,0
2025-07-11 17:00:00+00:00,2025-07-11,17,4,0.0,0.0,0
2025-07-11 18:00:00+00:00,2025-07-11,18,4,0.0,0.0,0
2025-07-11 19:00:00+00:00,2025-07-11,19,4,0.0,0.0,0
2025-07-11 20:00:00+00:00,2025-07-11,20,4,0.0,0.0,0
2025-07-11 21:00:00+00:00,2025-07-11,21,4,0.0,0.0,0
2025-07-11 22:00:00+00:00,2025-07-11,22,4,0.0,0.0,0
2025-07-11 23:00:00+00:00,2025-07-11,23,4,0.0,0.0,0
2025-07-12 00:00:00+00:00,2025-07-12,0,5,0.0,0.0,0
2025-07-12 01:00:00+00:00,2025-07-12,1,5,0.0,0.0,0
2025-07-12 02:00:00+00:00,2025-07-12,2,5,0.0,0.0,0
2025-07-12 03:00:00+00:00,2025-07-12,3,5,0.0,0.0,0
2025-07-12 04:00:00+00:00,2025-07-12,4,5,0.0,0.0,0
2025-07-12 05:00:00+00:00,2025-07-12,5,5,0.0,0.0,0
2025-07-12 06:00:00+00:00,2025-07-12,6,5,0.0,0.0,0
2025-07-12 07:00:00+00:00,2025-07-12,7,5,0.0,0.0,0
2025-07-12 08:00:00+00:00,2025-07-12,8,5,0.0,0.0,0
2025-07-12 09:00:00+00:00,2025-07-12,9,5,0.0,0.0,0
2025-07-12 10:00:00+00:00,2025-07-12,10,5,0.0,0.0,0
2025-07-12 11:00:00+00:00,2025-07-12,11,5,0.0,0.0,0
2025-07-12 12:00:00+00:00,2025-07-12,12,5,0.0,0.0,0
2025-07-12 13:00:00+00:00,2025-07-12,13,5,0.0,0.0,0
2025-07-12 14:00:00+00:00,2025-07-12,14,5,0.0,0.0,0
2025-07-12 15:00:00+00:00,2025-07-12,15,5,0.0,0.0,0
2025-07-12 16:00:00+00:00,2025-07-12,16,5,0.0,0.0,0
2025-07-12 17:00:00+00:00,2025-07-12,17,5,0.0,0.0,0
2025-07-12 18:00:00+00:00,2025-07-12,18,5,0.0,0.0,0
2025-07-12 19:00:00+00:00,2025-07-12,19,5,0.0,0.0,0
2025-07-12 20:00:00+00:00,2025-07-12,20,5,0.0,0.0,0
2025-07-12 21:00:00+00:00,2025-07-12,21,5,0.0,0.0,0
2025-07-12 22:00:00+00:00,2025-07-12,22,5,0.0,0.0,0
2025-07-12 23:00:00+00:00,2025-07-12,23,5,0.0,0.0,0
2025-07-13 00:00:00+00:00,2025-07-13,0,6,0.0,0.0,0
2025-07-13 01:00:00+00:00,2025-07-13,1,6,0.0,0.0,0
2025-07-13 02:00:00+00:00,2025-07-13,2,6,0.0,0.0,0
2025-07-13 03:00:00+00:00,2025-07-13,3,6,0.0,0.0,0
2025-07-13 04:00:00+00:00,2025-07-13,4,6,0.0,0.0,0
2025-07-13 05:00:00+00:00,2025-07-13,5,6,0.0,0.0,0
2025-07-13 06:00:00+00:00,2025-07-13,6,6,0.0,0.0,0
2025-07-13 07:00:00+00:00,2025-07-13,7,6,0.0,0.0,0
2025-07-13 08:00:00+00:00,2025-07-13,8,6,0.0,0.0,0
2025-07-13 09:00:00+00:00,2025-07-13,9,6,0.0,0.0,0
2025-07-13 10:00:00+00:00,2025-07-13,10,6,0.0,0.0,0
2025-07-13 11:00:00+00:00,2025-07-13,11,6,0.0,0.0,0
2025-07-13 12:00:00+00:00,2025-07-13,12,6,0.0,0.0,0
2025-07-13 13:00:00+00:00,2025-07-13,13,6,0.0,0.0,0
2025-07-13 14:00:00+00:00,2025-07-13,14,6,0.0,0.0,0
2025-07-13 15:00:00+00:00,2025-07-13,15,6,0.0,0.0,0
2025-07-13 16:00:00+00:00,2025-07-13,16,6,0.0,0.0,0
2025-07-13 17:00:00+00:00,2025-07-13,17,6,0.0,0.0,0
2025-07-13 18:00:00+00:00,2025-07-13,18,6,0.0,0.0,0
2025-07-13 19:00:00+00:00,2025-07-13,19,6,0.0,0.0,0
2025-07-13 20:00:00+00:00,2025-07-13,20,6,0.0,0.0,0
2025-07-13 21:00:00+00:00,2025-07-13,21,6,0.0,0.0,0
2025-07-13 22:00:00+00:00,2025-07-13,22,6,0.0,0.0,0
2025-07-13 23:00:00+00:00,2025-07-13,23,6,0.0,0.0,0
2025-07-14 00:00:00+00:00,2025-07-14,0,0,0.0,0.0,0
2025-07-14 01:00:00+00:00,2025-07-14,1,0,0.0,0.0,0
2025-07-14 02:00:00+00:00,2025-07-14,2,0,0.0,0.0,0
2025-07-14 03:00:00+00:00,2025-07-14,3,0,0.0,0.0,0
2025-07-14 04:00:00+00:00,2025-07-14,4,0,0.0,0.0,0
2025-07-14 05:00:00+00:00,2025-07-14,5,0,0.0,0.0,0
2025-07-14 06:00:00+00:00,2025-07-14,6,0,0.0,0.0,0
2025-07-14 07:00:00+00:00,2025-07-14,7,0,0.0,0.0,0
2025-07-14 08:00:00+00:00,2025-07-14,8,0,0.0,0.0,0
2025-07-14 09:00:00+00:00,2025-07-14,9,0,0.0,0.0,0
2025-07-14 10:00:00+00:00,2025-07-14,10,0,0.0,0.0,0
2025-07-14 11:00:00+00:00,2025-07-14,11,0,0.0,0.0,0
2025-07-14 12:00:00+00:00,2025-07-14,12,0,0.0,0.0,0
2025-07-14 13:00:00+00:00,2025-07-14,13,0,0.0,0.0,0
2025-07-14 14:00:00+00:00,2025-07-14,14,0,0.0,0.0,0
2025-07-14 15:00:00+00:00,2025-07-14,15,0,0.0,0.0,0
2025-07-14 16:00:00+00:00,2025-07-14,16,0,0.0,0.0,0
2025-07-14 17:00:00+00:00,2025-07-14,17,0,0.0,0.0,0
2025-07-14 18:00:00+00:00,2025-07-14,18,0,0.0,0.0,0
2025-07-14 19:00:00+00:00,2025-07-14,19,0,0.0,0.0,0
2025-07-14 20:00:00+00:00,2025-07-14,20,0,0.0,0.0,0
2025-07-14 21:00:00+00:00,2025-07-14,21,0,0.0,0.0,0
2025-07-14 22:00:00+00:00,2025-07-14,22,0,0.0,0.0,0
2025-07-14 23:00:00+00:00,2025-07-14,23,0,0.0,0.0,0
2025-07-15 00:00:00+00:00,2025-07-15,0,1,0.0,0.0,0
2025-07-15 01:00:00+00:00,2025-07-15,1,1,0.0,0.0,0
2025-07-15 02:00:00+00:00,2025-07-15,2,1,0.0,0.0,0
2025-07-15 03:00:00+00:00,2025-07-15,3,1,0.0,0.0,0
2025-07-15 04:00:00+00:00,2025-07-15,4,1,0.0,0.0,0
2025-07-15 05:00:00+00:00,2025-07-15,5,1,0.0,0.0,0
2025-07-15 06:00:00+00:00,2025-07-15,6,1,0.0,0.0,0
2025-07-15 07:00:00+00:00,2025-07-15,7,1,0.0,0.0,0
2025-07-15 08:00:00+00:00,2025-07-15,8,1,0.0,0.0,0
2025-07-15 09:00:00+00:00,2025-07-15,9,1,0.0,0.0,0
2025-07-15 10:00:00+00:00,2025-07-15,10,1,0.0,0.0,0
2025-07-15 11:00:00+00:00,2025-07-15,11,1,0.0,0.0,0
2025-07-15 12:00:00+00:00,2025-07-15,12,1,0.0,0.0,0
2025-07-15 13:00:00+00:00,2025-07-15,13,1,0.0,0.0,0
2025-07-15 14:00:00+00:00,2025-07-15,14,1,0.0,0.0,0
2025-07-15 15:00:00+00:00,2025-07-15,15,1,0.0,0.0,0
2025-07-15 16:00:00+00:00,2025-07-15,16,1,0.0,0.0,0
2025-07-15 17:00:00+00:00,2025-07-15,17,1,0.0,0.0,0
2025-07-15 18:00:00+00:00,2025-07-15,18,1,0.0,0.0,0
2025-07-15 19:00:00+00:00,2025-07-15,19,1,0.0,0.0,0
2025-07-15 20:00:00+00:00,2025-07-15,20,1,0.0,0.0,0
2025-07-15 21:00:00+00:00,2025-07-15,21,1,0.0,0.0,0
2025-07-15 22:00:00+00:00,2025-07-15,22,1,0.0,0.0,0
2025-07-15 23:00:00+00:00,2025-07-15,23,1,0.0,0.0,0
2025-07-16 00:00:00+00:00,2025-07-16,0,2,0.0,0.0,0
2025-07-16 01:00:00+00:00,2025-07-16,1,2,0.0,0.0,0
2025-07-16 02:00:00+00:00,2025-07-16,2,2,0.0,0.0,0
2025-07-16 03:00:00+00:00,2025-07-16,3,2,0.0,0.0,0
2025-07-16 04:00:00+00:00,2025-07-16,4,2,0.0,0.0,0
2025-07-16 05:00:00+00:00,2025-07-16,5,2,0.0,0.0,0
2025-07-16 06:00:00+00:00,2025-07-16,6,2,0.0,0.0,0
2025-07-16 07:00:00+00:00,2025-07-16,7,2,0.0,0.0,0
2025-07-16 08:00:00+00:00,2025-07-16,8,2,0.0,0.0,0
2025-07-16 09:00:00+00:00,2025-07-16,9,2,0.0,0.0,0
2025-07-16 10:00:00+00:00,2025-07-16,10,2,0.0,0.0,0
2025-07-16 11:00:00+00:00,2025-07-16,11,2,0.0,0.0,0
2025-07-16 12:00:00+00:00,2025-07-16,12,2,0.0,0.0,0
2025-07-16 13:00:00+00:00,2025-07-16,13,2,0.0,0.0,0
2025-07-16 14:00:00+00:00,2025-07-16,14,2,0.0,0.0,0
2025-07-16 15:00:00+00:00,2025-07-16,15,2,0.0,0.0,0
2025-07-16 16:00:00+00:00,2025-07-16,16,2,0.0,0.0,0
2025-07-16 17:00:00+00:00,2025-07-16,17,2,0.0,0.0,0
2025-07-16 18:00:00+00:00,2025-07-16,18,2,0.0,0.0,0
2025-07-16 19:00:00+00:00,2025-07-16,19,2,0.0,0.0,0
2025-07-16 20:00:00+00:00,2025-07-16,20,2,0.0,0.0,0
2025-07-16 21:00:00+00:00,2025-07-16,21,2,0.0,0.0,0
2025-07-16 22:00:00+00:00,2025-07-16,22,2,0.0,0.0,0
2025-07-16 23:00:00+00:00,2025-07-16,23,2,0.0,0.0,0
2025-07-17 00:00:00+00:00,2025-07-17,0,3,0.0,0.0,0
2025-07-17 01:00:00+00:00,2025-07-17,1,3,0.0,0.0,0
2025-07-17 02:00:00+00:00,2025-07-17,2,3,0.0,0.0,0
2025-07-17 03:00:00+00:00,2025-07-17,3,3,0.0,0.0,0
2025-07-17 04:00:00+00:00,2025-07-17,4,3,0.0,0.0,0
2025-07-17 05:00:00+00:00,2025-07-17,5,3,0.0,0.0,0
2025-07-17 06:00:00+00:00,2025-07-17,6,3,0.0,0.0,0
2025-07-17 07:00:00+00:00,2025-07-17,7,3,0.0,0.0,0
2025-07-17 08:00:00+00:00,2025-07-17,8,3,0.0,0.0,0
2025-07-17 09:00:00+00:00,2025-07-17,9,3,0.0,0.0,0
2025-07-17 10:00:00+00:00,2025-07-17,10,3,0.0,0.0,0
2025-07-17 11:00:00+00:00,2025-07-17,11,3,0.0,0.0,0
2025-07-17 12:00:00+00:00,2025-07-17,12,3,0.0,0.0,0
2025-07-17 13:00:00+00:00,2025-07-17,13,3,0.0,0.0,0
2025-07-17 14:00:00+00:00,2025-07-17,14,3,0.0,0.0,0
2025-07-17 15:00:00+00:00,2025-07-17,15,3,0.0,0.0,0
2025-07-17 16:00:00+00:00,2025-07-17,16,3,0.0,0.0,0
2025-07-17 17:00:00+00:00,2025-07-17,17,3,0.0,0.0,0
2025-07-17 18:00:00+00:00,2025-07-17,18,3,0.0,0.0,0
2025-07-17 19:00:00+00:00,2025-07-17,19,3,0.0,0.0,0
2025-07-17 20:00:00+00:00,2025-07-17,20,3,0.0,0.0,0
2025-07-17 21:00:00+00:00,2025-07-17,21,3,0.0,0.0,0
2025-07-17 22:00:00+00:00,2025-07-17,22,3,0.0,0.0,0
2025-07-17 23:00:00+00:00,2025-07-17,23,3,0.0,0.0,0
2025-07-18 00:00:00+00:00,2025-07-18,0,4,0.0,0.0,0
2025-07-18 01:00:00+00:00,2025-07-18,1,4,0.0,0.0,0
2025-07-18 02:00:00+00:00,2025-07-18,2,4,0.0,0.0,0
2025-07-18 03:00:00+00:00,2025-07-18,3,4,0.0,0.0,0
2025-07-18 04:00:00+00:00,2025-07-18,4,4,0.0,0.0,0
2025-07-18 05:00:00+00:00,2025-07-18,5,4,0.0,0.0,0
2025-07-18 06:00:00+00:00,2025-07-18,6,4,0.0,0.0,0
2025-07-18 07:00:00+00:00,2025-07-18,7,4,0.0,0.0,0
2025-07-18 08:00:00+00:00,2025-07-18,8,4,0.0,0.0,0
2025-07-18 09:00:00+00:00,2025-07-18,9,4,0.27,9.83,1
2025-07-18 10:00:00+00:00,2025-07-18,10,4,0.0,0.0,0
2025-07-18 11:00:00+00:00,2025-07-18,11,4,0.0,0.0,0
2025-07-18 12:00:00+00:00,2025-07-18,12,4,0.0,0.0,0
2025-07-18 13:00:00+00:00,2025-07-18,13,4,0.0,0.0,0
2025-07-18 14:00:00+00:00,2025-07-18,14,4,0.0,0.0,0
2025-07-18 15:00:00+00:00,2025-07-18,15,4,0.0,0.0,0
2025-07-18 16:00:00+00:00,2025-07-18,16,4,0.0,0.0,0
2025-07-18 17:00:00+00:00,2025-07-18,17,4,0.0,0.0,0
2025-07-18 18:00:00+00:00,2025-07-18,18,4,0.0,0.0,0
2025-07-18 19:00:00+00:00,2025-07-18,19,4,0.0,0.0,0
2025-07-18 20:00:00+00:00,2025-07-18,20,4,0.0,0.0,0
2025-07-18 21:00:00+00:00,2025-07-18,21,4,0.0,0.0,0
2025-07-18 22:00:00+00:00,2025-07-18,22,4,0.0,0.0,0
2025-07-18 23:00:00+00:00,2025-07-18,23,4,0.0,0.0,0
2025-07-19 00:00:00+00:00,2025-07-19,0,5,0.0,0.0,0
2025-07-19 01:00:00+00:00,2025-07-19,1,5,0.0,0.0,0
2025-07-19 02:00:00+00:00,2025-07-19,2,5,0.0,0.0,0
2025-07-19 03:00:00+00:00,2025-07-19,3,5,0.0,0.0,0
2025-07-19 04:00:00+00:00,2025-07-19,4,5,0.0,0.0,0
2025-07-19 05:00:00+00:00,2025-07-19,5,5,0.0,0.0,0
2025-07-19 06:00:00+00:00,2025-07-19,6,5,0.0,0.0,0
2025-07-19 07:00:00+00:00,2025-07-19,7,5,0.0,0.0,0
2025-07-19 08:00:00+00:00,2025-07-19,8,5,0.0,0.0,0
2025-07-19 09:00:00+00:00,2025-07-19,9,5,0.0,0.0,0
2025-07-19 10:00:00+00:00,2025-07-19,10,5,0.0,0.0,0
2025-07-19 11:00:00+00:00,2025-07-19,11,5,0.0,0.0,0
2025-07-19 12:00:00+00:00,2025-07-19,12,5,0.0,0.0,0
2025-07-19 13:00:00+00:00,2025-07-19,13,5,0.0,0.0,0
2025-07-19 14:00:00+00:00,2025-07-19,14,5,0.0,0.0,0
2025-07-19 15:00:00+00:00,2025-07-19,15,5,0.0,0.0,0
2025-07-19 16:00:00+00:00,2025-07-19,16,5,0.0,0.0,0
2025-07-19 17:00:00+00:00,2025-07-19,17,5,0.0,0.0,0
2025-07-19 18:00:00+00:00,2025-07-19,18,5,0.0,0.0,0
2025-07-19 19:00:00+00:00,2025-07-19,19,5,0.0,0.0,0
2025-07-19 20:00:00+00:00,2025-07-19,20,5,0.0,0.0,0
2025-07-19 21:00:00+00:00,2025-07-19,21,5,0.0,0.0,0
2025-07-19 22:00:00+00:00,2025-07-19,22,5,0.0,0.0,0
2025-07-19 23:00:00+00:00,2025-07-19,23,5,0.0,0.0,0
2025-07-20 00:00:00+00:00,2025-07-20,0,6,0.0,0.0,0
2025-07-20 01:00:00+00:00,2025-07-20,1,6,0.0,0.0,0
2025-07-20 02:00:00+00:00,2025-07-20,2,6,0.0,0.0,0
2025-07-20 03:00:00+00:00,2025-07-20,3,6,0.0,0.0,0
2025-07-20 04:00:00+00:00,2025-07-20,4,6,0.0,0.0,0
2025-07-20 05:00:00+00:00,2025-07-20,5,6,0.0,0.0,0
2025-07-20 06:00:00+00:00,2025-07-20,6,6,0.0,0.0,0
2025-07-20 07:00:00+00:00,2025-07-20,7,6,0.0,0.0,0
2025-07-20 08:00:00+00:00,2025-07-20,8,6,0.0,0.0,0
2025-07-20 09:00:00+00:00,2025-07-20,9,6,0.0,0.0,0
2025-07-20 10:00:00+00:00,2025-07-20,10,6,0.0,0.0,0
2025-07-20 11:00:00+00:00,2025-07-20,11,6,0.0,0.0,0
2025-07-20 12:00:00+00:00,2025-07-20,12,6,0.0,0.0,0
2025-07-20 13:00:00+00:00,2025-07-20,13,6,0.0,0.0,0
2025-07-20 14:00:00+00:00,2025-07-20,14,6,0.0,0.0,0
2025-07-20 15:00:00+00:00,2025-07-20,15,6,0.0,0.0,0
2025-07-20 16:00:00+00:00,2025-07-20,16,6,0.0,0.0,0
2025-07-20 17:00:00+00:00,2025-07-20,17,6,0.0,0.0,0
2025-07-20 18:00:00+00:00,2025-07-20,18,6,0.0,0.0,0
2025-07-20 19:00:00+00:00,2025-07-20,19,6,0.0,0.0,0
2025-07-20 20:00:00+00:00,2025-07-20,20,6,0.0,0.0,0
2025-07-20 21:00:00+00:00,2025-07-20,21,6,0.0,0.0,0
2025-07-20 22:00:00+00:00,2025-07-20,22,6,0.0,0.0,0
2025-07-20 23:00:00+00:00,2025-07-20,23,6,0.0,0.0,0
2025-07-21 00:00:00+00:00,2025-07-21,0,0,0.0,0.0,0
2025-07-21 01:00:00+00:00,2025-07-21,1,0,0.0,0.0,0
2025-07-21 02:00:00+00:00,2025-07-21,2,0,0.0,0.0,0
2025-07-21 03:00:00+00:00,2025-07-21,3,0,0.0,0.0,0
2025-07-21 04:00:00+00:00,2025-07-21,4,0,0.0,0.0,0
2025-07-21 05:00:00+00:00,2025-07-21,5,0,0.0,0.0,0
2025-07-21 06:00:00+00:00,2025-07-21,6,0,0.0,0.0,0
2025-07-21 07:00:00+00:00,2025-07-21,7,0,0.0,0.0,0
2025-07-21 08:00:00+00:00,2025-07-21,8,0,0.0,0.0,0
2025-07-21 09:00:00+00:00,2025-07-21,9,0,0.0,0.0,0
2025-07-21 10:00:00+00:00,2025-07-21,10,0,0.0,0.0,0
2025-07-21 11:00:00+00:00,2025-07-21,11,0,0.0,0.0,0
2025-07-21 12:00:00+00:00,2025-07-21,12,0,0.0,0.0,0
2025-07-21 13:00:00+00:00,2025-07-21,13,0,0.0,0.0,0
2025-07-21 14:00:00+00:00,2025-07-21,14,0,0.0,0.0,0
2025-07-21 15:00:00+00:00,2025-07-21,15,0,0.0,0.0,0
2025-07-21 16:00:00+00:00,2025-07-21,16,0,0.0,0.0,0
2025-07-21 17:00:00+00:00,2025-07-21,17,0,0.0,0.0,0
2025-07-21 18:00:00+00:00,2025-07-21,18,0,0.0,0.0,0
2025-07-21 19:00:00+00:00,2025-07-21,19,0,0.0,0.0,0
2025-07-21 20:00:00+00:00,2025-07-21,20,0,0.0,0.0,0
2025-07-21 21:00:00+00:00,2025-07-21,21,0,0.0,0.0,0
2025-07-21 22:00:00+00:00,2025-07-21,22,0,0.0,0.0,0
2025-07-21 23:00:00+00:00,2025-07-21,23,0,0.0,0.0,0
2025-07-22 00:00:00+00:00,2025-07-22,0,1,0.0,0.0,0
2025-07-22 01:00:00+00:00,2025-07-22,1,1,0.0,0.0,0
2025-07-22 02:00:00+00:00,2025-07-22,2,1,0.0,0.0,0
2025-07-22 03:00:00+00:00,2025-07-22,3,1,0.0,0.0,0
2025-07-22 04:00:00+00:00,2025-07-22,4,1,0.0,0.0,0
2025-07-22 05:00:00+00:00,2025-07-22,5,1,0.0,0.0,0
2025-07-22 06:00:00+00:00,2025-07-22,6,1,0.0,0.0,0
2025-07-22 07:00:00+00:00,2025-07-22,7,1,0.0,0.0,0
2025-07-22 08:00:00+00:00,2025-07-22,8,1,0.0,0.0,0
2025-07-22 09:00:00+00:00,2025-07-22,9,1,0.0,0.0,0
2025-07-22 10:00:00+00:00,2025-07-22,10,1,0.0,0.0,0
2025-07-22 11:00:00+00:00,2025-07-22,11,1,0.0,0.0,0
2025-07-22 12:00:00+00:00,2025-07-22,12,1,0.0,0.0,0
2025-07-22 13:00:00+00:00,2025-07-22,13,1,0.0,0.0,0
2025-07-22 14:00:00+00:00,2025-07-22,14,1,0.0,0.0,0
2025-07-22 15:00:00+00:00,2025-07-22,15,1,0.0,0.0,0
2025-07-22 16:00:00+00:00,2025-07-22,16,1,0.0,0.0,0
2025-07-22 17:00:00+00:00,2025-07-22,17,1,0.0,0.0,0
2025-07-22 18:00:00+00:00,2025-07-22,18,1,0.0,0.0,0
2025-07-22 19:00:00+00:00,2025-07-22,19,1,0.0,0.0,0
2025-07-22 20:00:00+00:00,2025-07-22,20,1,0.0,0.0,0
2025-07-22 21:00:00+00:00,2025-07-22,21,1,0.0,0.0,0
2025-07-22 22:00:00+00:00,2025-07-22,22,1,0.0,0.0,0
2025-07-22 23:00:00+00:00,2025-07-22,23,1,0.0,0.0,0
2025-07-23 00:00:00+00:00,2025-07-23,0,2,0.0,0.0,0
2025-07-23 01:00:00+00:00,2025-07-23,1,2,0.0,0.0,0
2025-07-23 02:00:00+00:00,2025-07-23,2,2,0.0,0.0,0
2025-07-23 03:00:00+00:00,2025-07-23,3,2,0.0,0.0,0
2025-07-23 04:00:00+00:00,2025-07-23,4,2,0.0,0.0,0
2025-07-23 05:00:00+00:00,2025-07-23,5,2,0.0,0.0,0
2025-07-23 06:00:00+00:00,2025-07-23,6,2,0.0,0.0,0
2025-07-23 07:00:00+00:00,2025-07-23,7,2,0.0,0.0,0
2025-07-23 08:00:00+00:00,2025-07-23,8,2,0.0,0.0,0
2025-07-23 09:00:00+00:00,2025-07-23,9,2,0.0,0.0,0
2025-07-23 10:00:00+00:00,2025-07-23,10,2,0.0,0.0,0
2025-07-23 11:00:00+00:00,2025-07-23,11,2,0.02,0.58,1
2025-07-23 12:00:00+00:00,2025-07-23,12,2,0.0,0.0,0
2025-07-23 13:00:00+00:00,2025-07-23,13,2,0.0,0.0,0
2025-07-23 14:00:00+00:00,2025-07-23,14,2,0.0,0.0,0
2025-07-23 15:00:00+00:00,2025-07-23,15,2,0.0,0.0,0
2025-07-23 16:00:00+00:00,2025-07-23,16,2,0.0,0.0,0
2025-07-23 17:00:00+00:00,2025-07-23,17,2,0.0,0.0,0
2025-07-23 18:00:00+00:00,2025-07-23,18,2,0.0,0.0,0
2025-07-23 19:00:00+00:00,2025-07-23,19,2,0.0,0.0,0
2025-07-23 20:00:00+00:00,2025-07-23,20,2,0.0,0.0,0
2025-07-23 21:00:00+00:00,2025-07-23,21,2,0.0,0.0,0
2025-07-23 22:00:00+00:00,2025-07-23,22,2,0.0,0.0,0
2025-07-23 23:00:00+00:00,2025-07-23,23,2,0.0,0.0,0
2025-07-24 00:00:00+00:00,2025-07-24,0,3,0.0,0.0,0
2025-07-24 01:00:00+00:00,2025-07-24,1,3,0.0,0.0,0
2025-07-24 02:00:00+00:00,2025-07-24,2,3,0.0,0.0,0
2025-07-24 03:00:00+00:00,2025-07-24,3,3,0.0,0.0,0
2025-07-24 04:00:00+00:00,2025-07-24,4,3,0.0,0.0,0
2025-07-24 05:00:00+00:00,2025-07-24,5,3,0.0,0.0,0
2025-07-24 06:00:00+00:00,2025-07-24,6,3,0.0,0.0,0
2025-07-24 07:00:00+00:00,2025-07-24,7,3,0.0,0.0,0
2025-07-24 08:00:00+00:00,2025-07-24,8,3,0.0,0.0,0
2025-07-24 09:00:00+00:00,2025-07-24,9,3,0.0,0.0,0
2025-07-24 10:00:00+00:00,2025-07-24,10,3,0.0,0.0,0
2025-07-24 11:00:00+00:00,2025-07-24,11,3,0.0,0.0,0
2025-07-24 12:00:00+00:00,2025-07-24,12,3,0.0,0.0,0
2025-07-24 13:00:00+00:00,2025-07-24,13,3,0.0,0.0,0
2025-07-24 14:00:00+00:00,2025-07-24,14,3,0.0,0.0,0
2025-07-24 15:00:00+00:00,2025-07-24,15,3,0.0,0.0,0
2025-07-24 16:00:00+00:00,2025-07-24,16,3,0.0,0.0,0
2025-07-24 17:00:00+00:00,2025-07-24,17,3,0.0,0.0,0
2025-07-24 18:00:00+00:00,2025-07-24,18,3,0.0,0.0,0
2025-07-24 19:00:00+00:00,2025-07-24,19,3,0.0,0.0,0
2025-07-24 20:00:00+00:00,2025-07-24,20,3,0.0,0.0,0
2025-07-24 21:00:00+00:00,2025-07-24,21,3,0.0,0.0,0
2025-07-24 22:00:00+00:00,2025-07-24,22,3,0.0,0.0,0
2025-07-24 23:00:00+00:00,2025-07-24,23,3,0.0,0.0,0
2025-07-25 00:00:00+00:00,2025-07-25,0,4,0.0,0.0,0
2025-07-25 01:00:00+00:00,2025-07-25,1,4,0.0,0.0,0
2025-07-25 02:00:00+00:00,2025-07-25,2,4,0.0,0.0,0
2025-07-25 03:00:00+00:00,2025-07-25,3,4,0.0,0.0,0
2025-07-25 04:00:00+00:00,2025-07-25,4,4,0.0,0.0,0
2025-07-25 05:00:00+00:00,2025-07-25,5,4,0.0,0.0,0
2025-07-25 06:00:00+00:00,2025-07-25,6,4,0.0,0.0,0
2025-07-25 07:00:00+00:00,2025-07-25,7,4,0.0,0.0,0
2025-07-25 08:00:00+00:00,2025-07-25,8,4,0.0,0.0,0
2025-07-25 09:00:00+00:00,2025-07-25,9,4,0.0,0.0,0
2025-07-25 10:00:00+00:00,2025-07-25,10,4,0.0,0.0,0
2025-07-25 11:00:00+00:00,2025-07-25,11,4,0.0,0.0,0
2025-07-25 12:00:00+00:00,2025-07-25,12,4,0.0,0.0,0
2025-07-25 13:00:00+00:00,2025-07-25,13,4,0.0,0.0,0
2025-07-25 14:00:00+00:00,2025-07-25,14,4,0.0,0.0,0
2025-07-25 15:00:00+00:00,2025-07-25,15,4,0.0,0.0,0
2025-07-25 16:00:00+00:00,2025-07-25,16,4,0.0,0.0,0
2025-07-25 17:00:00+00:00,2025-07-25,17,4,0.0,0.0,0
2025-07-25 18:00:00+00:00,2025-07-25,18,4,0.0,0.0,0
2025-07-25 19:00:00+00:00,2025-07-25,19,4,0.0,0.0,0
2025-07-25 20:00:00+00:00,2025-07-25,20,4,0.0,0.0,0
2025-07-25 21:00:00+00:00,2025-07-25,21,4,0.0,0.0,0
2025-07-25 22:00:00+00:00,2025-07-25,22,4,0.0,0.0,0
2025-07-25 23:00:00+00:00,2025-07-25,23,4,0.0,0.0,0
2025-07-26 00:00:00+00:00,2025-07-26,0,5,0.0,0.0,0
2025-07-26 01:00:00+00:00,2025-07-26,1,5,0.0,0.0,0
2025-07-26 02:00:00+00:00,2025-07-26,2,5,0.0,0.0,0
2025-07-26 03:00:00+00:00,2025-07-26,3,5,0.0,0.0,0
2025-07-26 04:00:00+00:00,2025-07-26,4,5,0.0,0.0,0
2025-07-26 05:00:00+00:00,2025-07-26,5,5,0.0,0.0,0
2025-07-26 06:00:00+00:00,2025-07-26,6,5,0.0,0.0,0
2025-07-26 07:00:00+00:00,2025-07-26,7,5,0.0,0.0,0
2025-07-26 08:00:00+00:00,2025-07-26,8,5,0.0,0.0,0
2025-07-26 09:00:00+00:00,2025-07-26,9,5,0.0,0.0,0
2025-07-26 10:00:00+00:00,2025-07-26,10,5,0.0,0.0,0
2025-07-26 11:00:00+00:00,2025-07-26,11,5,0.0,0.0,0
2025-07-26 12:00:00+00:00,2025-07-26,12,5,0.0,0.0,0
2025-07-26 13:00:00+00:00,2025-07-26,13,5,0.0,0.0,0
2025-07-26 14:00:00+00:00,2025-07-26,14,5,0.0,0.0,0
2025-07-26 15:00:00+00:00,2025-07-26,15,5,0.0,0.0,0
2025-07-26 16:00:00+00:00,2025-07-26,16,5,0.0,0.0,0
2025-07-26 17:00:00+00:00,2025-07-26,17,5,0.0,0.0,0
2025-07-26 18:00:00+00:00,2025-07-26,18,5,0.0,0.0,0
2025-07-26 19:00:00+00:00,2025-07-26,19,5,0.0,0.0,0
2025-07-26 20:00:00+00:00,2025-07-26,20,5,0.0,0.0,0
2025-07-26 21:00:00+00:00,2025-07-26,21,5,0.0,0.0,0
2025-07-26 22:00:00+00:00,2025-07-26,22,5,0.0,0.0,0
2025-07-26 23:00:00+00:00,2025-07-26,23,5,0.0,0.0,0
2025-07-27 00:00:00+00:00,2025-07-27,0,6,0.0,0.0,0
2025-07-27 01:00:00+00:00,2025-07-27,1,6,0.0,0.0,0
2025-07-27 02:00:00+00:00,2025-07-27,2,6,0.0,0.0,0
2025-07-27 03:00:00+00:00,2025-07-27,3,6,0.0,0.0,0
2025-07-27 04:00:00+00:00,2025-07-27,4,6,0.0,0.0,0
2025-07-27 05:00:00+00:00,2025-07-27,5,6,0.0,0.0,0
2025-07-27 06:00:00+00:00,2025-07-27,6,6,0.0,0.0,0
2025-07-27 07:00:00+00:00,2025-07-27,7,6,0.0,0.0,0
2025-07-27 08:00:00+00:00,2025-07-27,8,6,0.0,0.0,0
2025-07-27 09:00:00+00:00,2025-07-27,9,6,0.0,0.0,0
2025-07-27 10:00:00+00:00,2025-07-27,10,6,0.0,0.0,0
2025-07-27 11:00:00+00:00,2025-07-27,11,6,0.0,0.0,0
2025-07-27 12:00:00+00:00,2025-07-27,12,6,0.0,0.0,0
2025-07-27 13:00:00+00:00,2025-07-27,13,6,0.0,0.0,0
2025-07-27 14:00:00+00:00,2025-07-27,14,6,0.0,0.0,0
2025-07-27 15:00:00+00:00,2025-07-27,15,6,0.0,0.0,0
2025-07-27 16:00:00+00:00,2025-07-27,16,6,0.0,0.0,0
2025-07-27 17:00:00+00:00,2025-07-27,17,6,0.0,0.0,0
2025-07-27 18:00:00+00:00,2025-07-27,18,6,0.0,0.0,0
2025-07-27 19:00:00+00:00,2025-07-27,19,6,0.0,0.0,0
2025-07-27 20:00:00+00:00,2025-07-27,20,6,0.0,0.0,0
2025-07-27 21:00:00+00:00,2025-07-27,21,6,0.0,0.0,0
2025-07-27 22:00:00+00:00,2025-07-27,22,6,0.0,0.0,0
2025-07-27 23:00:00+00:00,2025-07-27,23,6,0.0,0.0,0
2025-07-28 00:00:00+00:00,2025-07-28,0,0,0.0,0.0,0
2025-07-28 01:00:00+00:00,2025-07-28,1,0,0.0,0.0,0
2025-07-28 02:00:00+00:00,2025-07-28,2,0,0.0,0.0,0
2025-07-28 03:00:00+00:00,2025-07-28,3,0,0.0,0.0,0
2025-07-28 04:00:00+00:00,2025-07-28,4,0,0.0,0.0,0
2025-07-28 05:00:00+00:00,2025-07-28,5,0,0.0,0.0,0
2025-07-28 06:00:00+00:00,2025-07-28,6,0,0.0,0.0,0
2025-07-28 07:00:00+00:00,2025-07-28,7,0,0.0,0.0,0
2025-07-28 08:00:00+00:00,2025-07-28,8,0,0.0,0.0,0
2025-07-28 09:00:00+00:00,2025-07-28,9,0,0.0,0.0,0
2025-07-28 10:00:00+00:00,2025-07-28,10,0,0.0,0.0,0
2025-07-28 11:00:00+00:00,2025-07-28,11,0,0.0,0.0,0
2025-07-28 12:00:00+00:00,2025-07-28,12,0,0.0,0.0,0
2025-07-28 13:00:00+00:00,2025-07-28,13,0,0.0,0.0,0
2025-07-28 14:00:00+00:00,2025-07-28,14,0,0.0,0.0,0
2025-07-28 15:00:00+00:00,2025-07-28,15,0,0.0,0.0,0
2025-07-28 16:00:00+00:00,2025-07-28,16,0,0.0,0.0,0
2025-07-28 17:00:00+00:00,2025-07-28,17,0,0.0,0.0,0
2025-07-28 18:00:00+00:00,2025-07-28,18,0,0.0,0.0,0
2025-07-28 19:00:00+00:00,2025-07-28,19,0,0.0,0.0,0
2025-07-28 20:00:00+00:00,2025-07-28,20,0,0.0,0.0,0
2025-07-28 21:00:00+00:00,2025-07-28,21,0,0.0,0.0,0
2025-07-28 22:00:00+00:00,2025-07-28,22,0,0.0,0.0,0
2025-07-28 23:00:00+00:00,2025-07-28,23,0,0.0,0.0,0
2025-07-29 00:00:00+00:00,2025-07-29,0,1,0.0,0.0,0
2025-07-29 01:00:00+00:00,2025-07-29,1,1,0.0,0.0,0
2025-07-29 02:00:00+00:00,2025-07-29,2,1,0.0,0.0,0
2025-07-29 03:00:00+00:00,2025-07-29,3,1,0.0,0.0,0
2025-07-29 04:00:00+00:00,2025-07-29,4,1,0.0,0.0,0
2025-07-29 05:00:00+00:00,2025-07-29,5,1,0.0,0.0,0
2025-07-29 06:00:00+00:00,2025-07-29,6,1,0.0,0.0,0
2025-07-29 07:00:00+00:00,2025-07-29,7,1,0.0,0.0,0
2025-07-29 08:00:00+00:00,2025-07-29,8,1,0.0,0.0,0
2025-07-29 09:00:00+00:00,2025-07-29,9,1,0.0,0.0,0
2025-07-29 10:00:00+00:00,2025-07-29,10,1,0.0,0.0,0
2025-07-29 11:00:00+00:00,2025-07-29,11,1,0.0,0.0,0
2025-07-29 12:00:00+00:00,2025-07-29,12,1,0.0,0.0,0
2025-07-29 13:00:00+00:00,2025-07-29,13,1,0.0,0.0,0
2025-07-29 14:00:00+00:00,2025-07-29,14,1,0.0,0.0,0
2025-07-29 15:00:00+00:00,2025-07-29,15,1,0.0,0.0,0
2025-07-29 16:00:00+00:00,2025-07-29,16,1,0.0,0.0,0
2025-07-29 17:00:00+00:00,2025-07-29,17,1,0.0,0.0,0
2025-07-29 18:00:00+00:00,2025-07-29,18,1,0.0,0.0,0
2025-07-29 19:00:00+00:00,2025-07-29,19,1,0.0,0.0,0
2025-07-29 20:00:00+00:00,2025-07-29,20,1,0.0,0.0,0
2025-07-29 21:00:00+00:00,2025-07-29,21,1,0.0,0.0,0
2025-07-29 22:00:00+00:00,2025-07-29,22,1,0.0,0.0,0
2025-07-29 23:00:00+00:00,2025-07-29,23,1,0.0,0.0,0
2025-07-30 00:00:00+00:00,2025-07-30,0,2,0.0,0.0,0
2025-07-30 01:00:00+00:00,2025-07-30,1,2,0.0,0.0,0
2025-07-30 02:00:00+00:00,2025-07-30,2,2,0.0,0.0,0
2025-07-30 03:00:00+00:00,2025-07-30,3,2,0.0,0.0,0
2025-07-30 04:00:00+00:00,2025-07-30,4,2,0.0,0.0,0
2025-07-30 05:00:00+00:00,2025-07-30,5,2,0.0,0.0,0
2025-07-30 06:00:00+00:00,2025-07-30,6,2,0.0,0.0,0
2025-07-30 07:00:00+00:00,2025-07-30,7,2,0.0,0.0,0
2025-07-30 08:00:00+00:00,2025-07-30,8,2,0.0,0.0,0
2025-07-30 09:00:00+00:00,2025-07-30,9,2,0.0,0.0,0
2025-07-30 10:00:00+00:00,2025-07-30,10,2,0.0,0.0,0
2025-07-30 11:00:00+00:00,2025-07-30,11,2,0.0,0.0,0
2025-07-30 12:00:00+00:00,2025-07-30,12,2,0.0,0.0,0
2025-07-30 13:00:00+00:00,2025-07-30,13,2,0.0,0.0,0
2025-07-30 14:00:00+00:00,2025-07-30,14,2,0.0,0.0,0
2025-07-30 15:00:00+00:00,2025-07-30,15,2,0.0,0.0,0
2025-07-30 16:00:00+00:00,2025-07-30,16,2,0.0,0.0,0
2025-07-30 17:00:00+00:00,2025-07-30,17,2,0.0,0.0,0
2025-07-30 18:00:00+00:00,2025-07-30,18,2,0.0,0.0,0
2025-07-30 19:00:00+00:00,2025-07-30,19,2,0.0,0.0,0
2025-07-30 20:00:00+00:00,2025-07-30,20,2,0.0,0.0,0
2025-07-30 21:00:00+00:00,2025-07-30,21,2,0.0,0.0,0
2025-07-30 22:00:00+00:00,2025-07-30,22,2,0.0,0.0,0
2025-07-30 23:00:00+00:00,2025-07-30,23,2,0.0,0.0,0
2025-07-31 00:00:00+00:00,2025-07-31,0,3,0.0,0.0,0
2025-07-31 01:00:00+00:00,2025-07-31,1,3,0.0,0.0,0
2025-07-31 02:00:00+00:00,2025-07-31,2,3,0.0,0.0,0
2025-07-31 03:00:00+00:00,2025-07-31,3,3,0.0,0.0,0
2025-07-31 04:00:00+00:00,2025-07-31,4,3,0.0,0.0,0
2025-07-31 05:00:00+00:00,2025-07-31,5,3,0.0,0.0,0
2025-07-31 06:00:00+00:00,2025-07-31,6,3,0.0,0.0,0
2025-07-31 07:00:00+00:00,2025-07-31,7,3,0.0,0.0,0
2025-07-31 08:00:00+00:00,2025-07-31,8,3,0.0,0.0,0
2025-07-31 09:00:00+00:00,2025-07-31,9,3,0.0,0.0,0
2025-07-31 10:00:00+00:00,2025-07-31,10,3,0.0,0.0,0
2025-07-31 11:00:00+00:00,2025-07-31,11,3,0.0,0.0,0
2025-07-31 12:00:00+00:00,2025-07-31,12,3,0.0,0.0,0
2025-07-31 13:00:00+00:00,2025-07-31,13,3,0.0,0.0,0
2025-07-31 14:00:00+00:00,2025-07-31,14,3,0.0,0.0,0
2025-07-31 15:00:00+00:00,2025-07-31,15,3,0.0,0.0,0
2025-07-31 16:00:00+00:00,2025-07-31,16,3,0.0,0.0,0
2025-07-31 17:00:00+00:00,2025-07-31,17,3,0.0,0.0,0
2025-07-31 18:00:00+00:00,2025-07-31,18,3,0.0,0.0,0
2025-07-31 19:00:00+00:00,2025-07-31,19,3,0.0,0.0,0
2025-07-31 20:00:00+00:00,2025-07-31,20,3,0.0,0.0,0
2025-07-31 21:00:00+00:00,2025-07-31,21,3,0.0,0.0,0
2025-07-31 22:00:00+00:00,2025-07-31,22,3,0.0,0.0,0
2025-07-31 23:00:00+00:00,2025-07-31,23,3,0.0,0.0,0
2025-08-01 00:00:00+00:00,2025-08-01,0,4,0.0,0.0,0
2025-08-01 01:00:00+00:00,2025-08-01,1,4,0.0,0.0,0
2025-08-01 02:00:00+00:00,2025-08-01,2,4,0.0,0.0,0
2025-08-01 03:00:00+00:00,2025-08-01,3,4,0.0,0.0,0
2025-08-01 04:00:00+00:00,2025-08-01,4,4,0.0,0.0,0
2025-08-01 05:00:00+00:00,2025-08-01,5,4,0.0,0.0,0
2025-08-01 06:00:00+00:00,2025-08-01,6,4,0.0,0.0,0
2025-08-01 07:00:00+00:00,2025-08-01,7,4,0.0,0.0,0
2025-08-01 08:00:00+00:00,2025-08-01,8,4,0.0,0.0,0
2025-08-01 09:00:00+00:00,2025-08-01,9,4,0.0,0.0,0
2025-08-01 10:00:00+00:00,2025-08-01,10,4,0.0,0.0,0
2025-08-01 11:00:00+00:00,2025-08-01,11,4,0.0,0.0,0
2025-08-01 12:00:00+00:00,2025-08-01,12,4,0.0,0.0,0
2025-08-01 13:00:00+00:00,2025-08-01,13,4,0.0,0.0,0
2025-08-01 14:00:00+00:00,2025-08-01,14,4,0.0,0.0,0
2025-08-01 15:00:00+00:00,2025-08-01,15,4,0.0,0.0,0
2025-08-01 16:00:00+00:00,2025-08-01,16,4,0.0,0.0,0
2025-08-01 17:00:00+00:00,2025-08-01,17,4,0.0,0.0,0
2025-08-01 18:00:00+00:00,2025-08-01,18,4,0.0,0.0,0
2025-08-01 19:00:00+00:00,2025-08-01,19,4,0.0,0.0,0
2025-08-01 20:00:00+00:00,2025-08-01,20,4,0.0,0.0,0
2025-08-01 21:00:00+00:00,2025-08-01,21,4,0.0,0.0,0
2025-08-01 22:00:00+00:00,2025-08-01,22,4,0.0,0.0,0
2025-08-01 23:00:00+00:00,2025-08-01,23,4,0.0,0.0,0
2025-08-02 00:00:00+00:00,2025-08-02,0,5,0.0,0.0,0
2025-08-02 01:00:00+00:00,2025-08-02,1,5,0.0,0.0,0
2025-08-02 02:00:00+00:00,2025-08-02,2,5,0.0,0.0,0
2025-08-02 03:00:00+00:00,2025-08-02,3,5,0.0,0.0,0
2025-08-02 04:00:00+00:00,2025-08-02,4,5,0.0,0.0,0
2025-08-02 05:00:00+00:00,2025-08-02,5,5,0.0,0.0,0
2025-08-02 06:00:00+00:00,2025-08-02,6,5,0.0,0.0,0
2025-08-02 07:00:00+00:00,2025-08-02,7,5,0.0,0.0,0
2025-08-02 08:00:00+00:00,2025-08-02,8,5,0.0,0.0,0
2025-08-02 09:00:00+00:00,2025-08-02,9,5,0.0,0.0,0
2025-08-02 10:00:00+00:00,2025-08-02,10,5,0.0,0.0,0
2025-08-02 11:00:00+00:00,2025-08-02,11,5,0.0,0.0,0
2025-08-02 12:00:00+00:00,2025-08-02,12,5,0.0,0.0,0
2025-08-02 13:00:00+00:00,2025-08-02,13,5,0.0,0.0,0
2025-08-02 14:00:00+00:00,2025-08-02,14,5,0.0,0.0,0
2025-08-02 15:00:00+00:00,2025-08-02,15,5,0.0,0.0,0
2025-08-02 16:00:00+00:00,2025-08-02,16,5,0.0,0.0,0
2025-08-02 17:00:00+00:00,2025-08-02,17,5,0.0,0.0,0
2025-08-02 18:00:00+00:00,2025-08-02,18,5,0.0,0.0,0
2025-08-02 19:00:00+00:00,2025-08-02,19,5,0.0,0.0,0
2025-08-02 20:00:00+00:00,2025-08-02,20,5,0.0,0.0,0
2025-08-02 21:00:00+00:00,2025-08-02,21,5,0.0,0.0,0
2025-08-02 22:00:00+00:00,2025-08-02,22,5,0.0,0.0,0
2025-08-02 23:00:00+00:00,2025-08-02,23,5,0.0,0.0,0
2025-08-03 00:00:00+00:00,2025-08-03,0,6,0.0,0.0,0
2025-08-03 01:00:00+00:00,2025-08-03,1,6,0.0,0.0,0
2025-08-03 02:00:00+00:00,2025-08-03,2,6,0.0,0.0,0
2025-08-03 03:00:00+00:00,2025-08-03,3,6,0.0,0.0,0
2025-08-03 04:00:00+00:00,2025-08-03,4,6,0.0,0.0,0
2025-08-03 05:00:00+00:00,2025-08-03,5,6,0.0,0.0,0
2025-08-03 06:00:00+00:00,2025-08-03,6,6,0.0,0.0,0
2025-08-03 07:00:00+00:00,2025-08-03,7,6,0.0,0.0,0
2025-08-03 08:00:00+00:00,2025-08-03,8,6,0.0,0.0,0
2025-08-03 09:00:00+00:00,2025-08-03,9,6,0.0,0.0,0
2025-08-03 10:00:00+00:00,2025-08-03,10,6,0.0,0.0,0
2025-08-03 11:00:00+00:00,2025-08-03,11,6,0.0,0.0,0
2025-08-03 12:00:00+00:00,2025-08-03,12,6,0.0,0.0,0
2025-08-03 13:00:00+00:00,2025-08-03,13,6,0.0,0.0,0
2025-08-03 14:00:00+00:00,2025-08-03,14,6,0.0,0.0,0
2025-08-03 15:00:00+00:00,2025-08-03,15,6,0.0,0.0,0
2025-08-03 16:00:00+00:00,2025-08-03,16,6,0.0,0.0,0
2025-08-03 17:00:00+00:00,2025-08-03,17,6,0.0,0.0,0
2025-08-03 18:00:00+00:00,2025-08-03,18,6,0.0,0.0,0
2025-08-03 19:00:00+00:00,2025-08-03,19,6,0.0,0.0,0
2025-08-03 20:00:00+00:00,2025-08-03,20,6,0.0,0.0,0
2025-08-03 21:00:00+00:00,2025-08-03,21,6,0.0,0.0,0
2025-08-03 22:00:00+00:00,2025-08-03,22,6,0.0,0.0,0
2025-08-03 23:00:00+00:00,2025-08-03,23,6,0.0,0.0,0
2025-08-04 00:00:00+00:00,2025-08-04,0,0,0.0,0.0,0
2025-08-04 01:00:00+00:00,2025-08-04,1,0,0.0,0.0,0
2025-08-04 02:00:00+00:00,2025-08-04,2,0,0.0,0.0,0
2025-08-04 03:00:00+00:00,2025-08-04,3,0,0.0,0.0,0
2025-08-04 04:00:00+00:00,2025-08-04,4,0,0.0,0.0,0
2025-08-04 05:00:00+00:00,2025-08-04,5,0,0.0,0.0,0
2025-08-04 06:00:00+00:00,2025-08-04,6,0,0.0,0.0,0
2025-08-04 07:00:00+00:00,2025-08-04,7,0,0.0,0.0,0
2025-08-04 08:00:00+00:00,2025-08-04,8,0,0.0,0.0,0
2025-08-04 09:00:00+00:00,2025-08-04,9,0,0.0,0.0,0
2025-08-04 10:00:00+00:00,2025-08-04,10,0,0.0,0.0,0
2025-08-04 11:00:00+00:00,2025-08-04,11,0,0.0,0.0,0
2025-08-04 12:00:00+00:00,2025-08-04,12,0,0.0,0.0,0
2025-08-04 13:00:00+00:00,2025-08-04,13,0,0.0,0.0,0
2025-08-04 14:00:00+00:00,2025-08-04,14,0,0.0,0.0,0
2025-08-04 15:00:00+00:00,2025-08-04,15,0,0.0,0.0,0
2025-08-04 16:00:00+00:00,2025-08-04,16,0,0.0,0.0,0
2025-08-04 17:00:00+00:00,2025-08-04,17,0,0.0,0.0,0
2025-08-04 18:00:00+00:00,2025-08-04,18,0,0.0,0.0,0
2025-08-04 19:00:00+00:00,2025-08-04,19,0,0.0,0.0,0
2025-08-04 20:00:00+00:00,2025-08-04,20,0,0.0,0.0,0
2025-08-04 21:00:00+00:00,2025-08-04,21,0,0.0,0.0,0
2025-08-04 22:00:00+00:00,2025-08-04,22,0,0.0,0.0,0
2025-08-04 23:00:00+00:00,2025-08-04,23,0,0.0,0.0,0
2025-08-05 00:00:00+00:00,2025-08-05,0,1,0.0,0.0,0
2025-08-05 01:00:00+00:00,2025-08-05,1,1,0.0,0.0,0
2025-08-05 02:00:00+00:00,2025-08-05,2,1,0.0,0.0,0
2025-08-05 03:00:00+00:00,2025-08-05,3,1,0.0,0.0,0
2025-08-05 04:00:00+00:00,2025-08-05,4,1,0.0,0.0,0
2025-08-05 05:00:00+00:00,2025-08-05,5,1,0.0,0.0,0
2025-08-05 06:00:00+00:00,2025-08-05,6,1,0.0,0.0,0
2025-08-05 07:00:00+00:00,2025-08-05,7,1,0.0,0.0,0
2025-08-05 08:00:00+00:00,2025-08-05,8,1,0.0,0.0,0
2025-08-05 09:00:00+00:00,2025-08-05,9,1,0.0,0.0,0
2025-08-05 10:00:00+00:00,2025-08-05,10,1,0.0,0.0,0
2025-08-05 11:00:00+00:00,2025-08-05,11,1,0.0,0.0,0
2025-08-05 12:00:00+00:00,2025-08-05,12,1,0.0,0.0,0
2025-08-05 13:00:00+00:00,2025-08-05,13,1,0.0,0.0,0
2025-08-05 14:00:00+00:00,2025-08-05,14,1,0.0,0.0,0
2025-08-05 15:00:00+00:00,2025-08-05,15,1,0.0,0.0,0
2025-08-05 16:00:00+00:00,2025-08-05,16,1,0.0,0.0,0
2025-08-05 17:00:00+00:00,2025-08-05,17,1,0.0,0.0,0
2025-08-05 18:00:00+00:00,2025-08-05,18,1,0.0,0.0,0
2025-08-05 19:00:00+00:00,2025-08-05,19,1,0.0,0.0,0
2025-08-05 20:00:00+00:00,2025-08-05,20,1,0.0,0.0,0
2025-08-05 21:00:00+00:00,2025-08-05,21,1,0.0,0.0,0
2025-08-05 22:00:00+00:00,2025-08-05,22,1,0.0,0.0,0
2025-08-05 23:00:00+00:00,2025-08-05,23,1,0.0,0.0,0
2025-08-06 00:00:00+00:00,2025-08-06,0,2,0.0,0.0,0
2025-08-06 01:00:00+00:00,2025-08-06,1,2,0.0,0.0,0
2025-08-06 02:00:00+00:00,2025-08-06,2,2,0.0,0.0,0
2025-08-06 03:00:00+00:00,2025-08-06,3,2,0.0,0.0,0
2025-08-06 04:00:00+00:00,2025-08-06,4,2,0.0,0.0,0
2025-08-06 05:00:00+00:00,2025-08-06,5,2,0.0,0.0,0
2025-08-06 06:00:00+00:00,2025-08-06,6,2,0.0,0.0,0
2025-08-06 07:00:00+00:00,2025-08-06,7,2,0.0,0.0,0
2025-08-06 08:00:00+00:00,2025-08-06,8,2,0.0,0.0,0
2025-08-06 09:00:00+00:00,2025-08-06,9,2,0.0,0.0,0
2025-08-06 10:00:00+00:00,2025-08-06,10,2,0.0,0.0,0
2025-08-06 11:00:00+00:00,2025-08-06,11,2,0.0,0.0,0
2025-08-06 12:00:00+00:00,2025-08-06,12,2,0.0,0.0,0
2025-08-06 13:00:00+00:00,2025-08-06,13,2,0.0,0.0,0
2025-08-06 14:00:00+00:00,2025-08-06,14,2,0.0,0.0,0
2025-08-06 15:00:00+00:00,2025-08-06,15,2,0.0,0.0,0
2025-08-06 16:00:00+00:00,2025-08-06,16,2,0.0,0.0,0
2025-08-06 17:00:00+00:00,2025-08-06,17,2,0.0,0.0,0
2025-08-06 18:00:00+00:00,2025-08-06,18,2,0.0,0.0,0
2025-08-06 19:00:00+00:00,2025-08-06,19,2,0.0,0.0,0
2025-08-06 20:00:00+00:00,2025-08-06,20,2,0.0,0.0,0
2025-08-06 21:00:00+00:00,2025-08-06,21,2,0.0,0.0,0
2025-08-06 22:00:00+00:00,2025-08-06,22,2,0.0,0.0,0
2025-08-06 23:00:00+00:00,2025-08-06,23,2,0.0,0.0,0
2025-08-07 00:00:00+00:00,2025-08-07,0,3,0.0,0.0,0
2025-08-07 01:00:00+00:00,2025-08-07,1,3,0.0,0.0,0
2025-08-07 02:00:00+00:00,2025-08-07,2,3,0.0,0.0,0
2025-08-07 03:00:00+00:00,2025-08-07,3,3,0.0,0.0,0
2025-08-07 04:00:00+00:00,2025-08-07,4,3,0.0,0.0,0
2025-08-07 05:00:00+00:00,2025-08-07,5,3,0.0,0.0,0
2025-08-07 06:00:00+00:00,2025-08-07,6,3,0.0,0.0,0
2025-08-07 07:00:00+00:00,2025-08-07,7,3,0.0,0.0,0
2025-08-07 08:00:00+00:00,2025-08-07,8,3,0.0,0.0,0
2025-08-07 09:00:00+00:00,2025-08-07,9,3,0.0,0.0,0
2025-08-07 10:00:00+00:00,2025-08-07,10,3,0.0,0.0,0
2025-08-07 11:00:00+00:00,2025-08-07,11,3,0.0,0.0,0
2025-08-07 12:00:00+00:00,2025-08-07,12,3,0.0,0.0,0
2025-08-07 13:00:00+00:00,2025-08-07,13,3,0.0,0.0,0
2025-08-07 14:00:00+00:00,2025-08-07,14,3,0.0,0.0,0
2025-08-07 15:00:00+00:00,2025-08-07,15,3,0.0,0.0,0
2025-08-07 16:00:00+00:00,2025-08-07,16,3,0.0,0.0,0
2025-08-07 17:00:00+00:00,2025-08-07,17,3,0.0,0.0,0
2025-08-07 18:00:00+00:00,2025-08-07,18,3,0.0,0.0,0
2025-08-07 19:00:00+00:00,2025-08-07,19,3,0.0,0.0,0
2025-08-07 20:00:00+00:00,2025-08-07,20,3,0.0,0.0,0
2025-08-07 21:00:00+00:00,2025-08-07,21,3,0.0,0.0,0
2025-08-07 22:00:00+00:00,2025-08-07,22,3,0.0,0.0,0
2025-08-07 23:00:00+00:00,2025-08-07,23,3,0.0,0.0,0
2025-08-08 00:00:00+00:00,2025-08-08,0,4,0.0,0.0,0
2025-08-08 01:00:00+00:00,2025-08-08,1,4,0.0,0.0,0
2025-08-08 02:00:00+00:00,2025-08-08,2,4,0.0,0.0,0
2025-08-08 03:00:00+00:00,2025-08-08,3,4,0.0,0.0,0
2025-08-08 04:00:00+00:00,2025-08-08,4,4,0.0,0.0,0
2025-08-08 05:00:00+00:00,2025-08-08,5,4,0.0,0.0,0
2025-08-08 06:00:00+00:00,2025-08-08,6,4,0.0,0.0,0
2025-08-08 07:00:00+00:00,2025-08-08,7,4,0.0,0.0,0
2025-08-08 08:00:00+00:00,2025-08-08,8,4,0.0,0.0,0
2025-08-08 09:00:00+00:00,2025-08-08,9,4,0.0,0.0,0
2025-08-08 10:00:00+00:00,2025-08-08,10,4,0.0,0.0,0
2025-08-08 11:00:00+00:00,2025-08-08,11,4,0.0,0.0,0
2025-08-08 12:00:00+00:00,2025-08-08,12,4,0.0,0.0,0
2025-08-08 13:00:00+00:00,2025-08-08,13,4,0.0,0.0,0
2025-08-08 14:00:00+00:00,2025-08-08,14,4,0.0,0.0,0
2025-08-08 15:00:00+00:00,2025-08-08,15,4,0.0,0.0,0
2025-08-08 16:00:00+00:00,2025-08-08,16,4,0.0,0.0,0
2025-08-08 17:00:00+00:00,2025-08-08,17,4,0.0,0.0,0
2025-08-08 18:00:00+00:00,2025-08-08,18,4,0.0,0.0,0
2025-08-08 19:00:00+00:00,2025-08-08,19,4,0.0,0.0,0
2025-08-08 20:00:00+00:00,2025-08-08,20,4,0.0,0.0,0
2025-08-08 21:00:00+00:00,2025-08-08,21,4,0.0,0.0,0
2025-08-08 22:00:00+00:00,2025-08-08,22,4,0.0,0.0,0
2025-08-08 23:00:00+00:00,2025-08-08,23,4,0.0,0.0,0
2025-08-09 00:00:00+00:00,2025-08-09,0,5,0.0,0.0,0
2025-08-09 01:00:00+00:00,2025-08-09,1,5,0.0,0.0,0
2025-08-09 02:00:00+00:00,2025-08-09,2,5,0.0,0.0,0
2025-08-09 03:00:00+00:00,2025-08-09,3,5,0.0,0.0,0
2025-08-09 04:00:00+00:00,2025-08-09,4,5,0.0,0.0,0
2025-08-09 05:00:00+00:00,2025-08-09,5,5,0.0,0.0,0
2025-08-09 06:00:00+00:00,2025-08-09,6,5,0.0,0.0,0
2025-08-09 07:00:00+00:00,2025-08-09,7,5,0.0,0.0,0
2025-08-09 08:00:00+00:00,2025-08-09,8,5,0.0,0.0,0
2025-08-09 09:00:00+00:00,2025-08-09,9,5,0.0,0.0,0
2025-08-09 10:00:00+00:00,2025-08-09,10,5,0.0,0.0,0
2025-08-09 11:00:00+00:00,2025-08-09,11,5,0.0,0.0,0
2025-08-09 12:00:00+00:00,2025-08-09,12,5,0.0,0.0,0
2025-08-09 13:00:00+00:00,2025-08-09,13,5,0.0,0.0,0
2025-08-09 14:00:00+00:00,2025-08-09,14,5,0.0,0.0,0
2025-08-09 15:00:00+00:00,2025-08-09,15,5,0.0,0.0,0
2025-08-09 16:00:00+00:00,2025-08-09,16,5,0.0,0.0,0
2025-08-09 17:00:00+00:00,2025-08-09,17,5,0.0,0.0,0
2025-08-09 18:00:00+00:00,2025-08-09,18,5,0.0,0.0,0
2025-08-09 19:00:00+00:00,2025-08-09,19,5,0.0,0.0,0
2025-08-09 20:00:00+00:00,2025-08-09,20,5,0.0,0.0,0
2025-08-09 21:00:00+00:00,2025-08-09,21,5,0.0,0.0,0
2025-08-09 22:00:00+00:00,2025-08-09,22,5,0.0,0.0,0
2025-08-09 23:00:00+00:00,2025-08-09,23,5,0.0,0.0,0
2025-08-10 00:00:00+00:00,2025-08-10,0,6,0.0,0.0,0
2025-08-10 01:00:00+00:00,2025-08-10,1,6,0.0,0.0,0
2025-08-10 02:00:00+00:00,2025-08-10,2,6,0.0,0.0,0
2025-08-10 03:00:00+00:00,2025-08-10,3,6,0.0,0.0,0
2025-08-10 04:00:00+00:00,2025-08-10,4,6,0.0,0.0,0
2025-08-10 05:00:00+00:00,2025-08-10,5,6,0.0,0.0,0
2025-08-10 06:00:00+00:00,2025-08-10,6,6,0.0,0.0,0
2025-08-10 07:00:00+00:00,2025-08-10,7,6,0.0,0.0,0
2025-08-10 08:00:00+00:00,2025-08-10,8,6,0.0,0.0,0
2025-08-10 09:00:00+00:00,2025-08-10,9,6,0.0,0.0,0
2025-08-10 10:00:00+00:00,2025-08-10,10,6,0.0,0.0,0
2025-08-10 11:00:00+00:00,2025-08-10,11,6,0.0,0.0,0
2025-08-10 12:00:00+00:00,2025-08-10,12,6,0.0,0.0,0
2025-08-10 13:00:00+00:00,2025-08-10,13,6,0.0,0.0,0
2025-08-10 14:00:00+00:00,2025-08-10,14,6,0.0,0.0,0
2025-08-10 15:00:00+00:00,2025-08-10,15,6,0.0,0.0,0
2025-08-10 16:00:00+00:00,2025-08-10,16,6,0.0,0.0,0
2025-08-10 17:00:00+00:00,2025-08-10,17,6,0.0,0.0,0
2025-08-10 18:00:00+00:00,2025-08-10,18,6,0.0,0.0,0
2025-08-10 19:00:00+00:00,2025-08-10,19,6,0.0,0.0,0
2025-08-10 20:00:00+00:00,2025-08-10,20,6,0.0,0.0,0
2025-08-10 21:00:00+00:00,2025-08-10,21,6,0.0,0.0,0
2025-08-10 22:00:00+00:00,2025-08-10,22,6,0.0,0.0,0
2025-08-10 23:00:00+00:00,2025-08-10,23,6,0.0,0.0,0
2025-08-11 00:00:00+00:00,2025-08-11,0,0,0.0,0.0,0
2025-08-11 01:00:00+00:00,2025-08-11,1,0,0.0,0.0,0
2025-08-11 02:00:00+00:00,2025-08-11,2,0,0.0,0.0,0
2025-08-11 03:00:00+00:00,2025-08-11,3,0,0.0,0.0,0
2025-08-11 04:00:00+00:00,2025-08-11,4,0,0.0,0.0,0
2025-08-11 05:00:00+00:00,2025-08-11,5,0,0.0,0.0,0
2025-08-11 06:00:00+00:00,2025-08-11,6,0,0.0,0.0,0
2025-08-11 07:00:00+00:00,2025-08-11,7,0,0.0,0.0,0
2025-08-11 08:00:00+00:00,2025-08-11,8,0,0.0,0.0,0
2025-08-11 09:00:00+00:00,2025-08-11,9,0,0.0,0.0,0
2025-08-11 10:00:00+00:00,2025-08-11,10,0,0.0,0.0,0
2025-08-11 11:00:00+00:00,2025-08-11,11,0,0.0,0.0,0
2025-08-11 12:00:00+00:00,2025-08-11,12,0,0.0,0.0,0
2025-08-11 13:00:00+00:00,2025-08-11,13,0,0.0,0.0,0
2025-08-11 14:00:00+00:00,2025-08-11,14,0,0.0,0.0,0
2025-08-11 15:00:00+00:00,2025-08-11,15,0,0.0,0.0,0
2025-08-11 16:00:00+00:00,2025-08-11,16,0,0.0,0.0,0
2025-08-11 17:00:00+00:00,2025-08-11,17,0,0.0,0.0,0
2025-08-11 18:00:00+00:00,2025-08-11,18,0,0.0,0.0,0
2025-08-11 19:00:00+00:00,2025-08-11,19,0,0.0,0.0,0
2025-08-11 20:00:00+00:00,2025-08-11,20,0,0.0,0.0,0
2025-08-11 21:00:00+00:00,2025-08-11,21,0,0.0,0.0,0
2025-08-11 22:00:00+00:00,2025-08-11,22,0,0.0,0.0,0
2025-08-11 23:00:00+00:00,2025-08-11,23,0,0.0,0.0,0
2025-08-12 00:00:00+00:00,2025-08-12,0,1,0.0,0.0,0
2025-08-12 01:00:00+00:00,2025-08-12,1,1,0.0,0.0,0
2025-08-12 02:00:00+00:00,2025-08-12,2,1,0.0,0.0,0
2025-08-12 03:00:00+00:00,2025-08-12,3,1,0.0,0.0,0
2025-08-12 04:00:00+00:00,2025-08-12,4,1,0.0,0.0,0
2025-08-12 05:00:00+00:00,2025-08-12,5,1,0.0,0.0,0
2025-08-12 06:00:00+00:00,2025-08-12,6,1,0.0,0.0,0
2025-08-12 07:00:00+00:00,2025-08-12,7,1,0.0,0.0,0
2025-08-12 08:00:00+00:00,2025-08-12,8,1,0.0,0.0,0
2025-08-12 09:00:00+00:00,2025-08-12,9,1,0.0,0.0,0
2025-08-12 10:00:00+00:00,2025-08-12,10,1,0.0,0.0,0
2025-08-12 11:00:00+00:00,2025-08-12,11,1,0.0,0.0,0
2025-08-12 12:00:00+00:00,2025-08-12,12,1,0.0,0.0,0
2025-08-12 13:00:00+00:00,2025-08-12,13,1,0.0,0.0,0
2025-08-12 14:00:00+00:00,2025-08-12,14,1,0.0,0.0,0
2025-08-12 15:00:00+00:00,2025-08-12,15,1,0.0,0.0,0
2025-08-12 16:00:00+00:00,2025-08-12,16,1,0.0,0.0,0
2025-08-12 17:00:00+00:00,2025-08-12,17,1,0.0,0.0,0
2025-08-12 18:00:00+00:00,2025-08-12,18,1,0.0,0.0,0
2025-08-12 19:00:00+00:00,2025-08-12,19,1,0.0,0.0,0
2025-08-12 20:00:00+00:00,2025-08-12,20,1,0.0,0.0,0
2025-08-12 21:00:00+00:00,2025-08-12,21,1,0.0,0.0,0
2025-08-12 22:00:00+00:00,2025-08-12,22,1,0.0,0.0,0
2025-08-12 23:00:00+00:00,2025-08-12,23,1,0.0,0.0,0
2025-08-13 00:00:00+00:00,2025-08-13,0,2,0.0,0.0,0
2025-08-13 01:00:00+00:00,2025-08-13,1,2,0.0,0.0,0
2025-08-13 02:00:00+00:00,2025-08-13,2,2,0.0,0.0,0
2025-08-13 03:00:00+00:00,2025-08-13,3,2,0.0,0.0,0
2025-08-13 04:00:00+00:00,2025-08-13,4,2,0.0,0.0,0
2025-08-13 05:00:00+00:00,2025-08-13,5,2,0.0,0.0,0
2025-08-13 06:00:00+00:00,2025-08-13,6,2,0.0,0.0,0
2025-08-13 07:00:00+00:00,2025-08-13,7,2,0.0,0.0,0
2025-08-13 08:00:00+00:00,2025-08-13,8,2,0.0,0.0,0
2025-08-13 09:00:00+00:00,2025-08-13,9,2,0.0,0.0,0
2025-08-13 10:00:00+00:00,2025-08-13,10,2,0.0,0.0,0
2025-08-13 11:00:00+00:00,2025-08-13,11,2,0.0,0.0,0
2025-08-13 12:00:00+00:00,2025-08-13,12,2,0.0,0.0,0
2025-08-13 13:00:00+00:00,2025-08-13,13,2,0.0,0.0,0
2025-08-13 14:00:00+00:00,2025-08-13,14,2,0.0,0.0,0
2025-08-13 15:00:00+00:00,2025-08-13,15,2,0.0,0.0,0
2025-08-13 16:00:00+00:00,2025-08-13,16,2,0.0,0.0,0
2025-08-13 17:00:00+00:00,2025-08-13,17,2,0.0,0.0,0
2025-08-13 18:00:00+00:00,2025-08-13,18,2,0.0,0.0,0
2025-08-13 19:00:00+00:00,2025-08-13,19,2,0.0,0.0,0
2025-08-13 20:00:00+00:00,2025-08-13,20,2,0.0,0.0,0
2025-08-13 21:00:00+00:00,2025-08-13,21,2,0.0,0.0,0
2025-08-13 22:00:00+00:00,2025-08-13,22,2,0.0,0.0,0
2025-08-13 23:00:00+00:00,2025-08-13,23,2,0.0,0.0,0
2025-08-14 00:00:00+00:00,2025-08-14,0,3,0.0,0.0,0
2025-08-14 01:00:00+00:00,2025-08-14,1,3,0.0,0.0,0
2025-08-14 02:00:00+00:00,2025-08-14,2,3,0.0,0.0,0
2025-08-14 03:00:00+00:00,2025-08-14,3,3,0.0,0.0,0
2025-08-14 04:00:00+00:00,2025-08-14,4,3,0.0,0.0,0
2025-08-14 05:00:00+00:00,2025-08-14,5,3,0.0,0.0,0
2025-08-14 06:00:00+00:00,2025-08-14,6,3,0.0,0.0,0
2025-08-14 07:00:00+00:00,2025-08-14,7,3,0.0,0.0,0
2025-08-14 08:00:00+00:00,2025-08-14,8,3,0.0,0.0,0
2025-08-14 09:00:00+00:00,2025-08-14,9,3,0.0,0.0,0
2025-08-14 10:00:00+00:00,2025-08-14,10,3,0.0,0.0,0
2025-08-14 11:00:00+00:00,2025-08-14,11,3,0.0,0.0,0
2025-08-14 12:00:00+00:00,2025-08-14,12,3,0.0,0.0,0
2025-08-14 13:00:00+00:00,2025-08-14,13,3,0.0,0.0,0
2025-08-14 14:00:00+00:00,2025-08-14,14,3,0.0,0.0,0
2025-08-14 15:00:00+00:00,2025-08-14,15,3,0.0,0.0,0
2025-08-14 16:00:00+00:00,2025-08-14,16,3,0.0,0.0,0
2025-08-14 17:00:00+00:00,2025-08-14,17,3,0.0,0.0,0
2025-08-14 18:00:00+00:00,2025-08-14,18,3,0.0,0.0,0
2025-08-14 19:00:00+00:00,2025-08-14,19,3,0.0,0.0,0
2025-08-14 20:00:00+00:00,2025-08-14,20,3,0.0,0.0,0
2025-08-14 21:00:00+00:00,2025-08-14,21,3,0.0,0.0,0
2025-08-14 22:00:00+00:00,2025-08-14,22,3,0.0,0.0,0
2025-08-14 23:00:00+00:00,2025-08-14,23,3,0.0,0.0,0
2025-08-15 00:00:00+00:00,2025-08-15,0,4,0.0,0.0,0
2025-08-15 01:00:00+00:00,2025-08-15,1,4,0.0,0.0,0
2025-08-15 02:00:00+00:00,2025-08-15,2,4,0.0,0.0,0
2025-08-15 03:00:00+00:00,2025-08-15,3,4,0.0,0.0,0
2025-08-15 04:00:00+00:00,2025-08-15,4,4,0.0,0.0,0
2025-08-15 05:00:00+00:00,2025-08-15,5,4,0.0,0.0,0
2025-08-15 06:00:00+00:00,2025-08-15,6,4,0.0,0.0,0
2025-08-15 07:00:00+00:00,2025-08-15,7,4,0.0,0.0,0
2025-08-15 08:00:00+00:00,2025-08-15,8,4,0.0,0.0,0
2025-08-15 09:00:00+00:00,2025-08-15,9,4,0.0,0.0,0
2025-08-15 10:00:00+00:00,2025-08-15,10,4,0.0,0.0,0
2025-08-15 11:00:00+00:00,2025-08-15,11,4,0.0,0.0,0
2025-08-15 12:00:00+00:00,2025-08-15,12,4,0.0,0.0,0
2025-08-15 13:00:00+00:00,2025-08-15,13,4,0.0,0.0,0
2025-08-15 14:00:00+00:00,2025-08-15,14,4,0.0,0.0,0
2025-08-15 15:00:00+00:00,2025-08-15,15,4,0.0,0.0,0
2025-08-15 16:00:00+00:00,2025-08-15,16,4,0.0,0.0,0
2025-08-15 17:00:00+00:00,2025-08-15,17,4,0.0,0.0,0
2025-08-15 18:00:00+00:00,2025-08-15,18,4,0.0,0.0,0
2025-08-15 19:00:00+00:00,2025-08-15,19,4,0.0,0.0,0
2025-08-15 20:00:00+00:00,2025-08-15,20,4,0.0,0.0,0
2025-08-15 21:00:00+00:00,2025-08-15,21,4,0.0,0.0,0
2025-08-15 22:00:00+00:00,2025-08-15,22,4,0.0,0.0,0
2025-08-15 23:00:00+00:00,2025-08-15,23,4,0.0,0.0,0
2025-08-16 00:00:00+00:00,2025-08-16,0,5,0.0,0.0,0
2025-08-16 01:00:00+00:00,2025-08-16,1,5,0.0,0.0,0
2025-08-16 02:00:00+00:00,2025-08-16,2,5,0.0,0.0,0
2025-08-16 03:00:00+00:00,2025-08-16,3,5,0.0,0.0,0
2025-08-16 04:00:00+00:00,2025-08-16,4,5,0.0,0.0,0
2025-08-16 05:00:00+00:00,2025-08-16,5,5,0.0,0.0,0
2025-08-16 06:00:00+00:00,2025-08-16,6,5,0.0,0.0,0
2025-08-16 07:00:00+00:00,2025-08-16,7,5,0.0,0.0,0
2025-08-16 08:00:00+00:00,2025-08-16,8,5,0.0,0.0,0
2025-08-16 09:00:00+00:00,2025-08-16,9,5,0.0,0.0,0
2025-08-16 10:00:00+00:00,2025-08-16,10,5,0.0,0.0,0
2025-08-16 11:00:00+00:00,2025-08-16,11,5,0.0,0.0,0
2025-08-16 12:00:00+00:00,2025-08-16,12,5,0.0,0.0,0
2025-08-16 13:00:00+00:00,2025-08-16,13,5,0.0,0.0,0
2025-08-16 14:00:00+00:00,2025-08-16,14,5,0.0,0.0,0
2025-08-16 15:00:00+00:00,2025-08-16,15,5,0.0,0.0,0
2025-08-16 16:00:00+00:00,2025-08-16,16,5,0.0,0.0,0
2025-08-16 17:00:00+00:00,2025-08-16,17,5,0.0,0.0,0
2025-08-16 18:00:00+00:00,2025-08-16,18,5,0.0,0.0,0
2025-08-16 19:00:00+00:00,2025-08-16,19,5,0.0,0.0,0
2025-08-16 20:00:00+00:00,2025-08-16,20,5,0.0,0.0,0
2025-08-16 21:00:00+00:00,2025-08-16,21,5,0.0,0.0,0
2025-08-16 22:00:00+00:00,2025-08-16,22,5,0.0,0.0,0
2025-08-16 23:00:00+00:00,2025-08-16,23,5,0.0,0.0,0
2025-08-17 00:00:00+00:00,2025-08-17,0,6,0.0,0.0,0
2025-08-17 01:00:00+00:00,2025-08-17,1,6,0.0,0.0,0
2025-08-17 02:00:00+00:00,2025-08-17,2,6,0.0,0.0,0
2025-08-17 03:00:00+00:00,2025-08-17,3,6,0.0,0.0,0
2025-08-17 04:00:00+00:00,2025-08-17,4,6,0.0,0.0,0
2025-08-17 05:00:00+00:00,2025-08-17,5,6,0.0,0.0,0
2025-08-17 06:00:00+00:00,2025-08-17,6,6,0.0,0.0,0
2025-08-17 07:00:00+00:00,2025-08-17,7,6,0.0,0.0,0
2025-08-17 08:00:00+00:00,2025-08-17,8,6,0.0,0.0,0
2025-08-17 09:00:00+00:00,2025-08-17,9,6,0.0,0.0,0
2025-08-17 10:00:00+00:00,2025-08-17,10,6,0.0,0.0,0
2025-08-17 11:00:00+00:00,2025-08-17,11,6,0.0,0.0,0
2025-08-17 12:00:00+00:00,2025-08-17,12,6,0.0,0.0,0
2025-08-17 13:00:00+00:00,2025-08-17,13,6,0.0,0.0,0
2025-08-17 14:00:00+00:00,2025-08-17,14,6,0.0,0.0,0
2025-08-17 15:00:00+00:00,2025-08-17,15,6,0.0,0.0,0
2025-08-17 16:00:00+00:00,2025-08-17,16,6,0.0,0.0,0
2025-08-17 17:00:00+00:00,2025-08-17,17,6,0.0,0.0,0
2025-08-17 18:00:00+00:00,2025-08-17,18,6,0.0,0.0,0
2025-08-17 19:00:00+00:00,2025-08-17,19,6,0.0,0.0,0
2025-08-17 20:00:00+00:00,2025-08-17,20,6,0.0,0.0,0
2025-08-17 21:00:00+00:00,2025-08-17,21,6,0.0,0.0,0
2025-08-17 22:00:00+00:00,2025-08-17,22,6,0.0,0.0,0
2025-08-17 23:00:00+00:00,2025-08-17,23,6,0.0,0.0,0
2025-08-18 00:00:00+00:00,2025-08-18,0,0,0.0,0.0,0
2025-08-18 01:00:00+00:00,2025-08-18,1,0,0.0,0.0,0
2025-08-18 02:00:00+00:00,2025-08-18,2,0,0.0,0.0,0
2025-08-18 03:00:00+00:00,2025-08-18,3,0,0.0,0.0,0
2025-08-18 04:00:00+00:00,2025-08-18,4,0,0.0,0.0,0
2025-08-18 05:00:00+00:00,2025-08-18,5,0,0.0,0.0,0
2025-08-18 06:00:00+00:00,2025-08-18,6,0,0.0,0.0,0
2025-08-18 07:00:00+00:00,2025-08-18,7,0,0.0,0.0,0
2025-08-18 08:00:00+00:00,2025-08-18,8,0,0.0,0.0,0
2025-08-18 09:00:00+00:00,2025-08-18,9,0,0.0,0.0,0
2025-08-18 10:00:00+00:00,2025-08-18,10,0,0.0,0.0,0
2025-08-18 11:00:00+00:00,2025-08-18,11,0,0.0,0.0,0
2025-08-18 12:00:00+00:00,2025-08-18,12,0,0.0,0.0,0
2025-08-18 13:00:00+00:00,2025-08-18,13,0,0.0,0.0,0
2025-08-18 14:00:00+00:00,2025-08-18,14,0,0.0,0.0,0
2025-08-18 15:00:00+00:00,2025-08-18,15,0,0.0,0.0,0
2025-08-18 16:00:00+00:00,2025-08-18,16,0,0.0,0.0,0
2025-08-18 17:00:00+00:00,2025-08-18,17,0,0.0,0.0,0
2025-08-18 18:00:00+00:00,2025-08-18,18,0,0.0,0.0,0
2025-08-18 19:00:00+00:00,2025-08-18,19,0,0.0,0.0,0
2025-08-18 20:00:00+00:00,2025-08-18,20,0,0.0,0.0,0
2025-08-18 21:00:00+00:00,2025-08-18,21,0,0.0,0.0,0
2025-08-18 22:00:00+00:00,2025-08-18,22,0,0.0,0.0,0
2025-08-18 23:00:00+00:00,2025-08-18,23,0,0.0,0.0,0
2025-08-19 00:00:00+00:00,2025-08-19,0,1,0.0,0.0,0
2025-08-19 01:00:00+00:00,2025-08-19,1,1,0.0,0.0,0
2025-08-19 02:00:00+00:00,2025-08-19,2,1,0.0,0.0,0
2025-08-19 03:00:00+00:00,2025-08-19,3,1,0.0,0.0,0
2025-08-19 04:00:00+00:00,2025-08-19,4,1,0.0,0.0,0
2025-08-19 05:00:00+00:00,2025-08-19,5,1,0.0,0.0,0
2025-08-19 06:00:00+00:00,2025-08-19,6,1,0.0,0.0,0
2025-08-19 07:00:00+00:00,2025-08-19,7,1,0.0,0.0,0
2025-08-19 08:00:00+00:00,2025-08-19,8,1,0.0,0.0,0
2025-08-19 09:00:00+00:00,2025-08-19,9,1,0.0,0.0,0
2025-08-19 10:00:00+00:00,2025-08-19,10,1,0.0,0.0,0
2025-08-19 11:00:00+00:00,2025-08-19,11,1,0.0,0.0,0
2025-08-19 12:00:00+00:00,2025-08-19,12,1,0.0,0.0,0
2025-08-19 13:00:00+00:00,2025-08-19,13,1,0.0,0.0,0
2025-08-19 14:00:00+00:00,2025-08-19,14,1,0.0,0.0,0
2025-08-19 15:00:00+00:00,2025-08-19,15,1,0.0,0.0,0
2025-08-19 16:00:00+00:00,2025-08-19,16,1,0.0,0.0,0
2025-08-19 17:00:00+00:00,2025-08-19,17,1,0.0,0.0,0
2025-08-19 18:00:00+00:00,2025-08-19,18,1,0.0,0.0,0
2025-08-19 19:00:00+00:00,2025-08-19,19,1,0.0,0.0,0
2025-08-19 20:00:00+00:00,2025-08-19,20,1,0.0,0.0,0
2025-08-19 21:00:00+00:00,2025-08-19,21,1,0.0,0.0,0
2025-08-19 22:00:00+00:00,2025-08-19,22,1,0.0,0.0,0
2025-08-19 23:00:00+00:00,2025-08-19,23,1,0.0,0.0,0
2025-08-20 00:00:00+00:00,2025-08-20,0,2,0.0,0.0,0
2025-08-20 01:00:00+00:00,2025-08-20,1,2,0.0,0.0,0
2025-08-20 02:00:00+00:00,2025-08-20,2,2,0.0,0.0,0
2025-08-20 03:00:00+00:00,2025-08-20,3,2,0.0,0.0,0
2025-08-20 04:00:00+00:00,2025-08-20,4,2,0.0,0.0,0
2025-08-20 05:00:00+00:00,2025-08-20,5,2,0.0,0.0,0
2025-08-20 06:00:00+00:00,2025-08-20,6,2,0.0,0.0,0
2025-08-20 07:00:00+00:00,2025-08-20,7,2,0.0,0.0,0
2025-08-20 08:00:00+00:00,2025-08-20,8,2,0.0,0.0,0
2025-08-20 09:00:00+00:00,2025-08-20,9,2,0.0,0.0,0
2025-08-20 10:00:00+00:00,2025-08-20,10,2,0.0,0.0,0
2025-08-20 11:00:00+00:00,2025-08-20,11,2,0.0,0.0,0
2025-08-20 12:00:00+00:00,2025-08-20,12,2,0.0,0.0,0
2025-08-20 13:00:00+00:00,2025-08-20,13,2,0.0,0.0,0
2025-08-20 14:00:00+00:00,2025-08-20,14,2,0.0,0.0,0
2025-08-20 15:00:00+00:00,2025-08-20,15,2,0.0,0.0,0
2025-08-20 16:00:00+00:00,2025-08-20,16,2,0.0,0.0,0
2025-08-20 17:00:00+00:00,2025-08-20,17,2,0.0,0.0,0
2025-08-20 18:00:00+00:00,2025-08-20,18,2,0.0,0.0,0
2025-08-20 19:00:00+00:00,2025-08-20,19,2,0.0,0.0,0
2025-08-20 20:00:00+00:00,2025-08-20,20,2,0.0,0.0,0
2025-08-20 21:00:00+00:00,2025-08-20,21,2,0.0,0.0,0
2025-08-20 22:00:00+00:00,2025-08-20,22,2,0.0,0.0,0
2025-08-20 23:00:00+00:00,2025-08-20,23,2,0.0,0.0,0
2025-08-21 00:00:00+00:00,2025-08-21,0,3,0.0,0.0,0
2025-08-21 01:00:00+00:00,2025-08-21,1,3,0.0,0.0,0
2025-08-21 02:00:00+00:00,2025-08-21,2,3,0.0,0.0,0
2025-08-21 03:00:00+00:00,2025-08-21,3,3,0.0,0.0,0
2025-08-21 04:00:00+00:00,2025-08-21,4,3,0.0,0.0,0
2025-08-21 05:00:00+00:00,2025-08-21,5,3,0.0,0.0,0
2025-08-21 06:00:00+00:00,2025-08-21,6,3,0.0,0.0,0
2025-08-21 07:00:00+00:00,2025-08-21,7,3,0.0,0.0,0
2025-08-21 08:00:00+00:00,2025-08-21,8,3,0.0,0.0,0
2025-08-21 09:00:00+00:00,2025-08-21,9,3,0.0,0.0,0
2025-08-21 10:00:00+00:00,2025-08-21,10,3,0.0,0.0,0
2025-08-21 11:00:00+00:00,2025-08-21,11,3,0.0,0.0,0
2025-08-21 12:00:00+00:00,2025-08-21,12,3,0.0,0.0,0
2025-08-21 13:00:00+00:00,2025-08-21,13,3,0.0,0.0,0
2025-08-21 14:00:00+00:00,2025-08-21,14,3,0.0,0.0,0
2025-08-21 15:00:00+00:00,2025-08-21,15,3,0.0,0.0,0
2025-08-21 16:00:00+00:00,2025-08-21,16,3,0.0,0.0,0
2025-08-21 17:00:00+00:00,2025-08-21,17,3,0.0,0.0,0
2025-08-21 18:00:00+00:00,2025-08-21,18,3,0.0,0.0,0
2025-08-21 19:00:00+00:00,2025-08-21,19,3,0.0,0.0,0
2025-08-21 20:00:00+00:00,2025-08-21,20,3,0.0,0.0,0
2025-08-21 21:00:00+00:00,2025-08-21,21,3,0.0,0.0,0
2025-08-21 22:00:00+00:00,2025-08-21,22,3,0.0,0.0,0
2025-08-21 23:00:00+00:00,2025-08-21,23,3,0.0,0.0,0
2025-08-22 00:00:00+00:00,2025-08-22,0,4,0.0,0.0,0
2025-08-22 01:00:00+00:00,2025-08-22,1,4,0.0,0.0,0
2025-08-22 02:00:00+00:00,2025-08-22,2,4,0.0,0.0,0
2025-08-22 03:00:00+00:00,2025-08-22,3,4,0.0,0.0,0
2025-08-22 04:00:00+00:00,2025-08-22,4,4,0.0,0.0,0
2025-08-22 05:00:00+00:00,2025-08-22,5,4,0.0,0.0,0
2025-08-22 06:00:00+00:00,2025-08-22,6,4,0.0,0.0,0
2025-08-22 07:00:00+00:00,2025-08-22,7,4,0.0,0.0,0
2025-08-22 08:00:00+00:00,2025-08-22,8,4,0.0,0.0,0
2025-08-22 09:00:00+00:00,2025-08-22,9,4,0.0,0.0,0
2025-08-22 10:00:00+00:00,2025-08-22,10,4,0.0,0.0,0
2025-08-22 11:00:00+00:00,2025-08-22,11,4,0.0,0.0,0
2025-08-22 12:00:00+00:00,2025-08-22,12,4,0.0,0.0,0
2025-08-22 13:00:00+00:00,2025-08-22,13,4,0.0,0.0,0
2025-08-22 14:00:00+00:00,2025-08-22,14,4,0.0,0.0,0
2025-08-22 15:00:00+00:00,2025-08-22,15,4,0.0,0.0,0
2025-08-22 16:00:00+00:00,2025-08-22,16,4,0.0,0.0,0
2025-08-22 17:00:00+00:00,2025-08-22,17,4,0.0,0.0,0
2025-08-22 18:00:00+00:00,2025-08-22,18,4,0.0,0.0,0
2025-08-22 19:00:00+00:00,2025-08-22,19,4,0.0,0.0,0
2025-08-22 20:00:00+00:00,2025-08-22,20,4,0.0,0.0,0
2025-08-22 21:00:00+00:00,2025-08-22,21,4,0.0,0.0,0
2025-08-22 22:00:00+00:00,2025-08-22,22,4,0.0,0.0,0
2025-08-22 23:00:00+00:00,2025-08-22,23,4,0.0,0.0,0
2025-08-23 00:00:00+00:00,2025-08-23,0,5,0.0,0.0,0
2025-08-23 01:00:00+00:00,2025-08-23,1,5,0.0,0.0,0
2025-08-23 02:00:00+00:00,2025-08-23,2,5,0.0,0.0,0
2025-08-23 03:00:00+00:00,2025-08-23,3,5,0.0,0.0,0
2025-08-23 04:00:00+00:00,2025-08-23,4,5,0.0,0.0,0
2025-08-23 05:00:00+00:00,2025-08-23,5,5,0.0,0.0,0
2025-08-23 06:00:00+00:00,2025-08-23,6,5,0.0,0.0,0
2025-08-23 07:00:00+00:00,2025-08-23,7,5,0.0,0.0,0
2025-08-23 08:00:00+00:00,2025-08-23,8,5,0.0,0.0,0
2025-08-23 09:00:00+00:00,2025-08-23,9,5,0.0,0.0,0
2025-08-23 10:00:00+00:00,2025-08-23,10,5,0.0,0.0,0
2025-08-23 11:00:00+00:00,2025-08-23,11,5,0.0,0.0,0
2025-08-23 12:00:00+00:00,2025-08-23,12,5,0.0,0.0,0
2025-08-23 13:00:00+00:00,2025-08-23,13,5,0.0,0.0,0
2025-08-23 14:00:00+00:00,2025-08-23,14,5,0.0,0.0,0
2025-08-23 15:00:00+00:00,2025-08-23,15,5,0.0,0.0,0
2025-08-23 16:00:00+00:00,2025-08-23,16,5,0.0,0.0,0
2025-08-23 17:00:00+00:00,2025-08-23,17,5,0.0,0.0,0
2025-08-23 18:00:00+00:00,2025-08-23,18,5,0.0,0.0,0
2025-08-23 19:00:00+00:00,2025-08-23,19,5,0.0,0.0,0
2025-08-23 20:00:00+00:00,2025-08-23,20,5,0.0,0.0,0
2025-08-23 21:00:00+00:00,2025-08-23,21,5,0.0,0.0,0
2025-08-23 22:00:00+00:00,2025-08-23,22,5,0.0,0.0,0
2025-08-23 23:00:00+00:00,2025-08-23,23,5,0.0,0.0,0
2025-08-24 00:00:00+00:00,2025-08-24,0,6,0.0,0.0,0
2025-08-24 01:00:00+00:00,2025-08-24,1,6,0.0,0.0,0
2025-08-24 02:00:00+00:00,2025-08-24,2,6,0.0,0.0,0
2025-08-24 03:00:00+00:00,2025-08-24,3,6,0.0,0.0,0
2025-08-24 04:00:00+00:00,2025-08-24,4,6,0.0,0.0,0
2025-08-24 05:00:00+00:00,2025-08-24,5,6,0.0,0.0,0
2025-08-24 06:00:00+00:00,2025-08-24,6,6,0.0,0.0,0
2025-08-24 07:00:00+00:00,2025-08-24,7,6,0.0,0.0,0
2025-08-24 08:00:00+00:00,2025-08-24,8,6,0.0,0.0,0
2025-08-24 09:00:00+00:00,2025-08-24,9,6,0.0,0.0,0
2025-08-24 10:00:00+00:00,2025-08-24,10,6,0.0,0.0,0
2025-08-24 11:00:00+00:00,2025-08-24,11,6,0.0,0.0,0
2025-08-24 12:00:00+00:00,2025-08-24,12,6,0.0,0.0,0
2025-08-24 13:00:00+00:00,2025-08-24,13,6,0.0,0.0,0
2025-08-24 14:00:00+00:00,2025-08-24,14,6,0.0,0.0,0
2025-08-24 15:00:00+00:00,2025-08-24,15,6,0.0,0.0,0
2025-08-24 16:00:00+00:00,2025-08-24,16,6,0.0,0.0,0
2025-08-24 17:00:00+00:00,2025-08-24,17,6,0.0,0.0,0
2025-08-24 18:00:00+00:00,2025-08-24,18,6,0.0,0.0,0
2025-08-24 19:00:00+00:00,2025-08-24,19,6,0.0,0.0,0
2025-08-24 20:00:00+00:00,2025-08-24,20,6,0.0,0.0,0
2025-08-24 21:00:00+00:00,2025-08-24,21,6,0.0,0.0,0
2025-08-24 22:00:00+00:00,2025-08-24,22,6,0.0,0.0,0
2025-08-24 23:00:00+00:00,2025-08-24,23,6,0.0,0.0,0
2025-08-25 00:00:00+00:00,2025-08-25,0,0,0.0,0.0,0
2025-08-25 01:00:00+00:00,2025-08-25,1,0,0.0,0.0,0
2025-08-25 02:00:00+00:00,2025-08-25,2,0,0.0,0.0,0
2025-08-25 03:00:00+00:00,2025-08-25,3,0,0.0,0.0,0
2025-08-25 04:00:00+00:00,2025-08-25,4,0,0.0,0.0,0
2025-08-25 05:00:00+00:00,2025-08-25,5,0,0.0,0.0,0
2025-08-25 06:00:00+00:00,2025-08-25,6,0,0.0,0.0,0
2025-08-25 07:00:00+00:00,2025-08-25,7,0,0.0,0.0,0
2025-08-25 08:00:00+00:00,2025-08-25,8,0,0.0,0.0,0
2025-08-25 09:00:00+00:00,2025-08-25,9,0,0.0,0.0,0
2025-08-25 10:00:00+00:00,2025-08-25,10,0,0.0,0.0,0
2025-08-25 11:00:00+00:00,2025-08-25,11,0,0.0,0.0,0
2025-08-25 12:00:00+00:00,2025-08-25,12,0,0.0,0.0,0
2025-08-25 13:00:00+00:00,2025-08-25,13,0,0.0,0.0,0
2025-08-25 14:00:00+00:00,2025-08-25,14,0,0.0,0.0,0
2025-08-25 15:00:00+00:00,2025-08-25,15,0,0.0,0.0,0
2025-08-25 16:00:00+00:00,2025-08-25,16,0,0.0,0.0,0
2025-08-25 17:00:00+00:00,2025-08-25,17,0,0.0,0.0,0
2025-08-25 18:00:00+00:00,2025-08-25,18,0,0.0,0.0,0
2025-08-25 19:00:00+00:00,2025-08-25,19,0,0.0,0.0,0
2025-08-25 20:00:00+00:00,2025-08-25,20,0,0.0,0.0,0
2025-08-25 21:00:00+00:00,2025-08-25,21,0,0.0,0.0,0
2025-08-25 22:00:00+00:00,2025-08-25,22,0,0.0,0.0,0
2025-08-25 23:00:00+00:00,2025-08-25,23,0,0.0,0.0,0
2025-08-26 00:00:00+00:00,2025-08-26,0,1,0.0,0.0,0
2025-08-26 01:00:00+00:00,2025-08-26,1,1,0.0,0.0,0
2025-08-26 02:00:00+00:00,2025-08-26,2,1,0.0,0.0,0
2025-08-26 03:00:00+00:00,2025-08-26,3,1,0.0,0.0,0
2025-08-26 04:00:00+00:00,2025-08-26,4,1,0.0,0.0,0
2025-08-26 05:00:00+00:00,2025-08-26,5,1,0.0,0.0,0
2025-08-26 06:00:00+00:00,2025-08-26,6,1,0.0,0.0,0
2025-08-26 07:00:00+00:00,2025-08-26,7,1,0.0,0.0,0
2025-08-26 08:00:00+00:00,2025-08-26,8,1,0.0,0.0,0
2025-08-26 09:00:00+00:00,2025-08-26,9,1,0.0,0.0,0
2025-08-26 10:00:00+00:00,2025-08-26,10,1,0.0,0.0,0
2025-08-26 11:00:00+00:00,2025-08-26,11,1,0.0,0.0,0
2025-08-26 12:00:00+00:00,2025-08-26,12,1,0.0,0.0,0
2025-08-26 13:00:00+00:00,2025-08-26,13,1,0.0,0.0,0
2025-08-26 14:00:00+00:00,2025-08-26,14,1,0.0,0.0,0
2025-08-26 15:00:00+00:00,2025-08-26,15,1,0.0,0.0,0
2025-08-26 16:00:00+00:00,2025-08-26,16,1,0.0,0.0,0
2025-08-26 17:00:00+00:00,2025-08-26,17,1,0.0,0.0,0
2025-08-26 18:00:00+00:00,2025-08-26,18,1,0.0,0.0,0
2025-08-26 19:00:00+00:00,2025-08-26,19,1,0.0,0.0,0
2025-08-26 20:00:00+00:00,2025-08-26,20,1,0.0,0.0,0
2025-08-26 21:00:00+00:00,2025-08-26,21,1,0.0,0.0,0
2025-08-26 22:00:00+00:00,2025-08-26,22,1,0.0,0.0,0
2025-08-26 23:00:00+00:00,2025-08-26,23,1,0.0,0.0,0
2025-08-27 00:00:00+00:00,2025-08-27,0,2,0.0,0.0,0
2025-08-27 01:00:00+00:00,2025-08-27,1,2,0.0,0.0,0
2025-08-27 02:00:00+00:00,2025-08-27,2,2,0.0,0.0,0
2025-08-27 03:00:00+00:00,2025-08-27,3,2,0.0,0.0,0
2025-08-27 04:00:00+00:00,2025-08-27,4,2,0.0,0.0,0
2025-08-27 05:00:00+00:00,2025-08-27,5,2,0.0,0.0,0
2025-08-27 06:00:00+00:00,2025-08-27,6,2,0.0,0.0,0
2025-08-27 07:00:00+00:00,2025-08-27,7,2,0.0,0.0,0
2025-08-27 08:00:00+00:00,2025-08-27,8,2,0.0,0.0,0
2025-08-27 09:00:00+00:00,2025-08-27,9,2,0.0,0.0,0
2025-08-27 10:00:00+00:00,2025-08-27,10,2,0.0,0.0,0
2025-08-27 11:00:00+00:00,2025-08-27,11,2,0.0,0.0,0
2025-08-27 12:00:00+00:00,2025-08-27,12,2,0.0,0.0,0
2025-08-27 13:00:00+00:00,2025-08-27,13,2,0.0,0.0,0
2025-08-27 14:00:00+00:00,2025-08-27,14,2,0.0,0.0,0
2025-08-27 15:00:00+00:00,2025-08-27,15,2,0.0,0.0,0
2025-08-27 16:00:00+00:00,2025-08-27,16,2,0.0,0.0,0
2025-08-27 17:00:00+00:00,2025-08-27,17,2,0.0,0.0,0
2025-08-27 18:00:00+00:00,2025-08-27,18,2,0.0,0.0,0
2025-08-27 19:00:00+00:00,2025-08-27,19,2,0.0,0.0,0
2025-08-27 20:00:00+00:00,2025-08-27,20,2,0.0,0.0,0
2025-08-27 21:00:00+00:00,2025-08-27,21,2,0.0,0.0,0
2025-08-27 22:00:00+00:00,2025-08-27,22,2,0.0,0.0,0
2025-08-27 23:00:00+00:00,2025-08-27,23,2,0.0,0.0,0
2025-08-28 00:00:00+00:00,2025-08-28,0,3,0.0,0.0,0
2025-08-28 01:00:00+00:00,2025-08-28,1,3,0.0,0.0,0
2025-08-28 02:00:00+00:00,2025-08-28,2,3,0.0,0.0,0
2025-08-28 03:00:00+00:00,2025-08-28,3,3,0.0,0.0,0
2025-08-28 04:00:00+00:00,2025-08-28,4,3,0.0,0.0,0
2025-08-28 05:00:00+00:00,2025-08-28,5,3,0.0,0.0,0
2025-08-28 06:00:00+00:00,2025-08-28,6,3,0.0,0.0,0
2025-08-28 07:00:00+00:00,2025-08-28,7,3,0.0,0.0,0
2025-08-28 08:00:00+00:00,2025-08-28,8,3,0.0,0.0,0
2025-08-28 09:00:00+00:00,2025-08-28,9,3,0.0,0.0,0
2025-08-28 10:00:00+00:00,2025-08-28,10,3,0.0,0.0,0
2025-08-28 11:00:00+00:00,2025-08-28,11,3,0.0,0.0,0
2025-08-28 12:00:00+00:00,2025-08-28,12,3,0.0,0.0,0
2025-08-28 13:00:00+00:00,2025-08-28,13,3,0.0,0.0,0
2025-08-28 14:00:00+00:00,2025-08-28,14,3,0.0,0.0,0
2025-08-28 15:00:00+00:00,2025-08-28,15,3,0.0,0.0,0
2025-08-28 16:00:00+00:00,2025-08-28,16,3,0.0,0.0,0
2025-08-28 17:00:00+00:00,2025-08-28,17,3,0.0,0.0,0
2025-08-28 18:00:00+00:00,2025-08-28,18,3,0.0,0.0,0
2025-08-28 19:00:00+00:00,2025-08-28,19,3,0.0,0.0,0
2025-08-28 20:00:00+00:00,2025-08-28,20,3,0.0,0.0,0
2025-08-28 21:00:00+00:00,2025-08-28,21,3,0.0,0.0,0
2025-08-28 22:00:00+00:00,2025-08-28,22,3,0.0,0.0,0
2025-08-28 23:00:00+00:00,2025-08-28,23,3,0.0,0.0,0
2025-08-29 00:00:00+00:00,2025-08-29,0,4,0.0,0.0,0
2025-08-29 01:00:00+00:00,2025-08-29,1,4,0.0,0.0,0
2025-08-29 02:00:00+00:00,2025-08-29,2,4,0.0,0.0,0
2025-08-29 03:00:00+00:00,2025-08-29,3,4,0.0,0.0,0
2025-08-29 04:00:00+00:00,2025-08-29,4,4,0.0,0.0,0
2025-08-29 05:00:00+00:00,2025-08-29,5,4,0.0,0.0,0
2025-08-29 06:00:00+00:00,2025-08-29,6,4,0.0,0.0,0
2025-08-29 07:00:00+00:00,2025-08-29,7,4,0.0,0.0,0
2025-08-29 08:00:00+00:00,2025-08-29,8,4,0.0,0.0,0
2025-08-29 09:00:00+00:00,2025-08-29,9,4,0.0,0.0,0
2025-08-29 10:00:00+00:00,2025-08-29,10,4,0.0,0.0,0
2025-08-29 11:00:00+00:00,2025-08-29,11,4,0.0,0.0,0
2025-08-29 12:00:00+00:00,2025-08-29,12,4,0.0,0.0,0
2025-08-29 13:00:00+00:00,2025-08-29,13,4,0.0,0.0,0
2025-08-29 14:00:00+00:00,2025-08-29,14,4,0.0,0.0,0
2025-08-29 15:00:00+00:00,2025-08-29,15,4,0.0,0.0,0
2025-08-29 16:00:00+00:00,2025-08-29,16,4,0.0,0.0,0
2025-08-29 17:00:00+00:00,2025-08-29,17,4,0.0,0.0,0
2025-08-29 18:00:00+00:00,2025-08-29,18,4,0.0,0.0,0
2025-08-29 19:00:00+00:00,2025-08-29,19,4,0.0,0.0,0
2025-08-29 20:00:00+00:00,2025-08-29,20,4,0.0,0.0,0
2025-08-29 21:00:00+00:00,2025-08-29,21,4,0.0,0.0,0
2025-08-29 22:00:00+00:00,2025-08-29,22,4,0.0,0.0,0
2025-08-29 23:00:00+00:00,2025-08-29,23,4,0.0,0.0,0
2025-08-30 00:00:00+00:00,2025-08-30,0,5,0.0,0.0,0
2025-08-30 01:00:00+00:00,2025-08-30,1,5,0.0,0.0,0
2025-08-30 02:00:00+00:00,2025-08-30,2,5,0.0,0.0,0
2025-08-30 03:00:00+00:00,2025-08-30,3,5,0.0,0.0,0
2025-08-30 04:00:00+00:00,2025-08-30,4,5,0.0,0.0,0
2025-08-30 05:00:00+00:00,2025-08-30,5,5,0.0,0.0,0
2025-08-30 06:00:00+00:00,2025-08-30,6,5,0.0,0.0,0
2025-08-30 07:00:00+00:00,2025-08-30,7,5,0.0,0.0,0
2025-08-30 08:00:00+00:00,2025-08-30,8,5,0.0,0.0,0
2025-08-30 09:00:00+00:00,2025-08-30,9,5,0.0,0.0,0
2025-08-30 10:00:00+00:00,2025-08-30,10,5,0.0,0.0,0
2025-08-30 11:00:00+00:00,2025-08-30,11,5,0.0,0.0,0
2025-08-30 12:00:00+00:00,2025-08-30,12,5,0.0,0.0,0
2025-08-30 13:00:00+00:00,2025-08-30,13,5,0.0,0.0,0
2025-08-30 14:00:00+00:00,2025-08-30,14,5,0.0,0.0,0
2025-08-30 15:00:00+00:00,2025-08-30,15,5,0.0,0.0,0
2025-08-30 16:00:00+00:00,2025-08-30,16,5,0.0,0.0,0
2025-08-30 17:00:00+00:00,2025-08-30,17,5,0.0,0.0,0
2025-08-30 18:00:00+00:00,2025-08-30,18,5,0.0,0.0,0
2025-08-30 19:00:00+00:00,2025-08-30,19,5,0.0,0.0,0
2025-08-30 20:00:00+00:00,2025-08-30,20,5,0.0,0.0,0
2025-08-30 21:00:00+00:00,2025-08-30,21,5,0.0,0.0,0
2025-08-30 22:00:00+00:00,2025-08-30,22,5,0.0,0.0,0
2025-08-30 23:00:00+00:00,2025-08-30,23,5,0.0,0.0,0
2025-08-31 00:00:00+00:00,2025-08-31,0,6,0.0,0.0,0
2025-08-31 01:00:00+00:00,2025-08-31,1,6,0.0,0.0,0
2025-08-31 02:00:00+00:00,2025-08-31,2,6,0.0,0.0,0
2025-08-31 03:00:00+00:00,2025-08-31,3,6,0.0,0.0,0
2025-08-31 04:00:00+00:00,2025-08-31,4,6,0.0,0.0,0
2025-08-31 05:00:00+00:00,2025-08-31,5,6,0.0,0.0,0
2025-08-31 06:00:00+00:00,2025-08-31,6,6,0.0,0.0,0
2025-08-31 07:00:00+00:00,2025-08-31,7,6,0.0,0.0,0
2025-08-31 08:00:00+00:00,2025-08-31,8,6,0.0,0.0,0
2025-08-31 09:00:00+00:00,2025-08-31,9,6,0.0,0.0,0
2025-08-31 10:00:00+00:00,2025-08-31,10,6,0.0,0.0,0
2025-08-31 11:00:00+00:00,2025-08-31,11,6,0.0,0.0,0
2025-08-31 12:00:00+00:00,2025-08-31,12,6,0.0,0.0,0
2025-08-31 13:00:00+00:00,2025-08-31,13,6,0.0,0.0,0
2025-08-31 14:00:00+00:00,2025-08-31,14,6,0.0,0.0,0
2025-08-31 15:00:00+00:00,2025-08-31,15,6,0.0,0.0,0
2025-08-31 16:00:00+00:00,2025-08-31,16,6,0.0,0.0,0
2025-08-31 17:00:00+00:00,2025-08-31,17,6,0.0,0.0,0
2025-08-31 18:00:00+00:00,2025-08-31,18,6,0.0,0.0,0
2025-08-31 19:00:00+00:00,2025-08-31,19,6,0.0,0.0,0
2025-08-31 20:00:00+00:00,2025-08-31,20,6,0.0,0.0,0
2025-08-31 21:00:00+00:00,2025-08-31,21,6,0.0,0.0,0
2025-08-31 22:00:00+00:00,2025-08-31,22,6,0.0,0.0,0
2025-08-31 23:00:00+00:00,2025-08-31,23,6,0.0,0.0,0
2025-09-01 00:00:00+00:00,2025-09-01,0,0,0.0,0.0,0
2025-09-01 01:00:00+00:00,2025-09-01,1,0,0.0,0.0,0
2025-09-01 02:00:00+00:00,2025-09-01,2,0,0.0,0.0,0
2025-09-01 03:00:00+00:00,2025-09-01,3,0,0.0,0.0,0
2025-09-01 04:00:00+00:00,2025-09-01,4,0,0.0,0.0,0
2025-09-01 05:00:00+00:00,2025-09-01,5,0,0.0,0.0,0
2025-09-01 06:00:00+00:00,2025-09-01,6,0,0.0,0.0,0
2025-09-01 07:00:00+00:00,2025-09-01,7,0,0.0,0.0,0
2025-09-01 08:00:00+00:00,2025-09-01,8,0,0.0,0.0,0
2025-09-01 09:00:00+00:00,2025-09-01,9,0,0.0,0.0,0
2025-09-01 10:00:00+00:00,2025-09-01,10,0,0.0,0.0,0
2025-09-01 11:00:00+00:00,2025-09-01,11,0,0.0,0.0,0
2025-09-01 12:00:00+00:00,2025-09-01,12,0,0.0,0.0,0
2025-09-01 13:00:00+00:00,2025-09-01,13,0,0.0,0.0,0
2025-09-01 14:00:00+00:00,2025-09-01,14,0,0.0,0.0,0
2025-09-01 15:00:00+00:00,2025-09-01,15,0,0.0,0.0,0
2025-09-01 16:00:00+00:00,2025-09-01,16,0,0.0,0.0,0
2025-09-01 17:00:00+00:00,2025-09-01,17,0,0.0,0.0,0
2025-09-01 18:00:00+00:00,2025-09-01,18,0,0.0,0.0,0
2025-09-01 19:00:00+00:00,2025-09-01,19,0,0.0,0.0,0
2025-09-01 20:00:00+00:00,2025-09-01,20,0,0.0,0.0,0
2025-09-01 21:00:00+00:00,2025-09-01,21,0,0.0,0.0,0
2025-09-01 22:00:00+00:00,2025-09-01,22,0,0.0,0.0,0
2025-09-01 23:00:00+00:00,2025-09-01,23,0,0.0,0.0,0
2025-09-02 00:00:00+00:00,2025-09-02,0,1,0.0,0.0,0
2025-09-02 01:00:00+00:00,2025-09-02,1,1,0.0,0.0,0
2025-09-02 02:00:00+00:00,2025-09-02,2,1,0.0,0.0,0
2025-09-02 03:00:00+00:00,2025-09-02,3,1,0.0,0.0,0
2025-09-02 04:00:00+00:00,2025-09-02,4,1,0.0,0.0,0
2025-09-02 05:00:00+00:00,2025-09-02,5,1,0.0,0.0,0
2025-09-02 06:00:00+00:00,2025-09-02,6,1,0.0,0.0,0
2025-09-02 07:00:00+00:00,2025-09-02,7,1,0.0,0.0,0
2025-09-02 08:00:00+00:00,2025-09-02,8,1,0.0,0.0,0
2025-09-02 09:00:00+00:00,2025-09-02,9,1,0.0,0.0,0
2025-09-02 10:00:00+00:00,2025-09-02,10,1,0.0,0.0,0
2025-09-02 11:00:00+00:00,2025-09-02,11,1,0.0,0.0,0
2025-09-02 12:00:00+00:00,2025-09-02,12,1,0.0,0.0,0
2025-09-02 13:00:00+00:00,2025-09-02,13,1,0.0,0.0,0
2025-09-02 14:00:00+00:00,2025-09-02,14,1,0.0,0.0,0
2025-09-02 15:00:00+00:00,2025-09-02,15,1,0.0,0.0,0
2025-09-02 16:00:00+00:00,2025-09-02,16,1,0.0,0.0,0
2025-09-02 17:00:00+00:00,2025-09-02,17,1,0.0,0.0,0
2025-09-02 18:00:00+00:00,2025-09-02,18,1,0.0,0.0,0
2025-09-02 19:00:00+00:00,2025-09-02,19,1,0.0,0.0,0
2025-09-02 20:00:00+00:00,2025-09-02,20,1,0.0,0.0,0
2025-09-02 21:00:00+00:00,2025-09-02,21,1,0.0,0.0,0
2025-09-02 22:00:00+00:00,2025-09-02,22,1,0.0,0.0,0
2025-09-02 23:00:00+00:00,2025-09-02,23,1,0.0,0.0,0
2025-09-03 00:00:00+00:00,2025-09-03,0,2,0.0,0.0,0
2025-09-03 01:00:00+00:00,2025-09-03,1,2,0.0,0.0,0
2025-09-03 02:00:00+00:00,2025-09-03,2,2,0.0,0.0,0
2025-09-03 03:00:00+00:00,2025-09-03,3,2,0.0,0.0,0
2025-09-03 04:00:00+00:00,2025-09-03,4,2,0.0,0.0,0
2025-09-03 05:00:00+00:00,2025-09-03,5,2,0.0,0.0,0
2025-09-03 06:00:00+00:00,2025-09-03,6,2,0.0,0.0,0
2025-09-03 07:00:00+00:00,2025-09-03,7,2,0.0,0.0,0
2025-09-03 08:00:00+00:00,2025-09-03,8,2,0.0,0.0,0
2025-09-03 09:00:00+00:00,2025-09-03,9,2,0.0,0.0,0
2025-09-03 10:00:00+00:00,2025-09-03,10,2,0.0,0.0,0
2025-09-03 11:00:00+00:00,2025-09-03,11,2,0.0,0.0,0
2025-09-03 12:00:00+00:00,2025-09-03,12,2,0.0,0.0,0
2025-09-03 13:00:00+00:00,2025-09-03,13,2,0.0,0.0,0
2025-09-03 14:00:00+00:00,2025-09-03,14,2,0.0,0.0,0
2025-09-03 15:00:00+00:00,2025-09-03,15,2,0.0,0.0,0
2025-09-03 16:00:00+00:00,2025-09-03,16,2,0.0,0.0,0
2025-09-03 17:00:00+00:00,2025-09-03,17,2,0.0,0.0,0
2025-09-03 18:00:00+00:00,2025-09-03,18,2,0.0,0.0,0
2025-09-03 19:00:00+00:00,2025-09-03,19,2,0.0,0.0,0
2025-09-03 20:00:00+00:00,2025-09-03,20,2,0.0,0.0,0
2025-09-03 21:00:00+00:00,2025-09-03,21,2,0.0,0.0,0
2025-09-03 22:00:00+00:00,2025-09-03,22,2,0.0,0.0,0
2025-09-03 23:00:00+00:00,2025-09-03,23,2,0.0,0.0,0
2025-09-04 00:00:00+00:00,2025-09-04,0,3,0.0,0.0,0
2025-09-04 01:00:00+00:00,2025-09-04,1,3,0.0,0.0,0
2025-09-04 02:00:00+00:00,2025-09-04,2,3,0.0,0.0,0
2025-09-04 03:00:00+00:00,2025-09-04,3,3,0.0,0.0,0
2025-09-04 04:00:00+00:00,2025-09-04,4,3,0.0,0.0,0
2025-09-04 05:00:00+00:00,2025-09-04,5,3,0.0,0.0,0
2025-09-04 06:00:00+00:00,2025-09-04,6,3,0.0,0.0,0
2025-09-04 07:00:00+00:00,2025-09-04,7,3,0.0,0.0,0
2025-09-04 08:00:00+00:00,2025-09-04,8,3,0.0,0.0,0
2025-09-04 09:00:00+00:00,2025-09-04,9,3,0.0,0.0,0
2025-09-04 10:00:00+00:00,2025-09-04,10,3,0.0,0.0,0
2025-09-04 11:00:00+00:00,2025-09-04,11,3,0.0,0.0,0
2025-09-04 12:00:00+00:00,2025-09-04,12,3,0.0,0.0,0
2025-09-04 13:00:00+00:00,2025-09-04,13,3,0.0,0.0,0
2025-09-04 14:00:00+00:00,2025-09-04,14,3,0.0,0.0,0
2025-09-04 15:00:00+00:00,2025-09-04,15,3,0.0,0.0,0
2025-09-04 16:00:00+00:00,2025-09-04,16,3,0.0,0.0,0
2025-09-04 17:00:00+00:00,2025-09-04,17,3,0.0,0.0,0
2025-09-04 18:00:00+00:00,2025-09-04,18,3,0.0,0.0,0
2025-09-04 19:00:00+00:00,2025-09-04,19,3,0.0,0.0,0
2025-09-04 20:00:00+00:00,2025-09-04,20,3,0.0,0.0,0
2025-09-04 21:00:00+00:00,2025-09-04,21,3,0.0,0.0,0
2025-09-04 22:00:00+00:00,2025-09-04,22,3,0.0,0.0,0
2025-09-04 23:00:00+00:00,2025-09-04,23,3,0.0,0.0,0
2025-09-05 00:00:00+00:00,2025-09-05,0,4,0.0,0.0,0
2025-09-05 01:00:00+00:00,2025-09-05,1,4,0.0,0.0,0
2025-09-05 02:00:00+00:00,2025-09-05,2,4,0.0,0.0,0
2025-09-05 03:00:00+00:00,2025-09-05,3,4,0.0,0.0,0
2025-09-05 04:00:00+00:00,2025-09-05,4,4,0.0,0.0,0
2025-09-05 05:00:00+00:00,2025-09-05,5,4,0.0,0.0,0
2025-09-05 06:00:00+00:00,2025-09-05,6,4,0.0,0.0,0
2025-09-05 07:00:00+00:00,2025-09-05,7,4,0.0,0.0,0
2025-09-05 08:00:00+00:00,2025-09-05,8,4,0.0,0.0,0
2025-09-05 09:00:00+00:00,2025-09-05,9,4,0.0,0.0,0
2025-09-05 10:00:00+00:00,2025-09-05,10,4,0.0,0.0,0
2025-09-05 11:00:00+00:00,2025-09-05,11,4,0.0,0.0,0
2025-09-05 12:00:00+00:00,2025-09-05,12,4,0.0,0.0,0
2025-09-05 13:00:00+00:00,2025-09-05,13,4,0.0,0.0,0
2025-09-05 14:00:00+00:00,2025-09-05,14,4,0.0,0.0,0
2025-09-05 15:00:00+00:00,2025-09-05,15,4,0.0,0.0,0
2025-09-05 16:00:00+00:00,2025-09-05,16,4,0.0,0.0,0
2025-09-05 17:00:00+00:00,2025-09-05,17,4,0.0,0.0,0
2025-09-05 18:00:00+00:00,2025-09-05,18,4,0.0,0.0,0
2025-09-05 19:00:00+00:00,2025-09-05,19,4,0.0,0.0,0
2025-09-05 20:00:00+00:00,2025-09-05,20,4,0.0,0.0,0
2025-09-05 21:00:00+00:00,2025-09-05,21,4,0.0,0.0,0
2025-09-05 22:00:00+00:00,2025-09-05,22,4,0.0,0.0,0
2025-09-05 23:00:00+00:00,2025-09-05,23,4,0.0,0.0,0
2025-09-06 00:00:00+00:00,2025-09-06,0,5,0.0,0.0,0
2025-09-06 01:00:00+00:00,2025-09-06,1,5,0.0,0.0,0
2025-09-06 02:00:00+00:00,2025-09-06,2,5,0.0,0.0,0
2025-09-06 03:00:00+00:00,2025-09-06,3,5,0.0,0.0,0
2025-09-06 04:00:00+00:00,2025-09-06,4,5,0.0,0.0,0
2025-09-06 05:00:00+00:00,2025-09-06,5,5,0.0,0.0,0
2025-09-06 06:00:00+00:00,2025-09-06,6,5,0.0,0.0,0
2025-09-06 07:00:00+00:00,2025-09-06,7,5,0.0,0.0,0
2025-09-06 08:00:00+00:00,2025-09-06,8,5,0.0,0.0,0
2025-09-06 09:00:00+00:00,2025-09-06,9,5,0.0,0.0,0
2025-09-06 10:00:00+00:00,2025-09-06,10,5,0.0,0.0,0
2025-09-06 11:00:00+00:00,2025-09-06,11,5,0.0,0.0,0
2025-09-06 12:00:00+00:00,2025-09-06,12,5,0.0,0.0,0
2025-09-06 13:00:00+00:00,2025-09-06,13,5,0.0,0.0,0
2025-09-06 14:00:00+00:00,2025-09-06,14,5,0.0,0.0,0
2025-09-06 15:00:00+00:00,2025-09-06,15,5,0.0,0.0,0
2025-09-06 16:00:00+00:00,2025-09-06,16,5,0.0,0.0,0
2025-09-06 17:00:00+00:00,2025-09-06,17,5,0.0,0.0,0
2025-09-06 18:00:00+00:00,2025-09-06,18,5,0.0,0.0,0
2025-09-06 19:00:00+00:00,2025-09-06,19,5,0.0,0.0,0
2025-09-06 20:00:00+00:00,2025-09-06,20,5,0.0,0.0,0
2025-09-06 21:00:00+00:00,2025-09-06,21,5,0.0,0.0,0
2025-09-06 22:00:00+00:00,2025-09-06,22,5,0.0,0.0,0
2025-09-06 23:00:00+00:00,2025-09-06,23,5,0.0,0.0,0
2025-09-07 00:00:00+00:00,2025-09-07,0,6,0.0,0.0,0
2025-09-07 01:00:00+00:00,2025-09-07,1,6,0.0,0.0,0
2025-09-07 02:00:00+00:00,2025-09-07,2,6,0.0,0.0,0
2025-09-07 03:00:00+00:00,2025-09-07,3,6,0.0,0.0,0
2025-09-07 04:00:00+00:00,2025-09-07,4,6,0.0,0.0,0
2025-09-07 05:00:00+00:00,2025-09-07,5,6,0.0,0.0,0
2025-09-07 06:00:00+00:00,2025-09-07,6,6,0.0,0.0,0
2025-09-07 07:00:00+00:00,2025-09-07,7,6,0.0,0.0,0
2025-09-07 08:00:00+00:00,2025-09-07,8,6,0.0,0.0,0
2025-09-07 09:00:00+00:00,2025-09-07,9,6,0.0,0.0,0
2025-09-07 10:00:00+00:00,2025-09-07,10,6,0.0,0.0,0
2025-09-07 11:00:00+00:00,2025-09-07,11,6,0.0,0.0,0
2025-09-07 12:00:00+00:00,2025-09-07,12,6,0.0,0.0,0
2025-09-07 13:00:00+00:00,2025-09-07,13,6,0.0,0.0,0
2025-09-07 14:00:00+00:00,2025-09-07,14,6,0.0,0.0,0
2025-09-07 15:00:00+00:00,2025-09-07,15,6,0.0,0.0,0
2025-09-07 16:00:00+00:00,2025-09-07,16,6,0.0,0.0,0
2025-09-07 17:00:00+00:00,2025-09-07,17,6,0.0,0.0,0
2025-09-07 18:00:00+00:00,2025-09-07,18,6,0.0,0.0,0
2025-09-07 19:00:00+00:00,2025-09-07,19,6,0.0,0.0,0
2025-09-07 20:00:00+00:00,2025-09-07,20,6,0.0,0.0,0
2025-09-07 21:00:00+00:00,2025-09-07,21,6,0.0,0.0,0
2025-09-07 22:00:00+00:00,2025-09-07,22,6,0.0,0.0,0
2025-09-07 23:00:00+00:00,2025-09-07,23,6,0.0,0.0,0
2025-09-08 00:00:00+00:00,2025-09-08,0,0,0.0,0.0,0
2025-09-08 01:00:00+00:00,2025-09-08,1,0,0.0,0.0,0
2025-09-08 02:00:00+00:00,2025-09-08,2,0,0.0,0.0,0
2025-09-08 03:00:00+00:00,2025-09-08,3,0,0.0,0.0,0
2025-09-08 04:00:00+00:00,2025-09-08,4,0,0.0,0.0,0
2025-09-08 05:00:00+00:00,2025-09-08,5,0,0.0,0.0,0
2025-09-08 06:00:00+00:00,2025-09-08,6,0,0.0,0.0,0
2025-09-08 07:00:00+00:00,2025-09-08,7,0,0.0,0.0,0
2025-09-08 08:00:00+00:00,2025-09-08,8,0,0.0,0.0,0
2025-09-08 09:00:00+00:00,2025-09-08,9,0,0.0,0.0,0
2025-09-08 10:00:00+00:00,2025-09-08,10,0,0.0,0.0,0
2025-09-08 11:00:00+00:00,2025-09-08,11,0,0.0,0.0,0
2025-09-08 12:00:00+00:00,2025-09-08,12,0,0.0,0.0,0
2025-09-08 13:00:00+00:00,2025-09-08,13,0,0.0,0.0,0
2025-09-08 14:00:00+00:00,2025-09-08,14,0,0.0,0.0,0
2025-09-08 15:00:00+00:00,2025-09-08,15,0,0.0,0.0,0
2025-09-08 16:00:00+00:00,2025-09-08,16,0,0.0,0.0,0
2025-09-08 17:00:00+00:00,2025-09-08,17,0,0.0,0.0,0
2025-09-08 18:00:00+00:00,2025-09-08,18,0,0.0,0.0,0
2025-09-08 19:00:00+00:00,2025-09-08,19,0,0.0,0.0,0
2025-09-08 20:00:00+00:00,2025-09-08,20,0,0.0,0.0,0
2025-09-08 21:00:00+00:00,2025-09-08,21,0,0.0,0.0,0
2025-09-08 22:00:00+00:00,2025-09-08,22,0,0.0,0.0,0
2025-09-08 23:00:00+00:00,2025-09-08,23,0,0.0,0.0,0
2025-09-09 00:00:00+00:00,2025-09-09,0,1,0.0,0.0,0
2025-09-09 01:00:00+00:00,2025-09-09,1,1,0.0,0.0,0
2025-09-09 02:00:00+00:00,2025-09-09,2,1,0.0,0.0,0
2025-09-09 03:00:00+00:00,2025-09-09,3,1,0.0,0.0,0
2025-09-09 04:00:00+00:00,2025-09-09,4,1,0.0,0.0,0
2025-09-09 05:00:00+00:00,2025-09-09,5,1,0.0,0.0,0
2025-09-09 06:00:00+00:00,2025-09-09,6,1,0.0,0.0,0
2025-09-09 07:00:00+00:00,2025-09-09,7,1,0.0,0.0,0
2025-09-09 08:00:00+00:00,2025-09-09,8,1,0.0,0.0,0
2025-09-09 09:00:00+00:00,2025-09-09,9,1,0.0,0.0,0
2025-09-09 10:00:00+00:00,2025-09-09,10,1,0.0,0.0,0
2025-09-09 11:00:00+00:00,2025-09-09,11,1,0.0,0.0,0
2025-09-09 12:00:00+00:00,2025-09-09,12,1,0.0,0.0,0
2025-09-09 13:00:00+00:00,2025-09-09,13,1,0.0,0.0,0
2025-09-09 14:00:00+00:00,2025-09-09,14,1,0.0,0.0,0
2025-09-09 15:00:00+00:00,2025-09-09,15,1,0.0,0.0,0
2025-09-09 16:00:00+00:00,2025-09-09,16,1,0.0,0.0,0
2025-09-09 17:00:00+00:00,2025-09-09,17,1,0.0,0.0,0
2025-09-09 18:00:00+00:00,2025-09-09,18,1,0.0,0.0,0
2025-09-09 19:00:00+00:00,2025-09-09,19,1,0.0,0.0,0
2025-09-09 20:00:00+00:00,2025-09-09,20,1,0.0,0.0,0
2025-09-09 21:00:00+00:00,2025-09-09,21,1,0.0,0.0,0
2025-09-09 22:00:00+00:00,2025-09-09,22,1,0.0,0.0,0
2025-09-09 23:00:00+00:00,2025-09-09,23,1,0.0,0.0,0
2025-09-10 00:00:00+00:00,2025-09-10,0,2,0.0,0.0,0
2025-09-10 01:00:00+00:00,2025-09-10,1,2,0.0,0.0,0
2025-09-10 02:00:00+00:00,2025-09-10,2,2,0.0,0.0,0
2025-09-10 03:00:00+00:00,2025-09-10,3,2,0.0,0.0,0
2025-09-10 04:00:00+00:00,2025-09-10,4,2,0.0,0.0,0
2025-09-10 05:00:00+00:00,2025-09-10,5,2,0.0,0.0,0
2025-09-10 06:00:00+00:00,2025-09-10,6,2,0.0,0.0,0
2025-09-10 07:00:00+00:00,2025-09-10,7,2,0.0,0.0,0
2025-09-10 08:00:00+00:00,2025-09-10,8,2,0.0,0.0,0
2025-09-10 09:00:00+00:00,2025-09-10,9,2,0.0,0.0,0
2025-09-10 10:00:00+00:00,2025-09-10,10,2,0.0,0.0,0
2025-09-10 11:00:00+00:00,2025-09-10,11,2,0.0,0.0,0
2025-09-10 12:00:00+00:00,2025-09-10,12,2,0.0,0.0,0
2025-09-10 13:00:00+00:00,2025-09-10,13,2,0.0,0.0,0
2025-09-10 14:00:00+00:00,2025-09-10,14,2,0.0,0.0,0
2025-09-10 15:00:00+00:00,2025-09-10,15,2,0.0,0.0,0
2025-09-10 16:00:00+00:00,2025-09-10,16,2,0.0,0.0,0
2025-09-10 17:00:00+00:00,2025-09-10,17,2,0.0,0.0,0
2025-09-10 18:00:00+00:00,2025-09-10,18,2,0.0,0.0,0
2025-09-10 19:00:00+00:00,2025-09-10,19,2,0.0,0.0,0
2025-09-10 20:00:00+00:00,2025-09-10,20,2,0.0,0.0,0
2025-09-10 21:00:00+00:00,2025-09-10,21,2,0.0,0.0,0
2025-09-10 22:00:00+00:00,2025-09-10,22,2,0.0,0.0,0
2025-09-10 23:00:00+00:00,2025-09-10,23,2,0.0,0.0,0
2025-09-11 00:00:00+00:00,2025-09-11,0,3,0.0,0.0,0
2025-09-11 01:00:00+00:00,2025-09-11,1,3,0.0,0.0,0
2025-09-11 02:00:00+00:00,2025-09-11,2,3,0.0,0.0,0
2025-09-11 03:00:00+00:00,2025-09-11,3,3,0.0,0.0,0
2025-09-11 04:00:00+00:00,2025-09-11,4,3,0.0,0.0,0
2025-09-11 05:00:00+00:00,2025-09-11,5,3,0.0,0.0,0
2025-09-11 06:00:00+00:00,2025-09-11,6,3,0.0,0.0,0
2025-09-11 07:00:00+00:00,2025-09-11,7,3,0.0,0.0,0
2025-09-11 08:00:00+00:00,2025-09-11,8,3,0.0,0.0,0
2025-09-11 09:00:00+00:00,2025-09-11,9,3,0.0,0.0,0
2025-09-11 10:00:00+00:00,2025-09-11,10,3,0.0,0.0,0
2025-09-11 11:00:00+00:00,2025-09-11,11,3,0.0,0.0,0
2025-09-11 12:00:00+00:00,2025-09-11,12,3,0.0,0.0,0
2025-09-11 13:00:00+00:00,2025-09-11,13,3,0.0,0.0,0
2025-09-11 14:00:00+00:00,2025-09-11,14,3,0.0,0.0,0
2025-09-11 15:00:00+00:00,2025-09-11,15,3,0.0,0.0,0
2025-09-11 16:00:00+00:00,2025-09-11,16,3,0.0,0.0,0
2025-09-11 17:00:00+00:00,2025-09-11,17,3,0.0,0.0,0
2025-09-11 18:00:00+00:00,2025-09-11,18,3,0.0,0.0,0
2025-09-11 19:00:00+00:00,2025-09-11,19,3,0.0,0.0,0
2025-09-11 20:00:00+00:00,2025-09-11,20,3,0.0,0.0,0
2025-09-11 21:00:00+00:00,2025-09-11,21,3,0.0,0.0,0
2025-09-11 22:00:00+00:00,2025-09-11,22,3,0.0,0.0,0
2025-09-11 23:00:00+00:00,2025-09-11,23,3,0.0,0.0,0
2025-09-12 00:00:00+00:00,2025-09-12,0,4,0.0,0.0,0
2025-09-12 01:00:00+00:00,2025-09-12,1,4,0.0,0.0,0
2025-09-12 02:00:00+00:00,2025-09-12,2,4,0.0,0.0,0
2025-09-12 03:00:00+00:00,2025-09-12,3,4,0.0,0.0,0
2025-09-12 04:00:00+00:00,2025-09-12,4,4,0.0,0.0,0
2025-09-12 05:00:00+00:00,2025-09-12,5,4,0.0,0.0,0
2025-09-12 06:00:00+00:00,2025-09-12,6,4,0.0,0.0,0
2025-09-12 07:00:00+00:00,2025-09-12,7,4,0.0,0.0,0
2025-09-12 08:00:00+00:00,2025-09-12,8,4,0.0,0.0,0
2025-09-12 09:00:00+00:00,2025-09-12,9,4,0.0,0.0,0
2025-09-12 10:00:00+00:00,2025-09-12,10,4,0.0,0.0,0
2025-09-12 11:00:00+00:00,2025-09-12,11,4,0.0,0.0,0
2025-09-12 12:00:00+00:00,2025-09-12,12,4,0.0,0.0,0
2025-09-12 13:00:00+00:00,2025-09-12,13,4,0.0,0.0,0
2025-09-12 14:00:00+00:00,2025-09-12,14,4,0.0,0.0,0
2025-09-12 15:00:00+00:00,2025-09-12,15,4,0.0,0.0,0
2025-09-12 16:00:00+00:00,2025-09-12,16,4,0.0,0.0,0
2025-09-12 17:00:00+00:00,2025-09-12,17,4,0.0,0.0,0
2025-09-12 18:00:00+00:00,2025-09-12,18,4,0.0,0.0,0
2025-09-12 19:00:00+00:00,2025-09-12,19,4,0.0,0.0,0
2025-09-12 20:00:00+00:00,2025-09-12,20,4,0.0,0.0,0
2025-09-12 21:00:00+00:00,2025-09-12,21,4,0.0,0.0,0
2025-09-12 22:00:00+00:00,2025-09-12,22,4,0.0,0.0,0
2025-09-12 23:00:00+00:00,2025-09-12,23,4,0.0,0.0,0
2025-09-13 00:00:00+00:00,2025-09-13,0,5,0.0,0.0,0
2025-09-13 01:00:00+00:00,2025-09-13,1,5,0.0,0.0,0
2025-09-13 02:00:00+00:00,2025-09-13,2,5,0.0,0.0,0
2025-09-13 03:00:00+00:00,2025-09-13,3,5,0.0,0.0,0
2025-09-13 04:00:00+00:00,2025-09-13,4,5,0.0,0.0,0
2025-09-13 05:00:00+00:00,2025-09-13,5,5,0.0,0.0,0
2025-09-13 06:00:00+00:00,2025-09-13,6,5,0.0,0.0,0
2025-09-13 07:00:00+00:00,2025-09-13,7,5,0.0,0.0,0
2025-09-13 08:00:00+00:00,2025-09-13,8,5,0.0,0.0,0
2025-09-13 09:00:00+00:00,2025-09-13,9,5,0.0,0.0,0
2025-09-13 10:00:00+00:00,2025-09-13,10,5,0.0,0.0,0
2025-09-13 11:00:00+00:00,2025-09-13,11,5,0.0,0.0,0
2025-09-13 12:00:00+00:00,2025-09-13,12,5,0.0,0.0,0
2025-09-13 13:00:00+00:00,2025-09-13,13,5,0.0,0.0,0
2025-09-13 14:00:00+00:00,2025-09-13,14,5,0.0,0.0,0
2025-09-13 15:00:00+00:00,2025-09-13,15,5,0.0,0.0,0
2025-09-13 16:00:00+00:00,2025-09-13,16,5,0.0,0.0,0
2025-09-13 17:00:00+00:00,2025-09-13,17,5,0.0,0.0,0
2025-09-13 18:00:00+00:00,2025-09-13,18,5,0.0,0.0,0
2025-09-13 19:00:00+00:00,2025-09-13,19,5,0.0,0.0,0
2025-09-13 20:00:00+00:00,2025-09-13,20,5,0.0,0.0,0
2025-09-13 21:00:00+00:00,2025-09-13,21,5,0.0,0.0,0
2025-09-13 22:00:00+00:00,2025-09-13,22,5,0.0,0.0,0
2025-09-13 23:00:00+00:00,2025-09-13,23,5,0.0,0.0,0
2025-09-14 00:00:00+00:00,2025-09-14,0,6,0.0,0.0,0
2025-09-14 01:00:00+00:00,2025-09-14,1,6,0.0,0.0,0
2025-09-14 02:00:00+00:00,2025-09-14,2,6,0.0,0.0,0
2025-09-14 03:00:00+00:00,2025-09-14,3,6,0.0,0.0,0
2025-09-14 04:00:00+00:00,2025-09-14,4,6,0.0,0.0,0
2025-09-14 05:00:00+00:00,2025-09-14,5,6,0.0,0.0,0
2025-09-14 06:00:00+00:00,2025-09-14,6,6,0.0,0.0,0
2025-09-14 07:00:00+00:00,2025-09-14,7,6,0.0,0.0,0
2025-09-14 08:00:00+00:00,2025-09-14,8,6,0.0,0.0,0
2025-09-14 09:00:00+00:00,2025-09-14,9,6,0.0,0.0,0
2025-09-14 10:00:00+00:00,2025-09-14,10,6,0.0,0.0,0
2025-09-14 11:00:00+00:00,2025-09-14,11,6,0.0,0.0,0
2025-09-14 12:00:00+00:00,2025-09-14,12,6,0.0,0.0,0
2025-09-14 13:00:00+00:00,2025-09-14,13,6,0.0,0.0,0
2025-09-14 14:00:00+00:00,2025-09-14,14,6,0.0,0.0,0
2025-09-14 15:00:00+00:00,2025-09-14,15,6,0.0,0.0,0
2025-09-14 16:00:00+00:00,2025-09-14,16,6,0.0,0.0,0
2025-09-14 17:00:00+00:00,2025-09-14,17,6,0.0,0.0,0
2025-09-14 18:00:00+00:00,2025-09-14,18,6,0.0,0.0,0
2025-09-14 19:00:00+00:00,2025-09-14,19,6,0.0,0.0,0
2025-09-14 20:00:00+00:00,2025-09-14,20,6,0.0,0.0,0
2025-09-14 21:00:00+00:00,2025-09-14,21,6,0.0,0.0,0
2025-09-14 22:00:00+00:00,2025-09-14,22,6,0.0,0.0,0
2025-09-14 23:00:00+00:00,2025-09-14,23,6,0.0,0.0,0
2025-09-15 00:00:00+00:00,2025-09-15,0,0,0.0,0.0,0
2025-09-15 01:00:00+00:00,2025-09-15,1,0,0.0,0.0,0
2025-09-15 02:00:00+00:00,2025-09-15,2,0,0.0,0.0,0
2025-09-15 03:00:00+00:00,2025-09-15,3,0,0.0,0.0,0
2025-09-15 04:00:00+00:00,2025-09-15,4,0,0.0,0.0,0
2025-09-15 05:00:00+00:00,2025-09-15,5,0,0.0,0.0,0
2025-09-15 06:00:00+00:00,2025-09-15,6,0,0.0,0.0,0
2025-09-15 07:00:00+00:00,2025-09-15,7,0,0.0,0.0,0
2025-09-15 08:00:00+00:00,2025-09-15,8,0,0.0,0.0,0
2025-09-15 09:00:00+00:00,2025-09-15,9,0,0.0,0.0,0
2025-09-15 10:00:00+00:00,2025-09-15,10,0,0.0,0.0,0
2025-09-15 11:00:00+00:00,2025-09-15,11,0,0.0,0.0,0
2025-09-15 12:00:00+00:00,2025-09-15,12,0,0.0,0.0,0
2025-09-15 13:00:00+00:00,2025-09-15,13,0,0.0,0.0,0
2025-09-15 14:00:00+00:00,2025-09-15,14,0,0.0,0.0,0
2025-09-15 15:00:00+00:00,2025-09-15,15,0,0.0,0.0,0
2025-09-15 16:00:00+00:00,2025-09-15,16,0,0.0,0.0,0
2025-09-15 17:00:00+00:00,2025-09-15,17,0,0.0,0.0,0
2025-09-15 18:00:00+00:00,2025-09-15,18,0,0.0,0.0,0
2025-09-15 19:00:00+00:00,2025-09-15,19,0,0.0,0.0,0
2025-09-15 20:00:00+00:00,2025-09-15,20,0,0.0,0.0,0
2025-09-15 21:00:00+00:00,2025-09-15,21,0,0.0,0.0,0
2025-09-15 22:00:00+00:00,2025-09-15,22,0,0.0,0.0,0
2025-09-15 23:00:00+00:00,2025-09-15,23,0,0.0,0.0,0
2025-09-16 00:00:00+00:00,2025-09-16,0,1,0.0,0.0,0
2025-09-16 01:00:00+00:00,2025-09-16,1,1,0.0,0.0,0
2025-09-16 02:00:00+00:00,2025-09-16,2,1,0.0,0.0,0
2025-09-16 03:00:00+00:00,2025-09-16,3,1,0.0,0.0,0
2025-09-16 04:00:00+00:00,2025-09-16,4,1,0.0,0.0,0
2025-09-16 05:00:00+00:00,2025-09-16,5,1,0.0,0.0,0
2025-09-16 06:00:00+00:00,2025-09-16,6,1,0.0,0.0,0
2025-09-16 07:00:00+00:00,2025-09-16,7,1,0.0,0.0,0
2025-09-16 08:00:00+00:00,2025-09-16,8,1,0.0,0.0,0
2025-09-16 09:00:00+00:00,2025-09-16,9,1,0.0,0.0,0
2025-09-16 10:00:00+00:00,2025-09-16,10,1,0.0,0.0,0
2025-09-16 11:00:00+00:00,2025-09-16,11,1,0.0,0.0,0
2025-09-16 12:00:00+00:00,2025-09-16,12,1,0.0,0.0,0
2025-09-16 13:00:00+00:00,2025-09-16,13,1,0.0,0.0,0
2025-09-16 14:00:00+00:00,2025-09-16,14,1,0.0,0.0,0
2025-09-16 15:00:00+00:00,2025-09-16,15,1,0.0,0.0,0
2025-09-16 16:00:00+00:00,2025-09-16,16,1,0.0,0.0,0
2025-09-16 17:00:00+00:00,2025-09-16,17,1,0.0,0.0,0
2025-09-16 18:00:00+00:00,2025-09-16,18,1,0.0,0.0,0
2025-09-16 19:00:00+00:00,2025-09-16,19,1,0.0,0.0,0
2025-09-16 20:00:00+00:00,2025-09-16,20,1,0.0,0.0,0
2025-09-16 21:00:00+00:00,2025-09-16,21,1,0.0,0.0,0
2025-09-16 22:00:00+00:00,2025-09-16,22,1,0.0,0.0,0
2025-09-16 23:00:00+00:00,2025-09-16,23,1,0.0,0.0,0
2025-09-17 00:00:00+00:00,2025-09-17,0,2,0.0,0.0,0
2025-09-17 01:00:00+00:00,2025-09-17,1,2,0.0,0.0,0
2025-09-17 02:00:00+00:00,2025-09-17,2,2,0.0,0.0,0
2025-09-17 03:00:00+00:00,2025-09-17,3,2,0.0,0.0,0
2025-09-17 04:00:00+00:00,2025-09-17,4,2,0.0,0.0,0
2025-09-17 05:00:00+00:00,2025-09-17,5,2,0.0,0.0,0
2025-09-17 06:00:00+00:00,2025-09-17,6,2,0.0,0.0,0
2025-09-17 07:00:00+00:00,2025-09-17,7,2,0.0,0.0,0
2025-09-17 08:00:00+00:00,2025-09-17,8,2,0.0,0.0,0
2025-09-17 09:00:00+00:00,2025-09-17,9,2,0.0,0.0,0
2025-09-17 10:00:00+00:00,2025-09-17,10,2,0.0,0.0,0
2025-09-17 11:00:00+00:00,2025-09-17,11,2,3.87,139.21,1
2025-09-17 12:00:00+00:00,2025-09-17,12,2,0.7,25.07,1
2025-09-17 13:00:00+00:00,2025-09-17,13,2,0.52,18.82,1
2025-09-17 14:00:00+00:00,2025-09-17,14,2,0.0,0.0,0
2025-09-17 15:00:00+00:00,2025-09-17,15,2,0.0,0.0,0
2025-09-17 16:00:00+00:00,2025-09-17,16,2,0.0,0.0,0
2025-09-17 17:00:00+00:00,2025-09-17,17,2,0.0,0.0,0
2025-09-17 18:00:00+00:00,2025-09-17,18,2,0.0,0.0,0
2025-09-17 19:00:00+00:00,2025-09-17,19,2,0.0,0.0,0
2025-09-17 20:00:00+00:00,2025-09-17,20,2,0.0,0.0,0
2025-09-17 21:00:00+00:00,2025-09-17,21,2,0.0,0.0,0
2025-09-17 22:00:00+00:00,2025-09-17,22,2,0.0,0.0,0
2025-09-17 23:00:00+00:00,2025-09-17,23,2,0.0,0.0,0
2025-09-18 00:00:00+00:00,2025-09-18,0,3,0.0,0.0,0
2025-09-18 01:00:00+00:00,2025-09-18,1,3,0.0,0.0,0
2025-09-18 02:00:00+00:00,2025-09-18,2,3,0.0,0.0,0
2025-09-18 03:00:00+00:00,2025-09-18,3,3,0.0,0.0,0
2025-09-18 04:00:00+00:00,2025-09-18,4,3,0.0,0.0,0
2025-09-18 05:00:00+00:00,2025-09-18,5,3,2.58,93.04,1
2025-09-18 06:00:00+00:00,2025-09-18,6,3,2.38,85.81,1
2025-09-18 07:00:00+00:00,2025-09-18,7,3,3.42,123.11,1
2025-09-18 08:00:00+00:00,2025-09-18,8,3,11.05,397.69,1
2025-09-18 09:00:00+00:00,2025-09-18,9,3,25.43,915.37,1
2025-09-18 10:00:00+00:00,2025-09-18,10,3,13.5,486.17,1
2025-09-18 11:00:00+00:00,2025-09-18,11,3,12.88,463.77,1
2025-09-18 12:00:00+00:00,2025-09-18,12,3,3.22,115.99,1
2025-09-18 13:00:00+00:00,2025-09-18,13,3,0.0,0.0,0
2025-09-18 14:00:00+00:00,2025-09-18,14,3,0.0,0.0,0
2025-09-18 15:00:00+00:00,2025-09-18,15,3,0.0,0.0,0
2025-09-18 16:00:00+00:00,2025-09-18,16,3,0.0,0.0,0
2025-09-18 17:00:00+00:00,2025-09-18,17,3,0.0,0.0,0
2025-09-18 18:00:00+00:00,2025-09-18,18,3,0.0,0.0,0
2025-09-18 19:00:00+00:00,2025-09-18,19,3,0.0,0.0,0
2025-09-18 20:00:00+00:00,2025-09-18,20,3,0.0,0.0,0
2025-09-18 21:00:00+00:00,2025-09-18,21,3,0.0,0.0,0
2025-09-18 22:00:00+00:00,2025-09-18,22,3,0.0,0.0,0
2025-09-18 23:00:00+00:00,2025-09-18,23,3,0.0,0.0,0
2025-09-19 00:00:00+00:00,2025-09-19,0,4,0.0,0.0,0
2025-09-19 01:00:00+00:00,2025-09-19,1,4,0.0,0.0,0
2025-09-19 02:00:00+00:00,2025-09-19,2,4,0.0,0.0,0
2025-09-19 03:00:00+00:00,2025-09-19,3,4,0.0,0.0,0
2025-09-19 04:00:00+00:00,2025-09-19,4,4,16.6,597.64,1
2025-09-19 05:00:00+00:00,2025-09-19,5,4,14.21,511.57,1
2025-09-19 06:00:00+00:00,2025-09-19,6,4,1.53,54.94,1
2025-09-19 07:00:00+00:00,2025-09-19,7,4,0.98,35.15,1
2025-09-19 08:00:00+00:00,2025-09-19,8,4,1.26,45.51,1
2025-09-19 09:00:00+00:00,2025-09-19,9,4,1.15,41.52,1
2025-09-19 10:00:00+00:00,2025-09-19,10,4,1.27,45.59,1
2025-09-19 11:00:00+00:00,2025-09-19,11,4,0.96,34.46,1
2025-09-19 12:00:00+00:00,2025-09-19,12,4,0.0,0.0,0
2025-09-19 13:00:00+00:00,2025-09-19,13,4,2.44,87.8,1
2025-09-19 14:00:00+00:00,2025-09-19,14,4,0.0,0.0,0
2025-09-19 15:00:00+00:00,2025-09-19,15,4,0.0,0.0,0
2025-09-19 16:00:00+00:00,2025-09-19,16,4,0.0,0.0,0
2025-09-19 17:00:00+00:00,2025-09-19,17,4,0.0,0.0,0
2025-09-19 18:00:00+00:00,2025-09-19,18,4,0.35,12.63,1
2025-09-19 19:00:00+00:00,2025-09-19,19,4,0.0,0.0,0
2025-09-19 20:00:00+00:00,2025-09-19,20,4,0.0,0.0,0
2025-09-19 21:00:00+00:00,2025-09-19,21,4,0.0,0.0,0
2025-09-19 22:00:00+00:00,2025-09-19,22,4,0.0,0.0,0
2025-09-19 23:00:00+00:00,2025-09-19,23,4,0.0,0.0,0
2025-09-20 00:00:00+00:00,2025-09-20,0,5,0.0,0.0,0
2025-09-20 01:00:00+00:00,2025-09-20,1,5,0.0,0.0,0
2025-09-20 02:00:00+00:00,2025-09-20,2,5,0.0,0.0,0
2025-09-20 03:00:00+00:00,2025-09-20,3,5,0.0,0.0,0
2025-09-20 04:00:00+00:00,2025-09-20,4,5,0.0,0.0,0
2025-09-20 05:00:00+00:00,2025-09-20,5,5,0.0,0.0,0
2025-09-20 06:00:00+00:00,2025-09-20,6,5,0.0,0.0,0
2025-09-20 07:00:00+00:00,2025-09-20,7,5,0.0,0.0,0
2025-09-20 08:00:00+00:00,2025-09-20,8,5,0.0,0.0,0
2025-09-20 09:00:00+00:00,2025-09-20,9,5,0.0,0.0,0
2025-09-20 10:00:00+00:00,2025-09-20,10,5,0.0,0.0,0
2025-09-20 11:00:00+00:00,2025-09-20,11,5,0.0,0.0,0
2025-09-20 12:00:00+00:00,2025-09-20,12,5,0.0,0.0,0
2025-09-20 13:00:00+00:00,2025-09-20,13,5,0.0,0.0,0
2025-09-20 14:00:00+00:00,2025-09-20,14,5,0.0,0.0,0
2025-09-20 15:00:00+00:00,2025-09-20,15,5,0.0,0.0,0
2025-09-20 16:00:00+00:00,2025-09-20,16,5,0.0,0.0,0
2025-09-20 17:00:00+00:00,2025-09-20,17,5,0.0,0.0,0
2025-09-20 18:00:00+00:00,2025-09-20,18,5,0.0,0.0,0
2025-09-20 19:00:00+00:00,2025-09-20,19,5,0.0,0.0,0
2025-09-20 20:00:00+00:00,2025-09-20,20,5,0.0,0.0,0
2025-09-20 21:00:00+00:00,2025-09-20,21,5,0.0,0.0,0
2025-09-20 22:00:00+00:00,2025-09-20,22,5,0.0,0.0,0
2025-09-20 23:00:00+00:00,2025-09-20,23,5,0.0,0.0,0
2025-09-21 00:00:00+00:00,2025-09-21,0,6,0.0,0.0,0
2025-09-21 01:00:00+00:00,2025-09-21,1,6,0.0,0.0,0
2025-09-21 02:00:00+00:00,2025-09-21,2,6,0.0,0.0,0
2025-09-21 03:00:00+00:00,2025-09-21,3,6,0.0,0.0,0
2025-09-21 04:00:00+00:00,2025-09-21,4,6,0.0,0.0,0
2025-09-21 05:00:00+00:00,2025-09-21,5,6,0.0,0.0,0
2025-09-21 06:00:00+00:00,2025-09-21,6,6,0.0,0.0,0
2025-09-21 07:00:00+00:00,2025-09-21,7,6,0.0,0.0,0
2025-09-21 08:00:00+00:00,2025-09-21,8,6,0.0,0.0,0
2025-09-21 09:00:00+00:00,2025-09-21,9,6,0.0,0.0,0
2025-09-21 10:00:00+00:00,2025-09-21,10,6,0.0,0.0,0
2025-09-21 11:00:00+00:00,2025-09-21,11,6,0.0,0.0,0
2025-09-21 12:00:00+00:00,2025-09-21,12,6,0.0,0.0,0
2025-09-21 13:00:00+00:00,2025-09-21,13,6,0.0,0.0,0
2025-09-21 14:00:00+00:00,2025-09-21,14,6,0.0,0.0,0
2025-09-21 15:00:00+00:00,2025-09-21,15,6,0.0,0.0,0
2025-09-21 16:00:00+00:00,2025-09-21,16,6,0.0,0.0,0
2025-09-21 17:00:00+00:00,2025-09-21,17,6,0.0,0.0,0
2025-09-21 18:00:00+00:00,2025-09-21,18,6,0.0,0.0,0
2025-09-21 19:00:00+00:00,2025-09-21,19,6,0.0,0.0,0
2025-09-21 20:00:00+00:00,2025-09-21,20,6,0.0,0.0,0
2025-09-21 21:00:00+00:00,2025-09-21,21,6,0.0,0.0,0
2025-09-21 22:00:00+00:00,2025-09-21,22,6,0.0,0.0,0
2025-09-21 23:00:00+00:00,2025-09-21,23,6,0.0,0.0,0
2025-09-22 00:00:00+00:00,2025-09-22,0,0,0.0,0.0,0
2025-09-22 01:00:00+00:00,2025-09-22,1,0,0.0,0.0,0
2025-09-22 02:00:00+00:00,2025-09-22,2,0,0.0,0.0,0
2025-09-22 03:00:00+00:00,2025-09-22,3,0,0.0,0.0,0
2025-09-22 04:00:00+00:00,2025-09-22,4,0,0.0,0.0,0
2025-09-22 05:00:00+00:00,2025-09-22,5,0,2.34,84.18,1
2025-09-22 06:00:00+00:00,2025-09-22,6,0,6.41,230.7,1
2025-09-22 07:00:00+00:00,2025-09-22,7,0,10.54,379.31,1
2025-09-22 08:00:00+00:00,2025-09-22,8,0,2.98,107.22,1
2025-09-22 09:00:00+00:00,2025-09-22,9,0,1.41,50.72,1
2025-09-22 10:00:00+00:00,2025-09-22,10,0,0.69,24.91,1
2025-09-22 11:00:00+00:00,2025-09-22,11,0,2.22,79.83,1
2025-09-22 12:00:00+00:00,2025-09-22,12,0,11.73,422.41,1
2025-09-22 13:00:00+00:00,2025-09-22,13,0,10.0,360.0,1
2025-09-22 14:00:00+00:00,2025-09-22,14,0,10.0,360.0,1
2025-09-22 15:00:00+00:00,2025-09-22,15,0,10.0,360.0,1
2025-09-22 16:00:00+00:00,2025-09-22,16,0,10.0,360.0,1
2025-09-22 17:00:00+00:00,2025-09-22,17,0,10.0,360.0,1
2025-09-22 18:00:00+00:00,2025-09-22,18,0,10.0,360.0,1
2025-09-22 19:00:00+00:00,2025-09-22,19,0,10.0,360.0,1
2025-09-22 20:00:00+00:00,2025-09-22,20,0,10.0,360.0,1
2025-09-22 21:00:00+00:00,2025-09-22,21,0,10.0,360.0,1
2025-09-22 22:00:00+00:00,2025-09-22,22,0,10.0,360.0,1
2025-09-22 23:00:00+00:00,2025-09-22,23,0,10.0,360.0,1
2025-09-23 00:00:00+00:00,2025-09-23,0,1,10.0,360.0,1
2025-09-23 01:00:00+00:00,2025-09-23,1,1,10.0,360.0,1
2025-09-23 02:00:00+00:00,2025-09-23,2,1,10.0,360.0,1
2025-09-23 03:00:00+00:00,2025-09-23,3,1,10.0,360.0,1
2025-09-23 04:00:00+00:00,2025-09-23,4,1,10.0,360.0,1
2025-09-23 05:00:00+00:00,2025-09-23,5,1,11.3,406.77,1
2025-09-23 06:00:00+00:00,2025-09-23,6,1,6.7,241.07,1
2025-09-23 07:00:00+00:00,2025-09-23,7,1,0.41,14.71,1
2025-09-23 08:00:00+00:00,2025-09-23,8,1,1.42,50.97,1
2025-09-23 09:00:00+00:00,2025-09-23,9,1,1.34,48.09,1
2025-09-23 10:00:00+00:00,2025-09-23,10,1,1.21,43.48,1
2025-09-23 11:00:00+00:00,2025-09-23,11,1,3.52,126.87,1
2025-09-23 12:00:00+00:00,2025-09-23,12,1,2.04,73.47,1
2025-09-23 13:00:00+00:00,2025-09-23,13,1,0.0,0.0,0
2025-09-23 14:00:00+00:00,2025-09-23,14,1,0.0,0.0,0
2025-09-23 15:00:00+00:00,2025-09-23,15,1,0.0,0.0,0
2025-09-23 16:00:00+00:00,2025-09-23,16,1,0.0,0.0,0
2025-09-23 17:00:00+00:00,2025-09-23,17,1,0.0,0.0,0
2025-09-23 18:00:00+00:00,2025-09-23,18,1,0.0,0.0,0
2025-09-23 19:00:00+00:00,2025-09-23,19,1,0.0,0.0,0
2025-09-23 20:00:00+00:00,2025-09-23,20,1,0.0,0.0,0
2025-09-23 21:00:00+00:00,2025-09-23,21,1,0.0,0.0,0
2025-09-23 22:00:00+00:00,2025-09-23,22,1,0.0,0.0,0
2025-09-23 23:00:00+00:00,2025-09-23,23,1,0.0,0.0,0
2025-09-24 00:00:00+00:00,2025-09-24,0,2,0.0,0.0,0
2025-09-24 01:00:00+00:00,2025-09-24,1,2,0.0,0.0,0
2025-09-24 02:00:00+00:00,2025-09-24,2,2,0.0,0.0,0
2025-09-24 03:00:00+00:00,2025-09-24,3,2,0.0,0.0,0
2025-09-24 04:00:00+00:00,2025-09-24,4,2,0.0,0.0,0
2025-09-24 05:00:00+00:00,2025-09-24,5,2,1.65,59.57,1
2025-09-24 06:00:00+00:00,2025-09-24,6,2,0.61,21.99,1
2025-09-24 07:00:00+00:00,2025-09-24,7,2,0.83,29.88,1
2025-09-24 08:00:00+00:00,2025-09-24,8,2,4.73,170.46,1
2025-09-24 09:00:00+00:00,2025-09-24,9,2,9.51,342.4,1
2025-09-24 10:00:00+00:00,2025-09-24,10,2,10.45,376.02,1
2025-09-24 11:00:00+00:00,2025-09-24,11,2,17.58,632.73,1
2025-09-24 12:00:00+00:00,2025-09-24,12,2,15.75,566.87,1
2025-09-24 13:00:00+00:00,2025-09-24,13,2,10.42,375.27,1
2025-09-24 14:00:00+00:00,2025-09-24,14,2,10.0,360.0,1
2025-09-24 15:00:00+00:00,2025-09-24,15,2,10.0,360.0,1
2025-09-24 16:00:00+00:00,2025-09-24,16,2,10.0,360.0,1
2025-09-24 17:00:00+00:00,2025-09-24,17,2,10.0,360.0,1
2025-09-24 18:00:00+00:00,2025-09-24,18,2,3.88,139.55,1
2025-09-24 19:00:00+00:00,2025-09-24,19,2,0.0,0.0,0
2025-09-24 20:00:00+00:00,2025-09-24,20,2,0.0,0.0,0
2025-09-24 21:00:00+00:00,2025-09-24,21,2,0.0,0.0,0
2025-09-24 22:00:00+00:00,2025-09-24,22,2,0.0,0.0,0
2025-09-24 23:00:00+00:00,2025-09-24,23,2,0.0,0.0,0
2025-09-25 00:00:00+00:00,2025-09-25,0,3,0.0,0.0,0
2025-09-25 01:00:00+00:00,2025-09-25,1,3,0.0,0.0,0
2025-09-25 02:00:00+00:00,2025-09-25,2,3,0.0,0.0,0
2025-09-25 03:00:00+00:00,2025-09-25,3,3,0.0,0.0,0
2025-09-25 04:00:00+00:00,2025-09-25,4,3,0.0,0.0,0
2025-09-25 05:00:00+00:00,2025-09-25,5,3,1.9,68.23,1
2025-09-25 06:00:00+00:00,2025-09-25,6,3,24.25,873.0,1
2025-09-25 07:00:00+00:00,2025-09-25,7,3,22.32,803.54,1
2025-09-25 08:00:00+00:00,2025-09-25,8,3,14.06,506.19,1
2025-09-25 09:00:00+00:00,2025-09-25,9,3,12.89,464.07,1
2025-09-25 10:00:00+00:00,2025-09-25,10,3,11.78,424.15,1
2025-09-25 11:00:00+00:00,2025-09-25,11,3,11.79,424.48,1
2025-09-25 12:00:00+00:00,2025-09-25,12,3,14.75,530.86,1
2025-09-25 13:00:00+00:00,2025-09-25,13,3,10.0,360.0,1
2025-09-25 14:00:00+00:00,2025-09-25,14,3,10.0,360.0,1
2025-09-25 15:00:00+00:00,2025-09-25,15,3,10.0,360.0,1
2025-09-25 16:00:00+00:00,2025-09-25,16,3,10.0,360.0,1
2025-09-25 17:00:00+00:00,2025-09-25,17,3,10.0,360.0,1
2025-09-25 18:00:00+00:00,2025-09-25,18,3,10.0,360.0,1
2025-09-25 19:00:00+00:00,2025-09-25,19,3,10.0,360.0,1
2025-09-25 20:00:00+00:00,2025-09-25,20,3,10.0,360.0,1
2025-09-25 21:00:00+00:00,2025-09-25,21,3,10.0,360.0,1
2025-09-25 22:00:00+00:00,2025-09-25,22,3,10.0,360.0,1
2025-09-25 23:00:00+00:00,2025-09-25,23,3,10.0,360.0,1
2025-09-26 00:00:00+00:00,2025-09-26,0,4,10.0,360.0,1
2025-09-26 01:00:00+00:00,2025-09-26,1,4,10.0,360.0,1
2025-09-26 02:00:00+00:00,2025-09-26,2,4,10.0,360.0,1
2025-09-26 03:00:00+00:00,2025-09-26,3,4,10.0,360.0,1
2025-09-26 04:00:00+00:00,2025-09-26,4,4,10.0,360.0,1
2025-09-26 05:00:00+00:00,2025-09-26,5,4,12.23,440.1,1
2025-09-26 06:00:00+00:00,2025-09-26,6,4,11.33,408.0,1
2025-09-26 07:00:00+00:00,2025-09-26,7,4,10.53,379.15,1
2025-09-26 08:00:00+00:00,2025-09-26,8,4,10.7,385.06,1
2025-09-26 09:00:00+00:00,2025-09-26,9,4,11.13,400.56,1
2025-09-26 10:00:00+00:00,2025-09-26,10,4,12.44,448.01,1
2025-09-26 11:00:00+00:00,2025-09-26,11,4,12.39,446.08,1
2025-09-26 12:00:00+00:00,2025-09-26,12,4,10.07,362.43,1
2025-09-26 13:00:00+00:00,2025-09-26,13,4,10.0,360.0,1
2025-09-26 14:00:00+00:00,2025-09-26,14,4,10.0,360.0,1
2025-09-26 15:00:00+00:00,2025-09-26,15,4,10.0,360.0,1
2025-09-26 16:00:00+00:00,2025-09-26,16,4,10.0,360.0,1
2025-09-26 17:00:00+00:00,2025-09-26,17,4,10.0,360.0,1
2025-09-26 18:00:00+00:00,2025-09-26,18,4,4.89,175.9,1
2025-09-26 19:00:00+00:00,2025-09-26,19,4,0.0,0.0,0
2025-09-26 20:00:00+00:00,2025-09-26,20,4,0.0,0.0,0
2025-09-26 21:00:00+00:00,2025-09-26,21,4,0.0,0.0,0
2025-09-26 22:00:00+00:00,2025-09-26,22,4,0.0,0.0,0
2025-09-26 23:00:00+00:00,2025-09-26,23,4,0.0,0.0,0
2025-09-27 00:00:00+00:00,2025-09-27,0,5,0.0,0.0,0
2025-09-27 01:00:00+00:00,2025-09-27,1,5,0.0,0.0,0
2025-09-27 02:00:00+00:00,2025-09-27,2,5,0.0,0.0,0
2025-09-27 03:00:00+00:00,2025-09-27,3,5,0.0,0.0,0
2025-09-27 04:00:00+00:00,2025-09-27,4,5,0.0,0.0,0
2025-09-27 05:00:00+00:00,2025-09-27,5,5,0.0,0.0,0
2025-09-27 06:00:00+00:00,2025-09-27,6,5,0.0,0.0,0
2025-09-27 07:00:00+00:00,2025-09-27,7,5,0.0,0.0,0
2025-09-27 08:00:00+00:00,2025-09-27,8,5,0.0,0.0,0
2025-09-27 09:00:00+00:00,2025-09-27,9,5,0.0,0.0,0
2025-09-27 10:00:00+00:00,2025-09-27,10,5,0.0,0.0,0
2025-09-27 11:00:00+00:00,2025-09-27,11,5,0.0,0.0,0
2025-09-27 12:00:00+00:00,2025-09-27,12,5,0.0,0.0,0
2025-09-27 13:00:00+00:00,2025-09-27,13,5,0.0,0.0,0
2025-09-27 14:00:00+00:00,2025-09-27,14,5,0.0,0.0,0
2025-09-27 15:00:00+00:00,2025-09-27,15,5,0.0,0.0,0
2025-09-27 16:00:00+00:00,2025-09-27,16,5,0.0,0.0,0
2025-09-27 17:00:00+00:00,2025-09-27,17,5,0.0,0.0,0
2025-09-27 18:00:00+00:00,2025-09-27,18,5,0.0,0.0,0
2025-09-27 19:00:00+00:00,2025-09-27,19,5,0.0,0.0,0
2025-09-27 20:00:00+00:00,2025-09-27,20,5,0.0,0.0,0
2025-09-27 21:00:00+00:00,2025-09-27,21,5,0.0,0.0,0
2025-09-27 22:00:00+00:00,2025-09-27,22,5,0.0,0.0,0
2025-09-27 23:00:00+00:00,2025-09-27,23,5,0.0,0.0,0
2025-09-28 00:00:00+00:00,2025-09-28,0,6,0.0,0.0,0
2025-09-28 01:00:00+00:00,2025-09-28,1,6,0.0,0.0,0
2025-09-28 02:00:00+00:00,2025-09-28,2,6,0.0,0.0,0
2025-09-28 03:00:00+00:00,2025-09-28,3,6,0.0,0.0,0
2025-09-28 04:00:00+00:00,2025-09-28,4,6,0.0,0.0,0
2025-09-28 05:00:00+00:00,2025-09-28,5,6,0.0,0.0,0
2025-09-28 06:00:00+00:00,2025-09-28,6,6,0.0,0.0,0
2025-09-28 07:00:00+00:00,2025-09-28,7,6,0.0,0.0,0
2025-09-28 08:00:00+00:00,2025-09-28,8,6,0.0,0.0,0
2025-09-28 09:00:00+00:00,2025-09-28,9,6,0.0,0.0,0
2025-09-28 10:00:00+00:00,2025-09-28,10,6,0.0,0.0,0
2025-09-28 11:00:00+00:00,2025-09-28,11,6,0.0,0.0,0
2025-09-28 12:00:00+00:00,2025-09-28,12,6,0.0,0.0,0
2025-09-28 13:00:00+00:00,2025-09-28,13,6,0.0,0.0,0
2025-09-28 14:00:00+00:00,2025-09-28,14,6,0.0,0.0,0
2025-09-28 15:00:00+00:00,2025-09-28,15,6,0.0,0.0,0
2025-09-28 16:00:00+00:00,2025-09-28,16,6,0.0,0.0,0
2025-09-28 17:00:00+00:00,2025-09-28,17,6,0.0,0.0,0
2025-09-28 18:00:00+00:00,2025-09-28,18,6,0.0,0.0,0
2025-09-28 19:00:00+00:00,2025-09-28,19,6,0.0,0.0,0
2025-09-28 20:00:00+00:00,2025-09-28,20,6,0.0,0.0,0
2025-09-28 21:00:00+00:00,2025-09-28,21,6,0.0,0.0,0
2025-09-28 22:00:00+00:00,2025-09-28,22,6,0.0,0.0,0
2025-09-28 23:00:00+00:00,2025-09-28,23,6,0.0,0.0,0
2025-09-29 00:00:00+00:00,2025-09-29,0,0,0.0,0.0,0
2025-09-29 01:00:00+00:00,2025-09-29,1,0,0.0,0.0,0
2025-09-29 02:00:00+00:00,2025-09-29,2,0,0.0,0.0,0
2025-09-29 03:00:00+00:00,2025-09-29,3,0,0.0,0.0,0
2025-09-29 04:00:00+00:00,2025-09-29,4,0,0.0,0.0,0
2025-09-29 05:00:00+00:00,2025-09-29,5,0,0.0,0.0,0
2025-09-29 06:00:00+00:00,2025-09-29,6,0,0.0,0.0,0
2025-09-29 07:00:00+00:00,2025-09-29,7,0,0.0,0.0,0
2025-09-29 08:00:00+00:00,2025-09-29,8,0,0.0,0.0,0
2025-09-29 09:00:00+00:00,2025-09-29,9,0,0.0,0.0,0
2025-09-29 10:00:00+00:00,2025-09-29,10,0,0.0,0.0,0
2025-09-29 11:00:00+00:00,2025-09-29,11,0,0.0,0.0,0
2025-09-29 12:00:00+00:00,2025-09-29,12,0,0.0,0.0,0
2025-09-29 13:00:00+00:00,2025-09-29,13,0,0.0,0.0,0
2025-09-29 14:00:00+00:00,2025-09-29,14,0,0.0,0.0,0
2025-09-29 15:00:00+00:00,2025-09-29,15,0,0.0,0.0,0
2025-09-29 16:00:00+00:00,2025-09-29,16,0,0.0,0.0,0
2025-09-29 17:00:00+00:00,2025-09-29,17,0,0.0,0.0,0
2025-09-29 18:00:00+00:00,2025-09-29,18,0,0.0,0.0,0
2025-09-29 19:00:00+00:00,2025-09-29,19,0,0.0,0.0,0
2025-09-29 20:00:00+00:00,2025-09-29,20,0,0.0,0.0,0
2025-09-29 21:00:00+00:00,2025-09-29,21,0,0.0,0.0,0
2025-09-29 22:00:00+00:00,2025-09-29,22,0,0.0,0.0,0
2025-09-29 23:00:00+00:00,2025-09-29,23,0,0.0,0.0,0
2025-09-30 00:00:00+00:00,2025-09-30,0,1,0.0,0.0,0
2025-09-30 01:00:00+00:00,2025-09-30,1,1,0.0,0.0,0
2025-09-30 02:00:00+00:00,2025-09-30,2,1,0.0,0.0,0
2025-09-30 03:00:00+00:00,2025-09-30,3,1,0.0,0.0,0
2025-09-30 04:00:00+00:00,2025-09-30,4,1,0.0,0.0,0
2025-09-30 05:00:00+00:00,2025-09-30,5,1,1.79,64.32,1
2025-09-30 06:00:00+00:00,2025-09-30,6,1,5.29,190.47,1
2025-09-30 07:00:00+00:00,2025-09-30,7,1,3.54,127.34,1
2025-09-30 08:00:00+00:00,2025-09-30,8,1,24.73,890.14,1
2025-09-30 09:00:00+00:00,2025-09-30,9,1,28.57,1028.43,1
2025-09-30 10:00:00+00:00,2025-09-30,10,1,30.62,1102.39,1
2025-09-30 11:00:00+00:00,2025-09-30,11,1,30.85,1110.72,1
2025-09-30 12:00:00+00:00,2025-09-30,12,1,1.82,65.6,1
2025-09-30 13:00:00+00:00,2025-09-30,13,1,0.0,0.0,0
2025-09-30 14:00:00+00:00,2025-09-30,14,1,0.0,0.0,0
2025-09-30 15:00:00+00:00,2025-09-30,15,1,0.0,0.0,0
2025-09-30 16:00:00+00:00,2025-09-30,16,1,0.0,0.0,0
2025-09-30 17:00:00+00:00,2025-09-30,17,1,0.0,0.0,0
2025-09-30 18:00:00+00:00,2025-09-30,18,1,0.05,1.87,1
2025-09-30 19:00:00+00:00,2025-09-30,19,1,0.0,0.0,0
2025-09-30 20:00:00+00:00,2025-09-30,20,1,0.0,0.0,0
2025-09-30 21:00:00+00:00,2025-09-30,21,1,0.0,0.0,0
2025-09-30 22:00:00+00:00,2025-09-30,22,1,0.0,0.0,0
2025-09-30 23:00:00+00:00,2025-09-30,23,1,0.0,0.0,0
2025-10-01 00:00:00+00:00,2025-10-01,0,2,0.0,0.0,0
2025-10-01 01:00:00+00:00,2025-10-01,1,2,0.0,0.0,0
2025-10-01 02:00:00+00:00,2025-10-01,2,2,0.0,0.0,0
2025-10-01 03:00:00+00:00,2025-10-01,3,2,0.0,0.0,0
2025-10-01 04:00:00+00:00,2025-10-01,4,2,0.0,0.0,0
2025-10-01 05:00:00+00:00,2025-10-01,5,2,2.06,74.29,1
2025-10-01 06:00:00+00:00,2025-10-01,6,2,1.69,61.01,1
2025-10-01 07:00:00+00:00,2025-10-01,7,2,1.02,36.84,1
2025-10-01 08:00:00+00:00,2025-10-01,8,2,1.72,61.93,1
2025-10-01 09:00:00+00:00,2025-10-01,9,2,2.01,72.36,1
2025-10-01 10:00:00+00:00,2025-10-01,10,2,1.26,45.18,1
2025-10-01 11:00:00+00:00,2025-10-01,11,2,3.18,114.64,1
2025-10-01 12:00:00+00:00,2025-10-01,12,2,3.53,127.0,1
2025-10-01 13:00:00+00:00,2025-10-01,13,2,4.38,157.67,1
2025-10-01 14:00:00+00:00,2025-10-01,14,2,0.13,4.86,1
2025-10-01 15:00:00+00:00,2025-10-01,15,2,0.37,13.25,1
2025-10-01 16:00:00+00:00,2025-10-01,16,2,0.67,24.24,1
2025-10-01 17:00:00+00:00,2025-10-01,17,2,0.63,22.6,1
2025-10-01 18:00:00+00:00,2025-10-01,18,2,0.0,0.0,0
2025-10-01 19:00:00+00:00,2025-10-01,19,2,0.0,0.0,0
2025-10-01 20:00:00+00:00,2025-10-01,20,2,0.0,0.0,0
2025-10-01 21:00:00+00:00,2025-10-01,21,2,0.0,0.0,0
2025-10-01 22:00:00+00:00,2025-10-01,22,2,0.0,0.0,0
2025-10-01 23:00:00+00:00,2025-10-01,23,2,0.0,0.0,0
2025-10-02 00:00:00+00:00,2025-10-02,0,3,0.0,0.0,0
2025-10-02 01:00:00+00:00,2025-10-02,1,3,0.0,0.0,0
2025-10-02 02:00:00+00:00,2025-10-02,2,3,0.0,0.0,0
2025-10-02 03:00:00+00:00,2025-10-02,3,3,0.0,0.0,0
2025-10-02 04:00:00+00:00,2025-10-02,4,3,0.0,0.0,0
2025-10-02 05:00:00+00:00,2025-10-02,5,3,3.64,131.14,1
2025-10-02 06:00:00+00:00,2025-10-02,6,3,19.85,714.6,1
2025-10-02 07:00:00+00:00,2025-10-02,7,3,19.33,695.82,1
2025-10-02 08:00:00+00:00,2025-10-02,8,3,0.34,12.1,1
2025-10-02 09:00:00+00:00,2025-10-02,9,3,0.8,28.78,1
2025-10-02 10:00:00+00:00,2025-10-02,10,3,1.29,46.31,1
2025-10-02 11:00:00+00:00,2025-10-02,11,3,0.16,5.83,1
2025-10-02 12:00:00+00:00,2025-10-02,12,3,8.7,313.05,1
2025-10-02 13:00:00+00:00,2025-10-02,13,3,0.39,13.93,1
2025-10-02 14:00:00+00:00,2025-10-02,14,3,0.18,6.54,1
2025-10-02 15:00:00+00:00,2025-10-02,15,3,0.51,18.5,1
2025-10-02 16:00:00+00:00,2025-10-02,16,3,1.78,63.97,1
2025-10-02 17:00:00+00:00,2025-10-02,17,3,0.89,32.15,1
2025-10-02 18:00:00+00:00,2025-10-02,18,3,1.49,53.79,1
2025-10-02 19:00:00+00:00,2025-10-02,19,3,0.0,0.0,0
2025-10-02 20:00:00+00:00,2025-10-02,20,3,0.0,0.0,0
2025-10-02 21:00:00+00:00,2025-10-02,21,3,0.0,0.0,0
2025-10-02 22:00:00+00:00,2025-10-02,22,3,0.0,0.0,0
2025-10-02 23:00:00+00:00,2025-10-02,23,3,0.0,0.0,0
2025-10-03 00:00:00+00:00,2025-10-03,0,4,0.0,0.0,0
2025-10-03 01:00:00+00:00,2025-10-03,1,4,0.0,0.0,0
2025-10-03 02:00:00+00:00,2025-10-03,2,4,0.0,0.0,0
2025-10-03 03:00:00+00:00,2025-10-03,3,4,0.0,0.0,0
2025-10-03 04:00:00+00:00,2025-10-03,4,4,0.0,0.0,0
2025-10-03 05:00:00+00:00,2025-10-03,5,4,3.43,123.59,1
2025-10-03 06:00:00+00:00,2025-10-03,6,4,5.21,187.63,1
2025-10-03 07:00:00+00:00,2025-10-03,7,4,10.81,389.16,1
2025-10-03 08:00:00+00:00,2025-10-03,8,4,3.45,124.31,1
2025-10-03 09:00:00+00:00,2025-10-03,9,4,2.13,76.76,1
2025-10-03 10:00:00+00:00,2025-10-03,10,4,0.93,33.38,1
2025-10-03 11:00:00+00:00,2025-10-03,11,4,0.0,0.0,0
2025-10-03 12:00:00+00:00,2025-10-03,12,4,0.84,30.37,1
2025-10-03 13:00:00+00:00,2025-10-03,13,4,0.0,0.0,0
2025-10-03 14:00:00+00:00,2025-10-03,14,4,0.0,0.0,0
2025-10-03 15:00:00+00:00,2025-10-03,15,4,0.0,0.0,0
2025-10-03 16:00:00+00:00,2025-10-03,16,4,0.0,0.0,0
2025-10-03 17:00:00+00:00,2025-10-03,17,4,0.0,0.0,0
2025-10-03 18:00:00+00:00,2025-10-03,18,4,0.65,23.41,1
2025-10-03 19:00:00+00:00,2025-10-03,19,4,0.0,0.0,0
2025-10-03 20:00:00+00:00,2025-10-03,20,4,0.0,0.0,0
2025-10-03 21:00:00+00:00,2025-10-03,21,4,0.0,0.0,0
2025-10-03 22:00:00+00:00,2025-10-03,22,4,0.0,0.0,0
2025-10-03 23:00:00+00:00,2025-10-03,23,4,0.0,0.0,0
2025-10-04 00:00:00+00:00,2025-10-04,0,5,0.0,0.0,0
2025-10-04 01:00:00+00:00,2025-10-04,1,5,0.0,0.0,0
2025-10-04 02:00:00+00:00,2025-10-04,2,5,0.0,0.0,0
2025-10-04 03:00:00+00:00,2025-10-04,3,5,0.0,0.0,0
2025-10-04 04:00:00+00:00,2025-10-04,4,5,0.0,0.0,0
2025-10-04 05:00:00+00:00,2025-10-04,5,5,0.0,0.0,0
2025-10-04 06:00:00+00:00,2025-10-04,6,5,0.0,0.0,0
2025-10-04 07:00:00+00:00,2025-10-04,7,5,0.0,0.0,0
2025-10-04 08:00:00+00:00,2025-10-04,8,5,0.0,0.0,0
2025-10-04 09:00:00+00:00,2025-10-04,9,5,0.0,0.0,0
2025-10-04 10:00:00+00:00,2025-10-04,10,5,0.0,0.0,0
2025-10-04 11:00:00+00:00,2025-10-04,11,5,0.0,0.0,0
2025-10-04 12:00:00+00:00,2025-10-04,12,5,0.0,0.0,0
2025-10-04 13:00:00+00:00,2025-10-04,13,5,0.0,0.0,0
2025-10-04 14:00:00+00:00,2025-10-04,14,5,0.0,0.0,0
2025-10-04 15:00:00+00:00,2025-10-04,15,5,0.0,0.0,0
2025-10-04 16:00:00+00:00,2025-10-04,16,5,0.0,0.0,0
2025-10-04 17:00:00+00:00,2025-10-04,17,5,0.0,0.0,0
2025-10-04 18:00:00+00:00,2025-10-04,18,5,0.0,0.0,0
2025-10-04 19:00:00+00:00,2025-10-04,19,5,0.0,0.0,0
2025-10-04 20:00:00+00:00,2025-10-04,20,5,0.0,0.0,0
2025-10-04 21:00:00+00:00,2025-10-04,21,5,0.0,0.0,0
2025-10-04 22:00:00+00:00,2025-10-04,22,5,0.0,0.0,0
2025-10-04 23:00:00+00:00,2025-10-04,23,5,0.0,0.0,0
2025-10-05 00:00:00+00:00,2025-10-05,0,6,0.0,0.0,0
2025-10-05 01:00:00+00:00,2025-10-05,1,6,0.0,0.0,0
2025-10-05 02:00:00+00:00,2025-10-05,2,6,0.0,0.0,0
2025-10-05 03:00:00+00:00,2025-10-05,3,6,0.0,0.0,0
2025-10-05 04:00:00+00:00,2025-10-05,4,6,0.0,0.0,0
2025-10-05 05:00:00+00:00,2025-10-05,5,6,0.0,0.0,0
2025-10-05 06:00:00+00:00,2025-10-05,6,6,0.0,0.0,0
2025-10-05 07:00:00+00:00,2025-10-05,7,6,0.0,0.0,0
2025-10-05 08:00:00+00:00,2025-10-05,8,6,0.0,0.0,0
2025-10-05 09:00:00+00:00,2025-10-05,9,6,0.0,0.0,0
2025-10-05 10:00:00+00:00,2025-10-05,10,6,0.0,0.0,0
2025-10-05 11:00:00+00:00,2025-10-05,11,6,0.0,0.0,0
2025-10-05 12:00:00+00:00,2025-10-05,12,6,0.0,0.0,0
2025-10-05 13:00:00+00:00,2025-10-05,13,6,0.0,0.0,0
2025-10-05 14:00:00+00:00,2025-10-05,14,6,0.0,0.0,0
2025-10-05 15:00:00+00:00,2025-10-05,15,6,0.0,0.0,0
2025-10-05 16:00:00+00:00,2025-10-05,16,6,0.0,0.0,0
2025-10-05 17:00:00+00:00,2025-10-05,17,6,0.0,0.0,0
2025-10-05 18:00:00+00:00,2025-10-05,18,6,0.0,0.0,0
2025-10-05 19:00:00+00:00,2025-10-05,19,6,0.0,0.0,0
2025-10-05 20:00:00+00:00,2025-10-05,20,6,0.0,0.0,0
2025-10-05 21:00:00+00:00,2025-10-05,21,6,0.0,0.0,0
2025-10-05 22:00:00+00:00,2025-10-05,22,6,0.0,0.0,0
2025-10-05 23:00:00+00:00,2025-10-05,23,6,0.0,0.0,0
2025-10-06 00:00:00+00:00,2025-10-06,0,0,0.0,0.0,0
2025-10-06 01:00:00+00:00,2025-10-06,1,0,0.0,0.0,0
2025-10-06 02:00:00+00:00,2025-10-06,2,0,0.0,0.0,0
2025-10-06 03:00:00+00:00,2025-10-06,3,0,0.0,0.0,0
2025-10-06 04:00:00+00:00,2025-10-06,4,0,0.0,0.0,0
2025-10-06 05:00:00+00:00,2025-10-06,5,0,1.29,46.39,1
2025-10-06 06:00:00+00:00,2025-10-06,6,0,6.22,223.83,1
2025-10-06 07:00:00+00:00,2025-10-06,7,0,11.53,414.99,1
2025-10-06 08:00:00+00:00,2025-10-06,8,0,2.71,97.43,1
2025-10-06 09:00:00+00:00,2025-10-06,9,0,6.01,216.32,1
2025-10-06 10:00:00+00:00,2025-10-06,10,0,8.39,302.05,1
2025-10-06 11:00:00+00:00,2025-10-06,11,0,12.66,455.72,1
2025-10-06 12:00:00+00:00,2025-10-06,12,0,21.58,776.92,1
2025-10-06 13:00:00+00:00,2025-10-06,13,0,20.0,720.0,1
2025-10-06 14:00:00+00:00,2025-10-06,14,0,20.56,740.1,1
2025-10-06 15:00:00+00:00,2025-10-06,15,0,20.89,752.0,1
2025-10-06 16:00:00+00:00,2025-10-06,16,0,21.43,771.48,1
2025-10-06 17:00:00+00:00,2025-10-06,17,0,5.12,184.34,1
2025-10-06 18:00:00+00:00,2025-10-06,18,0,4.55,163.91,1
2025-10-06 19:00:00+00:00,2025-10-06,19,0,0.0,0.0,0
2025-10-06 20:00:00+00:00,2025-10-06,20,0,0.0,0.0,0
2025-10-06 21:00:00+00:00,2025-10-06,21,0,0.0,0.0,0
2025-10-06 22:00:00+00:00,2025-10-06,22,0,0.0,0.0,0
2025-10-06 23:00:00+00:00,2025-10-06,23,0,0.0,0.0,0
2025-10-07 00:00:00+00:00,2025-10-07,0,1,0.0,0.0,0
2025-10-07 01:00:00+00:00,2025-10-07,1,1,0.0,0.0,0
2025-10-07 02:00:00+00:00,2025-10-07,2,1,0.0,0.0,0
2025-10-07 03:00:00+00:00,2025-10-07,3,1,0.0,0.0,0
2025-10-07 04:00:00+00:00,2025-10-07,4,1,1.93,69.44,1
2025-10-07 05:00:00+00:00,2025-10-07,5,1,8.3,298.95,1
2025-10-07 06:00:00+00:00,2025-10-07,6,1,21.58,776.89,1
2025-10-07 07:00:00+00:00,2025-10-07,7,1,30.26,1089.38,1
2025-10-07 08:00:00+00:00,2025-10-07,8,1,37.2,1339.31,1
2025-10-07 09:00:00+00:00,2025-10-07,9,1,40.99,1475.71,1
2025-10-07 10:00:00+00:00,2025-10-07,10,1,9.37,337.42,1
2025-10-07 11:00:00+00:00,2025-10-07,11,1,0.0,0.0,0
2025-10-07 12:00:00+00:00,2025-10-07,12,1,0.94,33.71,1
2025-10-07 13:00:00+00:00,2025-10-07,13,1,1.44,51.75,1
2025-10-07 14:00:00+00:00,2025-10-07,14,1,27.79,1000.33,1
2025-10-07 15:00:00+00:00,2025-10-07,15,1,42.5,1530.16,1
2025-10-07 16:00:00+00:00,2025-10-07,16,1,59.12,2128.21,1
2025-10-07 17:00:00+00:00,2025-10-07,17,1,60.0,2160.0,1
2025-10-07 18:00:00+00:00,2025-10-07,18,1,38.99,1403.73,1
2025-10-07 19:00:00+00:00,2025-10-07,19,1,0.0,0.0,0
2025-10-07 20:00:00+00:00,2025-10-07,20,1,0.0,0.0,0
2025-10-07 21:00:00+00:00,2025-10-07,21,1,0.0,0.0,0
2025-10-07 22:00:00+00:00,2025-10-07,22,1,0.0,0.0,0
2025-10-07 23:00:00+00:00,2025-10-07,23,1,0.0,0.0,0
2025-10-08 00:00:00+00:00,2025-10-08,0,2,0.0,0.0,0
2025-10-08 01:00:00+00:00,2025-10-08,1,2,0.0,0.0,0
2025-10-08 02:00:00+00:00,2025-10-08,2,2,0.0,0.0,0
2025-10-08 03:00:00+00:00,2025-10-08,3,2,0.0,0.0,0
2025-10-08 04:00:00+00:00,2025-10-08,4,2,0.0,0.0,0
2025-10-08 05:00:00+00:00,2025-10-08,5,2,3.02,108.69,1
2025-10-08 06:00:00+00:00,2025-10-08,6,2,24.56,884.26,1
2025-10-08 07:00:00+00:00,2025-10-08,7,2,32.58,1172.83,1
2025-10-08 08:00:00+00:00,2025-10-08,8,2,27.89,1004.01,1
2025-10-08 09:00:00+00:00,2025-10-08,9,2,31.15,1121.31,1
2025-10-08 10:00:00+00:00,2025-10-08,10,2,48.67,1752.16,1
2025-10-08 11:00:00+00:00,2025-10-08,11,2,57.13,2056.8,1
2025-10-08 12:00:00+00:00,2025-10-08,12,2,51.27,1845.77,1
2025-10-08 13:00:00+00:00,2025-10-08,13,2,60.0,2160.0,1
2025-10-08 14:00:00+00:00,2025-10-08,14,2,60.0,2160.0,1
2025-10-08 15:00:00+00:00,2025-10-08,15,2,41.37,1489.24,1
2025-10-08 16:00:00+00:00,2025-10-08,16,2,59.14,2128.99,1
2025-10-08 17:00:00+00:00,2025-10-08,17,2,60.0,2160.0,1
2025-10-08 18:00:00+00:00,2025-10-08,18,2,48.86,1759.04,1
2025-10-08 19:00:00+00:00,2025-10-08,19,2,0.0,0.0,0
2025-10-08 20:00:00+00:00,2025-10-08,20,2,0.0,0.0,0
2025-10-08 21:00:00+00:00,2025-10-08,21,2,0.0,0.0,0
2025-10-08 22:00:00+00:00,2025-10-08,22,2,0.0,0.0,0
2025-10-08 23:00:00+00:00,2025-10-08,23,2,0.0,0.0,0
2025-10-09 00:00:00+00:00,2025-10-09,0,3,0.0,0.0,0
2025-10-09 01:00:00+00:00,2025-10-09,1,3,0.0,0.0,0
2025-10-09 02:00:00+00:00,2025-10-09,2,3,0.0,0.0,0
2025-10-09 03:00:00+00:00,2025-10-09,3,3,0.0,0.0,0
2025-10-09 04:00:00+00:00,2025-10-09,4,3,0.0,0.0,0
2025-10-09 05:00:00+00:00,2025-10-09,5,3,0.0,0.0,0
2025-10-09 06:00:00+00:00,2025-10-09,6,3,0.0,0.0,0
2025-10-09 07:00:00+00:00,2025-10-09,7,3,0.0,0.0,0
2025-10-09 08:00:00+00:00,2025-10-09,8,3,0.0,0.0,0
2025-10-09 09:00:00+00:00,2025-10-09,9,3,0.0,0.0,0
2025-10-09 10:00:00+00:00,2025-10-09,10,3,0.0,0.0,0
2025-10-09 11:00:00+00:00,2025-10-09,11,3,0.0,0.0,0
2025-10-09 12:00:00+00:00,2025-10-09,12,3,0.0,0.0,0
2025-10-09 13:00:00+00:00,2025-10-09,13,3,0.0,0.0,0
2025-10-09 14:00:00+00:00,2025-10-09,14,3,0.0,0.0,0
2025-10-09 15:00:00+00:00,2025-10-09,15,3,0.0,0.0,0
2025-10-09 16:00:00+00:00,2025-10-09,16,3,0.0,0.0,0
2025-10-09 17:00:00+00:00,2025-10-09,17,3,0.0,0.0,0
2025-10-09 18:00:00+00:00,2025-10-09,18,3,0.0,0.0,0
2025-10-09 19:00:00+00:00,2025-10-09,19,3,0.0,0.0,0
2025-10-09 20:00:00+00:00,2025-10-09,20,3,0.0,0.0,0
2025-10-09 21:00:00+00:00,2025-10-09,21,3,0.0,0.0,0
2025-10-09 22:00:00+00:00,2025-10-09,22,3,0.0,0.0,0
2025-10-09 23:00:00+00:00,2025-10-09,23,3,0.0,0.0,0
2025-10-10 00:00:00+00:00,2025-10-10,0,4,0.0,0.0,0
2025-10-10 01:00:00+00:00,2025-10-10,1,4,0.0,0.0,0
2025-10-10 02:00:00+00:00,2025-10-10,2,4,0.0,0.0,0
2025-10-10 03:00:00+00:00,2025-10-10,3,4,0.0,0.0,0
2025-10-10 04:00:00+00:00,2025-10-10,4,4,0.0,0.0,0
2025-10-10 05:00:00+00:00,2025-10-10,5,4,0.0,0.0,0
2025-10-10 06:00:00+00:00,2025-10-10,6,4,0.0,0.0,0
2025-10-10 07:00:00+00:00,2025-10-10,7,4,0.0,0.0,0
2025-10-10 08:00:00+00:00,2025-10-10,8,4,0.0,0.0,0
2025-10-10 09:00:00+00:00,2025-10-10,9,4,0.0,0.0,0
2025-10-10 10:00:00+00:00,2025-10-10,10,4,0.0,0.0,0
2025-10-10 11:00:00+00:00,2025-10-10,11,4,0.0,0.0,0
2025-10-10 12:00:00+00:00,2025-10-10,12,4,0.0,0.0,0
2025-10-10 13:00:00+00:00,2025-10-10,13,4,0.0,0.0,0
2025-10-10 14:00:00+00:00,2025-10-10,14,4,0.0,0.0,0
2025-10-10 15:00:00+00:00,2025-10-10,15,4,0.0,0.0,0
2025-10-10 16:00:00+00:00,2025-10-10,16,4,0.0,0.0,0
2025-10-10 17:00:00+00:00,2025-10-10,17,4,0.0,0.0,0
2025-10-10 18:00:00+00:00,2025-10-10,18,4,0.0,0.0,0
2025-10-10 19:00:00+00:00,2025-10-10,19,4,0.0,0.0,0
2025-10-10 20:00:00+00:00,2025-10-10,20,4,0.0,0.0,0
2025-10-10 21:00:00+00:00,2025-10-10,21,4,0.0,0.0,0
2025-10-10 22:00:00+00:00,2025-10-10,22,4,0.0,0.0,0
2025-10-10 23:00:00+00:00,2025-10-10,23,4,0.0,0.0,0
2025-10-11 00:00:00+00:00,2025-10-11,0,5,0.0,0.0,0
2025-10-11 01:00:00+00:00,2025-10-11,1,5,0.0,0.0,0
2025-10-11 02:00:00+00:00,2025-10-11,2,5,0.0,0.0,0
2025-10-11 03:00:00+00:00,2025-10-11,3,5,0.0,0.0,0
2025-10-11 04:00:00+00:00,2025-10-11,4,5,0.0,0.0,0
2025-10-11 05:00:00+00:00,2025-10-11,5,5,0.0,0.0,0
2025-10-11 06:00:00+00:00,2025-10-11,6,5,0.0,0.0,0
2025-10-11 07:00:00+00:00,2025-10-11,7,5,0.0,0.0,0
2025-10-11 08:00:00+00:00,2025-10-11,8,5,0.0,0.0,0
2025-10-11 09:00:00+00:00,2025-10-11,9,5,0.0,0.0,0
2025-10-11 10:00:00+00:00,2025-10-11,10,5,0.0,0.0,0
2025-10-11 11:00:00+00:00,2025-10-11,11,5,0.0,0.0,0
2025-10-11 12:00:00+00:00,2025-10-11,12,5,0.0,0.0,0
2025-10-11 13:00:00+00:00,2025-10-11,13,5,0.0,0.0,0
2025-10-11 14:00:00+00:00,2025-10-11,14,5,0.0,0.0,0
2025-10-11 15:00:00+00:00,2025-10-11,15,5,0.0,0.0,0
2025-10-11 16:00:00+00:00,2025-10-11,16,5,0.0,0.0,0
2025-10-11 17:00:00+00:00,2025-10-11,17,5,0.0,0.0,0
2025-10-11 18:00:00+00:00,2025-10-11,18,5,0.0,0.0,0
2025-10-11 19:00:00+00:00,2025-10-11,19,5,0.0,0.0,0
2025-10-11 20:00:00+00:00,2025-10-11,20,5,0.0,0.0,0
2025-10-11 21:00:00+00:00,2025-10-11,21,5,0.0,0.0,0
2025-10-11 22:00:00+00:00,2025-10-11,22,5,0.0,0.0,0
2025-10-11 23:00:00+00:00,2025-10-11,23,5,0.0,0.0,0
2025-10-12 00:00:00+00:00,2025-10-12,0,6,0.0,0.0,0
2025-10-12 01:00:00+00:00,2025-10-12,1,6,0.0,0.0,0
2025-10-12 02:00:00+00:00,2025-10-12,2,6,0.0,0.0,0
2025-10-12 03:00:00+00:00,2025-10-12,3,6,0.0,0.0,0
2025-10-12 04:00:00+00:00,2025-10-12,4,6,0.0,0.0,0
2025-10-12 05:00:00+00:00,2025-10-12,5,6,0.0,0.0,0
2025-10-12 06:00:00+00:00,2025-10-12,6,6,0.0,0.0,0
2025-10-12 07:00:00+00:00,2025-10-12,7,6,0.0,0.0,0
2025-10-12 08:00:00+00:00,2025-10-12,8,6,0.0,0.0,0
2025-10-12 09:00:00+00:00,2025-10-12,9,6,0.0,0.0,0
2025-10-12 10:00:00+00:00,2025-10-12,10,6,0.0,0.0,0
2025-10-12 11:00:00+00:00,2025-10-12,11,6,0.0,0.0,0
2025-10-12 12:00:00+00:00,2025-10-12,12,6,0.0,0.0,0
2025-10-12 13:00:00+00:00,2025-10-12,13,6,0.0,0.0,0
2025-10-12 14:00:00+00:00,2025-10-12,14,6,0.0,0.0,0
2025-10-12 15:00:00+00:00,2025-10-12,15,6,0.0,0.0,0
2025-10-12 16:00:00+00:00,2025-10-12,16,6,0.0,0.0,0
2025-10-12 17:00:00+00:00,2025-10-12,17,6,0.0,0.0,0
2025-10-12 18:00:00+00:00,2025-10-12,18,6,0.0,0.0,0
2025-10-12 19:00:00+00:00,2025-10-12,19,6,0.0,0.0,0
2025-10-12 20:00:00+00:00,2025-10-12,20,6,0.0,0.0,0
2025-10-12 21:00:00+00:00,2025-10-12,21,6,0.0,0.0,0
2025-10-12 22:00:00+00:00,2025-10-12,22,6,0.0,0.0,0
2025-10-12 23:00:00+00:00,2025-10-12,23,6,0.0,0.0,0
2025-10-13 00:00:00+00:00,2025-10-13,0,0,0.0,0.0,0
2025-10-13 01:00:00+00:00,2025-10-13,1,0,0.0,0.0,0
2025-10-13 02:00:00+00:00,2025-10-13,2,0,0.0,0.0,0
2025-10-13 03:00:00+00:00,2025-10-13,3,0,0.0,0.0,0
2025-10-13 04:00:00+00:00,2025-10-13,4,0,0.0,0.0,0
2025-10-13 05:00:00+00:00,2025-10-13,5,0,2.91,104.64,1
2025-10-13 06:00:00+00:00,2025-10-13,6,0,29.48,1061.28,1
2025-10-13 07:00:00+00:00,2025-10-13,7,0,39.18,1410.59,1
2025-10-13 08:00:00+00:00,2025-10-13,8,0,35.05,1261.95,1
2025-10-13 09:00:00+00:00,2025-10-13,9,0,44.62,1606.4,1
2025-10-13 10:00:00+00:00,2025-10-13,10,0,33.5,1206.09,1
2025-10-13 11:00:00+00:00,2025-10-13,11,0,46.46,1672.41,1
2025-10-13 12:00:00+00:00,2025-10-13,12,0,11.8,424.9,1
2025-10-13 13:00:00+00:00,2025-10-13,13,0,10.86,390.99,1
2025-10-13 14:00:00+00:00,2025-10-13,14,0,30.0,1080.0,1
2025-10-13 15:00:00+00:00,2025-10-13,15,0,30.0,1080.0,1
2025-10-13 16:00:00+00:00,2025-10-13,16,0,15.84,570.25,1
2025-10-13 17:00:00+00:00,2025-10-13,17,0,40.0,1440.0,1
2025-10-13 18:00:00+00:00,2025-10-13,18,0,33.64,1210.98,1
2025-10-13 19:00:00+00:00,2025-10-13,19,0,0.0,0.0,0
2025-10-13 20:00:00+00:00,2025-10-13,20,0,0.0,0.0,0
2025-10-13 21:00:00+00:00,2025-10-13,21,0,0.0,0.0,0
2025-10-13 22:00:00+00:00,2025-10-13,22,0,0.0,0.0,0
2025-10-13 23:00:00+00:00,2025-10-13,23,0,0.0,0.0,0
2025-10-14 00:00:00+00:00,2025-10-14,0,1,0.0,0.0,0
2025-10-14 01:00:00+00:00,2025-10-14,1,1,0.0,0.0,0
2025-10-14 02:00:00+00:00,2025-10-14,2,1,0.0,0.0,0
2025-10-14 03:00:00+00:00,2025-10-14,3,1,0.0,0.0,0
2025-10-14 04:00:00+00:00,2025-10-14,4,1,0.0,0.0,0
2025-10-14 05:00:00+00:00,2025-10-14,5,1,2.85,102.77,1
2025-10-14 06:00:00+00:00,2025-10-14,6,1,19.93,717.58,1
2025-10-14 07:00:00+00:00,2025-10-14,7,1,28.65,1031.23,1
2025-10-14 08:00:00+00:00,2025-10-14,8,1,35.49,1277.78,1
2025-10-14 09:00:00+00:00,2025-10-14,9,1,37.27,1341.54,1
2025-10-14 10:00:00+00:00,2025-10-14,10,1,42.44,1527.7,1
2025-10-14 11:00:00+00:00,2025-10-14,11,1,53.84,1938.28,1
2025-10-14 12:00:00+00:00,2025-10-14,12,1,50.52,1818.68,1
2025-10-14 13:00:00+00:00,2025-10-14,13,1,10.0,360.0,1
2025-10-14 14:00:00+00:00,2025-10-14,14,1,53.05,1909.72,1
2025-10-14 15:00:00+00:00,2025-10-14,15,1,54.68,1968.5,1
2025-10-14 16:00:00+00:00,2025-10-14,16,1,41.38,1489.64,1
2025-10-14 17:00:00+00:00,2025-10-14,17,1,48.72,1753.82,1
2025-10-14 18:00:00+00:00,2025-10-14,18,1,44.8,1612.78,1
2025-10-14 19:00:00+00:00,2025-10-14,19,1,10.0,360.0,1
2025-10-14 20:00:00+00:00,2025-10-14,20,1,10.0,360.0,1
2025-10-14 21:00:00+00:00,2025-10-14,21,1,10.0,360.0,1
2025-10-14 22:00:00+00:00,2025-10-14,22,1,10.0,360.0,1
2025-10-14 23:00:00+00:00,2025-10-14,23,1,10.0,360.0,1
2025-10-15 00:00:00+00:00,2025-10-15,0,2,10.0,360.0,1
2025-10-15 01:00:00+00:00,2025-10-15,1,2,10.0,360.0,1
2025-10-15 02:00:00+00:00,2025-10-15,2,2,10.0,360.0,1
2025-10-15 03:00:00+00:00,2025-10-15,3,2,10.0,360.0,1
2025-10-15 04:00:00+00:00,2025-10-15,4,2,10.0,360.0,1
2025-10-15 05:00:00+00:00,2025-10-15,5,2,12.29,442.5,1
2025-10-15 06:00:00+00:00,2025-10-15,6,2,47.22,1699.94,1
2025-10-15 07:00:00+00:00,2025-10-15,7,2,56.02,2016.77,1
2025-10-15 08:00:00+00:00,2025-10-15,8,2,48.67,1752.13,1
2025-10-15 09:00:00+00:00,2025-10-15,9,2,63.48,2285.29,1
2025-10-15 10:00:00+00:00,2025-10-15,10,2,78.06,2810.0,1
2025-10-15 11:00:00+00:00,2025-10-15,11,2,78.23,2816.3,1
2025-10-15 12:00:00+00:00,2025-10-15,12,2,62.47,2248.92,1
2025-10-15 13:00:00+00:00,2025-10-15,13,2,66.83,2405.88,1
2025-10-15 14:00:00+00:00,2025-10-15,14,2,80.0,2880.0,1
2025-10-15 15:00:00+00:00,2025-10-15,15,2,78.95,2842.31,1
2025-10-15 16:00:00+00:00,2025-10-15,16,2,80.0,2880.0,1
2025-10-15 17:00:00+00:00,2025-10-15,17,2,73.15,2633.54,1
2025-10-15 18:00:00+00:00,2025-10-15,18,2,42.58,1532.85,1
2025-10-15 19:00:00+00:00,2025-10-15,19,2,0.0,0.0,0
2025-10-15 20:00:00+00:00,2025-10-15,20,2,0.0,0.0,0
2025-10-15 21:00:00+00:00,2025-10-15,21,2,0.0,0.0,0
2025-10-15 22:00:00+00:00,2025-10-15,22,2,0.0,0.0,0
2025-10-15 23:00:00+00:00,2025-10-15,23,2,0.0,0.0,0
2025-10-16 00:00:00+00:00,2025-10-16,0,3,0.0,0.0,0
2025-10-16 01:00:00+00:00,2025-10-16,1,3,0.0,0.0,0
2025-10-16 02:00:00+00:00,2025-10-16,2,3,0.0,0.0,0
2025-10-16 03:00:00+00:00,2025-10-16,3,3,0.0,0.0,0
2025-10-16 04:00:00+00:00,2025-10-16,4,3,0.0,0.0,0
2025-10-16 05:00:00+00:00,2025-10-16,5,3,3.06,109.99,1
2025-10-16 06:00:00+00:00,2025-10-16,6,3,30.01,1080.26,1
2025-10-16 07:00:00+00:00,2025-10-16,7,3,53.4,1922.23,1
2025-10-16 08:00:00+00:00,2025-10-16,8,3,34.09,1227.19,1
2025-10-16 09:00:00+00:00,2025-10-16,9,3,33.01,1188.43,1
2025-10-16 10:00:00+00:00,2025-10-16,10,3,50.83,1829.93,1
2025-10-16 11:00:00+00:00,2025-10-16,11,3,60.0,2160.0,1
2025-10-16 12:00:00+00:00,2025-10-16,12,3,52.33,1883.88,1
2025-10-16 13:00:00+00:00,2025-10-16,13,3,40.0,1440.0,1
2025-10-16 14:00:00+00:00,2025-10-16,14,3,40.0,1440.0,1
2025-10-16 15:00:00+00:00,2025-10-16,15,3,40.0,1440.0,1
2025-10-16 16:00:00+00:00,2025-10-16,16,3,40.0,1440.0,1
2025-10-16 17:00:00+00:00,2025-10-16,17,3,40.0,1440.0,1
2025-10-16 18:00:00+00:00,2025-10-16,18,3,13.36,480.91,1
2025-10-16 19:00:00+00:00,2025-10-16,19,3,0.0,0.0,0
2025-10-16 20:00:00+00:00,2025-10-16,20,3,0.0,0.0,0
2025-10-16 21:00:00+00:00,2025-10-16,21,3,0.0,0.0,0
2025-10-16 22:00:00+00:00,2025-10-16,22,3,0.0,0.0,0
2025-10-16 23:00:00+00:00,2025-10-16,23,3,0.0,0.0,0
2025-10-17 00:00:00+00:00,2025-10-17,0,4,0.0,0.0,0
2025-10-17 01:00:00+00:00,2025-10-17,1,4,0.0,0.0,0
2025-10-17 02:00:00+00:00,2025-10-17,2,4,0.0,0.0,0
2025-10-17 03:00:00+00:00,2025-10-17,3,4,0.0,0.0,0
2025-10-17 04:00:00+00:00,2025-10-17,4,4,0.76,27.43,1
2025-10-17 05:00:00+00:00,2025-10-17,5,4,2.04,73.33,1
2025-10-17 06:00:00+00:00,2025-10-17,6,4,31.61,1138.09,1
2025-10-17 07:00:00+00:00,2025-10-17,7,4,35.54,1279.61,1
2025-10-17 08:00:00+00:00,2025-10-17,8,4,20.66,743.93,1
2025-10-17 09:00:00+00:00,2025-10-17,9,4,23.31,839.02,1
2025-10-17 10:00:00+00:00,2025-10-17,10,4,27.64,994.89,1
2025-10-17 11:00:00+00:00,2025-10-17,11,4,32.24,1160.48,1
2025-10-17 12:00:00+00:00,2025-10-17,12,4,31.38,1129.66,1
2025-10-17 13:00:00+00:00,2025-10-17,13,4,30.0,1080.0,1
2025-10-17 14:00:00+00:00,2025-10-17,14,4,30.0,1080.0,1
2025-10-17 15:00:00+00:00,2025-10-17,15,4,30.0,1080.0,1
2025-10-17 16:00:00+00:00,2025-10-17,16,4,30.0,1080.0,1
2025-10-17 17:00:00+00:00,2025-10-17,17,4,30.0,1080.0,1
2025-10-17 18:00:00+00:00,2025-10-17,18,4,12.05,433.85,1
2025-10-17 19:00:00+00:00,2025-10-17,19,4,0.0,0.0,0
2025-10-17 20:00:00+00:00,2025-10-17,20,4,0.0,0.0,0
2025-10-17 21:00:00+00:00,2025-10-17,21,4,0.0,0.0,0
2025-10-17 22:00:00+00:00,2025-10-17,22,4,0.0,0.0,0
2025-10-17 23:00:00+00:00,2025-10-17,23,4,0.0,0.0,0
2025-10-18 00:00:00+00:00,2025-10-18,0,5,0.0,0.0,0
2025-10-18 01:00:00+00:00,2025-10-18,1,5,0.0,0.0,0
2025-10-18 02:00:00+00:00,2025-10-18,2,5,0.0,0.0,0
2025-10-18 03:00:00+00:00,2025-10-18,3,5,0.0,0.0,0
2025-10-18 04:00:00+00:00,2025-10-18,4,5,0.0,0.0,0
2025-10-18 05:00:00+00:00,2025-10-18,5,5,0.0,0.0,0
2025-10-18 06:00:00+00:00,2025-10-18,6,5,0.0,0.0,0
2025-10-18 07:00:00+00:00,2025-10-18,7,5,0.0,0.0,0
2025-10-18 08:00:00+00:00,2025-10-18,8,5,0.0,0.0,0
2025-10-18 09:00:00+00:00,2025-10-18,9,5,0.0,0.0,0
2025-10-18 10:00:00+00:00,2025-10-18,10,5,0.0,0.0,0
2025-10-18 11:00:00+00:00,2025-10-18,11,5,0.0,0.0,0
2025-10-18 12:00:00+00:00,2025-10-18,12,5,0.0,0.0,0
2025-10-18 13:00:00+00:00,2025-10-18,13,5,0.0,0.0,0
2025-10-18 14:00:00+00:00,2025-10-18,14,5,0.0,0.0,0
2025-10-18 15:00:00+00:00,2025-10-18,15,5,0.0,0.0,0
2025-10-18 16:00:00+00:00,2025-10-18,16,5,0.0,0.0,0
2025-10-18 17:00:00+00:00,2025-10-18,17,5,0.0,0.0,0
2025-10-18 18:00:00+00:00,2025-10-18,18,5,0.0,0.0,0
2025-10-18 19:00:00+00:00,2025-10-18,19,5,0.0,0.0,0
2025-10-18 20:00:00+00:00,2025-10-18,20,5,0.0,0.0,0
2025-10-18 21:00:00+00:00,2025-10-18,21,5,0.0,0.0,0
2025-10-18 22:00:00+00:00,2025-10-18,22,5,0.0,0.0,0
2025-10-18 23:00:00+00:00,2025-10-18,23,5,0.0,0.0,0
2025-10-19 00:00:00+00:00,2025-10-19,0,6,0.0,0.0,0
2025-10-19 01:00:00+00:00,2025-10-19,1,6,0.0,0.0,0
2025-10-19 02:00:00+00:00,2025-10-19,2,6,0.0,0.0,0
2025-10-19 03:00:00+00:00,2025-10-19,3,6,0.0,0.0,0
2025-10-19 04:00:00+00:00,2025-10-19,4,6,0.0,0.0,0
2025-10-19 05:00:00+00:00,2025-10-19,5,6,0.0,0.0,0
2025-10-19 06:00:00+00:00,2025-10-19,6,6,0.0,0.0,0
2025-10-19 07:00:00+00:00,2025-10-19,7,6,0.0,0.0,0
2025-10-19 08:00:00+00:00,2025-10-19,8,6,0.0,0.0,0
2025-10-19 09:00:00+00:00,2025-10-19,9,6,0.0,0.0,0
2025-10-19 10:00:00+00:00,2025-10-19,10,6,0.0,0.0,0
2025-10-19 11:00:00+00:00,2025-10-19,11,6,0.0,0.0,0
2025-10-19 12:00:00+00:00,2025-10-19,12,6,0.0,0.0,0
2025-10-19 13:00:00+00:00,2025-10-19,13,6,0.0,0.0,0
2025-10-19 14:00:00+00:00,2025-10-19,14,6,0.0,0.0,0
2025-10-19 15:00:00+00:00,2025-10-19,15,6,0.0,0.0,0
2025-10-19 16:00:00+00:00,2025-10-19,16,6,0.0,0.0,0
2025-10-19 17:00:00+00:00,2025-10-19,17,6,0.0,0.0,0
2025-10-19 18:00:00+00:00,2025-10-19,18,6,0.0,0.0,0
2025-10-19 19:00:00+00:00,2025-10-19,19,6,0.0,0.0,0
2025-10-19 20:00:00+00:00,2025-10-19,20,6,0.0,0.0,0
2025-10-19 21:00:00+00:00,2025-10-19,21,6,0.0,0.0,0
2025-10-19 22:00:00+00:00,2025-10-19,22,6,0.0,0.0,0
2025-10-19 23:00:00+00:00,2025-10-19,23,6,0.0,0.0,0
2025-10-20 00:00:00+00:00,2025-10-20,0,0,0.0,0.0,0
2025-10-20 01:00:00+00:00,2025-10-20,1,0,0.0,0.0,0
2025-10-20 02:00:00+00:00,2025-10-20,2,0,0.0,0.0,0
2025-10-20 03:00:00+00:00,2025-10-20,3,0,0.0,0.0,0
2025-10-20 04:00:00+00:00,2025-10-20,4,0,0.0,0.0,0
2025-10-20 05:00:00+00:00,2025-10-20,5,0,1.18,42.5,1
2025-10-20 06:00:00+00:00,2025-10-20,6,0,16.19,582.95,1
2025-10-20 07:00:00+00:00,2025-10-20,7,0,21.1,759.69,1
2025-10-20 08:00:00+00:00,2025-10-20,8,0,24.16,869.65,1
2025-10-20 09:00:00+00:00,2025-10-20,9,0,29.34,1056.3,1
2025-10-20 10:00:00+00:00,2025-10-20,10,0,25.21,907.64,1
2025-10-20 11:00:00+00:00,2025-10-20,11,0,35.43,1275.43,1
2025-10-20 12:00:00+00:00,2025-10-20,12,0,3.49,125.75,1
2025-10-20 13:00:00+00:00,2025-10-20,13,0,1.66,59.7,1
2025-10-20 14:00:00+00:00,2025-10-20,14,0,20.0,720.0,1
2025-10-20 15:00:00+00:00,2025-10-20,15,0,20.0,720.0,1
2025-10-20 16:00:00+00:00,2025-10-20,16,0,20.0,720.0,1
2025-10-20 17:00:00+00:00,2025-10-20,17,0,37.91,1364.79,1
2025-10-20 18:00:00+00:00,2025-10-20,18,0,12.09,435.34,1
2025-10-20 19:00:00+00:00,2025-10-20,19,0,0.0,0.0,0
2025-10-20 20:00:00+00:00,2025-10-20,20,0,0.0,0.0,0
2025-10-20 21:00:00+00:00,2025-10-20,21,0,0.0,0.0,0
2025-10-20 22:00:00+00:00,2025-10-20,22,0,0.0,0.0,0
2025-10-20 23:00:00+00:00,2025-10-20,23,0,0.0,0.0,0
2025-10-21 00:00:00+00:00,2025-10-21,0,1,0.0,0.0,0
2025-10-21 01:00:00+00:00,2025-10-21,1,1,0.0,0.0,0
2025-10-21 02:00:00+00:00,2025-10-21,2,1,0.0,0.0,0
2025-10-21 03:00:00+00:00,2025-10-21,3,1,0.0,0.0,0
2025-10-21 04:00:00+00:00,2025-10-21,4,1,0.0,0.0,0
2025-10-21 05:00:00+00:00,2025-10-21,5,1,3.7,133.21,1
2025-10-21 06:00:00+00:00,2025-10-21,6,1,19.93,717.57,1
2025-10-21 07:00:00+00:00,2025-10-21,7,1,29.82,1073.6,1
2025-10-21 08:00:00+00:00,2025-10-21,8,1,28.82,1037.46,1
2025-10-21 09:00:00+00:00,2025-10-21,9,1,35.09,1263.06,1
2025-10-21 10:00:00+00:00,2025-10-21,10,1,29.16,1049.62,1
2025-10-21 11:00:00+00:00,2025-10-21,11,1,17.71,637.59,1
2025-10-21 12:00:00+00:00,2025-10-21,12,1,5.0,180.0,1
2025-10-21 13:00:00+00:00,2025-10-21,13,1,5.69,204.99,1
2025-10-21 14:00:00+00:00,2025-10-21,14,1,21.35,768.63,1
2025-10-21 15:00:00+00:00,2025-10-21,15,1,18.61,669.89,1
2025-10-21 16:00:00+00:00,2025-10-21,16,1,35.0,1260.0,1
2025-10-21 17:00:00+00:00,2025-10-21,17,1,35.0,1260.0,1
2025-10-21 18:00:00+00:00,2025-10-21,18,1,24.34,876.14,1
2025-10-21 19:00:00+00:00,2025-10-21,19,1,5.0,180.0,1
2025-10-21 20:00:00+00:00,2025-10-21,20,1,5.0,180.0,1
2025-10-21 21:00:00+00:00,2025-10-21,21,1,5.0,180.0,1
2025-10-21 22:00:00+00:00,2025-10-21,22,1,5.0,180.0,1
2025-10-21 23:00:00+00:00,2025-10-21,23,1,5.0,180.0,1
2025-10-22 00:00:00+00:00,2025-10-22,0,2,5.0,180.0,1
2025-10-22 01:00:00+00:00,2025-10-22,1,2,5.0,180.0,1
2025-10-22 02:00:00+00:00,2025-10-22,2,2,5.0,180.0,1
2025-10-22 03:00:00+00:00,2025-10-22,3,2,5.0,180.0,1
2025-10-22 04:00:00+00:00,2025-10-22,4,2,5.0,180.0,1
2025-10-22 05:00:00+00:00,2025-10-22,5,2,7.71,277.64,1
2025-10-22 06:00:00+00:00,2025-10-22,6,2,19.81,713.29,1
2025-10-22 07:00:00+00:00,2025-10-22,7,2,29.24,1052.72,1
2025-10-22 08:00:00+00:00,2025-10-22,8,2,41.41,1490.92,1
2025-10-22 09:00:00+00:00,2025-10-22,9,2,37.94,1365.93,1
2025-10-22 10:00:00+00:00,2025-10-22,10,2,27.84,1002.35,1
2025-10-22 11:00:00+00:00,2025-10-22,11,2,26.89,967.87,1
2025-10-22 12:00:00+00:00,2025-10-22,12,2,25.92,932.97,1
2025-10-22 13:00:00+00:00,2025-10-22,13,2,28.71,1033.69,1
2025-10-22 14:00:00+00:00,2025-10-22,14,2,45.0,1620.0,1
2025-10-22 15:00:00+00:00,2025-10-22,15,2,33.91,1220.79,1
2025-10-22 16:00:00+00:00,2025-10-22,16,2,32.62,1174.46,1
2025-10-22 17:00:00+00:00,2025-10-22,17,2,28.3,1018.83,1
2025-10-22 18:00:00+00:00,2025-10-22,18,2,10.81,388.99,1
2025-10-22 19:00:00+00:00,2025-10-22,19,2,0.0,0.0,0
2025-10-22 20:00:00+00:00,2025-10-22,20,2,0.0,0.0,0
2025-10-22 21:00:00+00:00,2025-10-22,21,2,0.0,0.0,0
2025-10-22 22:00:00+00:00,2025-10-22,22,2,0.0,0.0,0
2025-10-22 23:00:00+00:00,2025-10-22,23,2,0.0,0.0,0
2025-10-23 00:00:00+00:00,2025-10-23,0,3,0.0,0.0,0
2025-10-23 01:00:00+00:00,2025-10-23,1,3,0.0,0.0,0
2025-10-23 02:00:00+00:00,2025-10-23,2,3,0.0,0.0,0
2025-10-23 03:00:00+00:00,2025-10-23,3,3,0.0,0.0,0
2025-10-23 04:00:00+00:00,2025-10-23,4,3,0.0,0.0,0
2025-10-23 05:00:00+00:00,2025-10-23,5,3,2.82,101.39,1
2025-10-23 06:00:00+00:00,2025-10-23,6,3,37.29,1342.39,1
2025-10-23 07:00:00+00:00,2025-10-23,7,3,41.44,1491.84,1
2025-10-23 08:00:00+00:00,2025-10-23,8,3,36.84,1326.09,1
2025-10-23 09:00:00+00:00,2025-10-23,9,3,32.55,1171.64,1
2025-10-23 10:00:00+00:00,2025-10-23,10,3,35.97,1294.92,1
2025-10-23 11:00:00+00:00,2025-10-23,11,3,45.08,1622.97,1
2025-10-23 12:00:00+00:00,2025-10-23,12,3,23.82,857.6,1
2025-10-23 13:00:00+00:00,2025-10-23,13,3,20.72,745.96,1
2025-10-23 14:00:00+00:00,2025-10-23,14,3,0.3,10.67,1
2025-10-23 15:00:00+00:00,2025-10-23,15,3,1.26,45.44,1
2025-10-23 16:00:00+00:00,2025-10-23,16,3,1.4,50.26,1
2025-10-23 17:00:00+00:00,2025-10-23,17,3,0.13,4.63,1
2025-10-23 18:00:00+00:00,2025-10-23,18,3,1.33,48.04,1
2025-10-23 19:00:00+00:00,2025-10-23,19,3,0.0,0.0,0
2025-10-23 20:00:00+00:00,2025-10-23,20,3,0.0,0.0,0
2025-10-23 21:00:00+00:00,2025-10-23,21,3,0.0,0.0,0
2025-10-23 22:00:00+00:00,2025-10-23,22,3,0.0,0.0,0
2025-10-23 23:00:00+00:00,2025-10-23,23,3,0.0,0.0,0
2025-10-24 00:00:00+00:00,2025-10-24,0,4,0.0,0.0,0
2025-10-24 01:00:00+00:00,2025-10-24,1,4,0.0,0.0,0
2025-10-24 02:00:00+00:00,2025-10-24,2,4,0.0,0.0,0
2025-10-24 03:00:00+00:00,2025-10-24,3,4,0.0,0.0,0
2025-10-24 04:00:00+00:00,2025-10-24,4,4,0.0,0.0,0
2025-10-24 05:00:00+00:00,2025-10-24,5,4,2.64,95.03,1
2025-10-24 06:00:00+00:00,2025-10-24,6,4,39.44,1419.87,1
2025-10-24 07:00:00+00:00,2025-10-24,7,4,44.01,1584.34,1
2025-10-24 08:00:00+00:00,2025-10-24,8,4,32.8,1180.7,1
2025-10-24 09:00:00+00:00,2025-10-24,9,4,40.02,1440.7,1
2025-10-24 10:00:00+00:00,2025-10-24,10,4,46.14,1660.9,1
2025-10-24 11:00:00+00:00,2025-10-24,11,4,44.04,1585.61,1
2025-10-24 12:00:00+00:00,2025-10-24,12,4,41.45,1492.33,1
2025-10-24 13:00:00+00:00,2025-10-24,13,4,40.0,1440.0,1
2025-10-24 14:00:00+00:00,2025-10-24,14,4,40.0,1440.0,1
2025-10-24 15:00:00+00:00,2025-10-24,15,4,40.0,1440.0,1
2025-10-24 16:00:00+00:00,2025-10-24,16,4,40.0,1440.0,1
2025-10-24 17:00:00+00:00,2025-10-24,17,4,40.0,1440.0,1
2025-10-24 18:00:00+00:00,2025-10-24,18,4,15.67,564.08,1
2025-10-24 19:00:00+00:00,2025-10-24,19,4,0.0,0.0,0
2025-10-24 20:00:00+00:00,2025-10-24,20,4,0.0,0.0,0
2025-10-24 21:00:00+00:00,2025-10-24,21,4,0.0,0.0,0
2025-10-24 22:00:00+00:00,2025-10-24,22,4,0.0,0.0,0
2025-10-24 23:00:00+00:00,2025-10-24,23,4,0.0,0.0,0
2025-10-25 00:00:00+00:00,2025-10-25,0,5,0.0,0.0,0
2025-10-25 01:00:00+00:00,2025-10-25,1,5,0.0,0.0,0
2025-10-25 02:00:00+00:00,2025-10-25,2,5,0.0,0.0,0
2025-10-25 03:00:00+00:00,2025-10-25,3,5,0.0,0.0,0
2025-10-25 04:00:00+00:00,2025-10-25,4,5,0.0,0.0,0
2025-10-25 05:00:00+00:00,2025-10-25,5,5,0.0,0.0,0
2025-10-25 06:00:00+00:00,2025-10-25,6,5,0.0,0.0,0
2025-10-25 07:00:00+00:00,2025-10-25,7,5,0.0,0.0,0
2025-10-25 08:00:00+00:00,2025-10-25,8,5,0.0,0.0,0
2025-10-25 09:00:00+00:00,2025-10-25,9,5,0.0,0.0,0
2025-10-25 10:00:00+00:00,2025-10-25,10,5,0.0,0.0,0
2025-10-25 11:00:00+00:00,2025-10-25,11,5,0.0,0.0,0
2025-10-25 12:00:00+00:00,2025-10-25,12,5,0.0,0.0,0
2025-10-25 13:00:00+00:00,2025-10-25,13,5,0.0,0.0,0
2025-10-25 14:00:00+00:00,2025-10-25,14,5,0.0,0.0,0
2025-10-25 15:00:00+00:00,2025-10-25,15,5,0.0,0.0,0
2025-10-25 16:00:00+00:00,2025-10-25,16,5,0.0,0.0,0
2025-10-25 17:00:00+00:00,2025-10-25,17,5,0.0,0.0,0
2025-10-25 18:00:00+00:00,2025-10-25,18,5,0.0,0.0,0
2025-10-25 19:00:00+00:00,2025-10-25,19,5,0.0,0.0,0
2025-10-25 20:00:00+00:00,2025-10-25,20,5,0.0,0.0,0
2025-10-25 21:00:00+00:00,2025-10-25,21,5,0.0,0.0,0
2025-10-25 22:00:00+00:00,2025-10-25,22,5,0.0,0.0,0
2025-10-25 23:00:00+00:00,2025-10-25,23,5,0.0,0.0,0
2025-10-26 00:00:00+00:00,2025-10-26,0,6,0.0,0.0,0
2025-10-26 01:00:00+00:00,2025-10-26,1,6,0.0,0.0,0
2025-10-26 02:00:00+00:00,2025-10-26,2,6,0.0,0.0,0
2025-10-26 03:00:00+00:00,2025-10-26,3,6,0.0,0.0,0
2025-10-26 04:00:00+00:00,2025-10-26,4,6,0.0,0.0,0
2025-10-26 05:00:00+00:00,2025-10-26,5,6,0.0,0.0,0
2025-10-26 06:00:00+00:00,2025-10-26,6,6,0.0,0.0,0
2025-10-26 07:00:00+00:00,2025-10-26,7,6,0.0,0.0,0
2025-10-26 08:00:00+00:00,2025-10-26,8,6,0.0,0.0,0
2025-10-26 09:00:00+00:00,2025-10-26,9,6,0.0,0.0,0
2025-10-26 10:00:00+00:00,2025-10-26,10,6,0.0,0.0,0
2025-10-26 11:00:00+00:00,2025-10-26,11,6,0.0,0.0,0
2025-10-26 12:00:00+00:00,2025-10-26,12,6,0.0,0.0,0
2025-10-26 13:00:00+00:00,2025-10-26,13,6,0.0,0.0,0
2025-10-26 14:00:00+00:00,2025-10-26,14,6,0.0,0.0,0
2025-10-26 15:00:00+00:00,2025-10-26,15,6,0.0,0.0,0
2025-10-26 16:00:00+00:00,2025-10-26,16,6,0.0,0.0,0
2025-10-26 17:00:00+00:00,2025-10-26,17,6,0.0,0.0,0
2025-10-26 18:00:00+00:00,2025-10-26,18,6,0.0,0.0,0
2025-10-26 19:00:00+00:00,2025-10-26,19,6,0.0,0.0,0
2025-10-26 20:00:00+00:00,2025-10-26,20,6,0.0,0.0,0
2025-10-26 21:00:00+00:00,2025-10-26,21,6,0.0,0.0,0
2025-10-26 22:00:00+00:00,2025-10-26,22,6,0.0,0.0,0
2025-10-26 23:00:00+00:00,2025-10-26,23,6,0.0,0.0,0
2025-10-27 00:00:00+00:00,2025-10-27,0,0,0.0,0.0,0
2025-10-27 01:00:00+00:00,2025-10-27,1,0,0.0,0.0,0
2025-10-27 02:00:00+00:00,2025-10-27,2,0,0.0,0.0,0
2025-10-27 03:00:00+00:00,2025-10-27,3,0,0.0,0.0,0
2025-10-27 04:00:00+00:00,2025-10-27,4,0,0.0,0.0,0
2025-10-27 05:00:00+00:00,2025-10-27,5,0,0.0,0.0,0
2025-10-27 06:00:00+00:00,2025-10-27,6,0,2.68,96.53,1
2025-10-27 07:00:00+00:00,2025-10-27,7,0,12.66,455.69,1
2025-10-27 08:00:00+00:00,2025-10-27,8,0,17.12,616.44,1
2025-10-27 09:00:00+00:00,2025-10-27,9,0,24.09,867.18,1
2025-10-27 10:00:00+00:00,2025-10-27,10,0,15.91,572.92,1
2025-10-27 11:00:00+00:00,2025-10-27,11,0,39.95,1438.14,1
2025-10-27 12:00:00+00:00,2025-10-27,12,0,54.26,1953.43,1
2025-10-27 13:00:00+00:00,2025-10-27,13,0,16.64,598.88,1
2025-10-27 14:00:00+00:00,2025-10-27,14,0,15.79,568.59,1
2025-10-27 15:00:00+00:00,2025-10-27,15,0,45.0,1620.0,1
2025-10-27 16:00:00+00:00,2025-10-27,16,0,44.76,1611.38,1
2025-10-27 17:00:00+00:00,2025-10-27,17,0,40.78,1467.92,1
2025-10-27 18:00:00+00:00,2025-10-27,18,0,21.38,769.82,1
2025-10-27 19:00:00+00:00,2025-10-27,19,0,4.7,169.28,1
2025-10-27 20:00:00+00:00,2025-10-27,20,0,0.0,0.0,0
2025-10-27 21:00:00+00:00,2025-10-27,21,0,0.0,0.0,0
2025-10-27 22:00:00+00:00,2025-10-27,22,0,0.0,0.0,0
2025-10-27 23:00:00+00:00,2025-10-27,23,0,0.0,0.0,0
2025-10-28 00:00:00+00:00,2025-10-28,0,1,0.0,0.0,0
2025-10-28 01:00:00+00:00,2025-10-28,1,1,0.0,0.0,0
2025-10-28 02:00:00+00:00,2025-10-28,2,1,0.0,0.0,0
2025-10-28 03:00:00+00:00,2025-10-28,3,1,0.0,0.0,0
2025-10-28 04:00:00+00:00,2025-10-28,4,1,0.0,0.0,0
2025-10-28 05:00:00+00:00,2025-10-28,5,1,0.0,0.0,0
2025-10-28 06:00:00+00:00,2025-10-28,6,1,3.41,122.8,1
2025-10-28 07:00:00+00:00,2025-10-28,7,1,0.26,9.44,1
2025-10-28 08:00:00+00:00,2025-10-28,8,1,6.17,222.12,1
2025-10-28 09:00:00+00:00,2025-10-28,9,1,0.68,24.62,1
2025-10-28 10:00:00+00:00,2025-10-28,10,1,1.25,44.82,1
2025-10-28 11:00:00+00:00,2025-10-28,11,1,25.0,900.03,1
2025-10-28 12:00:00+00:00,2025-10-28,12,1,46.16,1661.89,1
2025-10-28 13:00:00+00:00,2025-10-28,13,1,36.23,1304.39,1
2025-10-28 14:00:00+00:00,2025-10-28,14,1,27.22,980.04,1
2025-10-28 15:00:00+00:00,2025-10-28,15,1,26.86,966.84,1
2025-10-28 16:00:00+00:00,2025-10-28,16,1,28.33,1019.82,1
2025-10-28 17:00:00+00:00,2025-10-28,17,1,34.65,1247.32,1
2025-10-28 18:00:00+00:00,2025-10-28,18,1,45.0,1620.0,1
2025-10-28 19:00:00+00:00,2025-10-28,19,1,33.51,1206.41,1
2025-10-28 20:00:00+00:00,2025-10-28,20,1,5.0,180.0,1
2025-10-28 21:00:00+00:00,2025-10-28,21,1,5.0,180.0,1
2025-10-28 22:00:00+00:00,2025-10-28,22,1,5.0,180.0,1
2025-10-28 23:00:00+00:00,2025-10-28,23,1,5.0,180.0,1
2025-10-29 00:00:00+00:00,2025-10-29,0,2,5.0,180.0,1
2025-10-29 01:00:00+00:00,2025-10-29,1,2,5.0,180.0,1
2025-10-29 02:00:00+00:00,2025-10-29,2,2,5.0,180.0,1
2025-10-29 03:00:00+00:00,2025-10-29,3,2,5.0,180.0,1
2025-10-29 04:00:00+00:00,2025-10-29,4,2,5.0,180.0,1
2025-10-29 05:00:00+00:00,2025-10-29,5,2,5.0,180.0,1
2025-10-29 06:00:00+00:00,2025-10-29,6,2,8.03,289.0,1
2025-10-29 07:00:00+00:00,2025-10-29,7,2,20.41,734.7,1
2025-10-29 08:00:00+00:00,2025-10-29,8,2,16.01,576.51,1
2025-10-29 09:00:00+00:00,2025-10-29,9,2,25.89,932.05,1
2025-10-29 10:00:00+00:00,2025-10-29,10,2,29.08,1046.95,1
2025-10-29 11:00:00+00:00,2025-10-29,11,2,24.02,864.56,1
2025-10-29 12:00:00+00:00,2025-10-29,12,2,35.57,1280.58,1
2025-10-29 13:00:00+00:00,2025-10-29,13,2,36.91,1328.89,1
2025-10-29 14:00:00+00:00,2025-10-29,14,2,32.12,1156.49,1
2025-10-29 15:00:00+00:00,2025-10-29,15,2,34.82,1253.6,1
2025-10-29 16:00:00+00:00,2025-10-29,16,2,36.83,1326.06,1
2025-10-29 17:00:00+00:00,2025-10-29,17,2,50.0,1800.0,1
2025-10-29 18:00:00+00:00,2025-10-29,18,2,38.04,1369.34,1
2025-10-29 19:00:00+00:00,2025-10-29,19,2,25.23,908.43,1
2025-10-29 20:00:00+00:00,2025-10-29,20,2,0.0,0.0,0
2025-10-29 21:00:00+00:00,2025-10-29,21,2,0.0,0.0,0
2025-10-29 22:00:00+00:00,2025-10-29,22,2,0.0,0.0,0
2025-10-29 23:00:00+00:00,2025-10-29,23,2,0.0,0.0,0
2025-10-30 00:00:00+00:00,2025-10-30,0,3,0.0,0.0,0
2025-10-30 01:00:00+00:00,2025-10-30,1,3,0.0,0.0,0
2025-10-30 02:00:00+00:00,2025-10-30,2,3,0.0,0.0,0
2025-10-30 03:00:00+00:00,2025-10-30,3,3,0.0,0.0,0
2025-10-30 04:00:00+00:00,2025-10-30,4,3,0.0,0.0,0
2025-10-30 05:00:00+00:00,2025-10-30,5,3,0.0,0.0,0
2025-10-30 06:00:00+00:00,2025-10-30,6,3,3.0,108.11,1
2025-10-30 07:00:00+00:00,2025-10-30,7,3,32.72,1177.81,1
2025-10-30 08:00:00+00:00,2025-10-30,8,3,30.46,1096.48,1
2025-10-30 09:00:00+00:00,2025-10-30,9,3,32.17,1158.05,1
2025-10-30 10:00:00+00:00,2025-10-30,10,3,31.1,1119.52,1
2025-10-30 11:00:00+00:00,2025-10-30,11,3,38.91,1400.71,1
2025-10-30 12:00:00+00:00,2025-10-30,12,3,47.73,1718.21,1
2025-10-30 13:00:00+00:00,2025-10-30,13,3,40.84,1470.38,1
2025-10-30 14:00:00+00:00,2025-10-30,14,3,41.16,1481.67,1
2025-10-30 15:00:00+00:00,2025-10-30,15,3,46.9,1688.39,1
2025-10-30 16:00:00+00:00,2025-10-30,16,3,34.84,1254.28,1
2025-10-30 17:00:00+00:00,2025-10-30,17,3,27.12,976.34,1
2025-10-30 18:00:00+00:00,2025-10-30,18,3,30.25,1089.11,1
2025-10-30 19:00:00+00:00,2025-10-30,19,3,22.59,813.13,1
2025-10-30 20:00:00+00:00,2025-10-30,20,3,0.0,0.0,0
2025-10-30 21:00:00+00:00,2025-10-30,21,3,0.0,0.0,0
2025-10-30 22:00:00+00:00,2025-10-30,22,3,0.0,0.0,0
2025-10-30 23:00:00+00:00,2025-10-30,23,3,0.0,0.0,0
2025-10-31 00:00:00+00:00,2025-10-31,0,4,0.0,0.0,0
2025-10-31 01:00:00+00:00,2025-10-31,1,4,0.0,0.0,0
2025-10-31 02:00:00+00:00,2025-10-31,2,4,0.0,0.0,0
2025-10-31 03:00:00+00:00,2025-10-31,3,4,0.0,0.0,0
2025-10-31 04:00:00+00:00,2025-10-31,4,4,0.0,0.0,0
2025-10-31 05:00:00+00:00,2025-10-31,5,4,0.0,0.0,0
2025-10-31 06:00:00+00:00,2025-10-31,6,4,4.79,172.59,1
2025-10-31 07:00:00+00:00,2025-10-31,7,4,31.27,1125.75,1
2025-10-31 08:00:00+00:00,2025-10-31,8,4,39.68,1428.47,1
2025-10-31 09:00:00+00:00,2025-10-31,9,4,43.47,1564.95,1
2025-10-31 10:00:00+00:00,2025-10-31,10,4,43.06,1550.09,1
2025-10-31 11:00:00+00:00,2025-10-31,11,4,42.78,1540.03,1
2025-10-31 12:00:00+00:00,2025-10-31,12,4,36.66,1319.85,1
2025-10-31 13:00:00+00:00,2025-10-31,13,4,12.67,456.09,1
2025-10-31 14:00:00+00:00,2025-10-31,14,4,0.0,0.0,0
2025-10-31 15:00:00+00:00,2025-10-31,15,4,0.0,0.0,0
2025-10-31 16:00:00+00:00,2025-10-31,16,4,0.0,0.0,0
2025-10-31 17:00:00+00:00,2025-10-31,17,4,0.0,0.0,0
2025-10-31 18:00:00+00:00,2025-10-31,18,4,0.0,0.0,0
2025-10-31 19:00:00+00:00,2025-10-31,19,4,0.62,22.35,1
2025-10-31 20:00:00+00:00,2025-10-31,20,4,0.0,0.0,0
2025-10-31 21:00:00+00:00,2025-10-31,21,4,0.0,0.0,0
2025-10-31 22:00:00+00:00,2025-10-31,22,4,0.0,0.0,0
2025-10-31 23:00:00+00:00,2025-10-31,23,4,0.0,0.0,0
2025-11-01 00:00:00+00:00,2025-11-01,0,5,0.0,0.0,0
2025-11-01 01:00:00+00:00,2025-11-01,1,5,0.0,0.0,0
2025-11-01 02:00:00+00:00,2025-11-01,2,5,0.0,0.0,0
2025-11-01 03:00:00+00:00,2025-11-01,3,5,0.0,0.0,0
2025-11-01 04:00:00+00:00,2025-11-01,4,5,0.0,0.0,0
2025-11-01 05:00:00+00:00,2025-11-01,5,5,0.0,0.0,0
2025-11-01 06:00:00+00:00,2025-11-01,6,5,0.0,0.0,0
2025-11-01 07:00:00+00:00,2025-11-01,7,5,0.0,0.0,0
2025-11-01 08:00:00+00:00,2025-11-01,8,5,0.0,0.0,0
2025-11-01 09:00:00+00:00,2025-11-01,9,5,0.0,0.0,0
2025-11-01 10:00:00+00:00,2025-11-01,10,5,0.0,0.0,0
2025-11-01 11:00:00+00:00,2025-11-01,11,5,0.0,0.0,0
2025-11-01 12:00:00+00:00,2025-11-01,12,5,0.0,0.0,0
2025-11-01 13:00:00+00:00,2025-11-01,13,5,0.0,0.0,0
2025-11-01 14:00:00+00:00,2025-11-01,14,5,0.0,0.0,0
2025-11-01 15:00:00+00:00,2025-11-01,15,5,0.0,0.0,0
2025-11-01 16:00:00+00:00,2025-11-01,16,5,0.0,0.0,0
2025-11-01 17:00:00+00:00,2025-11-01,17,5,0.0,0.0,0
2025-11-01 18:00:00+00:00,2025-11-01,18,5,0.0,0.0,0
2025-11-01 19:00:00+00:00,2025-11-01,19,5,0.0,0.0,0
2025-11-01 20:00:00+00:00,2025-11-01,20,5,0.0,0.0,0
2025-11-01 21:00:00+00:00,2025-11-01,21,5,0.0,0.0,0
2025-11-01 22:00:00+00:00,2025-11-01,22,5,0.0,0.0,0
2025-11-01 23:00:00+00:00,2025-11-01,23,5,0.0,0.0,0
2025-11-02 00:00:00+00:00,2025-11-02,0,6,0.0,0.0,0
2025-11-02 01:00:00+00:00,2025-11-02,1,6,0.0,0.0,0
2025-11-02 02:00:00+00:00,2025-11-02,2,6,0.0,0.0,0
2025-11-02 03:00:00+00:00,2025-11-02,3,6,0.0,0.0,0
2025-11-02 04:00:00+00:00,2025-11-02,4,6,0.0,0.0,0
2025-11-02 05:00:00+00:00,2025-11-02,5,6,0.0,0.0,0
2025-11-02 06:00:00+00:00,2025-11-02,6,6,0.0,0.0,0
2025-11-02 07:00:00+00:00,2025-11-02,7,6,0.0,0.0,0
2025-11-02 08:00:00+00:00,2025-11-02,8,6,0.0,0.0,0
2025-11-02 09:00:00+00:00,2025-11-02,9,6,0.0,0.0,0
2025-11-02 10:00:00+00:00,2025-11-02,10,6,0.0,0.0,0
2025-11-02 11:00:00+00:00,2025-11-02,11,6,0.0,0.0,0
2025-11-02 12:00:00+00:00,2025-11-02,12,6,0.0,0.0,0
2025-11-02 13:00:00+00:00,2025-11-02,13,6,0.0,0.0,0
2025-11-02 14:00:00+00:00,2025-11-02,14,6,0.0,0.0,0
2025-11-02 15:00:00+00:00,2025-11-02,15,6,0.0,0.0,0
2025-11-02 16:00:00+00:00,2025-11-02,16,6,0.0,0.0,0
2025-11-02 17:00:00+00:00,2025-11-02,17,6,0.0,0.0,0
2025-11-02 18:00:00+00:00,2025-11-02,18,6,0.0,0.0,0
2025-11-02 19:00:00+00:00,2025-11-02,19,6,0.0,0.0,0
2025-11-02 20:00:00+00:00,2025-11-02,20,6,0.0,0.0,0
2025-11-02 21:00:00+00:00,2025-11-02,21,6,0.0,0.0,0
2025-11-02 22:00:00+00:00,2025-11-02,22,6,0.0,0.0,0
2025-11-02 23:00:00+00:00,2025-11-02,23,6,0.0,0.0,0
2025-11-03 00:00:00+00:00,2025-11-03,0,0,0.0,0.0,0
2025-11-03 01:00:00+00:00,2025-11-03,1,0,0.0,0.0,0
2025-11-03 02:00:00+00:00,2025-11-03,2,0,0.0,0.0,0
2025-11-03 03:00:00+00:00,2025-11-03,3,0,0.0,0.0,0
2025-11-03 04:00:00+00:00,2025-11-03,4,0,0.0,0.0,0
2025-11-03 05:00:00+00:00,2025-11-03,5,0,0.0,0.0,0
2025-11-03 06:00:00+00:00,2025-11-03,6,0,1.91,68.62,1
2025-11-03 07:00:00+00:00,2025-11-03,7,0,9.32,335.44,1
2025-11-03 08:00:00+00:00,2025-11-03,8,0,11.32,407.46,1
2025-11-03 09:00:00+00:00,2025-11-03,9,0,12.59,453.2,1
2025-11-03 10:00:00+00:00,2025-11-03,10,0,44.79,1612.6,1
2025-11-03 11:00:00+00:00,2025-11-03,11,0,41.62,1498.2,1
2025-11-03 12:00:00+00:00,2025-11-03,12,0,42.19,1518.78,1
2025-11-03 13:00:00+00:00,2025-11-03,13,0,26.44,951.95,1
2025-11-03 14:00:00+00:00,2025-11-03,14,0,25.8,928.68,1
2025-11-03 15:00:00+00:00,2025-11-03,15,0,25.14,905.19,1
2025-11-03 16:00:00+00:00,2025-11-03,16,0,26.97,970.87,1
2025-11-03 17:00:00+00:00,2025-11-03,17,0,27.94,1005.94,1
2025-11-03 18:00:00+00:00,2025-11-03,18,0,26.13,940.57,1
2025-11-03 19:00:00+00:00,2025-11-03,19,0,25.49,917.54,1
2025-11-03 20:00:00+00:00,2025-11-03,20,0,0.0,0.0,0
2025-11-03 21:00:00+00:00,2025-11-03,21,0,0.0,0.0,0
2025-11-03 22:00:00+00:00,2025-11-03,22,0,0.0,0.0,0
2025-11-03 23:00:00+00:00,2025-11-03,23,0,0.0,0.0,0
2025-11-04 00:00:00+00:00,2025-11-04,0,1,0.0,0.0,0
2025-11-04 01:00:00+00:00,2025-11-04,1,1,0.0,0.0,0
2025-11-04 02:00:00+00:00,2025-11-04,2,1,0.0,0.0,0
2025-11-04 03:00:00+00:00,2025-11-04,3,1,0.0,0.0,0
2025-11-04 04:00:00+00:00,2025-11-04,4,1,0.0,0.0,0
2025-11-04 05:00:00+00:00,2025-11-04,5,1,0.0,0.0,0
2025-11-04 06:00:00+00:00,2025-11-04,6,1,3.2,115.28,1
2025-11-04 07:00:00+00:00,2025-11-04,7,1,20.15,725.33,1
2025-11-04 08:00:00+00:00,2025-11-04,8,1,35.08,1262.89,1
2025-11-04 09:00:00+00:00,2025-11-04,9,1,53.03,1909.2,1
2025-11-04 10:00:00+00:00,2025-11-04,10,1,73.91,2660.87,1
2025-11-04 11:00:00+00:00,2025-11-04,11,1,65.74,2366.75,1
2025-11-04 12:00:00+00:00,2025-11-04,12,1,61.24,2204.68,1
2025-11-04 13:00:00+00:00,2025-11-04,13,1,25.9,932.53,1
2025-11-04 14:00:00+00:00,2025-11-04,14,1,25.12,904.48,1
2025-11-04 15:00:00+00:00,2025-11-04,15,1,34.58,1244.75,1
2025-11-04 16:00:00+00:00,2025-11-04,16,1,36.45,1312.05,1
2025-11-04 17:00:00+00:00,2025-11-04,17,1,36.49,1313.57,1
2025-11-04 18:00:00+00:00,2025-11-04,18,1,31.38,1129.74,1
2025-11-04 19:00:00+00:00,2025-11-04,19,1,32.79,1180.51,1
2025-11-04 20:00:00+00:00,2025-11-04,20,1,25.0,900.0,1
2025-11-04 21:00:00+00:00,2025-11-04,21,1,25.0,900.0,1
2025-11-04 22:00:00+00:00,2025-11-04,22,1,25.0,900.0,1
2025-11-04 23:00:00+00:00,2025-11-04,23,1,25.0,900.0,1
2025-11-05 00:00:00+00:00,2025-11-05,0,2,25.0,900.0,1
2025-11-05 01:00:00+00:00,2025-11-05,1,2,25.0,900.0,1
2025-11-05 02:00:00+00:00,2025-11-05,2,2,25.0,900.0,1
2025-11-05 03:00:00+00:00,2025-11-05,3,2,25.0,900.0,1
2025-11-05 04:00:00+00:00,2025-11-05,4,2,25.0,900.0,1
2025-11-05 05:00:00+00:00,2025-11-05,5,2,25.0,900.0,1
2025-11-05 06:00:00+00:00,2025-11-05,6,2,28.54,1027.48,1
2025-11-05 07:00:00+00:00,2025-11-05,7,2,35.72,1286.0,1
2025-11-05 08:00:00+00:00,2025-11-05,8,2,35.48,1277.22,1
2025-11-05 09:00:00+00:00,2025-11-05,9,2,27.61,994.08,1
2025-11-05 10:00:00+00:00,2025-11-05,10,2,51.27,1845.57,1
2025-11-05 11:00:00+00:00,2025-11-05,11,2,76.26,2745.42,1
2025-11-05 12:00:00+00:00,2025-11-05,12,2,81.85,2946.58,1
2025-11-05 13:00:00+00:00,2025-11-05,13,2,66.55,2395.8,1
2025-11-05 14:00:00+00:00,2025-11-05,14,2,69.52,2502.55,1
2025-11-05 15:00:00+00:00,2025-11-05,15,2,55.31,1991.21,1
2025-11-05 16:00:00+00:00,2025-11-05,16,2,55.61,2001.98,1
2025-11-05 17:00:00+00:00,2025-11-05,17,2,72.9,2624.52,1
2025-11-05 18:00:00+00:00,2025-11-05,18,2,66.73,2402.36,1
2025-11-05 19:00:00+00:00,2025-11-05,19,2,42.11,1515.87,1
2025-11-05 20:00:00+00:00,2025-11-05,20,2,0.0,0.0,0
2025-11-05 21:00:00+00:00,2025-11-05,21,2,0.0,0.0,0
2025-11-05 22:00:00+00:00,2025-11-05,22,2,0.0,0.0,0
2025-11-05 23:00:00+00:00,2025-11-05,23,2,0.0,0.0,0
2025-11-06 00:00:00+00:00,2025-11-06,0,3,0.0,0.0,0
2025-11-06 01:00:00+00:00,2025-11-06,1,3,0.0,0.0,0
2025-11-06 02:00:00+00:00,2025-11-06,2,3,0.0,0.0,0
2025-11-06 03:00:00+00:00,2025-11-06,3,3,0.0,0.0,0
2025-11-06 04:00:00+00:00,2025-11-06,4,3,0.0,0.0,0
2025-11-06 05:00:00+00:00,2025-11-06,5,3,0.0,0.0,0
2025-11-06 06:00:00+00:00,2025-11-06,6,3,3.26,117.45,1
2025-11-06 07:00:00+00:00,2025-11-06,7,3,25.61,922.05,1
2025-11-06 08:00:00+00:00,2025-11-06,8,3,23.08,830.96,1
2025-11-06 09:00:00+00:00,2025-11-06,9,3,23.94,861.71,1
2025-11-06 10:00:00+00:00,2025-11-06,10,3,22.87,823.35,1
2025-11-06 11:00:00+00:00,2025-11-06,11,3,22.06,794.12,1
2025-11-06 12:00:00+00:00,2025-11-06,12,3,27.0,972.0,1
2025-11-06 13:00:00+00:00,2025-11-06,13,3,27.29,982.54,1
2025-11-06 14:00:00+00:00,2025-11-06,14,3,35.26,1269.3,1
2025-11-06 15:00:00+00:00,2025-11-06,15,3,20.44,735.8,1
2025-11-06 16:00:00+00:00,2025-11-06,16,3,21.36,769.05,1
2025-11-06 17:00:00+00:00,2025-11-06,17,3,27.44,987.93,1
2025-11-06 18:00:00+00:00,2025-11-06,18,3,12.6,453.49,1
2025-11-06 19:00:00+00:00,2025-11-06,19,3,15.58,560.81,1
2025-11-06 20:00:00+00:00,2025-11-06,20,3,10.0,360.0,1
2025-11-06 21:00:00+00:00,2025-11-06,21,3,10.0,360.0,1
2025-11-06 22:00:00+00:00,2025-11-06,22,3,10.0,360.0,1
2025-11-06 23:00:00+00:00,2025-11-06,23,3,10.0,360.0,1
2025-11-07 00:00:00+00:00,2025-11-07,0,4,10.0,360.0,1
2025-11-07 01:00:00+00:00,2025-11-07,1,4,10.0,360.0,1
2025-11-07 02:00:00+00:00,2025-11-07,2,4,10.0,360.0,1
2025-11-07 03:00:00+00:00,2025-11-07,3,4,10.0,360.0,1
2025-11-07 04:00:00+00:00,2025-11-07,4,4,10.0,360.0,1
2025-11-07 05:00:00+00:00,2025-11-07,5,4,10.2,367.28,1
2025-11-07 06:00:00+00:00,2025-11-07,6,4,12.68,456.44,1
2025-11-07 07:00:00+00:00,2025-11-07,7,4,23.32,839.57,1
2025-11-07 08:00:00+00:00,2025-11-07,8,4,21.84,786.24,1
2025-11-07 09:00:00+00:00,2025-11-07,9,4,17.83,641.89,1
2025-11-07 10:00:00+00:00,2025-11-07,10,4,6.16,221.64,1
2025-11-07 11:00:00+00:00,2025-11-07,11,4,5.86,211.07,1
2025-11-07 12:00:00+00:00,2025-11-07,12,4,12.67,456.2,1
2025-11-07 13:00:00+00:00,2025-11-07,13,4,7.19,258.94,1
2025-11-07 14:00:00+00:00,2025-11-07,14,4,0.0,0.0,0
2025-11-07 15:00:00+00:00,2025-11-07,15,4,0.0,0.0,0
2025-11-07 16:00:00+00:00,2025-11-07,16,4,0.0,0.0,0
2025-11-07 17:00:00+00:00,2025-11-07,17,4,0.0,0.0,0
2025-11-07 18:00:00+00:00,2025-11-07,18,4,0.0,0.0,0
2025-11-07 19:00:00+00:00,2025-11-07,19,4,0.64,22.97,1
2025-11-07 20:00:00+00:00,2025-11-07,20,4,0.0,0.0,0
2025-11-07 21:00:00+00:00,2025-11-07,21,4,0.0,0.0,0
2025-11-07 22:00:00+00:00,2025-11-07,22,4,0.0,0.0,0
2025-11-07 23:00:00+00:00,2025-11-07,23,4,0.0,0.0,0
2025-11-08 00:00:00+00:00,2025-11-08,0,5,0.0,0.0,0
2025-11-08 01:00:00+00:00,2025-11-08,1,5,0.0,0.0,0
2025-11-08 02:00:00+00:00,2025-11-08,2,5,0.0,0.0,0
2025-11-08 03:00:00+00:00,2025-11-08,3,5,0.0,0.0,0
2025-11-08 04:00:00+00:00,2025-11-08,4,5,0.0,0.0,0
2025-11-08 05:00:00+00:00,2025-11-08,5,5,0.0,0.0,0
2025-11-08 06:00:00+00:00,2025-11-08,6,5,0.0,0.0,0
2025-11-08 07:00:00+00:00,2025-11-08,7,5,0.0,0.0,0
2025-11-08 08:00:00+00:00,2025-11-08,8,5,0.0,0.0,0
2025-11-08 09:00:00+00:00,2025-11-08,9,5,0.0,0.0,0
2025-11-08 10:00:00+00:00,2025-11-08,10,5,0.0,0.0,0
2025-11-08 11:00:00+00:00,2025-11-08,11,5,0.0,0.13,1
2025-11-08 12:00:00+00:00,2025-11-08,12,5,0.0,0.0,0
2025-11-08 13:00:00+00:00,2025-11-08,13,5,0.0,0.0,0
2025-11-08 14:00:00+00:00,2025-11-08,14,5,0.0,0.0,0
2025-11-08 15:00:00+00:00,2025-11-08,15,5,0.0,0.0,0
2025-11-08 16:00:00+00:00,2025-11-08,16,5,0.0,0.0,0
2025-11-08 17:00:00+00:00,2025-11-08,17,5,0.0,0.0,0
2025-11-08 18:00:00+00:00,2025-11-08,18,5,0.0,0.0,0
2025-11-08 19:00:00+00:00,2025-11-08,19,5,0.0,0.0,0
2025-11-08 20:00:00+00:00,2025-11-08,20,5,0.0,0.0,0
2025-11-08 21:00:00+00:00,2025-11-08,21,5,0.0,0.0,0
2025-11-08 22:00:00+00:00,2025-11-08,22,5,0.0,0.0,0
2025-11-08 23:00:00+00:00,2025-11-08,23,5,0.0,0.0,0
2025-11-09 00:00:00+00:00,2025-11-09,0,6,0.0,0.0,0
2025-11-09 01:00:00+00:00,2025-11-09,1,6,0.0,0.0,0
2025-11-09 02:00:00+00:00,2025-11-09,2,6,0.0,0.0,0
2025-11-09 03:00:00+00:00,2025-11-09,3,6,0.0,0.0,0
2025-11-09 04:00:00+00:00,2025-11-09,4,6,0.0,0.0,0
2025-11-09 05:00:00+00:00,2025-11-09,5,6,0.0,0.0,0
2025-11-09 06:00:00+00:00,2025-11-09,6,6,0.0,0.0,0
2025-11-09 07:00:00+00:00,2025-11-09,7,6,0.0,0.0,0
2025-11-09 08:00:00+00:00,2025-11-09,8,6,0.0,0.0,0
2025-11-09 09:00:00+00:00,2025-11-09,9,6,0.0,0.0,0
2025-11-09 10:00:00+00:00,2025-11-09,10,6,0.0,0.0,0
2025-11-09 11:00:00+00:00,2025-11-09,11,6,0.0,0.0,0
2025-11-09 12:00:00+00:00,2025-11-09,12,6,0.0,0.0,0
2025-11-09 13:00:00+00:00,2025-11-09,13,6,0.0,0.0,0
2025-11-09 14:00:00+00:00,2025-11-09,14,6,0.0,0.0,0
2025-11-09 15:00:00+00:00,2025-11-09,15,6,0.0,0.0,0
2025-11-09 16:00:00+00:00,2025-11-09,16,6,0.0,0.0,0
2025-11-09 17:00:00+00:00,2025-11-09,17,6,0.0,0.0,0
2025-11-09 18:00:00+00:00,2025-11-09,18,6,0.0,0.0,0
2025-11-09 19:00:00+00:00,2025-11-09,19,6,0.0,0.0,0
2025-11-09 20:00:00+00:00,2025-11-09,20,6,0.0,0.0,0
2025-11-09 21:00:00+00:00,2025-11-09,21,6,0.0,0.0,0
2025-11-09 22:00:00+00:00,2025-11-09,22,6,0.0,0.0,0
2025-11-09 23:00:00+00:00,2025-11-09,23,6,0.0,0.0,0
2025-11-10 00:00:00+00:00,2025-11-10,0,0,0.0,0.0,0
2025-11-10 01:00:00+00:00,2025-11-10,1,0,0.0,0.0,0
2025-11-10 02:00:00+00:00,2025-11-10,2,0,0.0,0.0,0
2025-11-10 03:00:00+00:00,2025-11-10,3,0,0.0,0.0,0
2025-11-10 04:00:00+00:00,2025-11-10,4,0,0.0,0.0,0
2025-11-10 05:00:00+00:00,2025-11-10,5,0,0.0,0.0,0
2025-11-10 06:00:00+00:00,2025-11-10,6,0,3.39,121.91,1
2025-11-10 07:00:00+00:00,2025-11-10,7,0,3.59,129.08,1
2025-11-10 08:00:00+00:00,2025-11-10,8,0,2.55,91.65,1
2025-11-10 09:00:00+00:00,2025-11-10,9,0,16.15,581.23,1
2025-11-10 10:00:00+00:00,2025-11-10,10,0,42.44,1527.98,1
2025-11-10 11:00:00+00:00,2025-11-10,11,0,44.19,1590.76,1
2025-11-10 12:00:00+00:00,2025-11-10,12,0,60.37,2173.24,1
2025-11-10 13:00:00+00:00,2025-11-10,13,0,29.57,1064.44,1
2025-11-10 14:00:00+00:00,2025-11-10,14,0,28.22,1015.89,1
2025-11-10 15:00:00+00:00,2025-11-10,15,0,40.34,1452.19,1
2025-11-10 16:00:00+00:00,2025-11-10,16,0,41.2,1483.35,1
2025-11-10 17:00:00+00:00,2025-11-10,17,0,5.67,204.27,1
2025-11-10 18:00:00+00:00,2025-11-10,18,0,1.71,61.51,1
2025-11-10 19:00:00+00:00,2025-11-10,19,0,9.51,342.23,1
2025-11-10 20:00:00+00:00,2025-11-10,20,0,0.0,0.0,0
2025-11-10 21:00:00+00:00,2025-11-10,21,0,0.0,0.0,0
2025-11-10 22:00:00+00:00,2025-11-10,22,0,0.0,0.0,0
2025-11-10 23:00:00+00:00,2025-11-10,23,0,0.0,0.0,0
2025-11-11 00:00:00+00:00,2025-11-11,0,1,0.0,0.0,0
2025-11-11 01:00:00+00:00,2025-11-11,1,1,0.0,0.0,0
2025-11-11 02:00:00+00:00,2025-11-11,2,1,0.0,0.0,0
2025-11-11 03:00:00+00:00,2025-11-11,3,1,0.0,0.0,0
2025-11-11 04:00:00+00:00,2025-11-11,4,1,0.0,0.0,0
2025-11-11 05:00:00+00:00,2025-11-11,5,1,0.0,0.0,0
2025-11-11 06:00:00+00:00,2025-11-11,6,1,3.45,124.18,1
2025-11-11 07:00:00+00:00,2025-11-11,7,1,3.35,120.51,1
2025-11-11 08:00:00+00:00,2025-11-11,8,1,1.68,60.56,1
2025-11-11 09:00:00+00:00,2025-11-11,9,1,11.98,431.3,1
2025-11-11 10:00:00+00:00,2025-11-11,10,1,7.94,285.88,1
2025-11-11 11:00:00+00:00,2025-11-11,11,1,13.92,501.2,1
2025-11-11 12:00:00+00:00,2025-11-11,12,1,23.85,858.62,1
2025-11-11 13:00:00+00:00,2025-11-11,13,1,21.48,773.13,1
2025-11-11 14:00:00+00:00,2025-11-11,14,1,20.79,748.48,1
2025-11-11 15:00:00+00:00,2025-11-11,15,1,26.04,937.44,1
2025-11-11 16:00:00+00:00,2025-11-11,16,1,25.92,933.13,1
2025-11-11 17:00:00+00:00,2025-11-11,17,1,40.0,1440.0,1
2025-11-11 18:00:00+00:00,2025-11-11,18,1,40.0,1440.0,1
2025-11-11 19:00:00+00:00,2025-11-11,19,1,30.66,1103.9,1
2025-11-11 20:00:00+00:00,2025-11-11,20,1,10.0,360.0,1
2025-11-11 21:00:00+00:00,2025-11-11,21,1,10.0,360.0,1
2025-11-11 22:00:00+00:00,2025-11-11,22,1,10.0,360.0,1
2025-11-11 23:00:00+00:00,2025-11-11,23,1,10.0,360.0,1
2025-11-12 00:00:00+00:00,2025-11-12,0,2,10.0,360.0,1
2025-11-12 01:00:00+00:00,2025-11-12,1,2,10.0,360.0,1
2025-11-12 02:00:00+00:00,2025-11-12,2,2,10.0,360.0,1
2025-11-12 03:00:00+00:00,2025-11-12,3,2,10.0,360.0,1
2025-11-12 04:00:00+00:00,2025-11-12,4,2,10.0,360.0,1
2025-11-12 05:00:00+00:00,2025-11-12,5,2,10.0,360.0,1
2025-11-12 06:00:00+00:00,2025-11-12,6,2,11.81,425.24,1
2025-11-12 07:00:00+00:00,2025-11-12,7,2,13.14,472.96,1
2025-11-12 08:00:00+00:00,2025-11-12,8,2,20.25,729.09,1
2025-11-12 09:00:00+00:00,2025-11-12,9,2,22.47,809.06,1
2025-11-12 10:00:00+00:00,2025-11-12,10,2,25.89,932.21,1
2025-11-12 11:00:00+00:00,2025-11-12,11,2,23.83,857.79,1
2025-11-12 12:00:00+00:00,2025-11-12,12,2,28.09,1011.28,1
2025-11-12 13:00:00+00:00,2025-11-12,13,2,17.95,646.08,1
2025-11-12 14:00:00+00:00,2025-11-12,14,2,11.28,406.24,1
2025-11-12 15:00:00+00:00,2025-11-12,15,2,23.77,855.9,1
2025-11-12 16:00:00+00:00,2025-11-12,16,2,26.05,937.92,1
2025-11-12 17:00:00+00:00,2025-11-12,17,2,22.13,796.73,1
2025-11-12 18:00:00+00:00,2025-11-12,18,2,20.0,720.0,1
2025-11-12 19:00:00+00:00,2025-11-12,19,2,9.68,348.42,1
2025-11-12 20:00:00+00:00,2025-11-12,20,2,0.0,0.0,0
2025-11-12 21:00:00+00:00,2025-11-12,21,2,0.0,0.0,0
2025-11-12 22:00:00+00:00,2025-11-12,22,2,0.0,0.0,0
2025-11-12 23:00:00+00:00,2025-11-12,23,2,0.0,0.0,0
2025-11-13 00:00:00+00:00,2025-11-13,0,3,0.0,0.0,0
2025-11-13 01:00:00+00:00,2025-11-13,1,3,0.0,0.0,0
2025-11-13 02:00:00+00:00,2025-11-13,2,3,0.0,0.0,0
2025-11-13 03:00:00+00:00,2025-11-13,3,3,0.0,0.0,0
2025-11-13 04:00:00+00:00,2025-11-13,4,3,0.0,0.0,0
2025-11-13 05:00:00+00:00,2025-11-13,5,3,0.0,0.0,0
2025-11-13 06:00:00+00:00,2025-11-13,6,3,3.06,110.12,1
2025-11-13 07:00:00+00:00,2025-11-13,7,3,28.6,1029.74,1
2025-11-13 08:00:00+00:00,2025-11-13,8,3,37.15,1337.22,1
2025-11-13 09:00:00+00:00,2025-11-13,9,3,54.35,1956.64,1
2025-11-13 10:00:00+00:00,2025-11-13,10,3,58.43,2103.64,1
2025-11-13 11:00:00+00:00,2025-11-13,11,3,55.2,1987.36,1
2025-11-13 12:00:00+00:00,2025-11-13,12,3,40.32,1451.58,1
2025-11-13 13:00:00+00:00,2025-11-13,13,3,48.19,1734.83,1
2025-11-13 14:00:00+00:00,2025-11-13,14,3,41.64,1499.13,1
2025-11-13 15:00:00+00:00,2025-11-13,15,3,41.32,1487.68,1
2025-11-13 16:00:00+00:00,2025-11-13,16,3,40.66,1463.79,1
2025-11-13 17:00:00+00:00,2025-11-13,17,3,54.54,1963.4,1
2025-11-13 18:00:00+00:00,2025-11-13,18,3,60.0,2160.0,1
2025-11-13 19:00:00+00:00,2025-11-13,19,3,39.26,1413.4,1
2025-11-13 20:00:00+00:00,2025-11-13,20,3,0.32,11.36,1
2025-11-13 21:00:00+00:00,2025-11-13,21,3,0.0,0.0,0
2025-11-13 22:00:00+00:00,2025-11-13,22,3,0.0,0.0,0
2025-11-13 23:00:00+00:00,2025-11-13,23,3,0.0,0.0,0
2025-11-14 00:00:00+00:00,2025-11-14,0,4,0.0,0.0,0
2025-11-14 01:00:00+00:00,2025-11-14,1,4,0.0,0.0,0
2025-11-14 02:00:00+00:00,2025-11-14,2,4,0.0,0.0,0
2025-11-14 03:00:00+00:00,2025-11-14,3,4,0.0,0.0,0
2025-11-14 04:00:00+00:00,2025-11-14,4,4,0.0,0.0,0
2025-11-14 05:00:00+00:00,2025-11-14,5,4,1.36,48.81,1
2025-11-14 06:00:00+00:00,2025-11-14,6,4,1.29,46.34,1
2025-11-14 07:00:00+00:00,2025-11-14,7,4,29.95,1078.29,1
2025-11-14 08:00:00+00:00,2025-11-14,8,4,21.88,787.56,1
2025-11-14 09:00:00+00:00,2025-11-14,9,4,20.99,755.81,1
2025-11-14 10:00:00+00:00,2025-11-14,10,4,21.4,770.39,1
2025-11-14 11:00:00+00:00,2025-11-14,11,4,31.9,1148.39,1
2025-11-14 12:00:00+00:00,2025-11-14,12,4,36.05,1297.73,1
2025-11-14 13:00:00+00:00,2025-11-14,13,4,1.56,56.0,1
2025-11-14 14:00:00+00:00,2025-11-14,14,4,0.0,0.0,0
2025-11-14 15:00:00+00:00,2025-11-14,15,4,0.0,0.0,0
2025-11-14 16:00:00+00:00,2025-11-14,16,4,0.0,0.0,0
2025-11-14 17:00:00+00:00,2025-11-14,17,4,0.0,0.0,0
2025-11-14 18:00:00+00:00,2025-11-14,18,4,0.0,0.0,0
2025-11-14 19:00:00+00:00,2025-11-14,19,4,0.57,20.69,1
2025-11-14 20:00:00+00:00,2025-11-14,20,4,0.0,0.0,0
2025-11-14 21:00:00+00:00,2025-11-14,21,4,0.0,0.0,0
2025-11-14 22:00:00+00:00,2025-11-14,22,4,0.0,0.0,0
2025-11-14 23:00:00+00:00,2025-11-14,23,4,0.0,0.0,0
2025-11-15 00:00:00+00:00,2025-11-15,0,5,0.0,0.0,0
2025-11-15 01:00:00+00:00,2025-11-15,1,5,0.0,0.0,0
2025-11-15 02:00:00+00:00,2025-11-15,2,5,0.0,0.0,0
2025-11-15 03:00:00+00:00,2025-11-15,3,5,0.0,0.0,0
2025-11-15 04:00:00+00:00,2025-11-15,4,5,0.0,0.0,0
2025-11-15 05:00:00+00:00,2025-11-15,5,5,0.0,0.0,0
2025-11-15 06:00:00+00:00,2025-11-15,6,5,0.0,0.0,0
2025-11-15 07:00:00+00:00,2025-11-15,7,5,0.0,0.0,0
2025-11-15 08:00:00+00:00,2025-11-15,8,5,0.0,0.0,0
2025-11-15 09:00:00+00:00,2025-11-15,9,5,0.0,0.0,0
2025-11-15 10:00:00+00:00,2025-11-15,10,5,0.0,0.0,0
2025-11-15 11:00:00+00:00,2025-11-15,11,5,0.0,0.0,0
2025-11-15 12:00:00+00:00,2025-11-15,12,5,0.0,0.0,0
2025-11-15 13:00:00+00:00,2025-11-15,13,5,0.0,0.0,0
2025-11-15 14:00:00+00:00,2025-11-15,14,5,0.0,0.0,0
2025-11-15 15:00:00+00:00,2025-11-15,15,5,0.0,0.0,0
2025-11-15 16:00:00+00:00,2025-11-15,16,5,0.0,0.0,0
2025-11-15 17:00:00+00:00,2025-11-15,17,5,0.0,0.0,0
2025-11-15 18:00:00+00:00,2025-11-15,18,5,0.0,0.0,0
2025-11-15 19:00:00+00:00,2025-11-15,19,5,0.0,0.0,0
2025-11-15 20:00:00+00:00,2025-11-15,20,5,0.0,0.0,0
2025-11-15 21:00:00+00:00,2025-11-15,21,5,0.0,0.0,0
2025-11-15 22:00:00+00:00,2025-11-15,22,5,0.0,0.0,0
2025-11-15 23:00:00+00:00,2025-11-15,23,5,0.0,0.0,0
2025-11-16 00:00:00+00:00,2025-11-16,0,6,0.0,0.0,0
2025-11-16 01:00:00+00:00,2025-11-16,1,6,0.0,0.0,0
2025-11-16 02:00:00+00:00,2025-11-16,2,6,0.0,0.0,0
2025-11-16 03:00:00+00:00,2025-11-16,3,6,0.0,0.0,0
2025-11-16 04:00:00+00:00,2025-11-16,4,6,0.0,0.0,0
2025-11-16 05:00:00+00:00,2025-11-16,5,6,0.0,0.0,0
2025-11-16 06:00:00+00:00,2025-11-16,6,6,0.0,0.0,0
2025-11-16 07:00:00+00:00,2025-11-16,7,6,0.0,0.0,0
2025-11-16 08:00:00+00:00,2025-11-16,8,6,0.0,0.0,0
2025-11-16 09:00:00+00:00,2025-11-16,9,6,0.0,0.0,0
2025-11-16 10:00:00+00:00,2025-11-16,10,6,0.0,0.0,0
2025-11-16 11:00:00+00:00,2025-11-16,11,6,0.0,0.0,0
2025-11-16 12:00:00+00:00,2025-11-16,12,6,0.0,0.0,0
2025-11-16 13:00:00+00:00,2025-11-16,13,6,0.0,0.0,0
2025-11-16 14:00:00+00:00,2025-11-16,14,6,0.0,0.0,0
2025-11-16 15:00:00+00:00,2025-11-16,15,6,0.0,0.0,0
2025-11-16 16:00:00+00:00,2025-11-16,16,6,0.0,0.0,0
2025-11-16 17:00:00+00:00,2025-11-16,17,6,0.0,0.0,0
2025-11-16 18:00:00+00:00,2025-11-16,18,6,0.0,0.0,0
2025-11-16 19:00:00+00:00,2025-11-16,19,6,0.0,0.0,0
2025-11-16 20:00:00+00:00,2025-11-16,20,6,0.0,0.0,0
2025-11-16 21:00:00+00:00,2025-11-16,21,6,0.0,0.0,0
2025-11-16 22:00:00+00:00,2025-11-16,22,6,0.0,0.0,0
2025-11-16 23:00:00+00:00,2025-11-16,23,6,0.0,0.0,0
2025-11-17 00:00:00+00:00,2025-11-17,0,0,0.0,0.0,0
2025-11-17 01:00:00+00:00,2025-11-17,1,0,0.0,0.0,0
2025-11-17 02:00:00+00:00,2025-11-17,2,0,0.0,0.0,0
2025-11-17 03:00:00+00:00,2025-11-17,3,0,0.0,0.0,0
2025-11-17 04:00:00+00:00,2025-11-17,4,0,0.0,0.0,0
2025-11-17 05:00:00+00:00,2025-11-17,5,0,0.0,0.0,0
2025-11-17 06:00:00+00:00,2025-11-17,6,0,3.75,134.84,1
2025-11-17 07:00:00+00:00,2025-11-17,7,0,9.48,341.34,1
2025-11-17 08:00:00+00:00,2025-11-17,8,0,16.34,588.19,1
2025-11-17 09:00:00+00:00,2025-11-17,9,0,4.73,170.25,1
2025-11-17 10:00:00+00:00,2025-11-17,10,0,3.44,123.8,1
2025-11-17 11:00:00+00:00,2025-11-17,11,0,19.78,712.1,1
2025-11-17 12:00:00+00:00,2025-11-17,12,0,31.69,1140.74,1
2025-11-17 13:00:00+00:00,2025-11-17,13,0,2.64,95.2,1
2025-11-17 14:00:00+00:00,2025-11-17,14,0,1.99,71.81,1
2025-11-17 15:00:00+00:00,2025-11-17,15,0,3.09,111.35,1
2025-11-17 16:00:00+00:00,2025-11-17,16,0,6.92,249.07,1
2025-11-17 17:00:00+00:00,2025-11-17,17,0,20.0,720.0,1
2025-11-17 18:00:00+00:00,2025-11-17,18,0,0.52,18.57,1
2025-11-17 19:00:00+00:00,2025-11-17,19,0,1.42,51.27,1
2025-11-17 20:00:00+00:00,2025-11-17,20,0,0.0,0.0,0
2025-11-17 21:00:00+00:00,2025-11-17,21,0,0.0,0.0,0
2025-11-17 22:00:00+00:00,2025-11-17,22,0,0.0,0.0,0
2025-11-17 23:00:00+00:00,2025-11-17,23,0,0.0,0.0,0
2025-11-18 00:00:00+00:00,2025-11-18,0,1,0.0,0.0,0
2025-11-18 01:00:00+00:00,2025-11-18,1,1,0.0,0.0,0
2025-11-18 02:00:00+00:00,2025-11-18,2,1,0.0,0.0,0
2025-11-18 03:00:00+00:00,2025-11-18,3,1,0.0,0.0,0
2025-11-18 04:00:00+00:00,2025-11-18,4,1,0.0,0.0,0
2025-11-18 05:00:00+00:00,2025-11-18,5,1,0.0,0.0,0
2025-11-18 06:00:00+00:00,2025-11-18,6,1,2.93,105.63,1
2025-11-18 07:00:00+00:00,2025-11-18,7,1,14.43,519.59,1
2025-11-18 08:00:00+00:00,2025-11-18,8,1,16.11,579.93,1
2025-11-18 09:00:00+00:00,2025-11-18,9,1,26.39,949.98,1
2025-11-18 10:00:00+00:00,2025-11-18,10,1,25.59,921.22,1
2025-11-18 11:00:00+00:00,2025-11-18,11,1,49.79,1792.42,1
2025-11-18 12:00:00+00:00,2025-11-18,12,1,53.16,1913.86,1
2025-11-18 13:00:00+00:00,2025-11-18,13,1,16.13,580.64,1
2025-11-18 14:00:00+00:00,2025-11-18,14,1,15.45,556.32,1
2025-11-18 15:00:00+00:00,2025-11-18,15,1,17.8,640.75,1
2025-11-18 16:00:00+00:00,2025-11-18,16,1,24.61,886.06,1
2025-11-18 17:00:00+00:00,2025-11-18,17,1,20.19,726.94,1
2025-11-18 18:00:00+00:00,2025-11-18,18,1,21.2,763.18,1
2025-11-18 19:00:00+00:00,2025-11-18,19,1,20.96,754.43,1
2025-11-18 20:00:00+00:00,2025-11-18,20,1,10.0,360.0,1
2025-11-18 21:00:00+00:00,2025-11-18,21,1,10.0,360.0,1
2025-11-18 22:00:00+00:00,2025-11-18,22,1,10.0,360.0,1
2025-11-18 23:00:00+00:00,2025-11-18,23,1,10.0,360.0,1
2025-11-19 00:00:00+00:00,2025-11-19,0,2,10.0,360.0,1
2025-11-19 01:00:00+00:00,2025-11-19,1,2,10.0,360.0,1
2025-11-19 02:00:00+00:00,2025-11-19,2,2,10.0,360.0,1
2025-11-19 03:00:00+00:00,2025-11-19,3,2,10.0,360.0,1
2025-11-19 04:00:00+00:00,2025-11-19,4,2,10.0,360.0,1
2025-11-19 05:00:00+00:00,2025-11-19,5,2,10.0,360.0,1
2025-11-19 06:00:00+00:00,2025-11-19,6,2,6.14,221.05,1
2025-11-19 07:00:00+00:00,2025-11-19,7,2,1.65,59.58,1
2025-11-19 08:00:00+00:00,2025-11-19,8,2,9.78,351.94,1
2025-11-19 09:00:00+00:00,2025-11-19,9,2,26.62,958.24,1
2025-11-19 10:00:00+00:00,2025-11-19,10,2,29.76,1071.24,1
2025-11-19 11:00:00+00:00,2025-11-19,11,2,21.77,783.75,1
2025-11-19 12:00:00+00:00,2025-11-19,12,2,26.96,970.49,1
2025-11-19 13:00:00+00:00,2025-11-19,13,2,5.99,215.74,1
2025-11-19 14:00:00+00:00,2025-11-19,14,2,9.74,350.64,1
2025-11-19 15:00:00+00:00,2025-11-19,15,2,5.24,188.64,1
2025-11-19 16:00:00+00:00,2025-11-19,16,2,6.49,233.6,1
2025-11-19 17:00:00+00:00,2025-11-19,17,2,7.7,277.24,1
2025-11-19 18:00:00+00:00,2025-11-19,18,2,6.27,225.68,1
2025-11-19 19:00:00+00:00,2025-11-19,19,2,3.95,142.31,1
2025-11-19 20:00:00+00:00,2025-11-19,20,2,0.0,0.0,0
2025-11-19 21:00:00+00:00,2025-11-19,21,2,0.0,0.0,0
2025-11-19 22:00:00+00:00,2025-11-19,22,2,0.0,0.0,0
2025-11-19 23:00:00+00:00,2025-11-19,23,2,0.0,0.0,0
2025-11-20 00:00:00+00:00,2025-11-20,0,3,0.0,0.0,0
2025-11-20 01:00:00+00:00,2025-11-20,1,3,0.0,0.0,0
2025-11-20 02:00:00+00:00,2025-11-20,2,3,0.0,0.0,0
2025-11-20 03:00:00+00:00,2025-11-20,3,3,0.0,0.0,0
2025-11-20 04:00:00+00:00,2025-11-20,4,3,0.0,0.0,0
2025-11-20 05:00:00+00:00,2025-11-20,5,3,2.27,81.71,1
2025-11-20 06:00:00+00:00,2025-11-20,6,3,1.64,59.11,1
2025-11-20 07:00:00+00:00,2025-11-20,7,3,35.87,1291.45,1
2025-11-20 08:00:00+00:00,2025-11-20,8,3,38.65,1391.53,1
2025-11-20 09:00:00+00:00,2025-11-20,9,3,40.79,1468.5,1
2025-11-20 10:00:00+00:00,2025-11-20,10,3,37.34,1344.09,1
2025-11-20 11:00:00+00:00,2025-11-20,11,3,41.1,1479.46,1
2025-11-20 12:00:00+00:00,2025-11-20,12,3,25.71,925.62,1
2025-11-20 13:00:00+00:00,2025-11-20,13,3,4.95,178.32,1
2025-11-20 14:00:00+00:00,2025-11-20,14,3,0.47,17.07,1
2025-11-20 15:00:00+00:00,2025-11-20,15,3,5.56,200.32,1
2025-11-20 16:00:00+00:00,2025-11-20,16,3,0.76,27.51,1
2025-11-20 17:00:00+00:00,2025-11-20,17,3,7.93,285.39,1
2025-11-20 18:00:00+00:00,2025-11-20,18,3,0.41,14.82,1
2025-11-20 19:00:00+00:00,2025-11-20,19,3,3.07,110.47,1
2025-11-20 20:00:00+00:00,2025-11-20,20,3,0.0,0.0,0
2025-11-20 21:00:00+00:00,2025-11-20,21,3,0.0,0.0,0
2025-11-20 22:00:00+00:00,2025-11-20,22,3,0.0,0.0,0
2025-11-20 23:00:00+00:00,2025-11-20,23,3,0.0,0.0,0
2025-11-21 00:00:00+00:00,2025-11-21,0,4,0.0,0.0,0
2025-11-21 01:00:00+00:00,2025-11-21,1,4,0.0,0.0,0
2025-11-21 02:00:00+00:00,2025-11-21,2,4,0.0,0.0,0
2025-11-21 03:00:00+00:00,2025-11-21,3,4,0.0,0.0,0
2025-11-21 04:00:00+00:00,2025-11-21,4,4,0.0,0.0,0
2025-11-21 05:00:00+00:00,2025-11-21,5,4,0.0,0.0,0
2025-11-21 06:00:00+00:00,2025-11-21,6,4,3.04,109.3,1
2025-11-21 07:00:00+00:00,2025-11-21,7,4,10.01,360.34,1
2025-11-21 08:00:00+00:00,2025-11-21,8,4,12.06,434.22,1
2025-11-21 09:00:00+00:00,2025-11-21,9,4,21.13,760.56,1
2025-11-21 10:00:00+00:00,2025-11-21,10,4,34.21,1231.69,1
2025-11-21 11:00:00+00:00,2025-11-21,11,4,32.81,1181.12,1
2025-11-21 12:00:00+00:00,2025-11-21,12,4,9.14,328.88,1
2025-11-21 13:00:00+00:00,2025-11-21,13,4,2.62,94.25,1
2025-11-21 14:00:00+00:00,2025-11-21,14,4,0.0,0.0,0
2025-11-21 15:00:00+00:00,2025-11-21,15,4,0.0,0.0,0
2025-11-21 16:00:00+00:00,2025-11-21,16,4,0.0,0.0,0
2025-11-21 17:00:00+00:00,2025-11-21,17,4,0.0,0.0,0
2025-11-21 18:00:00+00:00,2025-11-21,18,4,0.0,0.0,0
2025-11-21 19:00:00+00:00,2025-11-21,19,4,0.47,16.94,1
2025-11-21 20:00:00+00:00,2025-11-21,20,4,0.0,0.0,0
2025-11-21 21:00:00+00:00,2025-11-21,21,4,0.0,0.0,0
2025-11-21 22:00:00+00:00,2025-11-21,22,4,0.0,0.0,0
2025-11-21 23:00:00+00:00,2025-11-21,23,4,0.0,0.0,0
2025-11-22 00:00:00+00:00,2025-11-22,0,5,0.0,0.0,0
2025-11-22 01:00:00+00:00,2025-11-22,1,5,0.0,0.0,0
2025-11-22 02:00:00+00:00,2025-11-22,2,5,0.0,0.0,0
2025-11-22 03:00:00+00:00,2025-11-22,3,5,0.0,0.0,0
2025-11-22 04:00:00+00:00,2025-11-22,4,5,0.0,0.0,0
2025-11-22 05:00:00+00:00,2025-11-22,5,5,0.0,0.0,0
2025-11-22 06:00:00+00:00,2025-11-22,6,5,0.0,0.0,0
2025-11-22 07:00:00+00:00,2025-11-22,7,5,0.0,0.0,0
2025-11-22 08:00:00+00:00,2025-11-22,8,5,0.0,0.0,0
2025-11-22 09:00:00+00:00,2025-11-22,9,5,0.0,0.0,0
2025-11-22 10:00:00+00:00,2025-11-22,10,5,0.0,0.0,0
2025-11-22 11:00:00+00:00,2025-11-22,11,5,0.0,0.0,0
2025-11-22 12:00:00+00:00,2025-11-22,12,5,0.0,0.0,0
2025-11-22 13:00:00+00:00,2025-11-22,13,5,0.0,0.0,0
2025-11-22 14:00:00+00:00,2025-11-22,14,5,0.0,0.0,0
2025-11-22 15:00:00+00:00,2025-11-22,15,5,0.0,0.0,0
2025-11-22 16:00:00+00:00,2025-11-22,16,5,0.0,0.0,0
2025-11-22 17:00:00+00:00,2025-11-22,17,5,0.0,0.0,0
2025-11-22 18:00:00+00:00,2025-11-22,18,5,0.0,0.0,0
2025-11-22 19:00:00+00:00,2025-11-22,19,5,0.0,0.0,0
2025-11-22 20:00:00+00:00,2025-11-22,20,5,0.0,0.0,0
2025-11-22 21:00:00+00:00,2025-11-22,21,5,0.0,0.0,0
2025-11-22 22:00:00+00:00,2025-11-22,22,5,0.0,0.0,0
2025-11-22 23:00:00+00:00,2025-11-22,23,5,0.0,0.0,0
2025-11-23 00:00:00+00:00,2025-11-23,0,6,0.0,0.0,0
2025-11-23 01:00:00+00:00,2025-11-23,1,6,0.0,0.0,0
2025-11-23 02:00:00+00:00,2025-11-23,2,6,0.0,0.0,0
2025-11-23 03:00:00+00:00,2025-11-23,3,6,0.0,0.0,0
2025-11-23 04:00:00+00:00,2025-11-23,4,6,0.0,0.0,0
2025-11-23 05:00:00+00:00,2025-11-23,5,6,0.0,0.0,0
2025-11-23 06:00:00+00:00,2025-11-23,6,6,0.0,0.0,0
2025-11-23 07:00:00+00:00,2025-11-23,7,6,0.0,0.0,0
2025-11-23 08:00:00+00:00,2025-11-23,8,6,0.0,0.0,0
2025-11-23 09:00:00+00:00,2025-11-23,9,6,0.0,0.0,0
2025-11-23 10:00:00+00:00,2025-11-23,10,6,0.0,0.0,0
2025-11-23 11:00:00+00:00,2025-11-23,11,6,0.0,0.0,0
2025-11-23 12:00:00+00:00,2025-11-23,12,6,0.0,0.0,0
2025-11-23 13:00:00+00:00,2025-11-23,13,6,0.0,0.0,0
2025-11-23 14:00:00+00:00,2025-11-23,14,6,0.0,0.0,0
2025-11-23 15:00:00+00:00,2025-11-23,15,6,0.0,0.0,0
2025-11-23 16:00:00+00:00,2025-11-23,16,6,0.0,0.0,0
2025-11-23 17:00:00+00:00,2025-11-23,17,6,0.0,0.0,0
2025-11-23 18:00:00+00:00,2025-11-23,18,6,0.0,0.0,0
2025-11-23 19:00:00+00:00,2025-11-23,19,6,0.0,0.0,0
2025-11-23 20:00:00+00:00,2025-11-23,20,6,0.0,0.0,0
2025-11-23 21:00:00+00:00,2025-11-23,21,6,0.0,0.0,0
2025-11-23 22:00:00+00:00,2025-11-23,22,6,0.0,0.0,0
2025-11-23 23:00:00+00:00,2025-11-23,23,6,0.0,0.0,0
2025-11-24 00:00:00+00:00,2025-11-24,0,0,0.0,0.0,0
2025-11-24 01:00:00+00:00,2025-11-24,1,0,0.0,0.0,0
2025-11-24 02:00:00+00:00,2025-11-24,2,0,0.0,0.0,0
2025-11-24 03:00:00+00:00,2025-11-24,3,0,0.0,0.0,0
2025-11-24 04:00:00+00:00,2025-11-24,4,0,0.0,0.0,0
2025-11-24 05:00:00+00:00,2025-11-24,5,0,0.0,0.0,0
2025-11-24 06:00:00+00:00,2025-11-24,6,0,3.64,131.18,1
2025-11-24 07:00:00+00:00,2025-11-24,7,0,5.06,182.24,1
2025-11-24 08:00:00+00:00,2025-11-24,8,0,11.84,426.25,1
2025-11-24 09:00:00+00:00,2025-11-24,9,0,11.36,408.8,1
2025-11-24 10:00:00+00:00,2025-11-24,10,0,12.06,433.99,1
2025-11-24 11:00:00+00:00,2025-11-24,11,0,14.24,512.64,1
2025-11-24 12:00:00+00:00,2025-11-24,12,0,18.87,679.36,1
2025-11-24 13:00:00+00:00,2025-11-24,13,0,11.5,414.17,1
2025-11-24 14:00:00+00:00,2025-11-24,14,0,10.73,386.31,1
2025-11-24 15:00:00+00:00,2025-11-24,15,0,1.89,68.16,1
2025-11-24 16:00:00+00:00,2025-11-24,16,0,1.87,67.19,1
2025-11-24 17:00:00+00:00,2025-11-24,17,0,1.62,58.47,1
2025-11-24 18:00:00+00:00,2025-11-24,18,0,0.27,9.8,1
2025-11-24 19:00:00+00:00,2025-11-24,19,0,4.76,171.36,1
2025-11-24 20:00:00+00:00,2025-11-24,20,0,0.0,0.0,0
2025-11-24 21:00:00+00:00,2025-11-24,21,0,0.0,0.0,0
2025-11-24 22:00:00+00:00,2025-11-24,22,0,0.0,0.0,0
2025-11-24 23:00:00+00:00,2025-11-24,23,0,0.0,0.0,0
2025-11-25 00:00:00+00:00,2025-11-25,0,1,0.0,0.0,0
2025-11-25 01:00:00+00:00,2025-11-25,1,1,0.0,0.0,0
2025-11-25 02:00:00+00:00,2025-11-25,2,1,0.0,0.0,0
2025-11-25 03:00:00+00:00,2025-11-25,3,1,0.0,0.0,0
2025-11-25 04:00:00+00:00,2025-11-25,4,1,0.0,0.0,0
2025-11-25 05:00:00+00:00,2025-11-25,5,1,0.0,0.0,0
2025-11-25 06:00:00+00:00,2025-11-25,6,1,3.05,109.78,1
2025-11-25 07:00:00+00:00,2025-11-25,7,1,9.1,327.77,1
2025-11-25 08:00:00+00:00,2025-11-25,8,1,9.32,335.5,1
2025-11-25 09:00:00+00:00,2025-11-25,9,1,23.66,851.63,1
2025-11-25 10:00:00+00:00,2025-11-25,10,1,33.03,1189.16,1
2025-11-25 11:00:00+00:00,2025-11-25,11,1,34.48,1241.15,1
2025-11-25 12:00:00+00:00,2025-11-25,12,1,29.63,1066.86,1
2025-11-25 13:00:00+00:00,2025-11-25,13,1,21.2,763.19,1
2025-11-25 14:00:00+00:00,2025-11-25,14,1,20.15,725.47,1
2025-11-25 15:00:00+00:00,2025-11-25,15,1,5.1,183.45,1
2025-11-25 16:00:00+00:00,2025-11-25,16,1,5.49,197.59,1
2025-11-25 17:00:00+00:00,2025-11-25,17,1,13.1,471.56,1
2025-11-25 18:00:00+00:00,2025-11-25,18,1,20.0,720.0,1
2025-11-25 19:00:00+00:00,2025-11-25,19,1,12.23,440.22,1
2025-11-25 20:00:00+00:00,2025-11-25,20,1,0.0,0.0,0
2025-11-25 21:00:00+00:00,2025-11-25,21,1,0.0,0.0,0
2025-11-25 22:00:00+00:00,2025-11-25,22,1,0.0,0.0,0
2025-11-25 23:00:00+00:00,2025-11-25,23,1,0.0,0.0,0
2025-11-26 00:00:00+00:00,2025-11-26,0,2,0.0,0.0,0
2025-11-26 01:00:00+00:00,2025-11-26,1,2,0.0,0.0,0
2025-11-26 02:00:00+00:00,2025-11-26,2,2,0.0,0.0,0
2025-11-26 03:00:00+00:00,2025-11-26,3,2,0.0,0.0,0
2025-11-26 04:00:00+00:00,2025-11-26,4,2,0.0,0.0,0
2025-11-26 05:00:00+00:00,2025-11-26,5,2,0.0,0.0,0
2025-11-26 06:00:00+00:00,2025-11-26,6,2,2.79,100.39,1
2025-11-26 07:00:00+00:00,2025-11-26,7,2,3.91,140.86,1
2025-11-26 08:00:00+00:00,2025-11-26,8,2,1.04,37.26,1
2025-11-26 09:00:00+00:00,2025-11-26,9,2,3.02,108.73,1
2025-11-26 10:00:00+00:00,2025-11-26,10,2,3.3,118.68,1
2025-11-26 11:00:00+00:00,2025-11-26,11,2,2.11,75.82,1
2025-11-26 12:00:00+00:00,2025-11-26,12,2,6.97,250.79,1
2025-11-26 13:00:00+00:00,2025-11-26,13,2,8.38,301.74,1
2025-11-26 14:00:00+00:00,2025-11-26,14,2,2.56,92.33,1
2025-11-26 15:00:00+00:00,2025-11-26,15,2,1.03,36.94,1
2025-11-26 16:00:00+00:00,2025-11-26,16,2,0.73,26.35,1
2025-11-26 17:00:00+00:00,2025-11-26,17,2,0.89,32.12,1
2025-11-26 18:00:00+00:00,2025-11-26,18,2,0.1,3.77,1
2025-11-26 19:00:00+00:00,2025-11-26,19,2,12.27,441.74,1
2025-11-26 20:00:00+00:00,2025-11-26,20,2,0.0,0.0,0
2025-11-26 21:00:00+00:00,2025-11-26,21,2,0.0,0.0,0
2025-11-26 22:00:00+00:00,2025-11-26,22,2,0.0,0.0,0
2025-11-26 23:00:00+00:00,2025-11-26,23,2,0.0,0.0,0
2025-11-27 00:00:00+00:00,2025-11-27,0,3,0.0,0.0,0
2025-11-27 01:00:00+00:00,2025-11-27,1,3,0.0,0.0,0
2025-11-27 02:00:00+00:00,2025-11-27,2,3,0.0,0.0,0
2025-11-27 03:00:00+00:00,2025-11-27,3,3,0.0,0.0,0
2025-11-27 04:00:00+00:00,2025-11-27,4,3,0.0,0.0,0
2025-11-27 05:00:00+00:00,2025-11-27,5,3,0.0,0.0,0
2025-11-27 06:00:00+00:00,2025-11-27,6,3,4.38,157.77,1
2025-11-27 07:00:00+00:00,2025-11-27,7,3,10.93,393.4,1
2025-11-27 08:00:00+00:00,2025-11-27,8,3,25.83,929.91,1
2025-11-27 09:00:00+00:00,2025-11-27,9,3,26.68,960.36,1
2025-11-27 10:00:00+00:00,2025-11-27,10,3,20.53,739.02,1
2025-11-27 11:00:00+00:00,2025-11-27,11,3,23.75,855.16,1
2025-11-27 12:00:00+00:00,2025-11-27,12,3,15.21,547.38,1
2025-11-27 13:00:00+00:00,2025-11-27,13,3,31.32,1127.56,1
2025-11-27 14:00:00+00:00,2025-11-27,14,3,28.77,1035.74,1
2025-11-27 15:00:00+00:00,2025-11-27,15,3,15.41,554.83,1
2025-11-27 16:00:00+00:00,2025-11-27,16,3,15.59,561.07,1
2025-11-27 17:00:00+00:00,2025-11-27,17,3,16.02,576.56,1
2025-11-27 18:00:00+00:00,2025-11-27,18,3,15.19,547.02,1
2025-11-27 19:00:00+00:00,2025-11-27,19,3,16.97,610.94,1
2025-11-27 20:00:00+00:00,2025-11-27,20,3,15.0,540.0,1
2025-11-27 21:00:00+00:00,2025-11-27,21,3,15.0,540.0,1
2025-11-27 22:00:00+00:00,2025-11-27,22,3,15.0,540.0,1
2025-11-27 23:00:00+00:00,2025-11-27,23,3,15.0,540.0,1
2025-11-28 00:00:00+00:00,2025-11-28,0,4,15.0,540.0,1
2025-11-28 01:00:00+00:00,2025-11-28,1,4,15.0,540.0,1
2025-11-28 02:00:00+00:00,2025-11-28,2,4,15.0,540.0,1
2025-11-28 03:00:00+00:00,2025-11-28,3,4,15.0,540.0,1
2025-11-28 04:00:00+00:00,2025-11-28,4,4,15.0,540.0,1
2025-11-28 05:00:00+00:00,2025-11-28,5,4,16.89,608.21,1
2025-11-28 06:00:00+00:00,2025-11-28,6,4,16.57,596.46,1
2025-11-28 07:00:00+00:00,2025-11-28,7,4,17.14,616.87,1
2025-11-28 08:00:00+00:00,2025-11-28,8,4,19.64,707.15,1
2025-11-28 09:00:00+00:00,2025-11-28,9,4,26.0,935.88,1
2025-11-28 10:00:00+00:00,2025-11-28,10,4,28.44,1023.69,1
2025-11-28 11:00:00+00:00,2025-11-28,11,4,29.12,1048.24,1
2025-11-28 12:00:00+00:00,2025-11-28,12,4,20.77,747.57,1
2025-11-28 13:00:00+00:00,2025-11-28,13,4,20.64,743.21,1
2025-11-28 14:00:00+00:00,2025-11-28,14,4,20.0,720.0,1
2025-11-28 15:00:00+00:00,2025-11-28,15,4,20.0,720.0,1
2025-11-28 16:00:00+00:00,2025-11-28,16,4,20.0,720.0,1
2025-11-28 17:00:00+00:00,2025-11-28,17,4,20.0,720.0,1
2025-11-28 18:00:00+00:00,2025-11-28,18,4,20.0,720.0,1
2025-11-28 19:00:00+00:00,2025-11-28,19,4,20.49,737.72,1
2025-11-28 20:00:00+00:00,2025-11-28,20,4,0.53,19.02,1
2025-11-28 21:00:00+00:00,2025-11-28,21,4,0.0,0.0,0
2025-11-28 22:00:00+00:00,2025-11-28,22,4,0.0,0.0,0
2025-11-28 23:00:00+00:00,2025-11-28,23,4,0.0,0.0,0
2025-11-29 00:00:00+00:00,2025-11-29,0,5,0.0,0.0,0
2025-11-29 01:00:00+00:00,2025-11-29,1,5,0.0,0.0,0
2025-11-29 02:00:00+00:00,2025-11-29,2,5,0.0,0.0,0
2025-11-29 03:00:00+00:00,2025-11-29,3,5,0.0,0.0,0
2025-11-29 04:00:00+00:00,2025-11-29,4,5,0.0,0.0,0
2025-11-29 05:00:00+00:00,2025-11-29,5,5,0.0,0.0,0
2025-11-29 06:00:00+00:00,2025-11-29,6,5,0.0,0.0,0
2025-11-29 07:00:00+00:00,2025-11-29,7,5,0.0,0.0,0
2025-11-29 08:00:00+00:00,2025-11-29,8,5,0.0,0.0,0
2025-11-29 09:00:00+00:00,2025-11-29,9,5,0.0,0.0,0
2025-11-29 10:00:00+00:00,2025-11-29,10,5,0.0,0.0,0
2025-11-29 11:00:00+00:00,2025-11-29,11,5,0.0,0.0,0
2025-11-29 12:00:00+00:00,2025-11-29,12,5,0.0,0.0,0
2025-11-29 13:00:00+00:00,2025-11-29,13,5,0.0,0.0,0
2025-11-29 14:00:00+00:00,2025-11-29,14,5,0.0,0.0,0
2025-11-29 15:00:00+00:00,2025-11-29,15,5,0.0,0.0,0
2025-11-29 16:00:00+00:00,2025-11-29,16,5,0.0,0.0,0
2025-11-29 17:00:00+00:00,2025-11-29,17,5,0.0,0.0,0
2025-11-29 18:00:00+00:00,2025-11-29,18,5,0.0,0.0,0
2025-11-29 19:00:00+00:00,2025-11-29,19,5,0.0,0.0,0
2025-11-29 20:00:00+00:00,2025-11-29,20,5,0.0,0.0,0
2025-11-29 21:00:00+00:00,2025-11-29,21,5,0.0,0.0,0
2025-11-29 22:00:00+00:00,2025-11-29,22,5,0.0,0.0,0
2025-11-29 23:00:00+00:00,2025-11-29,23,5,0.0,0.0,0
2025-11-30 00:00:00+00:00,2025-11-30,0,6,0.0,0.0,0
2025-11-30 01:00:00+00:00,2025-11-30,1,6,0.0,0.0,0
2025-11-30 02:00:00+00:00,2025-11-30,2,6,0.0,0.0,0
2025-11-30 03:00:00+00:00,2025-11-30,3,6,0.0,0.0,0
2025-11-30 04:00:00+00:00,2025-11-30,4,6,0.0,0.0,0
2025-11-30 05:00:00+00:00,2025-11-30,5,6,0.0,0.0,0
2025-11-30 06:00:00+00:00,2025-11-30,6,6,0.0,0.0,0
2025-11-30 07:00:00+00:00,2025-11-30,7,6,0.0,0.0,0
2025-11-30 08:00:00+00:00,2025-11-30,8,6,0.0,0.0,0
2025-11-30 09:00:00+00:00,2025-11-30,9,6,0.0,0.0,0
2025-11-30 10:00:00+00:00,2025-11-30,10,6,0.0,0.0,0
2025-11-30 11:00:00+00:00,2025-11-30,11,6,0.0,0.0,0
2025-11-30 12:00:00+00:00,2025-11-30,12,6,0.0,0.0,0
2025-11-30 13:00:00+00:00,2025-11-30,13,6,0.0,0.0,0
2025-11-30 14:00:00+00:00,2025-11-30,14,6,0.0,0.0,0
2025-11-30 15:00:00+00:00,2025-11-30,15,6,0.0,0.0,0
2025-11-30 16:00:00+00:00,2025-11-30,16,6,0.0,0.0,0
2025-11-30 17:00:00+00:00,2025-11-30,17,6,0.0,0.0,0
2025-11-30 18:00:00+00:00,2025-11-30,18,6,0.0,0.0,0
2025-11-30 19:00:00+00:00,2025-11-30,19,6,0.0,0.0,0
2025-11-30 20:00:00+00:00,2025-11-30,20,6,0.0,0.0,0
2025-11-30 21:00:00+00:00,2025-11-30,21,6,0.0,0.0,0
2025-11-30 22:00:00+00:00,2025-11-30,22,6,0.0,0.0,0
2025-11-30 23:00:00+00:00,2025-11-30,23,6,0.0,0.0,0
2025-12-01 00:00:00+00:00,2025-12-01,0,0,0.0,0.0,0
2025-12-01 01:00:00+00:00,2025-12-01,1,0,0.0,0.0,0
2025-12-01 02:00:00+00:00,2025-12-01,2,0,0.0,0.0,0
2025-12-01 03:00:00+00:00,2025-12-01,3,0,0.0,0.0,0
2025-12-01 04:00:00+00:00,2025-12-01,4,0,0.0,0.0,0
2025-12-01 05:00:00+00:00,2025-12-01,5,0,0.0,0.0,0
2025-12-01 06:00:00+00:00,2025-12-01,6,0,3.77,135.63,1
2025-12-01 07:00:00+00:00,2025-12-01,7,0,1.74,62.64,1
2025-12-01 08:00:00+00:00,2025-12-01,8,0,2.98,107.2,1
2025-12-01 09:00:00+00:00,2025-12-01,9,0,1.84,66.36,1
2025-12-01 10:00:00+00:00,2025-12-01,10,0,2.53,90.99,1
2025-12-01 11:00:00+00:00,2025-12-01,11,0,8.53,307.04,1
2025-12-01 12:00:00+00:00,2025-12-01,12,0,10.0,360.0,1
2025-12-01 13:00:00+00:00,2025-12-01,13,0,5.32,191.61,1
2025-12-01 14:00:00+00:00,2025-12-01,14,0,1.82,65.6,1
2025-12-01 15:00:00+00:00,2025-12-01,15,0,0.32,11.48,1
2025-12-01 16:00:00+00:00,2025-12-01,16,0,2.59,93.39,1
2025-12-01 17:00:00+00:00,2025-12-01,17,0,14.18,510.33,1
2025-12-01 18:00:00+00:00,2025-12-01,18,0,6.12,220.25,1
2025-12-01 19:00:00+00:00,2025-12-01,19,0,12.17,438.19,1
2025-12-01 20:00:00+00:00,2025-12-01,20,0,9.68,348.6,1
2025-12-01 21:00:00+00:00,2025-12-01,21,0,10.0,360.0,1
2025-12-01 22:00:00+00:00,2025-12-01,22,0,10.0,360.0,1
2025-12-01 23:00:00+00:00,2025-12-01,23,0,10.0,360.0,1
2025-12-02 00:00:00+00:00,2025-12-02,0,1,10.0,360.0,1
2025-12-02 01:00:00+00:00,2025-12-02,1,1,10.0,360.0,1
2025-12-02 02:00:00+00:00,2025-12-02,2,1,10.0,360.0,1
2025-12-02 03:00:00+00:00,2025-12-02,3,1,10.0,360.0,1
2025-12-02 04:00:00+00:00,2025-12-02,4,1,10.19,366.85,1
2025-12-02 05:00:00+00:00,2025-12-02,5,1,21.94,789.76,1
2025-12-02 06:00:00+00:00,2025-12-02,6,1,13.77,495.57,1
2025-12-02 07:00:00+00:00,2025-12-02,7,1,28.29,1018.41,1
2025-12-02 08:00:00+00:00,2025-12-02,8,1,42.44,1527.72,1
2025-12-02 09:00:00+00:00,2025-12-02,9,1,32.89,1184.08,1
2025-12-02 10:00:00+00:00,2025-12-02,10,1,20.14,725.08,1
2025-12-02 11:00:00+00:00,2025-12-02,11,1,18.24,656.51,1
2025-12-02 12:00:00+00:00,2025-12-02,12,1,32.11,1155.8,1
2025-12-02 13:00:00+00:00,2025-12-02,13,1,15.77,567.69,1
2025-12-02 14:00:00+00:00,2025-12-02,14,1,15.0,540.0,1
2025-12-02 15:00:00+00:00,2025-12-02,15,1,16.83,605.9,1
2025-12-02 16:00:00+00:00,2025-12-02,16,1,16.72,601.83,1
2025-12-02 17:00:00+00:00,2025-12-02,17,1,23.06,830.19,1
2025-12-02 18:00:00+00:00,2025-12-02,18,1,5.0,180.0,1
2025-12-02 19:00:00+00:00,2025-12-02,19,1,13.89,500.17,1
2025-12-02 20:00:00+00:00,2025-12-02,20,1,5.0,180.0,1
2025-12-02 21:00:00+00:00,2025-12-02,21,1,5.0,180.0,1
2025-12-02 22:00:00+00:00,2025-12-02,22,1,5.0,180.0,1
2025-12-02 23:00:00+00:00,2025-12-02,23,1,5.0,180.0,1
2025-12-03 00:00:00+00:00,2025-12-03,0,2,5.0,180.0,1
2025-12-03 01:00:00+00:00,2025-12-03,1,2,5.0,180.0,1
2025-12-03 02:00:00+00:00,2025-12-03,2,2,5.0,180.0,1
2025-12-03 03:00:00+00:00,2025-12-03,3,2,5.0,180.0,1
2025-12-03 04:00:00+00:00,2025-12-03,4,2,5.0,180.0,1
2025-12-03 05:00:00+00:00,2025-12-03,5,2,12.17,438.06,1
2025-12-03 06:00:00+00:00,2025-12-03,6,2,12.92,464.95,1
2025-12-03 07:00:00+00:00,2025-12-03,7,2,13.13,472.55,1
2025-12-03 08:00:00+00:00,2025-12-03,8,2,17.12,616.18,1
2025-12-03 09:00:00+00:00,2025-12-03,9,2,15.0,540.0,1
2025-12-03 10:00:00+00:00,2025-12-03,10,2,16.87,607.26,1
2025-12-03 11:00:00+00:00,2025-12-03,11,2,19.43,699.38,1
2025-12-03 12:00:00+00:00,2025-12-03,12,2,18.73,674.21,1
2025-12-03 13:00:00+00:00,2025-12-03,13,2,17.65,635.27,1
2025-12-03 14:00:00+00:00,2025-12-03,14,2,18.99,683.69,1
2025-12-03 15:00:00+00:00,2025-12-03,15,2,15.32,551.68,1
2025-12-03 16:00:00+00:00,2025-12-03,16,2,17.34,624.22,1
2025-12-03 17:00:00+00:00,2025-12-03,17,2,18.82,677.6,1
2025-12-03 18:00:00+00:00,2025-12-03,18,2,15.11,543.89,1
2025-12-03 19:00:00+00:00,2025-12-03,19,2,6.77,243.87,1
2025-12-03 20:00:00+00:00,2025-12-03,20,2,0.0,0.0,0
2025-12-03 21:00:00+00:00,2025-12-03,21,2,0.0,0.0,0
2025-12-03 22:00:00+00:00,2025-12-03,22,2,0.0,0.0,0
2025-12-03 23:00:00+00:00,2025-12-03,23,2,0.0,0.0,0
2025-12-04 00:00:00+00:00,2025-12-04,0,3,0.0,0.0,0
2025-12-04 01:00:00+00:00,2025-12-04,1,3,0.0,0.0,0
2025-12-04 02:00:00+00:00,2025-12-04,2,3,0.0,0.0,0
2025-12-04 03:00:00+00:00,2025-12-04,3,3,0.0,0.0,0
2025-12-04 04:00:00+00:00,2025-12-04,4,3,0.0,0.0,0
2025-12-04 05:00:00+00:00,2025-12-04,5,3,0.0,0.0,0
2025-12-04 06:00:00+00:00,2025-12-04,6,3,3.74,134.64,1
2025-12-04 07:00:00+00:00,2025-12-04,7,3,0.0,0.0,0
2025-12-04 08:00:00+00:00,2025-12-04,8,3,0.0,0.0,0
2025-12-04 09:00:00+00:00,2025-12-04,9,3,0.0,0.0,0
2025-12-04 10:00:00+00:00,2025-12-04,10,3,0.0,0.0,0
2025-12-04 11:00:00+00:00,2025-12-04,11,3,0.0,0.0,0
2025-12-04 12:00:00+00:00,2025-12-04,12,3,0.0,0.0,0
2025-12-04 13:00:00+00:00,2025-12-04,13,3,0.12,4.39,1
2025-12-04 14:00:00+00:00,2025-12-04,14,3,1.9,68.34,1
2025-12-04 15:00:00+00:00,2025-12-04,15,3,4.69,168.89,1
2025-12-04 16:00:00+00:00,2025-12-04,16,3,8.97,322.78,1
2025-12-04 17:00:00+00:00,2025-12-04,17,3,3.62,130.15,1
2025-12-04 18:00:00+00:00,2025-12-04,18,3,5.37,193.4,1
2025-12-04 19:00:00+00:00,2025-12-04,19,3,5.32,191.38,1
2025-12-04 20:00:00+00:00,2025-12-04,20,3,0.0,0.0,0
2025-12-04 21:00:00+00:00,2025-12-04,21,3,0.0,0.0,0
2025-12-04 22:00:00+00:00,2025-12-04,22,3,0.0,0.0,0
2025-12-04 23:00:00+00:00,2025-12-04,23,3,0.0,0.0,0
2025-12-05 00:00:00+00:00,2025-12-05,0,4,0.0,0.0,0
2025-12-05 01:00:00+00:00,2025-12-05,1,4,0.0,0.0,0
2025-12-05 02:00:00+00:00,2025-12-05,2,4,0.0,0.0,0
2025-12-05 03:00:00+00:00,2025-12-05,3,4,0.0,0.0,0
2025-12-05 04:00:00+00:00,2025-12-05,4,4,0.0,0.0,0
2025-12-05 05:00:00+00:00,2025-12-05,5,4,2.2,79.26,1
2025-12-05 06:00:00+00:00,2025-12-05,6,4,0.0,0.0,0
2025-12-05 07:00:00+00:00,2025-12-05,7,4,4.86,175.12,1
2025-12-05 08:00:00+00:00,2025-12-05,8,4,0.34,12.16,1
2025-12-05 09:00:00+00:00,2025-12-05,9,4,0.88,31.82,1
2025-12-05 10:00:00+00:00,2025-12-05,10,4,5.12,184.42,1
2025-12-05 11:00:00+00:00,2025-12-05,11,4,11.36,408.94,1
2025-12-05 12:00:00+00:00,2025-12-05,12,4,4.23,152.24,1
2025-12-05 13:00:00+00:00,2025-12-05,13,4,0.77,27.73,1
2025-12-05 14:00:00+00:00,2025-12-05,14,4,0.0,0.0,0
2025-12-05 15:00:00+00:00,2025-12-05,15,4,0.0,0.0,0
2025-12-05 16:00:00+00:00,2025-12-05,16,4,0.0,0.0,0
2025-12-05 17:00:00+00:00,2025-12-05,17,4,0.0,0.0,0
2025-12-05 18:00:00+00:00,2025-12-05,18,4,0.0,0.0,0
2025-12-05 19:00:00+00:00,2025-12-05,19,4,0.5,17.85,1
2025-12-05 20:00:00+00:00,2025-12-05,20,4,0.0,0.0,0
2025-12-05 21:00:00+00:00,2025-12-05,21,4,0.0,0.0,0
2025-12-05 22:00:00+00:00,2025-12-05,22,4,0.0,0.0,0
2025-12-05 23:00:00+00:00,2025-12-05,23,4,0.0,0.0,0
2025-12-06 00:00:00+00:00,2025-12-06,0,5,0.0,0.0,0
2025-12-06 01:00:00+00:00,2025-12-06,1,5,0.0,0.0,0
2025-12-06 02:00:00+00:00,2025-12-06,2,5,0.0,0.0,0
2025-12-06 03:00:00+00:00,2025-12-06,3,5,0.0,0.0,0
2025-12-06 04:00:00+00:00,2025-12-06,4,5,0.0,0.0,0
2025-12-06 05:00:00+00:00,2025-12-06,5,5,0.0,0.0,0
2025-12-06 06:00:00+00:00,2025-12-06,6,5,0.0,0.0,0
2025-12-06 07:00:00+00:00,2025-12-06,7,5,0.0,0.0,0
2025-12-06 08:00:00+00:00,2025-12-06,8,5,0.0,0.0,0
2025-12-06 09:00:00+00:00,2025-12-06,9,5,0.0,0.0,0
2025-12-06 10:00:00+00:00,2025-12-06,10,5,0.0,0.0,0
2025-12-06 11:00:00+00:00,2025-12-06,11,5,0.0,0.0,0
2025-12-06 12:00:00+00:00,2025-12-06,12,5,0.0,0.0,0
2025-12-06 13:00:00+00:00,2025-12-06,13,5,0.0,0.0,0
2025-12-06 14:00:00+00:00,2025-12-06,14,5,0.0,0.0,0
2025-12-06 15:00:00+00:00,2025-12-06,15,5,0.0,0.0,0
2025-12-06 16:00:00+00:00,2025-12-06,16,5,0.0,0.0,0
2025-12-06 17:00:00+00:00,2025-12-06,17,5,0.0,0.0,0
2025-12-06 18:00:00+00:00,2025-12-06,18,5,0.0,0.0,0
2025-12-06 19:00:00+00:00,2025-12-06,19,5,0.0,0.0,0
2025-12-06 20:00:00+00:00,2025-12-06,20,5,0.0,0.0,0
2025-12-06 21:00:00+00:00,2025-12-06,21,5,0.0,0.0,0
2025-12-06 22:00:00+00:00,2025-12-06,22,5,0.0,0.0,0
2025-12-06 23:00:00+00:00,2025-12-06,23,5,0.0,0.0,0
2025-12-07 00:00:00+00:00,2025-12-07,0,6,0.0,0.0,0
2025-12-07 01:00:00+00:00,2025-12-07,1,6,0.0,0.0,0
2025-12-07 02:00:00+00:00,2025-12-07,2,6,0.0,0.0,0
2025-12-07 03:00:00+00:00,2025-12-07,3,6,0.0,0.0,0
2025-12-07 04:00:00+00:00,2025-12-07,4,6,0.0,0.0,0
2025-12-07 05:00:00+00:00,2025-12-07,5,6,0.0,0.0,0
2025-12-07 06:00:00+00:00,2025-12-07,6,6,0.0,0.0,0
2025-12-07 07:00:00+00:00,2025-12-07,7,6,0.0,0.0,0
2025-12-07 08:00:00+00:00,2025-12-07,8,6,0.0,0.0,0
2025-12-07 09:00:00+00:00,2025-12-07,9,6,0.0,0.0,0
2025-12-07 10:00:00+00:00,2025-12-07,10,6,0.0,0.0,0
2025-12-07 11:00:00+00:00,2025-12-07,11,6,0.0,0.0,0
2025-12-07 12:00:00+00:00,2025-12-07,12,6,0.0,0.0,0
2025-12-07 13:00:00+00:00,2025-12-07,13,6,0.0,0.0,0
2025-12-07 14:00:00+00:00,2025-12-07,14,6,0.0,0.0,0
2025-12-07 15:00:00+00:00,2025-12-07,15,6,0.0,0.0,0
2025-12-07 16:00:00+00:00,2025-12-07,16,6,0.0,0.0,0
2025-12-07 17:00:00+00:00,2025-12-07,17,6,0.0,0.0,0
2025-12-07 18:00:00+00:00,2025-12-07,18,6,0.0,0.0,0
2025-12-07 19:00:00+00:00,2025-12-07,19,6,0.0,0.0,0
2025-12-07 20:00:00+00:00,2025-12-07,20,6,0.0,0.0,0
2025-12-07 21:00:00+00:00,2025-12-07,21,6,0.0,0.0,0
2025-12-07 22:00:00+00:00,2025-12-07,22,6,0.0,0.0,0
2025-12-07 23:00:00+00:00,2025-12-07,23,6,0.0,0.0,0
2025-12-08 00:00:00+00:00,2025-12-08,0,0,0.0,0.0,0
2025-12-08 01:00:00+00:00,2025-12-08,1,0,0.0,0.0,0
2025-12-08 02:00:00+00:00,2025-12-08,2,0,0.0,0.0,0
2025-12-08 03:00:00+00:00,2025-12-08,3,0,0.0,0.0,0
2025-12-08 04:00:00+00:00,2025-12-08,4,0,0.0,0.0,0
2025-12-08 05:00:00+00:00,2025-12-08,5,0,0.0,0.0,0
2025-12-08 06:00:00+00:00,2025-12-08,6,0,0.0,0.0,0
2025-12-08 07:00:00+00:00,2025-12-08,7,0,0.0,0.0,0
2025-12-08 08:00:00+00:00,2025-12-08,8,0,0.0,0.0,0
2025-12-08 09:00:00+00:00,2025-12-08,9,0,0.0,0.0,0
2025-12-08 10:00:00+00:00,2025-12-08,10,0,0.0,0.0,0
2025-12-08 11:00:00+00:00,2025-12-08,11,0,0.0,0.0,0
2025-12-08 12:00:00+00:00,2025-12-08,12,0,0.0,0.0,0
2025-12-08 13:00:00+00:00,2025-12-08,13,0,0.0,0.0,0
2025-12-08 14:00:00+00:00,2025-12-08,14,0,0.0,0.0,0
2025-12-08 15:00:00+00:00,2025-12-08,15,0,0.0,0.0,0
2025-12-08 16:00:00+00:00,2025-12-08,16,0,0.0,0.0,0
2025-12-08 17:00:00+00:00,2025-12-08,17,0,0.0,0.0,0
2025-12-08 18:00:00+00:00,2025-12-08,18,0,0.0,0.0,0
2025-12-08 19:00:00+00:00,2025-12-08,19,0,0.0,0.0,0
2025-12-08 20:00:00+00:00,2025-12-08,20,0,0.0,0.0,0
2025-12-08 21:00:00+00:00,2025-12-08,21,0,0.0,0.0,0
2025-12-08 22:00:00+00:00,2025-12-08,22,0,0.0,0.0,0
2025-12-08 23:00:00+00:00,2025-12-08,23,0,0.0,0.0,0
2025-12-09 00:00:00+00:00,2025-12-09,0,1,0.0,0.0,0
2025-12-09 01:00:00+00:00,2025-12-09,1,1,0.0,0.0,0
2025-12-09 02:00:00+00:00,2025-12-09,2,1,0.0,0.0,0
2025-12-09 03:00:00+00:00,2025-12-09,3,1,0.0,0.0,0
2025-12-09 04:00:00+00:00,2025-12-09,4,1,0.0,0.0,0
2025-12-09 05:00:00+00:00,2025-12-09,5,1,0.0,0.0,0
2025-12-09 06:00:00+00:00,2025-12-09,6,1,10.49,377.69,1
2025-12-09 07:00:00+00:00,2025-12-09,7,1,3.79,136.59,1
2025-12-09 08:00:00+00:00,2025-12-09,8,1,3.82,137.43,1
2025-12-09 09:00:00+00:00,2025-12-09,9,1,32.38,1165.58,1
2025-12-09 10:00:00+00:00,2025-12-09,10,1,17.05,613.96,1
2025-12-09 11:00:00+00:00,2025-12-09,11,1,10.77,387.66,1
2025-12-09 12:00:00+00:00,2025-12-09,12,1,14.37,517.27,1
2025-12-09 13:00:00+00:00,2025-12-09,13,1,0.97,34.86,1
2025-12-09 14:00:00+00:00,2025-12-09,14,1,0.31,11.34,1
2025-12-09 15:00:00+00:00,2025-12-09,15,1,12.69,457.0,1
2025-12-09 16:00:00+00:00,2025-12-09,16,1,3.42,123.23,1
2025-12-09 17:00:00+00:00,2025-12-09,17,1,7.86,282.88,1
2025-12-09 18:00:00+00:00,2025-12-09,18,1,0.12,4.42,1
2025-12-09 19:00:00+00:00,2025-12-09,19,1,2.18,78.63,1
2025-12-09 20:00:00+00:00,2025-12-09,20,1,0.0,0.0,0
2025-12-09 21:00:00+00:00,2025-12-09,21,1,0.0,0.0,0
2025-12-09 22:00:00+00:00,2025-12-09,22,1,0.0,0.0,0
2025-12-09 23:00:00+00:00,2025-12-09,23,1,0.0,0.0,0
2025-12-10 00:00:00+00:00,2025-12-10,0,2,0.0,0.0,0
2025-12-10 01:00:00+00:00,2025-12-10,1,2,0.0,0.0,0
2025-12-10 02:00:00+00:00,2025-12-10,2,2,0.0,0.0,0
2025-12-10 03:00:00+00:00,2025-12-10,3,2,0.0,0.0,0
2025-12-10 04:00:00+00:00,2025-12-10,4,2,0.0,0.0,0
2025-12-10 05:00:00+00:00,2025-12-10,5,2,0.0,0.0,0
2025-12-10 06:00:00+00:00,2025-12-10,6,2,2.52,90.83,1
2025-12-10 07:00:00+00:00,2025-12-10,7,2,0.53,19.03,1
2025-12-10 08:00:00+00:00,2025-12-10,8,2,1.55,55.77,1
2025-12-10 09:00:00+00:00,2025-12-10,9,2,11.31,407.09,1
2025-12-10 10:00:00+00:00,2025-12-10,10,2,9.63,346.52,1
2025-12-10 11:00:00+00:00,2025-12-10,11,2,14.3,514.74,1
2025-12-10 12:00:00+00:00,2025-12-10,12,2,11.77,423.87,1
2025-12-10 13:00:00+00:00,2025-12-10,13,2,10.85,390.46,1
2025-12-10 14:00:00+00:00,2025-12-10,14,2,14.02,504.79,1
2025-12-10 15:00:00+00:00,2025-12-10,15,2,10.96,394.44,1
2025-12-10 16:00:00+00:00,2025-12-10,16,2,11.83,425.73,1
2025-12-10 17:00:00+00:00,2025-12-10,17,2,9.11,327.99,1
2025-12-10 18:00:00+00:00,2025-12-10,18,2,0.43,15.31,1
2025-12-10 19:00:00+00:00,2025-12-10,19,2,5.99,215.49,1
2025-12-10 20:00:00+00:00,2025-12-10,20,2,0.0,0.0,0
2025-12-10 21:00:00+00:00,2025-12-10,21,2,0.0,0.0,0
2025-12-10 22:00:00+00:00,2025-12-10,22,2,0.0,0.0,0
2025-12-10 23:00:00+00:00,2025-12-10,23,2,0.0,0.0,0
2025-12-11 00:00:00+00:00,2025-12-11,0,3,0.0,0.0,0
2025-12-11 01:00:00+00:00,2025-12-11,1,3,0.0,0.0,0
2025-12-11 02:00:00+00:00,2025-12-11,2,3,0.0,0.0,0
2025-12-11 03:00:00+00:00,2025-12-11,3,3,0.0,0.0,0
2025-12-11 04:00:00+00:00,2025-12-11,4,3,0.0,0.0,0
2025-12-11 05:00:00+00:00,2025-12-11,5,3,0.0,0.0,0
2025-12-11 06:00:00+00:00,2025-12-11,6,3,3.25,117.07,1
2025-12-11 07:00:00+00:00,2025-12-11,7,3,22.33,803.86,1
2025-12-11 08:00:00+00:00,2025-12-11,8,3,33.86,1218.95,1
2025-12-11 09:00:00+00:00,2025-12-11,9,3,29.73,1070.33,1
2025-12-11 10:00:00+00:00,2025-12-11,10,3,30.87,1111.21,1
2025-12-11 11:00:00+00:00,2025-12-11,11,3,28.26,1017.37,1
2025-12-11 12:00:00+00:00,2025-12-11,12,3,46.55,1675.96,1
2025-12-11 13:00:00+00:00,2025-12-11,13,3,55.71,2005.46,1
2025-12-11 14:00:00+00:00,2025-12-11,14,3,50.79,1828.35,1
2025-12-11 15:00:00+00:00,2025-12-11,15,3,22.48,809.16,1
2025-12-11 16:00:00+00:00,2025-12-11,16,3,22.31,803.08,1
2025-12-11 17:00:00+00:00,2025-12-11,17,3,13.62,490.5,1
2025-12-11 18:00:00+00:00,2025-12-11,18,3,10.93,393.65,1
2025-12-11 19:00:00+00:00,2025-12-11,19,3,21.68,780.42,1
2025-12-11 20:00:00+00:00,2025-12-11,20,3,10.0,360.0,1
2025-12-11 21:00:00+00:00,2025-12-11,21,3,10.0,360.0,1
2025-12-11 22:00:00+00:00,2025-12-11,22,3,10.0,360.0,1
2025-12-11 23:00:00+00:00,2025-12-11,23,3,10.0,360.0,1
2025-12-12 00:00:00+00:00,2025-12-12,0,4,10.0,360.0,1
2025-12-12 01:00:00+00:00,2025-12-12,1,4,10.0,360.0,1
2025-12-12 02:00:00+00:00,2025-12-12,2,4,10.0,360.0,1
2025-12-12 03:00:00+00:00,2025-12-12,3,4,10.0,360.0,1
2025-12-12 04:00:00+00:00,2025-12-12,4,4,10.0,360.0,1
2025-12-12 05:00:00+00:00,2025-12-12,5,4,10.0,360.0,1
2025-12-12 06:00:00+00:00,2025-12-12,6,4,11.19,402.74,1
2025-12-12 07:00:00+00:00,2025-12-12,7,4,16.49,593.55,1
2025-12-12 08:00:00+00:00,2025-12-12,8,4,10.39,374.2,1
2025-12-12 09:00:00+00:00,2025-12-12,9,4,30.28,1090.07,1
2025-12-12 10:00:00+00:00,2025-12-12,10,4,16.26,585.25,1
2025-12-12 11:00:00+00:00,2025-12-12,11,4,13.33,479.74,1
2025-12-12 12:00:00+00:00,2025-12-12,12,4,15.29,550.56,1
2025-12-12 13:00:00+00:00,2025-12-12,13,4,20.93,753.47,1
2025-12-12 14:00:00+00:00,2025-12-12,14,4,20.0,720.0,1
2025-12-12 15:00:00+00:00,2025-12-12,15,4,20.0,720.0,1
2025-12-12 16:00:00+00:00,2025-12-12,16,4,20.0,720.0,1
2025-12-12 17:00:00+00:00,2025-12-12,17,4,20.0,720.0,1
2025-12-12 18:00:00+00:00,2025-12-12,18,4,20.0,720.0,1
2025-12-12 19:00:00+00:00,2025-12-12,19,4,12.12,436.43,1
2025-12-12 20:00:00+00:00,2025-12-12,20,4,0.26,9.45,1
2025-12-12 21:00:00+00:00,2025-12-12,21,4,0.0,0.0,0
2025-12-12 22:00:00+00:00,2025-12-12,22,4,0.0,0.0,0
2025-12-12 23:00:00+00:00,2025-12-12,23,4,0.0,0.0,0
2025-12-13 00:00:00+00:00,2025-12-13,0,5,0.0,0.0,0
2025-12-13 01:00:00+00:00,2025-12-13,1,5,0.0,0.0,0
2025-12-13 02:00:00+00:00,2025-12-13,2,5,0.0,0.0,0
2025-12-13 03:00:00+00:00,2025-12-13,3,5,0.0,0.0,0
2025-12-13 04:00:00+00:00,2025-12-13,4,5,0.0,0.0,0
2025-12-13 05:00:00+00:00,2025-12-13,5,5,0.0,0.0,0
2025-12-13 06:00:00+00:00,2025-12-13,6,5,0.0,0.0,0
2025-12-13 07:00:00+00:00,2025-12-13,7,5,0.0,0.0,0
2025-12-13 08:00:00+00:00,2025-12-13,8,5,0.0,0.0,0
2025-12-13 09:00:00+00:00,2025-12-13,9,5,0.0,0.0,0
2025-12-13 10:00:00+00:00,2025-12-13,10,5,0.0,0.0,0
2025-12-13 11:00:00+00:00,2025-12-13,11,5,0.0,0.0,0
2025-12-13 12:00:00+00:00,2025-12-13,12,5,0.0,0.0,0
2025-12-13 13:00:00+00:00,2025-12-13,13,5,0.0,0.0,0
2025-12-13 14:00:00+00:00,2025-12-13,14,5,0.0,0.0,0
2025-12-13 15:00:00+00:00,2025-12-13,15,5,0.0,0.0,0
2025-12-13 16:00:00+00:00,2025-12-13,16,5,0.0,0.0,0
2025-12-13 17:00:00+00:00,2025-12-13,17,5,0.0,0.0,0
2025-12-13 18:00:00+00:00,2025-12-13,18,5,0.0,0.0,0
2025-12-13 19:00:00+00:00,2025-12-13,19,5,0.0,0.0,0
2025-12-13 20:00:00+00:00,2025-12-13,20,5,0.0,0.0,0
2025-12-13 21:00:00+00:00,2025-12-13,21,5,0.0,0.0,0
2025-12-13 22:00:00+00:00,2025-12-13,22,5,0.0,0.0,0
2025-12-13 23:00:00+00:00,2025-12-13,23,5,0.0,0.0,0
2025-12-14 00:00:00+00:00,2025-12-14,0,6,0.0,0.0,0
2025-12-14 01:00:00+00:00,2025-12-14,1,6,0.0,0.0,0
2025-12-14 02:00:00+00:00,2025-12-14,2,6,0.0,0.0,0
2025-12-14 03:00:00+00:00,2025-12-14,3,6,0.0,0.0,0
2025-12-14 04:00:00+00:00,2025-12-14,4,6,0.0,0.0,0
2025-12-14 05:00:00+00:00,2025-12-14,5,6,0.0,0.0,0
2025-12-14 06:00:00+00:00,2025-12-14,6,6,0.0,0.0,0
2025-12-14 07:00:00+00:00,2025-12-14,7,6,0.0,0.0,0
2025-12-14 08:00:00+00:00,2025-12-14,8,6,0.0,0.0,0
2025-12-14 09:00:00+00:00,2025-12-14,9,6,0.0,0.0,0
2025-12-14 10:00:00+00:00,2025-12-14,10,6,0.0,0.0,0
2025-12-14 11:00:00+00:00,2025-12-14,11,6,0.0,0.0,0
2025-12-14 12:00:00+00:00,2025-12-14,12,6,0.0,0.0,0
2025-12-14 13:00:00+00:00,2025-12-14,13,6,0.0,0.0,0
2025-12-14 14:00:00+00:00,2025-12-14,14,6,0.0,0.0,0
2025-12-14 15:00:00+00:00,2025-12-14,15,6,0.0,0.0,0
2025-12-14 16:00:00+00:00,2025-12-14,16,6,0.0,0.0,0
2025-12-14 17:00:00+00:00,2025-12-14,17,6,0.0,0.0,0
2025-12-14 18:00:00+00:00,2025-12-14,18,6,0.0,0.0,0
2025-12-14 19:00:00+00:00,2025-12-14,19,6,0.0,0.0,0
2025-12-14 20:00:00+00:00,2025-12-14,20,6,0.0,0.0,0
2025-12-14 21:00:00+00:00,2025-12-14,21,6,0.0,0.0,0
2025-12-14 22:00:00+00:00,2025-12-14,22,6,0.0,0.0,0
2025-12-14 23:00:00+00:00,2025-12-14,23,6,0.0,0.0,0
2025-12-15 00:00:00+00:00,2025-12-15,0,0,0.0,0.0,0
2025-12-15 01:00:00+00:00,2025-12-15,1,0,0.0,0.0,0
2025-12-15 02:00:00+00:00,2025-12-15,2,0,0.0,0.0,0
2025-12-15 03:00:00+00:00,2025-12-15,3,0,0.0,0.0,0
2025-12-15 04:00:00+00:00,2025-12-15,4,0,0.0,0.0,0
2025-12-15 05:00:00+00:00,2025-12-15,5,0,0.0,0.0,0
2025-12-15 06:00:00+00:00,2025-12-15,6,0,0.72,25.81,1
2025-12-15 07:00:00+00:00,2025-12-15,7,0,1.52,54.68,1
2025-12-15 08:00:00+00:00,2025-12-15,8,0,1.27,45.66,1
2025-12-15 09:00:00+00:00,2025-12-15,9,0,33.73,1214.21,1
2025-12-15 10:00:00+00:00,2025-12-15,10,0,22.84,822.28,1
2025-12-15 11:00:00+00:00,2025-12-15,11,0,20.0,720.0,1
2025-12-15 12:00:00+00:00,2025-12-15,12,0,24.36,877.03,1
2025-12-15 13:00:00+00:00,2025-12-15,13,0,20.0,720.0,1
2025-12-15 14:00:00+00:00,2025-12-15,14,0,21.29,766.48,1
2025-12-15 15:00:00+00:00,2025-12-15,15,0,24.0,864.01,1
2025-12-15 16:00:00+00:00,2025-12-15,16,0,23.79,856.47,1
2025-12-15 17:00:00+00:00,2025-12-15,17,0,13.35,480.53,1
2025-12-15 18:00:00+00:00,2025-12-15,18,0,10.38,373.76,1
2025-12-15 19:00:00+00:00,2025-12-15,19,0,15.35,552.76,1
2025-12-15 20:00:00+00:00,2025-12-15,20,0,0.0,0.0,0
2025-12-15 21:00:00+00:00,2025-12-15,21,0,0.0,0.0,0
2025-12-15 22:00:00+00:00,2025-12-15,22,0,0.0,0.0,0
2025-12-15 23:00:00+00:00,2025-12-15,23,0,0.0,0.0,0
2025-12-16 00:00:00+00:00,2025-12-16,0,1,0.0,0.0,0
2025-12-16 01:00:00+00:00,2025-12-16,1,1,0.0,0.0,0
2025-12-16 02:00:00+00:00,2025-12-16,2,1,0.0,0.0,0
2025-12-16 03:00:00+00:00,2025-12-16,3,1,0.0,0.0,0
2025-12-16 04:00:00+00:00,2025-12-16,4,1,0.0,0.0,0
2025-12-16 05:00:00+00:00,2025-12-16,5,1,0.0,0.0,0
2025-12-16 06:00:00+00:00,2025-12-16,6,1,2.91,104.76,1
2025-12-16 07:00:00+00:00,2025-12-16,7,1,10.66,383.8,1
2025-12-16 08:00:00+00:00,2025-12-16,8,1,17.72,638.09,1
2025-12-16 09:00:00+00:00,2025-12-16,9,1,25.15,905.5,1
2025-12-16 10:00:00+00:00,2025-12-16,10,1,25.52,918.56,1
2025-12-16 11:00:00+00:00,2025-12-16,11,1,36.88,1327.63,1
2025-12-16 12:00:00+00:00,2025-12-16,12,1,27.84,1002.22,1
2025-12-16 13:00:00+00:00,2025-12-16,13,1,15.66,563.92,1
2025-12-16 14:00:00+00:00,2025-12-16,14,1,15.86,570.84,1
2025-12-16 15:00:00+00:00,2025-12-16,15,1,15.36,552.9,1
2025-12-16 16:00:00+00:00,2025-12-16,16,1,12.73,458.15,1
2025-12-16 17:00:00+00:00,2025-12-16,17,1,12.65,455.48,1
2025-12-16 18:00:00+00:00,2025-12-16,18,1,24.88,895.6,1
2025-12-16 19:00:00+00:00,2025-12-16,19,1,16.72,601.77,1
2025-12-16 20:00:00+00:00,2025-12-16,20,1,10.0,360.0,1
2025-12-16 21:00:00+00:00,2025-12-16,21,1,10.0,360.0,1
2025-12-16 22:00:00+00:00,2025-12-16,22,1,10.0,360.0,1
2025-12-16 23:00:00+00:00,2025-12-16,23,1,10.0,360.0,1
2025-12-17 00:00:00+00:00,2025-12-17,0,2,10.0,360.0,1
2025-12-17 01:00:00+00:00,2025-12-17,1,2,10.0,360.0,1
2025-12-17 02:00:00+00:00,2025-12-17,2,2,10.0,360.0,1
2025-12-17 03:00:00+00:00,2025-12-17,3,2,10.0,360.0,1
2025-12-17 04:00:00+00:00,2025-12-17,4,2,10.0,360.0,1
2025-12-17 05:00:00+00:00,2025-12-17,5,2,10.0,360.0,1
2025-12-17 06:00:00+00:00,2025-12-17,6,2,12.63,454.57,1
2025-12-17 07:00:00+00:00,2025-12-17,7,2,16.01,576.34,1
2025-12-17 08:00:00+00:00,2025-12-17,8,2,22.87,823.25,1
2025-12-17 09:00:00+00:00,2025-12-17,9,2,20.47,737.01,1
2025-12-17 10:00:00+00:00,2025-12-17,10,2,32.15,1157.46,1
2025-12-17 11:00:00+00:00,2025-12-17,11,2,24.91,896.7,1
2025-12-17 12:00:00+00:00,2025-12-17,12,2,29.21,1051.57,1
2025-12-17 13:00:00+00:00,2025-12-17,13,2,25.82,929.53,1
2025-12-17 14:00:00+00:00,2025-12-17,14,2,24.61,886.09,1
2025-12-17 15:00:00+00:00,2025-12-17,15,2,15.87,571.43,1
2025-12-17 16:00:00+00:00,2025-12-17,16,2,15.5,558.05,1
2025-12-17 17:00:00+00:00,2025-12-17,17,2,18.77,675.63,1
2025-12-17 18:00:00+00:00,2025-12-17,18,2,15.17,546.09,1
2025-12-17 19:00:00+00:00,2025-12-17,19,2,15.79,568.55,1
2025-12-17 20:00:00+00:00,2025-12-17,20,2,0.0,0.0,0
2025-12-17 21:00:00+00:00,2025-12-17,21,2,0.0,0.0,0
2025-12-17 22:00:00+00:00,2025-12-17,22,2,0.0,0.0,0
2025-12-17 23:00:00+00:00,2025-12-17,23,2,0.0,0.0,0
2025-12-18 00:00:00+00:00,2025-12-18,0,3,0.0,0.0,0
2025-12-18 01:00:00+00:00,2025-12-18,1,3,0.0,0.0,0
2025-12-18 02:00:00+00:00,2025-12-18,2,3,0.0,0.0,0
2025-12-18 03:00:00+00:00,2025-12-18,3,3,0.0,0.0,0
2025-12-18 04:00:00+00:00,2025-12-18,4,3,0.0,0.0,0
2025-12-18 05:00:00+00:00,2025-12-18,5,3,2.47,88.84,1
2025-12-18 06:00:00+00:00,2025-12-18,6,3,0.23,8.18,1
2025-12-18 07:00:00+00:00,2025-12-18,7,3,30.04,1081.3,1
2025-12-18 08:00:00+00:00,2025-12-18,8,3,22.66,815.81,1
2025-12-18 09:00:00+00:00,2025-12-18,9,3,28.56,1028.31,1
2025-12-18 10:00:00+00:00,2025-12-18,10,3,30.88,1111.72,1
2025-12-18 11:00:00+00:00,2025-12-18,11,3,34.79,1252.45,1
2025-12-18 12:00:00+00:00,2025-12-18,12,3,30.64,1103.17,1
2025-12-18 13:00:00+00:00,2025-12-18,13,3,31.03,1117.08,1
2025-12-18 14:00:00+00:00,2025-12-18,14,3,31.54,1135.55,1
2025-12-18 15:00:00+00:00,2025-12-18,15,3,21.05,757.84,1
2025-12-18 16:00:00+00:00,2025-12-18,16,3,20.49,737.6,1
2025-12-18 17:00:00+00:00,2025-12-18,17,3,9.22,331.91,1
2025-12-18 18:00:00+00:00,2025-12-18,18,3,20.0,720.0,1
2025-12-18 19:00:00+00:00,2025-12-18,19,3,18.25,656.82,1
2025-12-18 20:00:00+00:00,2025-12-18,20,3,0.0,0.0,0
2025-12-18 21:00:00+00:00,2025-12-18,21,3,0.0,0.0,0
2025-12-18 22:00:00+00:00,2025-12-18,22,3,0.0,0.0,0
2025-12-18 23:00:00+00:00,2025-12-18,23,3,0.0,0.0,0
2025-12-19 00:00:00+00:00,2025-12-19,0,4,0.0,0.0,0
2025-12-19 01:00:00+00:00,2025-12-19,1,4,0.0,0.0,0
2025-12-19 02:00:00+00:00,2025-12-19,2,4,0.0,0.0,0
2025-12-19 03:00:00+00:00,2025-12-19,3,4,0.0,0.0,0
2025-12-19 04:00:00+00:00,2025-12-19,4,4,0.0,0.0,0
2025-12-19 05:00:00+00:00,2025-12-19,5,4,2.61,93.85,1
2025-12-19 06:00:00+00:00,2025-12-19,6,4,0.0,0.0,0
2025-12-19 07:00:00+00:00,2025-12-19,7,4,2.47,89.07,1
2025-12-19 08:00:00+00:00,2025-12-19,8,4,2.15,77.28,1
2025-12-19 09:00:00+00:00,2025-12-19,9,4,0.42,15.02,1
2025-12-19 10:00:00+00:00,2025-12-19,10,4,0.0,0.0,0
2025-12-19 11:00:00+00:00,2025-12-19,11,4,0.0,0.0,0
2025-12-19 12:00:00+00:00,2025-12-19,12,4,0.0,0.0,0
2025-12-19 13:00:00+00:00,2025-12-19,13,4,0.23,8.22,1
2025-12-19 14:00:00+00:00,2025-12-19,14,4,0.0,0.0,0
2025-12-19 15:00:00+00:00,2025-12-19,15,4,0.0,0.0,0
2025-12-19 16:00:00+00:00,2025-12-19,16,4,0.0,0.0,0
2025-12-19 17:00:00+00:00,2025-12-19,17,4,0.0,0.0,0
2025-12-19 18:00:00+00:00,2025-12-19,18,4,0.0,0.0,0
2025-12-19 19:00:00+00:00,2025-12-19,19,4,0.71,25.46,1
2025-12-19 20:00:00+00:00,2025-12-19,20,4,0.0,0.0,0
2025-12-19 21:00:00+00:00,2025-12-19,21,4,0.0,0.0,0
2025-12-19 22:00:00+00:00,2025-12-19,22,4,0.0,0.0,0
2025-12-19 23:00:00+00:00,2025-12-19,23,4,0.0,0.0,0
2025-12-20 00:00:00+00:00,2025-12-20,0,5,0.0,0.0,0
2025-12-20 01:00:00+00:00,2025-12-20,1,5,0.0,0.0,0
2025-12-20 02:00:00+00:00,2025-12-20,2,5,0.0,0.0,0
2025-12-20 03:00:00+00:00,2025-12-20,3,5,0.0,0.0,0
2025-12-20 04:00:00+00:00,2025-12-20,4,5,0.0,0.0,0
2025-12-20 05:00:00+00:00,2025-12-20,5,5,0.0,0.0,0
2025-12-20 06:00:00+00:00,2025-12-20,6,5,0.0,0.0,0
2025-12-20 07:00:00+00:00,2025-12-20,7,5,0.0,0.0,0
2025-12-20 08:00:00+00:00,2025-12-20,8,5,0.0,0.0,0
2025-12-20 09:00:00+00:00,2025-12-20,9,5,0.0,0.0,0
2025-12-20 10:00:00+00:00,2025-12-20,10,5,0.0,0.0,0
2025-12-20 11:00:00+00:00,2025-12-20,11,5,0.0,0.0,0
2025-12-20 12:00:00+00:00,2025-12-20,12,5,0.0,0.0,0
2025-12-20 13:00:00+00:00,2025-12-20,13,5,0.0,0.0,0
2025-12-20 14:00:00+00:00,2025-12-20,14,5,0.0,0.0,0
2025-12-20 15:00:00+00:00,2025-12-20,15,5,0.0,0.0,0
2025-12-20 16:00:00+00:00,2025-12-20,16,5,0.0,0.0,0
2025-12-20 17:00:00+00:00,2025-12-20,17,5,0.0,0.0,0
2025-12-20 18:00:00+00:00,2025-12-20,18,5,0.0,0.0,0
2025-12-20 19:00:00+00:00,2025-12-20,19,5,0.0,0.0,0
2025-12-20 20:00:00+00:00,2025-12-20,20,5,0.0,0.0,0
2025-12-20 21:00:00+00:00,2025-12-20,21,5,0.0,0.0,0
2025-12-20 22:00:00+00:00,2025-12-20,22,5,0.0,0.0,0
2025-12-20 23:00:00+00:00,2025-12-20,23,5,0.0,0.0,0
2025-12-21 00:00:00+00:00,2025-12-21,0,6,0.0,0.0,0
2025-12-21 01:00:00+00:00,2025-12-21,1,6,0.0,0.0,0
2025-12-21 02:00:00+00:00,2025-12-21,2,6,0.0,0.0,0
2025-12-21 03:00:00+00:00,2025-12-21,3,6,0.0,0.0,0
2025-12-21 04:00:00+00:00,2025-12-21,4,6,0.0,0.0,0
2025-12-21 05:00:00+00:00,2025-12-21,5,6,0.0,0.0,0
2025-12-21 06:00:00+00:00,2025-12-21,6,6,0.0,0.0,0
2025-12-21 07:00:00+00:00,2025-12-21,7,6,0.0,0.0,0
2025-12-21 08:00:00+00:00,2025-12-21,8,6,0.0,0.0,0
2025-12-21 09:00:00+00:00,2025-12-21,9,6,0.0,0.0,0
2025-12-21 10:00:00+00:00,2025-12-21,10,6,0.0,0.0,0
2025-12-21 11:00:00+00:00,2025-12-21,11,6,0.0,0.0,0
2025-12-21 12:00:00+00:00,2025-12-21,12,6,0.0,0.0,0
2025-12-21 13:00:00+00:00,2025-12-21,13,6,0.0,0.0,0
2025-12-21 14:00:00+00:00,2025-12-21,14,6,0.0,0.0,0
2025-12-21 15:00:00+00:00,2025-12-21,15,6,0.0,0.0,0
2025-12-21 16:00:00+00:00,2025-12-21,16,6,0.0,0.0,0
2025-12-21 17:00:00+00:00,2025-12-21,17,6,0.0,0.0,0
2025-12-21 18:00:00+00:00,2025-12-21,18,6,0.0,0.0,0
2025-12-21 19:00:00+00:00,2025-12-21,19,6,0.0,0.0,0
2025-12-21 20:00:00+00:00,2025-12-21,20,6,0.0,0.0,0
2025-12-21 21:00:00+00:00,2025-12-21,21,6,0.0,0.0,0
2025-12-21 22:00:00+00:00,2025-12-21,22,6,0.0,0.0,0
2025-12-21 23:00:00+00:00,2025-12-21,23,6,0.0,0.0,0
2025-12-22 00:00:00+00:00,2025-12-22,0,0,0.0,0.0,0
2025-12-22 01:00:00+00:00,2025-12-22,1,0,0.0,0.0,0
2025-12-22 02:00:00+00:00,2025-12-22,2,0,0.0,0.0,0
2025-12-22 03:00:00+00:00,2025-12-22,3,0,0.0,0.0,0
2025-12-22 04:00:00+00:00,2025-12-22,4,0,0.0,0.0,0
2025-12-22 05:00:00+00:00,2025-12-22,5,0,1.94,69.98,1
2025-12-22 06:00:00+00:00,2025-12-22,6,0,0.0,0.0,0
2025-12-22 07:00:00+00:00,2025-12-22,7,0,6.86,247.02,1
2025-12-22 08:00:00+00:00,2025-12-22,8,0,0.19,6.72,1
2025-12-22 09:00:00+00:00,2025-12-22,9,0,2.67,96.07,1
2025-12-22 10:00:00+00:00,2025-12-22,10,0,2.08,74.76,1
2025-12-22 11:00:00+00:00,2025-12-22,11,0,9.14,328.88,1
2025-12-22 12:00:00+00:00,2025-12-22,12,0,0.0,0.0,0
2025-12-22 13:00:00+00:00,2025-12-22,13,0,0.55,19.83,1
2025-12-22 14:00:00+00:00,2025-12-22,14,0,0.0,0.0,0
2025-12-22 15:00:00+00:00,2025-12-22,15,0,3.35,120.72,1
2025-12-22 16:00:00+00:00,2025-12-22,16,0,16.43,591.41,1
2025-12-22 17:00:00+00:00,2025-12-22,17,0,20.0,720.0,1
2025-12-22 18:00:00+00:00,2025-12-22,18,0,4.61,165.96,1
2025-12-22 19:00:00+00:00,2025-12-22,19,0,2.92,105.21,1
2025-12-22 20:00:00+00:00,2025-12-22,20,0,0.0,0.0,0
2025-12-22 21:00:00+00:00,2025-12-22,21,0,0.0,0.0,0
2025-12-22 22:00:00+00:00,2025-12-22,22,0,0.0,0.0,0
2025-12-22 23:00:00+00:00,2025-12-22,23,0,0.0,0.0,0
2025-12-23 00:00:00+00:00,2025-12-23,0,1,0.0,0.0,0
2025-12-23 01:00:00+00:00,2025-12-23,1,1,0.0,0.0,0
2025-12-23 02:00:00+00:00,2025-12-23,2,1,0.0,0.0,0
2025-12-23 03:00:00+00:00,2025-12-23,3,1,0.0,0.0,0
2025-12-23 04:00:00+00:00,2025-12-23,4,1,0.0,0.0,0
2025-12-23 05:00:00+00:00,2025-12-23,5,1,0.0,0.0,0
2025-12-23 06:00:00+00:00,2025-12-23,6,1,0.0,0.0,0
2025-12-23 07:00:00+00:00,2025-12-23,7,1,0.0,0.0,0
2025-12-23 08:00:00+00:00,2025-12-23,8,1,0.0,0.0,0
2025-12-23 09:00:00+00:00,2025-12-23,9,1,0.0,0.0,0
2025-12-23 10:00:00+00:00,2025-12-23,10,1,0.0,0.0,0
2025-12-23 11:00:00+00:00,2025-12-23,11,1,0.0,0.0,0
2025-12-23 12:00:00+00:00,2025-12-23,12,1,0.0,0.0,0
2025-12-23 13:00:00+00:00,2025-12-23,13,1,0.0,0.0,0
2025-12-23 14:00:00+00:00,2025-12-23,14,1,0.0,0.0,0
2025-12-23 15:00:00+00:00,2025-12-23,15,1,0.0,0.0,0
2025-12-23 16:00:00+00:00,2025-12-23,16,1,0.0,0.0,0
2025-12-23 17:00:00+00:00,2025-12-23,17,1,0.0,0.0,0
2025-12-23 18:00:00+00:00,2025-12-23,18,1,0.0,0.0,0
2025-12-23 19:00:00+00:00,2025-12-23,19,1,0.0,0.0,0
2025-12-23 20:00:00+00:00,2025-12-23,20,1,0.0,0.0,0
2025-12-23 21:00:00+00:00,2025-12-23,21,1,0.0,0.0,0
2025-12-23 22:00:00+00:00,2025-12-23,22,1,0.0,0.0,0
2025-12-23 23:00:00+00:00,2025-12-23,23,1,0.0,0.0,0
2025-12-24 00:00:00+00:00,2025-12-24,0,2,0.0,0.0,0
2025-12-24 01:00:00+00:00,2025-12-24,1,2,0.0,0.0,0
2025-12-24 02:00:00+00:00,2025-12-24,2,2,0.0,0.0,0
2025-12-24 03:00:00+00:00,2025-12-24,3,2,0.0,0.0,0
2025-12-24 04:00:00+00:00,2025-12-24,4,2,0.0,0.0,0
2025-12-24 05:00:00+00:00,2025-12-24,5,2,0.0,0.0,0
2025-12-24 06:00:00+00:00,2025-12-24,6,2,0.0,0.0,0
2025-12-24 07:00:00+00:00,2025-12-24,7,2,0.0,0.0,0
2025-12-24 08:00:00+00:00,2025-12-24,8,2,0.0,0.0,0
2025-12-24 09:00:00+00:00,2025-12-24,9,2,0.0,0.0,0
2025-12-24 10:00:00+00:00,2025-12-24,10,2,0.0,0.0,0
2025-12-24 11:00:00+00:00,2025-12-24,11,2,0.0,0.0,0
2025-12-24 12:00:00+00:00,2025-12-24,12,2,0.0,0.0,0
2025-12-24 13:00:00+00:00,2025-12-24,13,2,0.0,0.0,0
2025-12-24 14:00:00+00:00,2025-12-24,14,2,0.0,0.0,0
2025-12-24 15:00:00+00:00,2025-12-24,15,2,0.0,0.0,0
2025-12-24 16:00:00+00:00,2025-12-24,16,2,0.0,0.0,0
2025-12-24 17:00:00+00:00,2025-12-24,17,2,0.0,0.0,0
2025-12-24 18:00:00+00:00,2025-12-24,18,2,0.0,0.0,0
2025-12-24 19:00:00+00:00,2025-12-24,19,2,0.0,0.0,0
2025-12-24 20:00:00+00:00,2025-12-24,20,2,0.0,0.0,0
2025-12-24 21:00:00+00:00,2025-12-24,21,2,0.0,0.0,0
2025-12-24 22:00:00+00:00,2025-12-24,22,2,0.0,0.0,0
2025-12-24 23:00:00+00:00,2025-12-24,23,2,0.0,0.0,0
2025-12-25 00:00:00+00:00,2025-12-25,0,3,0.0,0.0,0
2025-12-25 01:00:00+00:00,2025-12-25,1,3,0.0,0.0,0
2025-12-25 02:00:00+00:00,2025-12-25,2,3,0.0,0.0,0
2025-12-25 03:00:00+00:00,2025-12-25,3,3,0.0,0.0,0
2025-12-25 04:00:00+00:00,2025-12-25,4,3,0.0,0.0,0
2025-12-25 05:00:00+00:00,2025-12-25,5,3,0.0,0.0,0
2025-12-25 06:00:00+00:00,2025-12-25,6,3,0.0,0.0,0
2025-12-25 07:00:00+00:00,2025-12-25,7,3,0.0,0.0,0
2025-12-25 08:00:00+00:00,2025-12-25,8,3,0.0,0.0,0
2025-12-25 09:00:00+00:00,2025-12-25,9,3,0.0,0.0,0
2025-12-25 10:00:00+00:00,2025-12-25,10,3,0.0,0.0,0
2025-12-25 11:00:00+00:00,2025-12-25,11,3,0.0,0.0,0
2025-12-25 12:00:00+00:00,2025-12-25,12,3,0.0,0.0,0
2025-12-25 13:00:00+00:00,2025-12-25,13,3,0.0,0.0,0
2025-12-25 14:00:00+00:00,2025-12-25,14,3,0.0,0.0,0
2025-12-25 15:00:00+00:00,2025-12-25,15,3,0.0,0.0,0
2025-12-25 16:00:00+00:00,2025-12-25,16,3,0.0,0.0,0
2025-12-25 17:00:00+00:00,2025-12-25,17,3,0.0,0.0,0
2025-12-25 18:00:00+00:00,2025-12-25,18,3,0.0,0.0,0
2025-12-25 19:00:00+00:00,2025-12-25,19,3,0.0,0.0,0
2025-12-25 20:00:00+00:00,2025-12-25,20,3,0.0,0.0,0
2025-12-25 21:00:00+00:00,2025-12-25,21,3,0.0,0.0,0
2025-12-25 22:00:00+00:00,2025-12-25,22,3,0.0,0.0,0
2025-12-25 23:00:00+00:00,2025-12-25,23,3,0.0,0.0,0
2025-12-26 00:00:00+00:00,2025-12-26,0,4,0.0,0.0,0
2025-12-26 01:00:00+00:00,2025-12-26,1,4,0.0,0.0,0
2025-12-26 02:00:00+00:00,2025-12-26,2,4,0.0,0.0,0
2025-12-26 03:00:00+00:00,2025-12-26,3,4,0.0,0.0,0
2025-12-26 04:00:00+00:00,2025-12-26,4,4,0.0,0.0,0
2025-12-26 05:00:00+00:00,2025-12-26,5,4,0.0,0.0,0
2025-12-26 06:00:00+00:00,2025-12-26,6,4,0.0,0.0,0
2025-12-26 07:00:00+00:00,2025-12-26,7,4,0.0,0.0,0
2025-12-26 08:00:00+00:00,2025-12-26,8,4,0.0,0.0,0
2025-12-26 09:00:00+00:00,2025-12-26,9,4,0.0,0.0,0
2025-12-26 10:00:00+00:00,2025-12-26,10,4,0.0,0.0,0
2025-12-26 11:00:00+00:00,2025-12-26,11,4,0.0,0.0,0
2025-12-26 12:00:00+00:00,2025-12-26,12,4,0.0,0.0,0
2025-12-26 13:00:00+00:00,2025-12-26,13,4,0.0,0.0,0
2025-12-26 14:00:00+00:00,2025-12-26,14,4,0.0,0.0,0
2025-12-26 15:00:00+00:00,2025-12-26,15,4,0.0,0.0,0
2025-12-26 16:00:00+00:00,2025-12-26,16,4,0.0,0.0,0
2025-12-26 17:00:00+00:00,2025-12-26,17,4,0.0,0.0,0
2025-12-26 18:00:00+00:00,2025-12-26,18,4,0.0,0.0,0
2025-12-26 19:00:00+00:00,2025-12-26,19,4,0.0,0.0,0
2025-12-26 20:00:00+00:00,2025-12-26,20,4,0.0,0.0,0
2025-12-26 21:00:00+00:00,2025-12-26,21,4,0.0,0.0,0
2025-12-26 22:00:00+00:00,2025-12-26,22,4,0.0,0.0,0
2025-12-26 23:00:00+00:00,2025-12-26,23,4,0.0,0.0,0
2025-12-27 00:00:00+00:00,2025-12-27,0,5,0.0,0.0,0
2025-12-27 01:00:00+00:00,2025-12-27,1,5,0.0,0.0,0
2025-12-27 02:00:00+00:00,2025-12-27,2,5,0.0,0.0,0
2025-12-27 03:00:00+00:00,2025-12-27,3,5,0.0,0.0,0
2025-12-27 04:00:00+00:00,2025-12-27,4,5,0.0,0.0,0
2025-12-27 05:00:00+00:00,2025-12-27,5,5,0.0,0.0,0
2025-12-27 06:00:00+00:00,2025-12-27,6,5,0.0,0.0,0
2025-12-27 07:00:00+00:00,2025-12-27,7,5,0.0,0.0,0
2025-12-27 08:00:00+00:00,2025-12-27,8,5,0.0,0.0,0
2025-12-27 09:00:00+00:00,2025-12-27,9,5,0.0,0.0,0
2025-12-27 10:00:00+00:00,2025-12-27,10,5,0.0,0.0,0
2025-12-27 11:00:00+00:00,2025-12-27,11,5,0.0,0.0,0
2025-12-27 12:00:00+00:00,2025-12-27,12,5,0.0,0.0,0
2025-12-27 13:00:00+00:00,2025-12-27,13,5,0.0,0.0,0
2025-12-27 14:00:00+00:00,2025-12-27,14,5,0.0,0.0,0
2025-12-27 15:00:00+00:00,2025-12-27,15,5,0.0,0.0,0
2025-12-27 16:00:00+00:00,2025-12-27,16,5,0.0,0.0,0
2025-12-27 17:00:00+00:00,2025-12-27,17,5,0.0,0.0,0
2025-12-27 18:00:00+00:00,2025-12-27,18,5,0.0,0.0,0
2025-12-27 19:00:00+00:00,2025-12-27,19,5,0.0,0.0,0
2025-12-27 20:00:00+00:00,2025-12-27,20,5,0.0,0.0,0
2025-12-27 21:00:00+00:00,2025-12-27,21,5,0.0,0.0,0
2025-12-27 22:00:00+00:00,2025-12-27,22,5,0.0,0.0,0
2025-12-27 23:00:00+00:00,2025-12-27,23,5,0.0,0.0,0
2025-12-28 00:00:00+00:00,2025-12-28,0,6,0.0,0.0,0
2025-12-28 01:00:00+00:00,2025-12-28,1,6,0.0,0.0,0
2025-12-28 02:00:00+00:00,2025-12-28,2,6,0.0,0.0,0
2025-12-28 03:00:00+00:00,2025-12-28,3,6,0.0,0.0,0
2025-12-28 04:00:00+00:00,2025-12-28,4,6,0.0,0.0,0
2025-12-28 05:00:00+00:00,2025-12-28,5,6,0.0,0.0,0
2025-12-28 06:00:00+00:00,2025-12-28,6,6,0.0,0.0,0
2025-12-28 07:00:00+00:00,2025-12-28,7,6,0.0,0.0,0
2025-12-28 08:00:00+00:00,2025-12-28,8,6,0.0,0.0,0
2025-12-28 09:00:00+00:00,2025-12-28,9,6,0.0,0.0,0
2025-12-28 10:00:00+00:00,2025-12-28,10,6,0.0,0.0,0
2025-12-28 11:00:00+00:00,2025-12-28,11,6,0.0,0.0,0
2025-12-28 12:00:00+00:00,2025-12-28,12,6,0.0,0.0,0
2025-12-28 13:00:00+00:00,2025-12-28,13,6,0.0,0.0,0
2025-12-28 14:00:00+00:00,2025-12-28,14,6,0.0,0.0,0
2025-12-28 15:00:00+00:00,2025-12-28,15,6,0.0,0.0,0
2025-12-28 16:00:00+00:00,2025-12-28,16,6,0.0,0.0,0
2025-12-28 17:00:00+00:00,2025-12-28,17,6,0.0,0.0,0
2025-12-28 18:00:00+00:00,2025-12-28,18,6,0.0,0.0,0
2025-12-28 19:00:00+00:00,2025-12-28,19,6,0.0,0.0,0
2025-12-28 20:00:00+00:00,2025-12-28,20,6,0.0,0.0,0
2025-12-28 21:00:00+00:00,2025-12-28,21,6,0.0,0.0,0
2025-12-28 22:00:00+00:00,2025-12-28,22,6,0.0,0.0,0
2025-12-28 23:00:00+00:00,2025-12-28,23,6,0.0,0.0,0
2025-12-29 00:00:00+00:00,2025-12-29,0,0,0.0,0.0,0
2025-12-29 01:00:00+00:00,2025-12-29,1,0,0.0,0.0,0
2025-12-29 02:00:00+00:00,2025-12-29,2,0,0.0,0.0,0
2025-12-29 03:00:00+00:00,2025-12-29,3,0,0.0,0.0,0
2025-12-29 04:00:00+00:00,2025-12-29,4,0,0.0,0.0,0
2025-12-29 05:00:00+00:00,2025-12-29,5,0,0.0,0.0,0
2025-12-29 06:00:00+00:00,2025-12-29,6,0,0.0,0.0,0
2025-12-29 07:00:00+00:00,2025-12-29,7,0,0.0,0.0,0
2025-12-29 08:00:00+00:00,2025-12-29,8,0,0.0,0.0,0
2025-12-29 09:00:00+00:00,2025-12-29,9,0,0.0,0.0,0
2025-12-29 10:00:00+00:00,2025-12-29,10,0,0.0,0.0,0
2025-12-29 11:00:00+00:00,2025-12-29,11,0,0.0,0.0,0
2025-12-29 12:00:00+00:00,2025-12-29,12,0,0.0,0.0,0
2025-12-29 13:00:00+00:00,2025-12-29,13,0,0.0,0.0,0
2025-12-29 14:00:00+00:00,2025-12-29,14,0,0.0,0.0,0
2025-12-29 15:00:00+00:00,2025-12-29,15,0,0.0,0.0,0
2025-12-29 16:00:00+00:00,2025-12-29,16,0,0.0,0.0,0
2025-12-29 17:00:00+00:00,2025-12-29,17,0,0.0,0.0,0
2025-12-29 18:00:00+00:00,2025-12-29,18,0,0.0,0.0,0
2025-12-29 19:00:00+00:00,2025-12-29,19,0,0.0,0.0,0
2025-12-29 20:00:00+00:00,2025-12-29,20,0,0.0,0.0,0
2025-12-29 21:00:00+00:00,2025-12-29,21,0,0.0,0.0,0
2025-12-29 22:00:00+00:00,2025-12-29,22,0,0.0,0.0,0
2025-12-29 23:00:00+00:00,2025-12-29,23,0,0.0,0.0,0
2025-12-30 00:00:00+00:00,2025-12-30,0,1,0.0,0.0,0
2025-12-30 01:00:00+00:00,2025-12-30,1,1,0.0,0.0,0
2025-12-30 02:00:00+00:00,2025-12-30,2,1,0.0,0.0,0
2025-12-30 03:00:00+00:00,2025-12-30,3,1,0.0,0.0,0
2025-12-30 04:00:00+00:00,2025-12-30,4,1,0.0,0.0,0
2025-12-30 05:00:00+00:00,2025-12-30,5,1,0.0,0.0,0
2025-12-30 06:00:00+00:00,2025-12-30,6,1,0.0,0.0,0
2025-12-30 07:00:00+00:00,2025-12-30,7,1,0.0,0.0,0
2025-12-30 08:00:00+00:00,2025-12-30,8,1,0.0,0.0,0
2025-12-30 09:00:00+00:00,2025-12-30,9,1,0.0,0.0,0
2025-12-30 10:00:00+00:00,2025-12-30,10,1,0.0,0.0,0
2025-12-30 11:00:00+00:00,2025-12-30,11,1,0.0,0.0,0
2025-12-30 12:00:00+00:00,2025-12-30,12,1,0.0,0.0,0
2025-12-30 13:00:00+00:00,2025-12-30,13,1,0.0,0.0,0
2025-12-30 14:00:00+00:00,2025-12-30,14,1,18.2,655.04,1
2025-12-30 15:00:00+00:00,2025-12-30,15,1,40.0,1439.95,1
2025-12-30 16:00:00+00:00,2025-12-30,16,1,18.66,671.86,1
2025-12-30 17:00:00+00:00,2025-12-30,17,1,0.0,0.0,0
2025-12-30 18:00:00+00:00,2025-12-30,18,1,0.0,0.0,0
2025-12-30 19:00:00+00:00,2025-12-30,19,1,0.0,0.0,0
2025-12-30 20:00:00+00:00,2025-12-30,20,1,0.0,0.0,0
2025-12-30 21:00:00+00:00,2025-12-30,21,1,0.0,0.0,0
2025-12-30 22:00:00+00:00,2025-12-30,22,1,0.0,0.0,0
2025-12-30 23:00:00+00:00,2025-12-30,23,1,0.0,0.0,0
2025-12-31 00:00:00+00:00,2025-12-31,0,2,0.0,0.0,0
2025-12-31 01:00:00+00:00,2025-12-31,1,2,0.0,0.0,0
2025-12-31 02:00:00+00:00,2025-12-31,2,2,0.0,0.0,0
2025-12-31 03:00:00+00:00,2025-12-31,3,2,0.0,0.0,0
2025-12-31 04:00:00+00:00,2025-12-31,4,2,0.0,0.0,0
2025-12-31 05:00:00+00:00,2025-12-31,5,2,0.0,0.0,0
2025-12-31 06:00:00+00:00,2025-12-31,6,2,0.0,0.0,0
2025-12-31 07:00:00+00:00,2025-12-31,7,2,0.0,0.0,0
2025-12-31 08:00:00+00:00,2025-12-31,8,2,0.0,0.0,0
2025-12-31 09:00:00+00:00,2025-12-31,9,2,0.0,0.0,0
2025-12-31 10:00:00+00:00,2025-12-31,10,2,0.0,0.0,0
2025-12-31 11:00:00+00:00,2025-12-31,11,2,0.0,0.0,0
2025-12-31 12:00:00+00:00,2025-12-31,12,2,0.0,0.0,0
2025-12-31 13:00:00+00:00,2025-12-31,13,2,0.0,0.0,0
2025-12-31 14:00:00+00:00,2025-12-31,14,2,0.0,0.0,0
2025-12-31 15:00:00+00:00,2025-12-31,15,2,0.0,0.0,0
2025-12-31 16:00:00+00:00,2025-12-31,16,2,0.0,0.0,0
2025-12-31 17:00:00+00:00,2025-12-31,17,2,0.0,0.0,0
2025-12-31 18:00:00+00:00,2025-12-31,18,2,0.0,0.0,0
2025-12-31 19:00:00+00:00,2025-12-31,19,2,0.0,0.0,0
2025-12-31 20:00:00+00:00,2025-12-31,20,2,0.0,0.0,0
2025-12-31 21:00:00+00:00,2025-12-31,21,2,0.0,0.0,0
2025-12-31 22:00:00+00:00,2025-12-31,22,2,0.0,0.0,0
2025-12-31 23:00:00+00:00,2025-12-31,23,2,0.0,0.0,0
2026-01-01 00:00:00+00:00,2026-01-01,0,3,0.0,0.0,0
2026-01-01 01:00:00+00:00,2026-01-01,1,3,0.0,0.0,0
2026-01-01 02:00:00+00:00,2026-01-01,2,3,0.0,0.0,0
2026-01-01 03:00:00+00:00,2026-01-01,3,3,0.0,0.0,0
2026-01-01 04:00:00+00:00,2026-01-01,4,3,0.0,0.0,0
2026-01-01 05:00:00+00:00,2026-01-01,5,3,0.0,0.0,0
2026-01-01 06:00:00+00:00,2026-01-01,6,3,0.0,0.0,0
2026-01-01 07:00:00+00:00,2026-01-01,7,3,0.0,0.0,0
2026-01-01 08:00:00+00:00,2026-01-01,8,3,0.0,0.0,0
2026-01-01 09:00:00+00:00,2026-01-01,9,3,0.0,0.0,0
2026-01-01 10:00:00+00:00,2026-01-01,10,3,0.0,0.0,0
2026-01-01 11:00:00+00:00,2026-01-01,11,3,0.0,0.0,0
2026-01-01 12:00:00+00:00,2026-01-01,12,3,0.0,0.0,0
2026-01-01 13:00:00+00:00,2026-01-01,13,3,0.0,0.0,0
2026-01-01 14:00:00+00:00,2026-01-01,14,3,0.0,0.0,0
2026-01-01 15:00:00+00:00,2026-01-01,15,3,0.0,0.0,0
2026-01-01 16:00:00+00:00,2026-01-01,16,3,0.0,0.0,0
2026-01-01 17:00:00+00:00,2026-01-01,17,3,0.0,0.0,0
2026-01-01 18:00:00+00:00,2026-01-01,18,3,0.0,0.0,0
2026-01-01 19:00:00+00:00,2026-01-01,19,3,0.0,0.0,0
2026-01-01 20:00:00+00:00,2026-01-01,20,3,0.0,0.0,0
2026-01-01 21:00:00+00:00,2026-01-01,21,3,0.0,0.0,0
2026-01-01 22:00:00+00:00,2026-01-01,22,3,0.0,0.0,0
2026-01-01 23:00:00+00:00,2026-01-01,23,3,0.0,0.0,0
2026-01-02 00:00:00+00:00,2026-01-02,0,4,0.0,0.0,0
2026-01-02 01:00:00+00:00,2026-01-02,1,4,0.0,0.0,0
2026-01-02 02:00:00+00:00,2026-01-02,2,4,0.0,0.0,0
2026-01-02 03:00:00+00:00,2026-01-02,3,4,0.0,0.0,0
2026-01-02 04:00:00+00:00,2026-01-02,4,4,0.0,0.0,0
2026-01-02 05:00:00+00:00,2026-01-02,5,4,0.0,0.0,0
2026-01-02 06:00:00+00:00,2026-01-02,6,4,0.0,0.0,0
2026-01-02 07:00:00+00:00,2026-01-02,7,4,0.0,0.0,0
2026-01-02 08:00:00+00:00,2026-01-02,8,4,0.0,0.0,0
2026-01-02 09:00:00+00:00,2026-01-02,9,4,0.0,0.0,0
2026-01-02 10:00:00+00:00,2026-01-02,10,4,0.0,0.0,0
2026-01-02 11:00:00+00:00,2026-01-02,11,4,0.0,0.0,0
2026-01-02 12:00:00+00:00,2026-01-02,12,4,0.0,0.0,0
2026-01-02 13:00:00+00:00,2026-01-02,13,4,0.0,0.0,0
2026-01-02 14:00:00+00:00,2026-01-02,14,4,0.0,0.0,0
2026-01-02 15:00:00+00:00,2026-01-02,15,4,0.0,0.0,0
2026-01-02 16:00:00+00:00,2026-01-02,16,4,0.0,0.0,0
2026-01-02 17:00:00+00:00,2026-01-02,17,4,0.0,0.0,0
2026-01-02 18:00:00+00:00,2026-01-02,18,4,0.0,0.0,0
2026-01-02 19:00:00+00:00,2026-01-02,19,4,0.0,0.0,0
2026-01-02 20:00:00+00:00,2026-01-02,20,4,0.0,0.0,0
2026-01-02 21:00:00+00:00,2026-01-02,21,4,0.0,0.0,0
2026-01-02 22:00:00+00:00,2026-01-02,22,4,0.0,0.0,0
2026-01-02 23:00:00+00:00,2026-01-02,23,4,0.0,0.0,0
2026-01-03 00:00:00+00:00,2026-01-03,0,5,0.0,0.0,0
2026-01-03 01:00:00+00:00,2026-01-03,1,5,0.0,0.0,0
2026-01-03 02:00:00+00:00,2026-01-03,2,5,0.0,0.0,0
2026-01-03 03:00:00+00:00,2026-01-03,3,5,0.0,0.0,0
2026-01-03 04:00:00+00:00,2026-01-03,4,5,0.0,0.0,0
2026-01-03 05:00:00+00:00,2026-01-03,5,5,0.0,0.0,0
2026-01-03 06:00:00+00:00,2026-01-03,6,5,0.0,0.0,0
2026-01-03 07:00:00+00:00,2026-01-03,7,5,0.0,0.0,0
2026-01-03 08:00:00+00:00,2026-01-03,8,5,0.0,0.0,0
2026-01-03 09:00:00+00:00,2026-01-03,9,5,0.0,0.0,0
2026-01-03 10:00:00+00:00,2026-01-03,10,5,0.0,0.0,0
2026-01-03 11:00:00+00:00,2026-01-03,11,5,0.0,0.0,0
2026-01-03 12:00:00+00:00,2026-01-03,12,5,0.0,0.0,0
2026-01-03 13:00:00+00:00,2026-01-03,13,5,0.0,0.0,0
2026-01-03 14:00:00+00:00,2026-01-03,14,5,0.0,0.0,0
2026-01-03 15:00:00+00:00,2026-01-03,15,5,0.0,0.0,0
2026-01-03 16:00:00+00:00,2026-01-03,16,5,0.0,0.0,0
2026-01-03 17:00:00+00:00,2026-01-03,17,5,0.0,0.0,0
2026-01-03 18:00:00+00:00,2026-01-03,18,5,0.0,0.0,0
2026-01-03 19:00:00+00:00,2026-01-03,19,5,0.0,0.0,0
2026-01-03 20:00:00+00:00,2026-01-03,20,5,0.0,0.0,0
2026-01-03 21:00:00+00:00,2026-01-03,21,5,0.0,0.0,0
2026-01-03 22:00:00+00:00,2026-01-03,22,5,0.0,0.0,0
2026-01-03 23:00:00+00:00,2026-01-03,23,5,0.0,0.0,0
2026-01-04 00:00:00+00:00,2026-01-04,0,6,0.0,0.0,0
2026-01-04 01:00:00+00:00,2026-01-04,1,6,0.0,0.0,0
2026-01-04 02:00:00+00:00,2026-01-04,2,6,0.0,0.0,0
2026-01-04 03:00:00+00:00,2026-01-04,3,6,0.0,0.0,0
2026-01-04 04:00:00+00:00,2026-01-04,4,6,0.0,0.0,0
2026-01-04 05:00:00+00:00,2026-01-04,5,6,0.0,0.0,0
2026-01-04 06:00:00+00:00,2026-01-04,6,6,0.0,0.0,0
2026-01-04 07:00:00+00:00,2026-01-04,7,6,0.0,0.0,0
2026-01-04 08:00:00+00:00,2026-01-04,8,6,0.0,0.0,0
2026-01-04 09:00:00+00:00,2026-01-04,9,6,0.0,0.0,0
2026-01-04 10:00:00+00:00,2026-01-04,10,6,0.0,0.0,0
2026-01-04 11:00:00+00:00,2026-01-04,11,6,0.0,0.0,0
2026-01-04 12:00:00+00:00,2026-01-04,12,6,0.0,0.0,0
2026-01-04 13:00:00+00:00,2026-01-04,13,6,0.0,0.0,0
2026-01-04 14:00:00+00:00,2026-01-04,14,6,0.0,0.0,0
2026-01-04 15:00:00+00:00,2026-01-04,15,6,0.0,0.0,0
2026-01-04 16:00:00+00:00,2026-01-04,16,6,0.0,0.0,0
2026-01-04 17:00:00+00:00,2026-01-04,17,6,0.0,0.0,0
2026-01-04 18:00:00+00:00,2026-01-04,18,6,0.0,0.0,0
2026-01-04 19:00:00+00:00,2026-01-04,19,6,0.0,0.0,0
2026-01-04 20:00:00+00:00,2026-01-04,20,6,0.0,0.0,0
2026-01-04 21:00:00+00:00,2026-01-04,21,6,0.0,0.0,0
2026-01-04 22:00:00+00:00,2026-01-04,22,6,0.0,0.0,0
2026-01-04 23:00:00+00:00,2026-01-04,23,6,0.0,0.0,0
2026-01-05 00:00:00+00:00,2026-01-05,0,0,0.0,0.0,0
2026-01-05 01:00:00+00:00,2026-01-05,1,0,0.0,0.0,0
2026-01-05 02:00:00+00:00,2026-01-05,2,0,0.0,0.0,0
2026-01-05 03:00:00+00:00,2026-01-05,3,0,0.0,0.0,0
2026-01-05 04:00:00+00:00,2026-01-05,4,0,0.0,0.0,0
2026-01-05 05:00:00+00:00,2026-01-05,5,0,0.0,0.0,0
2026-01-05 06:00:00+00:00,2026-01-05,6,0,0.0,0.0,0
2026-01-05 07:00:00+00:00,2026-01-05,7,0,0.0,0.0,0
2026-01-05 08:00:00+00:00,2026-01-05,8,0,0.0,0.0,0
2026-01-05 09:00:00+00:00,2026-01-05,9,0,0.0,0.0,0
2026-01-05 10:00:00+00:00,2026-01-05,10,0,0.0,0.0,0
2026-01-05 11:00:00+00:00,2026-01-05,11,0,0.0,0.0,0
2026-01-05 12:00:00+00:00,2026-01-05,12,0,0.0,0.0,0
2026-01-05 13:00:00+00:00,2026-01-05,13,0,0.0,0.0,0
2026-01-05 14:00:00+00:00,2026-01-05,14,0,0.0,0.0,0
2026-01-05 15:00:00+00:00,2026-01-05,15,0,0.0,0.0,0
2026-01-05 16:00:00+00:00,2026-01-05,16,0,0.0,0.0,0
2026-01-05 17:00:00+00:00,2026-01-05,17,0,0.0,0.0,0
2026-01-05 18:00:00+00:00,2026-01-05,18,0,0.0,0.0,0
2026-01-05 19:00:00+00:00,2026-01-05,19,0,0.0,0.0,0
2026-01-05 20:00:00+00:00,2026-01-05,20,0,0.0,0.0,0
2026-01-05 21:00:00+00:00,2026-01-05,21,0,0.0,0.0,0
2026-01-05 22:00:00+00:00,2026-01-05,22,0,0.0,0.0,0
2026-01-05 23:00:00+00:00,2026-01-05,23,0,0.0,0.0,0
2026-01-06 00:00:00+00:00,2026-01-06,0,1,0.0,0.0,0
2026-01-06 01:00:00+00:00,2026-01-06,1,1,0.0,0.0,0
2026-01-06 02:00:00+00:00,2026-01-06,2,1,0.0,0.0,0
2026-01-06 03:00:00+00:00,2026-01-06,3,1,0.0,0.0,0
2026-01-06 04:00:00+00:00,2026-01-06,4,1,0.0,0.0,0
2026-01-06 05:00:00+00:00,2026-01-06,5,1,0.0,0.0,0
2026-01-06 06:00:00+00:00,2026-01-06,6,1,0.0,0.0,0
2026-01-06 07:00:00+00:00,2026-01-06,7,1,0.0,0.0,0
2026-01-06 08:00:00+00:00,2026-01-06,8,1,0.0,0.0,0
2026-01-06 09:00:00+00:00,2026-01-06,9,1,0.0,0.0,0
2026-01-06 10:00:00+00:00,2026-01-06,10,1,0.0,0.0,0
2026-01-06 11:00:00+00:00,2026-01-06,11,1,0.0,0.0,0
2026-01-06 12:00:00+00:00,2026-01-06,12,1,0.0,0.0,0
2026-01-06 13:00:00+00:00,2026-01-06,13,1,0.0,0.0,0
2026-01-06 14:00:00+00:00,2026-01-06,14,1,0.0,0.0,0
2026-01-06 15:00:00+00:00,2026-01-06,15,1,0.0,0.0,0
2026-01-06 16:00:00+00:00,2026-01-06,16,1,0.0,0.0,0
2026-01-06 17:00:00+00:00,2026-01-06,17,1,0.0,0.0,0
2026-01-06 18:00:00+00:00,2026-01-06,18,1,0.0,0.0,0
2026-01-06 19:00:00+00:00,2026-01-06,19,1,0.0,0.0,0
2026-01-06 20:00:00+00:00,2026-01-06,20,1,0.0,0.0,0
2026-01-06 21:00:00+00:00,2026-01-06,21,1,0.0,0.0,0
2026-01-06 22:00:00+00:00,2026-01-06,22,1,0.0,0.0,0
2026-01-06 23:00:00+00:00,2026-01-06,23,1,0.0,0.0,0
2026-01-07 00:00:00+00:00,2026-01-07,0,2,0.0,0.0,0
2026-01-07 01:00:00+00:00,2026-01-07,1,2,0.0,0.0,0
2026-01-07 02:00:00+00:00,2026-01-07,2,2,0.0,0.0,0
2026-01-07 03:00:00+00:00,2026-01-07,3,2,0.0,0.0,0
2026-01-07 04:00:00+00:00,2026-01-07,4,2,0.0,0.0,0
2026-01-07 05:00:00+00:00,2026-01-07,5,2,0.0,0.0,0
2026-01-07 06:00:00+00:00,2026-01-07,6,2,2.24,80.49,1
2026-01-07 07:00:00+00:00,2026-01-07,7,2,3.94,141.81,1
2026-01-07 08:00:00+00:00,2026-01-07,8,2,6.17,222.22,1
2026-01-07 09:00:00+00:00,2026-01-07,9,2,6.87,247.24,1
2026-01-07 10:00:00+00:00,2026-01-07,10,2,5.46,196.58,1
2026-01-07 11:00:00+00:00,2026-01-07,11,2,6.4,230.38,1
2026-01-07 12:00:00+00:00,2026-01-07,12,2,10.89,391.87,1
2026-01-07 13:00:00+00:00,2026-01-07,13,2,5.74,206.7,1
2026-01-07 14:00:00+00:00,2026-01-07,14,2,6.56,236.15,1
2026-01-07 15:00:00+00:00,2026-01-07,15,2,0.05,1.97,1
2026-01-07 16:00:00+00:00,2026-01-07,16,2,1.25,44.89,1
2026-01-07 17:00:00+00:00,2026-01-07,17,2,0.18,6.33,1
2026-01-07 18:00:00+00:00,2026-01-07,18,2,0.05,1.81,1
2026-01-07 19:00:00+00:00,2026-01-07,19,2,1.22,44.04,1
2026-01-07 20:00:00+00:00,2026-01-07,20,2,0.0,0.0,0
2026-01-07 21:00:00+00:00,2026-01-07,21,2,0.0,0.0,0
2026-01-07 22:00:00+00:00,2026-01-07,22,2,0.0,0.0,0
2026-01-07 23:00:00+00:00,2026-01-07,23,2,0.0,0.0,0
2026-01-08 00:00:00+00:00,2026-01-08,0,3,0.0,0.0,0
2026-01-08 01:00:00+00:00,2026-01-08,1,3,0.0,0.0,0
2026-01-08 02:00:00+00:00,2026-01-08,2,3,0.0,0.0,0
2026-01-08 03:00:00+00:00,2026-01-08,3,3,0.0,0.0,0
2026-01-08 04:00:00+00:00,2026-01-08,4,3,0.0,0.0,0
2026-01-08 05:00:00+00:00,2026-01-08,5,3,0.42,15.02,1
2026-01-08 06:00:00+00:00,2026-01-08,6,3,2.59,93.25,1
2026-01-08 07:00:00+00:00,2026-01-08,7,3,13.0,467.88,1
2026-01-08 08:00:00+00:00,2026-01-08,8,3,16.24,584.5,1
2026-01-08 09:00:00+00:00,2026-01-08,9,3,18.28,658.12,1
2026-01-08 10:00:00+00:00,2026-01-08,10,3,25.32,911.35,1
2026-01-08 11:00:00+00:00,2026-01-08,11,3,24.37,877.38,1
2026-01-08 12:00:00+00:00,2026-01-08,12,3,27.14,976.99,1
2026-01-08 13:00:00+00:00,2026-01-08,13,3,16.01,576.24,1
2026-01-08 14:00:00+00:00,2026-01-08,14,3,14.87,535.45,1
2026-01-08 15:00:00+00:00,2026-01-08,15,3,0.14,4.91,1
2026-01-08 16:00:00+00:00,2026-01-08,16,3,1.6,57.53,1
2026-01-08 17:00:00+00:00,2026-01-08,17,3,1.25,45.07,1
2026-01-08 18:00:00+00:00,2026-01-08,18,3,0.05,1.75,1
2026-01-08 19:00:00+00:00,2026-01-08,19,3,11.84,426.36,1
2026-01-08 20:00:00+00:00,2026-01-08,20,3,0.0,0.0,0
2026-01-08 21:00:00+00:00,2026-01-08,21,3,0.0,0.0,0
2026-01-08 22:00:00+00:00,2026-01-08,22,3,0.0,0.0,0
2026-01-08 23:00:00+00:00,2026-01-08,23,3,0.0,0.0,0
2026-01-09 00:00:00+00:00,2026-01-09,0,4,0.0,0.0,0
2026-01-09 01:00:00+00:00,2026-01-09,1,4,0.0,0.0,0
2026-01-09 02:00:00+00:00,2026-01-09,2,4,0.0,0.0,0
2026-01-09 03:00:00+00:00,2026-01-09,3,4,0.0,0.0,0
2026-01-09 04:00:00+00:00,2026-01-09,4,4,0.0,0.0,0
2026-01-09 05:00:00+00:00,2026-01-09,5,4,2.79,100.46,1
2026-01-09 06:00:00+00:00,2026-01-09,6,4,0.0,0.0,0
2026-01-09 07:00:00+00:00,2026-01-09,7,4,0.0,0.0,0
2026-01-09 08:00:00+00:00,2026-01-09,8,4,0.0,0.0,0
2026-01-09 09:00:00+00:00,2026-01-09,9,4,4.16,149.78,1
2026-01-09 10:00:00+00:00,2026-01-09,10,4,5.2,187.34,1
2026-01-09 11:00:00+00:00,2026-01-09,11,4,8.32,299.48,1
2026-01-09 12:00:00+00:00,2026-01-09,12,4,6.4,230.36,1
2026-01-09 13:00:00+00:00,2026-01-09,13,4,0.91,32.79,1
2026-01-09 14:00:00+00:00,2026-01-09,14,4,0.0,0.0,0
2026-01-09 15:00:00+00:00,2026-01-09,15,4,0.0,0.0,0
2026-01-09 16:00:00+00:00,2026-01-09,16,4,0.0,0.0,0
2026-01-09 17:00:00+00:00,2026-01-09,17,4,0.0,0.0,0
2026-01-09 18:00:00+00:00,2026-01-09,18,4,0.0,0.0,0
2026-01-09 19:00:00+00:00,2026-01-09,19,4,0.39,14.22,1
2026-01-09 20:00:00+00:00,2026-01-09,20,4,0.0,0.0,0
2026-01-09 21:00:00+00:00,2026-01-09,21,4,0.0,0.0,0
2026-01-09 22:00:00+00:00,2026-01-09,22,4,0.0,0.0,0
2026-01-09 23:00:00+00:00,2026-01-09,23,4,0.0,0.0,0
2026-01-10 00:00:00+00:00,2026-01-10,0,5,0.0,0.0,0
2026-01-10 01:00:00+00:00,2026-01-10,1,5,0.0,0.0,0
2026-01-10 02:00:00+00:00,2026-01-10,2,5,0.0,0.0,0
2026-01-10 03:00:00+00:00,2026-01-10,3,5,0.0,0.0,0
2026-01-10 04:00:00+00:00,2026-01-10,4,5,0.0,0.0,0
2026-01-10 05:00:00+00:00,2026-01-10,5,5,0.0,0.0,0
2026-01-10 06:00:00+00:00,2026-01-10,6,5,0.0,0.0,0
2026-01-10 07:00:00+00:00,2026-01-10,7,5,0.0,0.0,0
2026-01-10 08:00:00+00:00,2026-01-10,8,5,0.0,0.0,0
2026-01-10 09:00:00+00:00,2026-01-10,9,5,0.0,0.0,0
2026-01-10 10:00:00+00:00,2026-01-10,10,5,0.0,0.0,0
2026-01-10 11:00:00+00:00,2026-01-10,11,5,0.0,0.0,0
2026-01-10 12:00:00+00:00,2026-01-10,12,5,0.0,0.0,0
2026-01-10 13:00:00+00:00,2026-01-10,13,5,0.0,0.0,0
2026-01-10 14:00:00+00:00,2026-01-10,14,5,0.0,0.0,0
2026-01-10 15:00:00+00:00,2026-01-10,15,5,0.0,0.0,0
2026-01-10 16:00:00+00:00,2026-01-10,16,5,0.0,0.0,0
2026-01-10 17:00:00+00:00,2026-01-10,17,5,0.0,0.0,0
2026-01-10 18:00:00+00:00,2026-01-10,18,5,0.0,0.0,0
2026-01-10 19:00:00+00:00,2026-01-10,19,5,0.0,0.0,0
2026-01-10 20:00:00+00:00,2026-01-10,20,5,0.0,0.0,0
2026-01-10 21:00:00+00:00,2026-01-10,21,5,0.0,0.0,0
2026-01-10 22:00:00+00:00,2026-01-10,22,5,0.0,0.0,0
2026-01-10 23:00:00+00:00,2026-01-10,23,5,0.0,0.0,0
2026-01-11 00:00:00+00:00,2026-01-11,0,6,0.0,0.0,0
2026-01-11 01:00:00+00:00,2026-01-11,1,6,0.0,0.0,0
2026-01-11 02:00:00+00:00,2026-01-11,2,6,0.0,0.0,0
2026-01-11 03:00:00+00:00,2026-01-11,3,6,0.0,0.0,0
2026-01-11 04:00:00+00:00,2026-01-11,4,6,0.0,0.0,0
2026-01-11 05:00:00+00:00,2026-01-11,5,6,0.0,0.0,0
2026-01-11 06:00:00+00:00,2026-01-11,6,6,0.0,0.0,0
2026-01-11 07:00:00+00:00,2026-01-11,7,6,0.0,0.0,0
2026-01-11 08:00:00+00:00,2026-01-11,8,6,0.0,0.0,0
2026-01-11 09:00:00+00:00,2026-01-11,9,6,0.0,0.0,0
2026-01-11 10:00:00+00:00,2026-01-11,10,6,0.0,0.0,0
2026-01-11 11:00:00+00:00,2026-01-11,11,6,0.0,0.0,0
2026-01-11 12:00:00+00:00,2026-01-11,12,6,0.0,0.0,0
2026-01-11 13:00:00+00:00,2026-01-11,13,6,0.0,0.0,0
2026-01-11 14:00:00+00:00,2026-01-11,14,6,0.0,0.0,0
2026-01-11 15:00:00+00:00,2026-01-11,15,6,0.0,0.0,0
2026-01-11 16:00:00+00:00,2026-01-11,16,6,0.0,0.0,0
2026-01-11 17:00:00+00:00,2026-01-11,17,6,0.0,0.0,0
2026-01-11 18:00:00+00:00,2026-01-11,18,6,0.0,0.0,0
2026-01-11 19:00:00+00:00,2026-01-11,19,6,0.0,0.0,0
2026-01-11 20:00:00+00:00,2026-01-11,20,6,0.0,0.0,0
2026-01-11 21:00:00+00:00,2026-01-11,21,6,0.0,0.0,0
2026-01-11 22:00:00+00:00,2026-01-11,22,6,0.0,0.0,0
2026-01-11 23:00:00+00:00,2026-01-11,23,6,0.0,0.0,0
2026-01-12 00:00:00+00:00,2026-01-12,0,0,0.0,0.0,0
2026-01-12 01:00:00+00:00,2026-01-12,1,0,0.0,0.0,0
2026-01-12 02:00:00+00:00,2026-01-12,2,0,0.0,0.0,0
2026-01-12 03:00:00+00:00,2026-01-12,3,0,0.0,0.0,0
2026-01-12 04:00:00+00:00,2026-01-12,4,0,0.0,0.0,0
2026-01-12 05:00:00+00:00,2026-01-12,5,0,0.0,0.0,0
2026-01-12 06:00:00+00:00,2026-01-12,6,0,3.34,120.21,1
2026-01-12 07:00:00+00:00,2026-01-12,7,0,10.65,383.4,1
2026-01-12 08:00:00+00:00,2026-01-12,8,0,9.37,337.32,1
2026-01-12 09:00:00+00:00,2026-01-12,9,0,11.44,411.87,1
2026-01-12 10:00:00+00:00,2026-01-12,10,0,12.55,451.77,1
2026-01-12 11:00:00+00:00,2026-01-12,11,0,27.55,991.8,1
2026-01-12 12:00:00+00:00,2026-01-12,12,0,38.3,1378.97,1
2026-01-12 13:00:00+00:00,2026-01-12,13,0,26.93,969.4,1
2026-01-12 14:00:00+00:00,2026-01-12,14,0,25.84,930.24,1
2026-01-12 15:00:00+00:00,2026-01-12,15,0,15.97,574.83,1
2026-01-12 16:00:00+00:00,2026-01-12,16,0,16.33,587.9,1
2026-01-12 17:00:00+00:00,2026-01-12,17,0,17.01,612.39,1
2026-01-12 18:00:00+00:00,2026-01-12,18,0,15.0,540.0,1
2026-01-12 19:00:00+00:00,2026-01-12,19,0,17.09,615.26,1
2026-01-12 20:00:00+00:00,2026-01-12,20,0,10.0,360.0,1
2026-01-12 21:00:00+00:00,2026-01-12,21,0,10.0,360.0,1
2026-01-12 22:00:00+00:00,2026-01-12,22,0,10.0,360.0,1
2026-01-12 23:00:00+00:00,2026-01-12,23,0,10.0,360.0,1
2026-01-13 00:00:00+00:00,2026-01-13,0,1,10.0,360.0,1
2026-01-13 01:00:00+00:00,2026-01-13,1,1,10.0,360.0,1
2026-01-13 02:00:00+00:00,2026-01-13,2,1,10.0,360.0,1
2026-01-13 03:00:00+00:00,2026-01-13,3,1,10.0,360.0,1
2026-01-13 04:00:00+00:00,2026-01-13,4,1,10.0,360.0,1
2026-01-13 05:00:00+00:00,2026-01-13,5,1,10.0,360.0,1
2026-01-13 06:00:00+00:00,2026-01-13,6,1,13.72,493.97,1
2026-01-13 07:00:00+00:00,2026-01-13,7,1,4.63,166.79,1
2026-01-13 08:00:00+00:00,2026-01-13,8,1,0.14,5.02,1
2026-01-13 09:00:00+00:00,2026-01-13,9,1,6.09,219.34,1
2026-01-13 10:00:00+00:00,2026-01-13,10,1,13.99,503.54,1
2026-01-13 11:00:00+00:00,2026-01-13,11,1,9.13,328.71,1
2026-01-13 12:00:00+00:00,2026-01-13,12,1,13.99,503.72,1
2026-01-13 13:00:00+00:00,2026-01-13,13,1,5.0,180.0,1
2026-01-13 14:00:00+00:00,2026-01-13,14,1,8.62,310.15,1
2026-01-13 15:00:00+00:00,2026-01-13,15,1,5.7,205.22,1
2026-01-13 16:00:00+00:00,2026-01-13,16,1,7.43,267.32,1
2026-01-13 17:00:00+00:00,2026-01-13,17,1,17.14,617.18,1
2026-01-13 18:00:00+00:00,2026-01-13,18,1,5.0,180.0,1
2026-01-13 19:00:00+00:00,2026-01-13,19,1,20.63,742.59,1
2026-01-13 20:00:00+00:00,2026-01-13,20,1,5.0,180.0,1
2026-01-13 21:00:00+00:00,2026-01-13,21,1,5.0,180.0,1
2026-01-13 22:00:00+00:00,2026-01-13,22,1,5.0,180.0,1
2026-01-13 23:00:00+00:00,2026-01-13,23,1,5.0,180.0,1
2026-01-14 00:00:00+00:00,2026-01-14,0,2,5.0,180.0,1
2026-01-14 01:00:00+00:00,2026-01-14,1,2,5.0,180.0,1
2026-01-14 02:00:00+00:00,2026-01-14,2,2,5.0,180.0,1
2026-01-14 03:00:00+00:00,2026-01-14,3,2,5.0,180.0,1
2026-01-14 04:00:00+00:00,2026-01-14,4,2,5.0,180.0,1
2026-01-14 05:00:00+00:00,2026-01-14,5,2,5.0,180.0,1
2026-01-14 06:00:00+00:00,2026-01-14,6,2,6.95,250.16,1
2026-01-14 07:00:00+00:00,2026-01-14,7,2,7.88,283.65,1
2026-01-14 08:00:00+00:00,2026-01-14,8,2,16.84,606.42,1
2026-01-14 09:00:00+00:00,2026-01-14,9,2,15.89,571.9,1
2026-01-14 10:00:00+00:00,2026-01-14,10,2,15.46,556.66,1
2026-01-14 11:00:00+00:00,2026-01-14,11,2,23.57,848.47,1
2026-01-14 12:00:00+00:00,2026-01-14,12,2,37.6,1353.59,1
2026-01-14 13:00:00+00:00,2026-01-14,13,2,31.32,1127.56,1
2026-01-14 14:00:00+00:00,2026-01-14,14,2,22.65,815.38,1
2026-01-14 15:00:00+00:00,2026-01-14,15,2,10.16,365.84,1
2026-01-14 16:00:00+00:00,2026-01-14,16,2,11.46,412.45,1
2026-01-14 17:00:00+00:00,2026-01-14,17,2,12.84,462.1,1
2026-01-14 18:00:00+00:00,2026-01-14,18,2,10.14,365.16,1
2026-01-14 19:00:00+00:00,2026-01-14,19,2,15.58,561.0,1
2026-01-14 20:00:00+00:00,2026-01-14,20,2,0.0,0.0,0
2026-01-14 21:00:00+00:00,2026-01-14,21,2,0.0,0.0,0
2026-01-14 22:00:00+00:00,2026-01-14,22,2,0.0,0.0,0
2026-01-14 23:00:00+00:00,2026-01-14,23,2,0.0,0.0,0
2026-01-15 00:00:00+00:00,2026-01-15,0,3,0.0,0.0,0
2026-01-15 01:00:00+00:00,2026-01-15,1,3,0.0,0.0,0
2026-01-15 02:00:00+00:00,2026-01-15,2,3,0.0,0.0,0
2026-01-15 03:00:00+00:00,2026-01-15,3,3,0.0,0.0,0
2026-01-15 04:00:00+00:00,2026-01-15,4,3,0.0,0.0,0
2026-01-15 05:00:00+00:00,2026-01-15,5,3,0.28,10.0,1
2026-01-15 06:00:00+00:00,2026-01-15,6,3,2.92,105.27,1
2026-01-15 07:00:00+00:00,2026-01-15,7,3,28.46,1024.7,1
2026-01-15 08:00:00+00:00,2026-01-15,8,3,27.68,996.32,1
2026-01-15 09:00:00+00:00,2026-01-15,9,3,24.32,875.38,1
2026-01-15 10:00:00+00:00,2026-01-15,10,3,22.7,817.13,1
2026-01-15 11:00:00+00:00,2026-01-15,11,3,36.0,1295.83,1
2026-01-15 12:00:00+00:00,2026-01-15,12,3,44.54,1603.34,1
2026-01-15 13:00:00+00:00,2026-01-15,13,3,45.75,1646.94,1
2026-01-15 14:00:00+00:00,2026-01-15,14,3,44.09,1587.1,1
2026-01-15 15:00:00+00:00,2026-01-15,15,3,0.24,8.58,1
2026-01-15 16:00:00+00:00,2026-01-15,16,3,0.84,30.42,1
2026-01-15 17:00:00+00:00,2026-01-15,17,3,1.52,54.59,1
2026-01-15 18:00:00+00:00,2026-01-15,18,3,0.11,3.91,1
2026-01-15 19:00:00+00:00,2026-01-15,19,3,1.17,42.22,1
2026-01-15 20:00:00+00:00,2026-01-15,20,3,0.0,0.0,0
2026-01-15 21:00:00+00:00,2026-01-15,21,3,0.0,0.0,0
2026-01-15 22:00:00+00:00,2026-01-15,22,3,0.0,0.0,0
2026-01-15 23:00:00+00:00,2026-01-15,23,3,0.0,0.0,0
2026-01-16 00:00:00+00:00,2026-01-16,0,4,0.0,0.0,0
2026-01-16 01:00:00+00:00,2026-01-16,1,4,0.0,0.0,0
2026-01-16 02:00:00+00:00,2026-01-16,2,4,0.0,0.0,0
2026-01-16 03:00:00+00:00,2026-01-16,3,4,0.0,0.0,0
2026-01-16 04:00:00+00:00,2026-01-16,4,4,0.0,0.0,0
2026-01-16 05:00:00+00:00,2026-01-16,5,4,0.0,0.0,0
2026-01-16 06:00:00+00:00,2026-01-16,6,4,2.33,83.99,1
2026-01-16 07:00:00+00:00,2026-01-16,7,4,10.78,388.05,1
2026-01-16 08:00:00+00:00,2026-01-16,8,4,14.34,516.35,1
2026-01-16 09:00:00+00:00,2026-01-16,9,4,8.38,301.71,1
2026-01-16 10:00:00+00:00,2026-01-16,10,4,1.22,43.93,1
2026-01-16 11:00:00+00:00,2026-01-16,11,4,4.87,175.49,1
2026-01-16 12:00:00+00:00,2026-01-16,12,4,22.15,797.39,1
2026-01-16 13:00:00+00:00,2026-01-16,13,4,1.62,58.27,1
2026-01-16 14:00:00+00:00,2026-01-16,14,4,0.0,0.0,0
2026-01-16 15:00:00+00:00,2026-01-16,15,4,0.0,0.0,0
2026-01-16 16:00:00+00:00,2026-01-16,16,4,0.0,0.0,0
2026-01-16 17:00:00+00:00,2026-01-16,17,4,0.0,0.0,0
2026-01-16 18:00:00+00:00,2026-01-16,18,4,0.42,15.01,1
2026-01-16 19:00:00+00:00,2026-01-16,19,4,0.0,0.0,0
2026-01-16 20:00:00+00:00,2026-01-16,20,4,0.0,0.0,0
2026-01-16 21:00:00+00:00,2026-01-16,21,4,0.0,0.0,0
2026-01-16 22:00:00+00:00,2026-01-16,22,4,0.0,0.0,0
2026-01-16 23:00:00+00:00,2026-01-16,23,4,0.0,0.0,0
2026-01-17 00:00:00+00:00,2026-01-17,0,5,0.0,0.0,0
2026-01-17 01:00:00+00:00,2026-01-17,1,5,0.0,0.0,0
2026-01-17 02:00:00+00:00,2026-01-17,2,5,0.0,0.0,0
2026-01-17 03:00:00+00:00,2026-01-17,3,5,0.0,0.0,0
2026-01-17 04:00:00+00:00,2026-01-17,4,5,0.0,0.0,0
2026-01-17 05:00:00+00:00,2026-01-17,5,5,0.0,0.0,0
2026-01-17 06:00:00+00:00,2026-01-17,6,5,0.0,0.0,0
2026-01-17 07:00:00+00:00,2026-01-17,7,5,0.0,0.0,0
2026-01-17 08:00:00+00:00,2026-01-17,8,5,0.0,0.0,0
2026-01-17 09:00:00+00:00,2026-01-17,9,5,0.0,0.0,0
2026-01-17 10:00:00+00:00,2026-01-17,10,5,0.0,0.0,0
2026-01-17 11:00:00+00:00,2026-01-17,11,5,0.0,0.0,0
2026-01-17 12:00:00+00:00,2026-01-17,12,5,0.0,0.0,0
2026-01-17 13:00:00+00:00,2026-01-17,13,5,0.0,0.0,0
2026-01-17 14:00:00+00:00,2026-01-17,14,5,0.0,0.0,0
2026-01-17 15:00:00+00:00,2026-01-17,15,5,0.0,0.0,0
2026-01-17 16:00:00+00:00,2026-01-17,16,5,0.0,0.0,0
2026-01-17 17:00:00+00:00,2026-01-17,17,5,0.0,0.0,0
2026-01-17 18:00:00+00:00,2026-01-17,18,5,0.0,0.0,0
2026-01-17 19:00:00+00:00,2026-01-17,19,5,0.0,0.0,0
2026-01-17 20:00:00+00:00,2026-01-17,20,5,0.0,0.0,0
2026-01-17 21:00:00+00:00,2026-01-17,21,5,0.0,0.0,0
2026-01-17 22:00:00+00:00,2026-01-17,22,5,0.0,0.0,0
2026-01-17 23:00:00+00:00,2026-01-17,23,5,0.0,0.0,0
2026-01-18 00:00:00+00:00,2026-01-18,0,6,0.0,0.0,0
2026-01-18 01:00:00+00:00,2026-01-18,1,6,0.0,0.0,0
2026-01-18 02:00:00+00:00,2026-01-18,2,6,0.0,0.0,0
2026-01-18 03:00:00+00:00,2026-01-18,3,6,0.0,0.0,0
2026-01-18 04:00:00+00:00,2026-01-18,4,6,0.0,0.0,0
2026-01-18 05:00:00+00:00,2026-01-18,5,6,0.0,0.0,0
2026-01-18 06:00:00+00:00,2026-01-18,6,6,0.0,0.0,0
2026-01-18 07:00:00+00:00,2026-01-18,7,6,0.0,0.0,0
2026-01-18 08:00:00+00:00,2026-01-18,8,6,0.0,0.0,0
2026-01-18 09:00:00+00:00,2026-01-18,9,6,0.0,0.0,0
2026-01-18 10:00:00+00:00,2026-01-18,10,6,0.0,0.0,0
2026-01-18 11:00:00+00:00,2026-01-18,11,6,0.0,0.0,0
2026-01-18 12:00:00+00:00,2026-01-18,12,6,0.0,0.0,0
2026-01-18 13:00:00+00:00,2026-01-18,13,6,0.0,0.0,0
2026-01-18 14:00:00+00:00,2026-01-18,14,6,0.0,0.0,0
2026-01-18 15:00:00+00:00,2026-01-18,15,6,0.0,0.0,0
2026-01-18 16:00:00+00:00,2026-01-18,16,6,0.0,0.0,0
2026-01-18 17:00:00+00:00,2026-01-18,17,6,0.0,0.0,0
2026-01-18 18:00:00+00:00,2026-01-18,18,6,0.0,0.0,0
2026-01-18 19:00:00+00:00,2026-01-18,19,6,0.0,0.0,0
2026-01-18 20:00:00+00:00,2026-01-18,20,6,0.0,0.0,0
2026-01-18 21:00:00+00:00,2026-01-18,21,6,0.0,0.0,0
2026-01-18 22:00:00+00:00,2026-01-18,22,6,0.0,0.0,0
2026-01-18 23:00:00+00:00,2026-01-18,23,6,0.0,0.0,0
2026-01-19 00:00:00+00:00,2026-01-19,0,0,0.0,0.0,0
2026-01-19 01:00:00+00:00,2026-01-19,1,0,0.0,0.0,0
2026-01-19 02:00:00+00:00,2026-01-19,2,0,0.0,0.0,0
2026-01-19 03:00:00+00:00,2026-01-19,3,0,0.0,0.0,0
2026-01-19 04:00:00+00:00,2026-01-19,4,0,0.0,0.0,0
2026-01-19 05:00:00+00:00,2026-01-19,5,0,0.0,0.0,0
2026-01-19 06:00:00+00:00,2026-01-19,6,0,2.8,100.73,1
2026-01-19 07:00:00+00:00,2026-01-19,7,0,0.93,33.5,1
2026-01-19 08:00:00+00:00,2026-01-19,8,0,0.38,13.53,1
2026-01-19 09:00:00+00:00,2026-01-19,9,0,8.47,305.08,1
2026-01-19 10:00:00+00:00,2026-01-19,10,0,11.26,405.33,1
2026-01-19 11:00:00+00:00,2026-01-19,11,0,11.58,417.02,1
2026-01-19 12:00:00+00:00,2026-01-19,12,0,21.3,766.95,1
2026-01-19 13:00:00+00:00,2026-01-19,13,0,10.56,380.21,1
2026-01-19 14:00:00+00:00,2026-01-19,14,0,6.05,217.9,1
2026-01-19 15:00:00+00:00,2026-01-19,15,0,10.06,362.05,1
2026-01-19 16:00:00+00:00,2026-01-19,16,0,19.82,713.66,1
2026-01-19 17:00:00+00:00,2026-01-19,17,0,19.94,717.72,1
2026-01-19 18:00:00+00:00,2026-01-19,18,0,15.0,540.0,1
2026-01-19 19:00:00+00:00,2026-01-19,19,0,10.25,368.85,1
2026-01-19 20:00:00+00:00,2026-01-19,20,0,0.0,0.0,0
2026-01-19 21:00:00+00:00,2026-01-19,21,0,0.0,0.0,0
2026-01-19 22:00:00+00:00,2026-01-19,22,0,0.0,0.0,0
2026-01-19 23:00:00+00:00,2026-01-19,23,0,0.0,0.0,0
2026-01-20 00:00:00+00:00,2026-01-20,0,1,0.0,0.0,0
2026-01-20 01:00:00+00:00,2026-01-20,1,1,0.0,0.0,0
2026-01-20 02:00:00+00:00,2026-01-20,2,1,0.0,0.0,0
2026-01-20 03:00:00+00:00,2026-01-20,3,1,0.0,0.0,0
2026-01-20 04:00:00+00:00,2026-01-20,4,1,0.0,0.0,0
2026-01-20 05:00:00+00:00,2026-01-20,5,1,0.0,0.0,0
2026-01-20 06:00:00+00:00,2026-01-20,6,1,3.84,138.32,1
2026-01-20 07:00:00+00:00,2026-01-20,7,1,3.15,113.44,1
2026-01-20 08:00:00+00:00,2026-01-20,8,1,0.27,9.68,1
2026-01-20 09:00:00+00:00,2026-01-20,9,1,11.13,400.82,1
2026-01-20 10:00:00+00:00,2026-01-20,10,1,19.05,685.73,1
2026-01-20 11:00:00+00:00,2026-01-20,11,1,7.43,267.36,1
2026-01-20 12:00:00+00:00,2026-01-20,12,1,0.0,0.0,0
2026-01-20 13:00:00+00:00,2026-01-20,13,1,1.01,36.31,1
2026-01-20 14:00:00+00:00,2026-01-20,14,1,1.11,39.92,1
2026-01-20 15:00:00+00:00,2026-01-20,15,1,5.81,209.08,1
2026-01-20 16:00:00+00:00,2026-01-20,16,1,1.08,38.98,1
2026-01-20 17:00:00+00:00,2026-01-20,17,1,13.69,492.86,1
2026-01-20 18:00:00+00:00,2026-01-20,18,1,16.77,603.61,1
2026-01-20 19:00:00+00:00,2026-01-20,19,1,9.9,356.38,1
2026-01-20 20:00:00+00:00,2026-01-20,20,1,0.0,0.0,0
2026-01-20 21:00:00+00:00,2026-01-20,21,1,0.0,0.0,0
2026-01-20 22:00:00+00:00,2026-01-20,22,1,0.0,0.0,0
2026-01-20 23:00:00+00:00,2026-01-20,23,1,0.0,0.0,0
2026-01-21 00:00:00+00:00,2026-01-21,0,2,0.0,0.0,0
2026-01-21 01:00:00+00:00,2026-01-21,1,2,0.0,0.0,0
2026-01-21 02:00:00+00:00,2026-01-21,2,2,0.0,0.0,0
2026-01-21 03:00:00+00:00,2026-01-21,3,2,0.0,0.0,0
2026-01-21 04:00:00+00:00,2026-01-21,4,2,0.0,0.0,0
2026-01-21 05:00:00+00:00,2026-01-21,5,2,1.54,55.33,1
2026-01-21 06:00:00+00:00,2026-01-21,6,2,0.43,15.51,1
2026-01-21 07:00:00+00:00,2026-01-21,7,2,3.19,114.96,1
2026-01-21 08:00:00+00:00,2026-01-21,8,2,0.41,14.71,1
2026-01-21 09:00:00+00:00,2026-01-21,9,2,13.44,483.95,1
2026-01-21 10:00:00+00:00,2026-01-21,10,2,10.27,369.66,1
2026-01-21 11:00:00+00:00,2026-01-21,11,2,27.0,971.9,1
2026-01-21 12:00:00+00:00,2026-01-21,12,2,25.41,914.71,1
2026-01-21 13:00:00+00:00,2026-01-21,13,2,25.6,921.46,1
2026-01-21 14:00:00+00:00,2026-01-21,14,2,24.52,882.71,1
2026-01-21 15:00:00+00:00,2026-01-21,15,2,15.18,546.63,1
2026-01-21 16:00:00+00:00,2026-01-21,16,2,16.03,576.98,1
2026-01-21 17:00:00+00:00,2026-01-21,17,2,19.91,716.8,1
2026-01-21 18:00:00+00:00,2026-01-21,18,2,17.75,638.87,1
2026-01-21 19:00:00+00:00,2026-01-21,19,2,15.48,557.29,1
2026-01-21 20:00:00+00:00,2026-01-21,20,2,0.0,0.0,0
2026-01-21 21:00:00+00:00,2026-01-21,21,2,0.0,0.0,0
2026-01-21 22:00:00+00:00,2026-01-21,22,2,0.0,0.0,0
2026-01-21 23:00:00+00:00,2026-01-21,23,2,0.0,0.0,0
2026-01-22 00:00:00+00:00,2026-01-22,0,3,0.0,0.0,0
2026-01-22 01:00:00+00:00,2026-01-22,1,3,0.0,0.0,0
2026-01-22 02:00:00+00:00,2026-01-22,2,3,0.0,0.0,0
2026-01-22 03:00:00+00:00,2026-01-22,3,3,0.0,0.0,0
2026-01-22 04:00:00+00:00,2026-01-22,4,3,0.0,0.0,0
2026-01-22 05:00:00+00:00,2026-01-22,5,3,1.49,53.52,1
2026-01-22 06:00:00+00:00,2026-01-22,6,3,0.92,33.21,1
2026-01-22 07:00:00+00:00,2026-01-22,7,3,18.59,669.13,1
2026-01-22 08:00:00+00:00,2026-01-22,8,3,25.23,908.2,1
2026-01-22 09:00:00+00:00,2026-01-22,9,3,18.34,660.23,1
2026-01-22 10:00:00+00:00,2026-01-22,10,3,17.32,623.37,1
2026-01-22 11:00:00+00:00,2026-01-22,11,3,15.34,552.31,1
2026-01-22 12:00:00+00:00,2026-01-22,12,3,20.82,749.67,1
2026-01-22 13:00:00+00:00,2026-01-22,13,3,18.43,663.31,1
2026-01-22 14:00:00+00:00,2026-01-22,14,3,15.41,554.71,1
2026-01-22 15:00:00+00:00,2026-01-22,15,3,6.17,222.17,1
2026-01-22 16:00:00+00:00,2026-01-22,16,3,7.42,267.14,1
2026-01-22 17:00:00+00:00,2026-01-22,17,3,3.45,124.29,1
2026-01-22 18:00:00+00:00,2026-01-22,18,3,2.08,74.97,1
2026-01-22 19:00:00+00:00,2026-01-22,19,3,0.89,32.09,1
2026-01-22 20:00:00+00:00,2026-01-22,20,3,0.0,0.0,0
2026-01-22 21:00:00+00:00,2026-01-22,21,3,0.0,0.0,0
2026-01-22 22:00:00+00:00,2026-01-22,22,3,0.0,0.0,0
2026-01-22 23:00:00+00:00,2026-01-22,23,3,0.0,0.0,0
2026-01-23 00:00:00+00:00,2026-01-23,0,4,0.0,0.0,0
2026-01-23 01:00:00+00:00,2026-01-23,1,4,0.0,0.0,0
2026-01-23 02:00:00+00:00,2026-01-23,2,4,0.0,0.0,0
2026-01-23 03:00:00+00:00,2026-01-23,3,4,0.0,0.0,0
2026-01-23 04:00:00+00:00,2026-01-23,4,4,0.0,0.0,0
2026-01-23 05:00:00+00:00,2026-01-23,5,4,2.2,79.19,1
2026-01-23 06:00:00+00:00,2026-01-23,6,4,0.0,0.0,0
2026-01-23 07:00:00+00:00,2026-01-23,7,4,31.65,1139.29,1
2026-01-23 08:00:00+00:00,2026-01-23,8,4,2.52,90.71,1
2026-01-23 09:00:00+00:00,2026-01-23,9,4,12.01,432.47,1
2026-01-23 10:00:00+00:00,2026-01-23,10,4,11.43,411.53,1
2026-01-23 11:00:00+00:00,2026-01-23,11,4,4.54,163.44,1
2026-01-23 12:00:00+00:00,2026-01-23,12,4,4.54,163.28,1
2026-01-23 13:00:00+00:00,2026-01-23,13,4,0.89,32.01,1
2026-01-23 14:00:00+00:00,2026-01-23,14,4,0.0,0.0,0
2026-01-23 15:00:00+00:00,2026-01-23,15,4,0.0,0.0,0
2026-01-23 16:00:00+00:00,2026-01-23,16,4,0.0,0.0,0
2026-01-23 17:00:00+00:00,2026-01-23,17,4,0.0,0.0,0
2026-01-23 18:00:00+00:00,2026-01-23,18,4,0.0,0.0,0
2026-01-23 19:00:00+00:00,2026-01-23,19,4,0.68,24.63,1
2026-01-23 20:00:00+00:00,2026-01-23,20,4,0.0,0.0,0
2026-01-23 21:00:00+00:00,2026-01-23,21,4,0.0,0.0,0
2026-01-23 22:00:00+00:00,2026-01-23,22,4,0.0,0.0,0
2026-01-23 23:00:00+00:00,2026-01-23,23,4,0.0,0.0,0
2026-01-24 00:00:00+00:00,2026-01-24,0,5,0.0,0.0,0
2026-01-24 01:00:00+00:00,2026-01-24,1,5,0.0,0.0,0
2026-01-24 02:00:00+00:00,2026-01-24,2,5,0.0,0.0,0
2026-01-24 03:00:00+00:00,2026-01-24,3,5,0.0,0.0,0
2026-01-24 04:00:00+00:00,2026-01-24,4,5,0.0,0.0,0
2026-01-24 05:00:00+00:00,2026-01-24,5,5,0.0,0.0,0
2026-01-24 06:00:00+00:00,2026-01-24,6,5,0.0,0.0,0
2026-01-24 07:00:00+00:00,2026-01-24,7,5,0.0,0.0,0
2026-01-24 08:00:00+00:00,2026-01-24,8,5,0.0,0.0,0
2026-01-24 09:00:00+00:00,2026-01-24,9,5,0.0,0.0,0
2026-01-24 10:00:00+00:00,2026-01-24,10,5,0.0,0.0,0
2026-01-24 11:00:00+00:00,2026-01-24,11,5,0.0,0.0,0
2026-01-24 12:00:00+00:00,2026-01-24,12,5,0.0,0.0,0
2026-01-24 13:00:00+00:00,2026-01-24,13,5,0.0,0.0,0
2026-01-24 14:00:00+00:00,2026-01-24,14,5,0.0,0.0,0
2026-01-24 15:00:00+00:00,2026-01-24,15,5,0.0,0.0,0
2026-01-24 16:00:00+00:00,2026-01-24,16,5,0.0,0.0,0
2026-01-24 17:00:00+00:00,2026-01-24,17,5,0.0,0.0,0
2026-01-24 18:00:00+00:00,2026-01-24,18,5,0.0,0.0,0
2026-01-24 19:00:00+00:00,2026-01-24,19,5,0.0,0.0,0
2026-01-24 20:00:00+00:00,2026-01-24,20,5,0.0,0.0,0
2026-01-24 21:00:00+00:00,2026-01-24,21,5,0.0,0.0,0
2026-01-24 22:00:00+00:00,2026-01-24,22,5,0.0,0.0,0
2026-01-24 23:00:00+00:00,2026-01-24,23,5,0.0,0.0,0
2026-01-25 00:00:00+00:00,2026-01-25,0,6,0.0,0.0,0
2026-01-25 01:00:00+00:00,2026-01-25,1,6,0.0,0.0,0
2026-01-25 02:00:00+00:00,2026-01-25,2,6,0.0,0.0,0
2026-01-25 03:00:00+00:00,2026-01-25,3,6,0.0,0.0,0
2026-01-25 04:00:00+00:00,2026-01-25,4,6,0.0,0.0,0
2026-01-25 05:00:00+00:00,2026-01-25,5,6,0.0,0.0,0
2026-01-25 06:00:00+00:00,2026-01-25,6,6,0.0,0.0,0
2026-01-25 07:00:00+00:00,2026-01-25,7,6,0.0,0.0,0
2026-01-25 08:00:00+00:00,2026-01-25,8,6,0.0,0.0,0
2026-01-25 09:00:00+00:00,2026-01-25,9,6,0.0,0.0,0
2026-01-25 10:00:00+00:00,2026-01-25,10,6,0.0,0.0,0
2026-01-25 11:00:00+00:00,2026-01-25,11,6,0.0,0.0,0
2026-01-25 12:00:00+00:00,2026-01-25,12,6,0.0,0.0,0
2026-01-25 13:00:00+00:00,2026-01-25,13,6,0.0,0.0,0
2026-01-25 14:00:00+00:00,2026-01-25,14,6,0.0,0.0,0
2026-01-25 15:00:00+00:00,2026-01-25,15,6,0.0,0.0,0
2026-01-25 16:00:00+00:00,2026-01-25,16,6,0.0,0.0,0
2026-01-25 17:00:00+00:00,2026-01-25,17,6,0.0,0.0,0
2026-01-25 18:00:00+00:00,2026-01-25,18,6,0.0,0.0,0
2026-01-25 19:00:00+00:00,2026-01-25,19,6,0.0,0.0,0
2026-01-25 20:00:00+00:00,2026-01-25,20,6,0.0,0.0,0
2026-01-25 21:00:00+00:00,2026-01-25,21,6,0.0,0.0,0
2026-01-25 22:00:00+00:00,2026-01-25,22,6,0.0,0.0,0
2026-01-25 23:00:00+00:00,2026-01-25,23,6,0.0,0.0,0
2026-01-26 00:00:00+00:00,2026-01-26,0,0,0.0,0.0,0
2026-01-26 01:00:00+00:00,2026-01-26,1,0,0.0,0.0,0
2026-01-26 02:00:00+00:00,2026-01-26,2,0,0.0,0.0,0
2026-01-26 03:00:00+00:00,2026-01-26,3,0,0.0,0.0,0
2026-01-26 04:00:00+00:00,2026-01-26,4,0,0.0,0.0,0
2026-01-26 05:00:00+00:00,2026-01-26,5,0,0.0,0.0,0
2026-01-26 06:00:00+00:00,2026-01-26,6,0,2.75,99.02,1
2026-01-26 07:00:00+00:00,2026-01-26,7,0,3.08,110.9,1
2026-01-26 08:00:00+00:00,2026-01-26,8,0,0.65,23.3,1
2026-01-26 09:00:00+00:00,2026-01-26,9,0,9.94,357.88,1
2026-01-26 10:00:00+00:00,2026-01-26,10,0,18.42,663.22,1
2026-01-26 11:00:00+00:00,2026-01-26,11,0,24.43,879.46,1
2026-01-26 12:00:00+00:00,2026-01-26,12,0,33.85,1218.73,1
2026-01-26 13:00:00+00:00,2026-01-26,13,0,15.65,563.33,1
2026-01-26 14:00:00+00:00,2026-01-26,14,0,19.83,714.06,1
2026-01-26 15:00:00+00:00,2026-01-26,15,0,10.2,367.29,1
2026-01-26 16:00:00+00:00,2026-01-26,16,0,13.24,476.61,1
2026-01-26 17:00:00+00:00,2026-01-26,17,0,11.86,426.91,1
2026-01-26 18:00:00+00:00,2026-01-26,18,0,10.06,362.18,1
2026-01-26 19:00:00+00:00,2026-01-26,19,0,12.01,432.21,1
2026-01-26 20:00:00+00:00,2026-01-26,20,0,0.0,0.0,0
2026-01-26 21:00:00+00:00,2026-01-26,21,0,0.0,0.0,0
2026-01-26 22:00:00+00:00,2026-01-26,22,0,0.0,0.0,0
2026-01-26 23:00:00+00:00,2026-01-26,23,0,0.0,0.0,0
2026-01-27 00:00:00+00:00,2026-01-27,0,1,0.0,0.0,0
2026-01-27 01:00:00+00:00,2026-01-27,1,1,0.0,0.0,0
2026-01-27 02:00:00+00:00,2026-01-27,2,1,0.0,0.0,0
2026-01-27 03:00:00+00:00,2026-01-27,3,1,0.0,0.0,0
2026-01-27 04:00:00+00:00,2026-01-27,4,1,0.0,0.0,0
2026-01-27 05:00:00+00:00,2026-01-27,5,1,2.37,85.17,1
2026-01-27 06:00:00+00:00,2026-01-27,6,1,1.11,39.98,1
2026-01-27 07:00:00+00:00,2026-01-27,7,1,9.08,326.81,1
2026-01-27 08:00:00+00:00,2026-01-27,8,1,10.67,383.94,1
2026-01-27 09:00:00+00:00,2026-01-27,9,1,10.96,394.46,1
2026-01-27 10:00:00+00:00,2026-01-27,10,1,24.5,881.99,1
2026-01-27 11:00:00+00:00,2026-01-27,11,1,36.19,1302.67,1
2026-01-27 12:00:00+00:00,2026-01-27,12,1,33.55,1207.71,1
2026-01-27 13:00:00+00:00,2026-01-27,13,1,15.89,572.1,1
2026-01-27 14:00:00+00:00,2026-01-27,14,1,31.75,1143.15,1
2026-01-27 15:00:00+00:00,2026-01-27,15,1,35.0,1260.0,1
2026-01-27 16:00:00+00:00,2026-01-27,16,1,30.4,1094.46,1
2026-01-27 17:00:00+00:00,2026-01-27,17,1,30.0,1080.0,1
2026-01-27 18:00:00+00:00,2026-01-27,18,1,19.26,693.49,1
2026-01-27 19:00:00+00:00,2026-01-27,19,1,10.14,365.05,1
2026-01-27 20:00:00+00:00,2026-01-27,20,1,10.0,360.0,1
2026-01-27 21:00:00+00:00,2026-01-27,21,1,10.0,360.0,1
2026-01-27 22:00:00+00:00,2026-01-27,22,1,10.0,360.0,1
2026-01-27 23:00:00+00:00,2026-01-27,23,1,10.0,360.0,1
2026-01-28 00:00:00+00:00,2026-01-28,0,2,10.0,360.0,1
2026-01-28 01:00:00+00:00,2026-01-28,1,2,10.0,360.0,1
2026-01-28 02:00:00+00:00,2026-01-28,2,2,10.0,360.0,1
2026-01-28 03:00:00+00:00,2026-01-28,3,2,10.0,360.0,1
2026-01-28 04:00:00+00:00,2026-01-28,4,2,10.0,360.0,1
2026-01-28 05:00:00+00:00,2026-01-28,5,2,10.17,366.1,1
2026-01-28 06:00:00+00:00,2026-01-28,6,2,10.93,393.41,1
2026-01-28 07:00:00+00:00,2026-01-28,7,2,11.76,423.51,1
2026-01-28 08:00:00+00:00,2026-01-28,8,2,18.21,655.57,1
2026-01-28 09:00:00+00:00,2026-01-28,9,2,11.58,416.86,1
2026-01-28 10:00:00+00:00,2026-01-28,10,2,19.07,686.64,1
2026-01-28 11:00:00+00:00,2026-01-28,11,2,18.86,678.81,1
2026-01-28 12:00:00+00:00,2026-01-28,12,2,29.63,1066.66,1
2026-01-28 13:00:00+00:00,2026-01-28,13,2,11.6,417.66,1
2026-01-28 14:00:00+00:00,2026-01-28,14,2,9.78,352.11,1
2026-01-28 15:00:00+00:00,2026-01-28,15,2,1.73,62.19,1
2026-01-28 16:00:00+00:00,2026-01-28,16,2,1.87,67.22,1
2026-01-28 17:00:00+00:00,2026-01-28,17,2,1.07,38.64,1
2026-01-28 18:00:00+00:00,2026-01-28,18,2,0.06,2.06,1
2026-01-28 19:00:00+00:00,2026-01-28,19,2,1.67,60.12,1
2026-01-28 20:00:00+00:00,2026-01-28,20,2,0.0,0.0,0
2026-01-28 21:00:00+00:00,2026-01-28,21,2,0.0,0.0,0
2026-01-28 22:00:00+00:00,2026-01-28,22,2,0.0,0.0,0
2026-01-28 23:00:00+00:00,2026-01-28,23,2,0.0,0.0,0
2026-01-29 00:00:00+00:00,2026-01-29,0,3,0.0,0.0,0
2026-01-29 01:00:00+00:00,2026-01-29,1,3,0.0,0.0,0
2026-01-29 02:00:00+00:00,2026-01-29,2,3,0.0,0.0,0
2026-01-29 03:00:00+00:00,2026-01-29,3,3,0.0,0.0,0
2026-01-29 04:00:00+00:00,2026-01-29,4,3,0.0,0.0,0
2026-01-29 05:00:00+00:00,2026-01-29,5,3,0.0,0.0,0
2026-01-29 06:00:00+00:00,2026-01-29,6,3,2.19,78.79,1
2026-01-29 07:00:00+00:00,2026-01-29,7,3,17.21,619.5,1
2026-01-29 08:00:00+00:00,2026-01-29,8,3,14.79,532.32,1
2026-01-29 09:00:00+00:00,2026-01-29,9,3,18.27,657.73,1
2026-01-29 10:00:00+00:00,2026-01-29,10,3,8.34,300.35,1
2026-01-29 11:00:00+00:00,2026-01-29,11,3,13.68,492.57,1
2026-01-29 12:00:00+00:00,2026-01-29,12,3,10.09,363.28,1
2026-01-29 13:00:00+00:00,2026-01-29,13,3,13.64,491.07,1
2026-01-29 14:00:00+00:00,2026-01-29,14,3,10.19,366.78,1
2026-01-29 15:00:00+00:00,2026-01-29,15,3,2.64,94.91,1
2026-01-29 16:00:00+00:00,2026-01-29,16,3,10.35,372.53,1
2026-01-29 17:00:00+00:00,2026-01-29,17,3,1.98,71.27,1
2026-01-29 18:00:00+00:00,2026-01-29,18,3,0.63,22.8,1
2026-01-29 19:00:00+00:00,2026-01-29,19,3,0.66,23.89,1
2026-01-29 20:00:00+00:00,2026-01-29,20,3,0.0,0.0,0
2026-01-29 21:00:00+00:00,2026-01-29,21,3,0.0,0.0,0
2026-01-29 22:00:00+00:00,2026-01-29,22,3,0.0,0.0,0
2026-01-29 23:00:00+00:00,2026-01-29,23,3,0.0,0.0,0
2026-01-30 00:00:00+00:00,2026-01-30,0,4,0.0,0.0,0
2026-01-30 01:00:00+00:00,2026-01-30,1,4,0.0,0.0,0
2026-01-30 02:00:00+00:00,2026-01-30,2,4,0.0,0.0,0
2026-01-30 03:00:00+00:00,2026-01-30,3,4,0.0,0.0,0
2026-01-30 04:00:00+00:00,2026-01-30,4,4,0.0,0.0,0
2026-01-30 05:00:00+00:00,2026-01-30,5,4,0.0,0.0,0
2026-01-30 06:00:00+00:00,2026-01-30,6,4,1.48,53.26,1
2026-01-30 07:00:00+00:00,2026-01-30,7,4,16.25,584.9,1
2026-01-30 08:00:00+00:00,2026-01-30,8,4,8.19,294.87,1
2026-01-30 09:00:00+00:00,2026-01-30,9,4,17.43,627.32,1
2026-01-30 10:00:00+00:00,2026-01-30,10,4,11.92,429.27,1
2026-01-30 11:00:00+00:00,2026-01-30,11,4,5.48,197.33,1
2026-01-30 12:00:00+00:00,2026-01-30,12,4,0.2,7.36,1
2026-01-30 13:00:00+00:00,2026-01-30,13,4,0.5,17.87,1
2026-01-30 14:00:00+00:00,2026-01-30,14,4,0.0,0.0,0
2026-01-30 15:00:00+00:00,2026-01-30,15,4,0.0,0.0,0
2026-01-30 16:00:00+00:00,2026-01-30,16,4,0.0,0.0,0
2026-01-30 17:00:00+00:00,2026-01-30,17,4,0.0,0.0,0
2026-01-30 18:00:00+00:00,2026-01-30,18,4,0.0,0.0,0
2026-01-30 19:00:00+00:00,2026-01-30,19,4,0.43,15.32,1
2026-01-30 20:00:00+00:00,2026-01-30,20,4,0.0,0.0,0
2026-01-30 21:00:00+00:00,2026-01-30,21,4,0.0,0.0,0
2026-01-30 22:00:00+00:00,2026-01-30,22,4,0.0,0.0,0
2026-01-30 23:00:00+00:00,2026-01-30,23,4,0.0,0.0,0
2026-01-31 00:00:00+00:00,2026-01-31,0,5,0.0,0.0,0
2026-01-31 01:00:00+00:00,2026-01-31,1,5,0.0,0.0,0
2026-01-31 02:00:00+00:00,2026-01-31,2,5,0.0,0.0,0
2026-01-31 03:00:00+00:00,2026-01-31,3,5,0.0,0.0,0
2026-01-31 04:00:00+00:00,2026-01-31,4,5,0.0,0.0,0
2026-01-31 05:00:00+00:00,2026-01-31,5,5,0.0,0.0,0
2026-01-31 06:00:00+00:00,2026-01-31,6,5,0.0,0.0,0
2026-01-31 07:00:00+00:00,2026-01-31,7,5,0.0,0.0,0
2026-01-31 08:00:00+00:00,2026-01-31,8,5,0.0,0.0,0
2026-01-31 09:00:00+00:00,2026-01-31,9,5,0.0,0.0,0
2026-01-31 10:00:00+00:00,2026-01-31,10,5,0.0,0.0,0
2026-01-31 11:00:00+00:00,2026-01-31,11,5,0.0,0.0,0
2026-01-31 12:00:00+00:00,2026-01-31,12,5,0.0,0.0,0
2026-01-31 13:00:00+00:00,2026-01-31,13,5,3.92,140.95,1
2026-01-31 14:00:00+00:00,2026-01-31,14,5,10.0,360.0,1
2026-01-31 15:00:00+00:00,2026-01-31,15,5,10.0,360.0,1
2026-01-31 16:00:00+00:00,2026-01-31,16,5,10.0,360.0,1
2026-01-31 17:00:00+00:00,2026-01-31,17,5,10.0,360.0,1
2026-01-31 18:00:00+00:00,2026-01-31,18,5,10.0,360.0,1
2026-01-31 19:00:00+00:00,2026-01-31,19,5,10.0,360.0,1
2026-01-31 20:00:00+00:00,2026-01-31,20,5,10.0,360.0,1
2026-01-31 21:00:00+00:00,2026-01-31,21,5,10.0,360.0,1
2026-01-31 22:00:00+00:00,2026-01-31,22,5,10.0,360.0,1
2026-01-31 23:00:00+00:00,2026-01-31,23,5,10.0,360.0,1
2026-02-01 00:00:00+00:00,2026-02-01,0,6,10.0,360.0,1
2026-02-01 01:00:00+00:00,2026-02-01,1,6,10.0,360.0,1
2026-02-01 02:00:00+00:00,2026-02-01,2,6,10.0,360.0,1
2026-02-01 03:00:00+00:00,2026-02-01,3,6,10.0,360.0,1
2026-02-01 04:00:00+00:00,2026-02-01,4,6,10.0,360.0,1
2026-02-01 05:00:00+00:00,2026-02-01,5,6,10.0,360.0,1
2026-02-01 06:00:00+00:00,2026-02-01,6,6,10.0,360.0,1
2026-02-01 07:00:00+00:00,2026-02-01,7,6,10.0,360.0,1
2026-02-01 08:00:00+00:00,2026-02-01,8,6,10.0,360.0,1
2026-02-01 09:00:00+00:00,2026-02-01,9,6,10.0,360.0,1
2026-02-01 10:00:00+00:00,2026-02-01,10,6,10.0,360.0,1
2026-02-01 11:00:00+00:00,2026-02-01,11,6,10.0,360.0,1
2026-02-01 12:00:00+00:00,2026-02-01,12,6,10.0,360.0,1
2026-02-01 13:00:00+00:00,2026-02-01,13,6,10.0,360.0,1
2026-02-01 14:00:00+00:00,2026-02-01,14,6,10.0,360.0,1
2026-02-01 15:00:00+00:00,2026-02-01,15,6,10.0,360.0,1
2026-02-01 16:00:00+00:00,2026-02-01,16,6,10.0,360.0,1
2026-02-01 17:00:00+00:00,2026-02-01,17,6,10.0,360.0,1
2026-02-01 18:00:00+00:00,2026-02-01,18,6,10.0,360.0,1
2026-02-01 19:00:00+00:00,2026-02-01,19,6,10.0,360.0,1
2026-02-01 20:00:00+00:00,2026-02-01,20,6,10.0,360.0,1
2026-02-01 21:00:00+00:00,2026-02-01,21,6,10.0,360.0,1
2026-02-01 22:00:00+00:00,2026-02-01,22,6,10.0,360.0,1
2026-02-01 23:00:00+00:00,2026-02-01,23,6,10.0,360.0,1
2026-02-02 00:00:00+00:00,2026-02-02,0,0,10.0,360.0,1
2026-02-02 01:00:00+00:00,2026-02-02,1,0,10.0,360.0,1
2026-02-02 02:00:00+00:00,2026-02-02,2,0,10.0,360.0,1
2026-02-02 03:00:00+00:00,2026-02-02,3,0,10.0,360.0,1
2026-02-02 04:00:00+00:00,2026-02-02,4,0,10.0,360.0,1
2026-02-02 05:00:00+00:00,2026-02-02,5,0,10.0,360.0,1
2026-02-02 06:00:00+00:00,2026-02-02,6,0,3.23,116.25,1
2026-02-02 07:00:00+00:00,2026-02-02,7,0,5.46,196.56,1
2026-02-02 08:00:00+00:00,2026-02-02,8,0,10.95,394.28,1
2026-02-02 09:00:00+00:00,2026-02-02,9,0,10.49,377.51,1
2026-02-02 10:00:00+00:00,2026-02-02,10,0,25.58,920.81,1
2026-02-02 11:00:00+00:00,2026-02-02,11,0,33.86,1218.99,1
2026-02-02 12:00:00+00:00,2026-02-02,12,0,38.72,1393.95,1
2026-02-02 13:00:00+00:00,2026-02-02,13,0,5.77,207.77,1
2026-02-02 14:00:00+00:00,2026-02-02,14,0,5.0,180.0,1
2026-02-02 15:00:00+00:00,2026-02-02,15,0,5.0,180.0,1
2026-02-02 16:00:00+00:00,2026-02-02,16,0,5.0,180.0,1
2026-02-02 17:00:00+00:00,2026-02-02,17,0,13.83,497.84,1
2026-02-02 18:00:00+00:00,2026-02-02,18,0,5.0,180.0,1
2026-02-02 19:00:00+00:00,2026-02-02,19,0,5.05,181.82,1
2026-02-02 20:00:00+00:00,2026-02-02,20,0,5.0,180.0,1
2026-02-02 21:00:00+00:00,2026-02-02,21,0,5.0,180.0,1
2026-02-02 22:00:00+00:00,2026-02-02,22,0,5.0,180.0,1
2026-02-02 23:00:00+00:00,2026-02-02,23,0,5.0,180.0,1
2026-02-03 00:00:00+00:00,2026-02-03,0,1,5.0,180.0,1
2026-02-03 01:00:00+00:00,2026-02-03,1,1,5.0,180.0,1
2026-02-03 02:00:00+00:00,2026-02-03,2,1,5.0,180.0,1
2026-02-03 03:00:00+00:00,2026-02-03,3,1,5.0,180.0,1
2026-02-03 04:00:00+00:00,2026-02-03,4,1,5.0,180.0,1
2026-02-03 05:00:00+00:00,2026-02-03,5,1,5.0,180.0,1
2026-02-03 06:00:00+00:00,2026-02-03,6,1,7.42,266.96,1
2026-02-03 07:00:00+00:00,2026-02-03,7,1,9.61,345.89,1
2026-02-03 08:00:00+00:00,2026-02-03,8,1,11.71,421.67,1
2026-02-03 09:00:00+00:00,2026-02-03,9,1,16.8,604.77,1
2026-02-03 10:00:00+00:00,2026-02-03,10,1,12.73,458.4,1
2026-02-03 11:00:00+00:00,2026-02-03,11,1,20.75,747.16,1
2026-02-03 12:00:00+00:00,2026-02-03,12,1,26.11,939.94,1
2026-02-03 13:00:00+00:00,2026-02-03,13,1,5.0,180.0,1
2026-02-03 14:00:00+00:00,2026-02-03,14,1,5.68,204.65,1
2026-02-03 15:00:00+00:00,2026-02-03,15,1,5.16,185.88,1
2026-02-03 16:00:00+00:00,2026-02-03,16,1,8.19,294.79,1
2026-02-03 17:00:00+00:00,2026-02-03,17,1,15.53,558.99,1
2026-02-03 18:00:00+00:00,2026-02-03,18,1,18.05,649.89,1
2026-02-03 19:00:00+00:00,2026-02-03,19,1,11.92,429.29,1
2026-02-03 20:00:00+00:00,2026-02-03,20,1,5.0,180.0,1
2026-02-03 21:00:00+00:00,2026-02-03,21,1,5.0,180.0,1
2026-02-03 22:00:00+00:00,2026-02-03,22,1,5.0,180.0,1
2026-02-03 23:00:00+00:00,2026-02-03,23,1,5.0,180.0,1
2026-02-04 00:00:00+00:00,2026-02-04,0,2,5.0,180.0,1
2026-02-04 01:00:00+00:00,2026-02-04,1,2,5.0,180.0,1
2026-02-04 02:00:00+00:00,2026-02-04,2,2,5.0,180.0,1
2026-02-04 03:00:00+00:00,2026-02-04,3,2,5.0,180.0,1
2026-02-04 04:00:00+00:00,2026-02-04,4,2,5.0,180.0,1
2026-02-04 05:00:00+00:00,2026-02-04,5,2,5.58,200.83,1
2026-02-04 06:00:00+00:00,2026-02-04,6,2,7.21,259.72,1
2026-02-04 07:00:00+00:00,2026-02-04,7,2,12.44,447.68,1
2026-02-04 08:00:00+00:00,2026-02-04,8,2,28.91,1040.79,1
2026-02-04 09:00:00+00:00,2026-02-04,9,2,23.04,829.58,1
2026-02-04 10:00:00+00:00,2026-02-04,10,2,11.0,396.08,1
2026-02-04 11:00:00+00:00,2026-02-04,11,2,13.6,489.76,1
2026-02-04 12:00:00+00:00,2026-02-04,12,2,15.83,569.89,1
2026-02-04 13:00:00+00:00,2026-02-04,13,2,12.43,447.34,1
2026-02-04 14:00:00+00:00,2026-02-04,14,2,15.89,572.19,1
2026-02-04 15:00:00+00:00,2026-02-04,15,2,0.33,11.97,1
2026-02-04 16:00:00+00:00,2026-02-04,16,2,0.17,6.02,1
2026-02-04 17:00:00+00:00,2026-02-04,17,2,1.42,51.07,1
2026-02-04 18:00:00+00:00,2026-02-04,18,2,7.34,264.34,1
2026-02-04 19:00:00+00:00,2026-02-04,19,2,1.63,58.69,1
2026-02-04 20:00:00+00:00,2026-02-04,20,2,0.0,0.0,0
2026-02-04 21:00:00+00:00,2026-02-04,21,2,0.0,0.0,0
2026-02-04 22:00:00+00:00,2026-02-04,22,2,0.0,0.0,0
2026-02-04 23:00:00+00:00,2026-02-04,23,2,0.0,0.0,0
2026-02-05 00:00:00+00:00,2026-02-05,0,3,0.0,0.0,0
2026-02-05 01:00:00+00:00,2026-02-05,1,3,0.0,0.0,0
2026-02-05 02:00:00+00:00,2026-02-05,2,3,0.0,0.0,0
2026-02-05 03:00:00+00:00,2026-02-05,3,3,0.0,0.0,0
2026-02-05 04:00:00+00:00,2026-02-05,4,3,0.0,0.0,0
2026-02-05 05:00:00+00:00,2026-02-05,5,3,0.0,0.0,0
2026-02-05 06:00:00+00:00,2026-02-05,6,3,2.7,97.16,1
2026-02-05 07:00:00+00:00,2026-02-05,7,3,10.15,365.49,1
2026-02-05 08:00:00+00:00,2026-02-05,8,3,23.64,850.96,1
2026-02-05 09:00:00+00:00,2026-02-05,9,3,20.04,721.53,1
2026-02-05 10:00:00+00:00,2026-02-05,10,3,29.13,1048.61,1
2026-02-05 11:00:00+00:00,2026-02-05,11,3,18.18,654.65,1
2026-02-05 12:00:00+00:00,2026-02-05,12,3,7.6,273.72,1
2026-02-05 13:00:00+00:00,2026-02-05,13,3,6.01,216.5,1
2026-02-05 14:00:00+00:00,2026-02-05,14,3,5.92,213.16,1
2026-02-05 15:00:00+00:00,2026-02-05,15,3,10.62,382.22,1
2026-02-05 16:00:00+00:00,2026-02-05,16,3,0.42,14.95,1
2026-02-05 17:00:00+00:00,2026-02-05,17,3,3.66,131.74,1
2026-02-05 18:00:00+00:00,2026-02-05,18,3,0.72,25.9,1
2026-02-05 19:00:00+00:00,2026-02-05,19,3,1.76,63.46,1
2026-02-05 20:00:00+00:00,2026-02-05,20,3,0.0,0.0,0
2026-02-05 21:00:00+00:00,2026-02-05,21,3,0.0,0.0,0
2026-02-05 22:00:00+00:00,2026-02-05,22,3,0.0,0.0,0
2026-02-05 23:00:00+00:00,2026-02-05,23,3,0.0,0.0,0
2026-02-06 00:00:00+00:00,2026-02-06,0,4,0.0,0.0,0
2026-02-06 01:00:00+00:00,2026-02-06,1,4,0.0,0.0,0
2026-02-06 02:00:00+00:00,2026-02-06,2,4,0.0,0.0,0
2026-02-06 03:00:00+00:00,2026-02-06,3,4,0.0,0.0,0
2026-02-06 04:00:00+00:00,2026-02-06,4,4,0.0,0.0,0
2026-02-06 05:00:00+00:00,2026-02-06,5,4,0.0,0.0,0
2026-02-06 06:00:00+00:00,2026-02-06,6,4,1.88,67.53,1
2026-02-06 07:00:00+00:00,2026-02-06,7,4,2.71,97.6,1
2026-02-06 08:00:00+00:00,2026-02-06,8,4,3.65,131.25,1
2026-02-06 09:00:00+00:00,2026-02-06,9,4,22.36,804.79,1
2026-02-06 10:00:00+00:00,2026-02-06,10,4,6.15,221.25,1
2026-02-06 11:00:00+00:00,2026-02-06,11,4,7.36,264.93,1
2026-02-06 12:00:00+00:00,2026-02-06,12,4,9.63,346.64,1
2026-02-06 13:00:00+00:00,2026-02-06,13,4,0.0,0.0,0
2026-02-06 14:00:00+00:00,2026-02-06,14,4,0.0,0.0,0
2026-02-06 15:00:00+00:00,2026-02-06,15,4,0.0,0.0,0
2026-02-06 16:00:00+00:00,2026-02-06,16,4,0.0,0.0,0
2026-02-06 17:00:00+00:00,2026-02-06,17,4,0.0,0.0,0
2026-02-06 18:00:00+00:00,2026-02-06,18,4,0.0,0.0,0
2026-02-06 19:00:00+00:00,2026-02-06,19,4,0.46,16.54,1
2026-02-06 20:00:00+00:00,2026-02-06,20,4,0.0,0.0,0
2026-02-06 21:00:00+00:00,2026-02-06,21,4,0.0,0.0,0
2026-02-06 22:00:00+00:00,2026-02-06,22,4,0.0,0.0,0
2026-02-06 23:00:00+00:00,2026-02-06,23,4,0.0,0.0,0
2026-02-07 00:00:00+00:00,2026-02-07,0,5,0.0,0.0,0
2026-02-07 01:00:00+00:00,2026-02-07,1,5,0.0,0.0,0
2026-02-07 02:00:00+00:00,2026-02-07,2,5,0.0,0.0,0
2026-02-07 03:00:00+00:00,2026-02-07,3,5,0.0,0.0,0
2026-02-07 04:00:00+00:00,2026-02-07,4,5,0.0,0.0,0
2026-02-07 05:00:00+00:00,2026-02-07,5,5,0.0,0.0,0
2026-02-07 06:00:00+00:00,2026-02-07,6,5,0.0,0.0,0
2026-02-07 07:00:00+00:00,2026-02-07,7,5,0.0,0.0,0
2026-02-07 08:00:00+00:00,2026-02-07,8,5,0.0,0.0,0
2026-02-07 09:00:00+00:00,2026-02-07,9,5,0.0,0.0,0
2026-02-07 10:00:00+00:00,2026-02-07,10,5,0.0,0.0,0
2026-02-07 11:00:00+00:00,2026-02-07,11,5,0.0,0.0,0
2026-02-07 12:00:00+00:00,2026-02-07,12,5,0.0,0.0,0
2026-02-07 13:00:00+00:00,2026-02-07,13,5,0.0,0.0,0
2026-02-07 14:00:00+00:00,2026-02-07,14,5,0.0,0.0,0
2026-02-07 15:00:00+00:00,2026-02-07,15,5,0.0,0.0,0
2026-02-07 16:00:00+00:00,2026-02-07,16,5,0.0,0.0,0
2026-02-07 17:00:00+00:00,2026-02-07,17,5,0.0,0.0,0
2026-02-07 18:00:00+00:00,2026-02-07,18,5,0.0,0.0,0
2026-02-07 19:00:00+00:00,2026-02-07,19,5,0.0,0.0,0
2026-02-07 20:00:00+00:00,2026-02-07,20,5,0.0,0.0,0
2026-02-07 21:00:00+00:00,2026-02-07,21,5,0.0,0.0,0
2026-02-07 22:00:00+00:00,2026-02-07,22,5,0.0,0.0,0
2026-02-07 23:00:00+00:00,2026-02-07,23,5,0.0,0.0,0
2026-02-08 00:00:00+00:00,2026-02-08,0,6,0.0,0.0,0
2026-02-08 01:00:00+00:00,2026-02-08,1,6,0.0,0.0,0
2026-02-08 02:00:00+00:00,2026-02-08,2,6,0.0,0.0,0
2026-02-08 03:00:00+00:00,2026-02-08,3,6,0.0,0.0,0
2026-02-08 04:00:00+00:00,2026-02-08,4,6,0.0,0.0,0
2026-02-08 05:00:00+00:00,2026-02-08,5,6,0.0,0.0,0
2026-02-08 06:00:00+00:00,2026-02-08,6,6,0.0,0.0,0
2026-02-08 07:00:00+00:00,2026-02-08,7,6,0.0,0.0,0
2026-02-08 08:00:00+00:00,2026-02-08,8,6,0.0,0.0,0
2026-02-08 09:00:00+00:00,2026-02-08,9,6,0.0,0.0,0
2026-02-08 10:00:00+00:00,2026-02-08,10,6,0.0,0.0,0
2026-02-08 11:00:00+00:00,2026-02-08,11,6,0.0,0.0,0
2026-02-08 12:00:00+00:00,2026-02-08,12,6,0.0,0.0,0
2026-02-08 13:00:00+00:00,2026-02-08,13,6,0.0,0.0,0
2026-02-08 14:00:00+00:00,2026-02-08,14,6,0.0,0.0,0
2026-02-08 15:00:00+00:00,2026-02-08,15,6,0.0,0.0,0
2026-02-08 16:00:00+00:00,2026-02-08,16,6,0.0,0.0,0
2026-02-08 17:00:00+00:00,2026-02-08,17,6,0.0,0.0,0
2026-02-08 18:00:00+00:00,2026-02-08,18,6,0.0,0.0,0
2026-02-08 19:00:00+00:00,2026-02-08,19,6,0.0,0.0,0
2026-02-08 20:00:00+00:00,2026-02-08,20,6,0.0,0.0,0
2026-02-08 21:00:00+00:00,2026-02-08,21,6,0.0,0.0,0
2026-02-08 22:00:00+00:00,2026-02-08,22,6,0.0,0.0,0
2026-02-08 23:00:00+00:00,2026-02-08,23,6,0.0,0.0,0
2026-02-09 00:00:00+00:00,2026-02-09,0,0,0.0,0.0,0
2026-02-09 01:00:00+00:00,2026-02-09,1,0,0.0,0.0,0
2026-02-09 02:00:00+00:00,2026-02-09,2,0,0.0,0.0,0
2026-02-09 03:00:00+00:00,2026-02-09,3,0,0.0,0.0,0
2026-02-09 04:00:00+00:00,2026-02-09,4,0,0.0,0.0,0
2026-02-09 05:00:00+00:00,2026-02-09,5,0,0.0,0.0,0
2026-02-09 06:00:00+00:00,2026-02-09,6,0,2.13,76.73,1
2026-02-09 07:00:00+00:00,2026-02-09,7,0,5.96,214.72,1
2026-02-09 08:00:00+00:00,2026-02-09,8,0,0.34,12.24,1
2026-02-09 09:00:00+00:00,2026-02-09,9,0,4.05,145.72,1
2026-02-09 10:00:00+00:00,2026-02-09,10,0,1.67,60.25,1
2026-02-09 11:00:00+00:00,2026-02-09,11,0,5.26,189.28,1
2026-02-09 12:00:00+00:00,2026-02-09,12,0,11.03,396.98,1
2026-02-09 13:00:00+00:00,2026-02-09,13,0,2.41,86.89,1
2026-02-09 14:00:00+00:00,2026-02-09,14,0,0.44,15.94,1
2026-02-09 15:00:00+00:00,2026-02-09,15,0,20.46,736.47,1
2026-02-09 16:00:00+00:00,2026-02-09,16,0,15.69,564.67,1
2026-02-09 17:00:00+00:00,2026-02-09,17,0,11.68,420.39,1
2026-02-09 18:00:00+00:00,2026-02-09,18,0,2.75,98.89,1
2026-02-09 19:00:00+00:00,2026-02-09,19,0,1.12,40.42,1
2026-02-09 20:00:00+00:00,2026-02-09,20,0,0.0,0.0,0
2026-02-09 21:00:00+00:00,2026-02-09,21,0,0.0,0.0,0
2026-02-09 22:00:00+00:00,2026-02-09,22,0,0.0,0.0,0
2026-02-09 23:00:00+00:00,2026-02-09,23,0,0.0,0.0,0
2026-02-10 00:00:00+00:00,2026-02-10,0,1,0.0,0.0,0
2026-02-10 01:00:00+00:00,2026-02-10,1,1,0.0,0.0,0
2026-02-10 02:00:00+00:00,2026-02-10,2,1,0.0,0.0,0
2026-02-10 03:00:00+00:00,2026-02-10,3,1,0.0,0.0,0
2026-02-10 04:00:00+00:00,2026-02-10,4,1,0.0,0.0,0
2026-02-10 05:00:00+00:00,2026-02-10,5,1,0.0,0.0,0
2026-02-10 06:00:00+00:00,2026-02-10,6,1,3.52,126.87,1
2026-02-10 07:00:00+00:00,2026-02-10,7,1,12.27,441.79,1
2026-02-10 08:00:00+00:00,2026-02-10,8,1,10.95,394.27,1
2026-02-10 09:00:00+00:00,2026-02-10,9,1,43.43,1563.56,1
2026-02-10 10:00:00+00:00,2026-02-10,10,1,30.62,1102.48,1
2026-02-10 11:00:00+00:00,2026-02-10,11,1,24.73,890.16,1
2026-02-10 12:00:00+00:00,2026-02-10,12,1,20.73,746.14,1
2026-02-10 13:00:00+00:00,2026-02-10,13,1,11.04,397.56,1
2026-02-10 14:00:00+00:00,2026-02-10,14,1,10.93,393.61,1
2026-02-10 15:00:00+00:00,2026-02-10,15,1,10.55,379.79,1
2026-02-10 16:00:00+00:00,2026-02-10,16,1,15.6,561.48,1
2026-02-10 17:00:00+00:00,2026-02-10,17,1,30.0,1080.0,1
2026-02-10 18:00:00+00:00,2026-02-10,18,1,30.0,1080.0,1
2026-02-10 19:00:00+00:00,2026-02-10,19,1,21.87,787.35,1
2026-02-10 20:00:00+00:00,2026-02-10,20,1,10.0,360.0,1
2026-02-10 21:00:00+00:00,2026-02-10,21,1,10.0,360.0,1
2026-02-10 22:00:00+00:00,2026-02-10,22,1,10.0,360.0,1
2026-02-10 23:00:00+00:00,2026-02-10,23,1,10.0,360.0,1
2026-02-11 00:00:00+00:00,2026-02-11,0,2,10.0,360.0,1
2026-02-11 01:00:00+00:00,2026-02-11,1,2,10.0,360.0,1
2026-02-11 02:00:00+00:00,2026-02-11,2,2,10.0,360.0,1
2026-02-11 03:00:00+00:00,2026-02-11,3,2,10.0,360.0,1
2026-02-11 04:00:00+00:00,2026-02-11,4,2,10.0,360.0,1
2026-02-11 05:00:00+00:00,2026-02-11,5,2,10.0,360.0,1
2026-02-11 06:00:00+00:00,2026-02-11,6,2,3.9,140.36,1
2026-02-11 07:00:00+00:00,2026-02-11,7,2,5.27,189.87,1
2026-02-11 08:00:00+00:00,2026-02-11,8,2,13.67,491.95,1
2026-02-11 09:00:00+00:00,2026-02-11,9,2,18.77,675.74,1
2026-02-11 10:00:00+00:00,2026-02-11,10,2,17.98,647.29,1
2026-02-11 11:00:00+00:00,2026-02-11,11,2,15.27,549.77,1
2026-02-11 12:00:00+00:00,2026-02-11,12,2,32.96,1186.63,1
2026-02-11 13:00:00+00:00,2026-02-11,13,2,15.04,541.43,1
2026-02-11 14:00:00+00:00,2026-02-11,14,2,18.75,675.09,1
2026-02-11 15:00:00+00:00,2026-02-11,15,2,32.3,1162.69,1
2026-02-11 16:00:00+00:00,2026-02-11,16,2,4.93,177.57,1
2026-02-11 17:00:00+00:00,2026-02-11,17,2,20.0,720.0,1
2026-02-11 18:00:00+00:00,2026-02-11,18,2,3.99,143.59,1
2026-02-11 19:00:00+00:00,2026-02-11,19,2,5.5,198.1,1
2026-02-11 20:00:00+00:00,2026-02-11,20,2,0.0,0.0,0
2026-02-11 21:00:00+00:00,2026-02-11,21,2,0.0,0.0,0
2026-02-11 22:00:00+00:00,2026-02-11,22,2,0.0,0.0,0
2026-02-11 23:00:00+00:00,2026-02-11,23,2,0.0,0.0,0
2026-02-12 00:00:00+00:00,2026-02-12,0,3,0.0,0.0,0
2026-02-12 01:00:00+00:00,2026-02-12,1,3,0.0,0.0,0
2026-02-12 02:00:00+00:00,2026-02-12,2,3,0.0,0.0,0
2026-02-12 03:00:00+00:00,2026-02-12,3,3,0.0,0.0,0
2026-02-12 04:00:00+00:00,2026-02-12,4,3,0.0,0.0,0
2026-02-12 05:00:00+00:00,2026-02-12,5,3,0.0,0.0,0
2026-02-12 06:00:00+00:00,2026-02-12,6,3,2.94,105.86,1
2026-02-12 07:00:00+00:00,2026-02-12,7,3,12.43,447.31,1
2026-02-12 08:00:00+00:00,2026-02-12,8,3,15.26,549.53,1
2026-02-12 09:00:00+00:00,2026-02-12,9,3,16.32,587.43,1
2026-02-12 10:00:00+00:00,2026-02-12,10,3,22.09,795.38,1
2026-02-12 11:00:00+00:00,2026-02-12,11,3,23.22,835.87,1
2026-02-12 12:00:00+00:00,2026-02-12,12,3,13.57,488.61,1
2026-02-12 13:00:00+00:00,2026-02-12,13,3,11.17,402.21,1
2026-02-12 14:00:00+00:00,2026-02-12,14,3,10.93,393.62,1
2026-02-12 15:00:00+00:00,2026-02-12,15,3,16.42,591.17,1
2026-02-12 16:00:00+00:00,2026-02-12,16,3,0.38,13.79,1
2026-02-12 17:00:00+00:00,2026-02-12,17,3,2.35,84.64,1
2026-02-12 18:00:00+00:00,2026-02-12,18,3,0.0,0.0,0
2026-02-12 19:00:00+00:00,2026-02-12,19,3,1.26,45.32,1
2026-02-12 20:00:00+00:00,2026-02-12,20,3,0.0,0.0,0
2026-02-12 21:00:00+00:00,2026-02-12,21,3,0.0,0.0,0
2026-02-12 22:00:00+00:00,2026-02-12,22,3,0.0,0.0,0
2026-02-12 23:00:00+00:00,2026-02-12,23,3,0.0,0.0,0
2026-02-13 00:00:00+00:00,2026-02-13,0,4,0.0,0.0,0
2026-02-13 01:00:00+00:00,2026-02-13,1,4,0.0,0.0,0
2026-02-13 02:00:00+00:00,2026-02-13,2,4,0.0,0.0,0
2026-02-13 03:00:00+00:00,2026-02-13,3,4,0.0,0.0,0
2026-02-13 04:00:00+00:00,2026-02-13,4,4,0.0,0.0,0
2026-02-13 05:00:00+00:00,2026-02-13,5,4,2.43,87.52,1
2026-02-13 06:00:00+00:00,2026-02-13,6,4,2.19,78.76,1
2026-02-13 07:00:00+00:00,2026-02-13,7,4,1.6,57.67,1
2026-02-13 08:00:00+00:00,2026-02-13,8,4,5.04,181.36,1
2026-02-13 09:00:00+00:00,2026-02-13,9,4,26.1,939.49,1
2026-02-13 10:00:00+00:00,2026-02-13,10,4,5.58,200.98,1
2026-02-13 11:00:00+00:00,2026-02-13,11,4,7.71,277.44,1
2026-02-13 12:00:00+00:00,2026-02-13,12,4,3.68,132.4,1
2026-02-13 13:00:00+00:00,2026-02-13,13,4,0.0,0.0,0
2026-02-13 14:00:00+00:00,2026-02-13,14,4,0.0,0.0,0
2026-02-13 15:00:00+00:00,2026-02-13,15,4,0.0,0.0,0
2026-02-13 16:00:00+00:00,2026-02-13,16,4,0.0,0.0,0
2026-02-13 17:00:00+00:00,2026-02-13,17,4,0.0,0.0,0
2026-02-13 18:00:00+00:00,2026-02-13,18,4,0.0,0.0,0
2026-02-13 19:00:00+00:00,2026-02-13,19,4,0.44,15.73,1
2026-02-13 20:00:00+00:00,2026-02-13,20,4,0.0,0.0,0
2026-02-13 21:00:00+00:00,2026-02-13,21,4,0.0,0.0,0
2026-02-13 22:00:00+00:00,2026-02-13,22,4,0.0,0.0,0
2026-02-13 23:00:00+00:00,2026-02-13,23,4,0.0,0.0,0
2026-02-14 00:00:00+00:00,2026-02-14,0,5,0.0,0.0,0
2026-02-14 01:00:00+00:00,2026-02-14,1,5,0.0,0.0,0
2026-02-14 02:00:00+00:00,2026-02-14,2,5,0.0,0.0,0
2026-02-14 03:00:00+00:00,2026-02-14,3,5,0.0,0.0,0
2026-02-14 04:00:00+00:00,2026-02-14,4,5,0.0,0.0,0
2026-02-14 05:00:00+00:00,2026-02-14,5,5,0.0,0.0,0
2026-02-14 06:00:00+00:00,2026-02-14,6,5,0.0,0.0,0
2026-02-14 07:00:00+00:00,2026-02-14,7,5,0.0,0.0,0
2026-02-14 08:00:00+00:00,2026-02-14,8,5,0.0,0.0,0
2026-02-14 09:00:00+00:00,2026-02-14,9,5,0.0,0.0,0
2026-02-14 10:00:00+00:00,2026-02-14,10,5,0.0,0.0,0
2026-02-14 11:00:00+00:00,2026-02-14,11,5,0.0,0.0,0
2026-02-14 12:00:00+00:00,2026-02-14,12,5,0.0,0.0,0
2026-02-14 13:00:00+00:00,2026-02-14,13,5,0.0,0.0,0
2026-02-14 14:00:00+00:00,2026-02-14,14,5,0.0,0.0,0
2026-02-14 15:00:00+00:00,2026-02-14,15,5,0.0,0.0,0
2026-02-14 16:00:00+00:00,2026-02-14,16,5,0.0,0.0,0
2026-02-14 17:00:00+00:00,2026-02-14,17,5,0.0,0.0,0
2026-02-14 18:00:00+00:00,2026-02-14,18,5,0.0,0.0,0
2026-02-14 19:00:00+00:00,2026-02-14,19,5,0.0,0.0,0
2026-02-14 20:00:00+00:00,2026-02-14,20,5,0.0,0.0,0
2026-02-14 21:00:00+00:00,2026-02-14,21,5,0.0,0.0,0
2026-02-14 22:00:00+00:00,2026-02-14,22,5,0.0,0.0,0
2026-02-14 23:00:00+00:00,2026-02-14,23,5,0.0,0.0,0
2026-02-15 00:00:00+00:00,2026-02-15,0,6,0.0,0.0,0
2026-02-15 01:00:00+00:00,2026-02-15,1,6,0.0,0.0,0
2026-02-15 02:00:00+00:00,2026-02-15,2,6,0.0,0.0,0
2026-02-15 03:00:00+00:00,2026-02-15,3,6,0.0,0.0,0
2026-02-15 04:00:00+00:00,2026-02-15,4,6,0.0,0.0,0
2026-02-15 05:00:00+00:00,2026-02-15,5,6,0.0,0.0,0
2026-02-15 06:00:00+00:00,2026-02-15,6,6,0.0,0.0,0
2026-02-15 07:00:00+00:00,2026-02-15,7,6,0.0,0.0,0
2026-02-15 08:00:00+00:00,2026-02-15,8,6,0.0,0.0,0
2026-02-15 09:00:00+00:00,2026-02-15,9,6,0.0,0.0,0
2026-02-15 10:00:00+00:00,2026-02-15,10,6,0.0,0.0,0
2026-02-15 11:00:00+00:00,2026-02-15,11,6,0.0,0.0,0
2026-02-15 12:00:00+00:00,2026-02-15,12,6,0.0,0.0,0
2026-02-15 13:00:00+00:00,2026-02-15,13,6,0.0,0.0,0
2026-02-15 14:00:00+00:00,2026-02-15,14,6,0.0,0.0,0
2026-02-15 15:00:00+00:00,2026-02-15,15,6,0.0,0.0,0
2026-02-15 16:00:00+00:00,2026-02-15,16,6,0.0,0.0,0
2026-02-15 17:00:00+00:00,2026-02-15,17,6,0.0,0.0,0
2026-02-15 18:00:00+00:00,2026-02-15,18,6,0.0,0.0,0
2026-02-15 19:00:00+00:00,2026-02-15,19,6,0.0,0.0,0
2026-02-15 20:00:00+00:00,2026-02-15,20,6,0.0,0.0,0
2026-02-15 21:00:00+00:00,2026-02-15,21,6,0.0,0.0,0
2026-02-15 22:00:00+00:00,2026-02-15,22,6,0.0,0.0,0
2026-02-15 23:00:00+00:00,2026-02-15,23,6,0.0,0.0,0
2026-02-16 00:00:00+00:00,2026-02-16,0,0,0.0,0.0,0
2026-02-16 01:00:00+00:00,2026-02-16,1,0,0.0,0.0,0
2026-02-16 02:00:00+00:00,2026-02-16,2,0,0.0,0.0,0
2026-02-16 03:00:00+00:00,2026-02-16,3,0,0.0,0.0,0
2026-02-16 04:00:00+00:00,2026-02-16,4,0,0.0,0.0,0
2026-02-16 05:00:00+00:00,2026-02-16,5,0,0.0,0.0,0
2026-02-16 06:00:00+00:00,2026-02-16,6,0,2.94,105.86,1
2026-02-16 07:00:00+00:00,2026-02-16,7,0,8.69,312.83,1
2026-02-16 08:00:00+00:00,2026-02-16,8,0,13.57,488.56,1
2026-02-16 09:00:00+00:00,2026-02-16,9,0,3.4,122.42,1
2026-02-16 10:00:00+00:00,2026-02-16,10,0,5.43,195.45,1
2026-02-16 11:00:00+00:00,2026-02-16,11,0,1.0,36.04,1
2026-02-16 12:00:00+00:00,2026-02-16,12,0,8.42,302.95,1
2026-02-16 13:00:00+00:00,2026-02-16,13,0,4.5,162.03,1
2026-02-16 14:00:00+00:00,2026-02-16,14,0,1.59,57.26,1
2026-02-16 15:00:00+00:00,2026-02-16,15,0,8.12,292.43,1
2026-02-16 16:00:00+00:00,2026-02-16,16,0,0.9,32.58,1
2026-02-16 17:00:00+00:00,2026-02-16,17,0,0.36,12.95,1
2026-02-16 18:00:00+00:00,2026-02-16,18,0,1.39,49.98,1
2026-02-16 19:00:00+00:00,2026-02-16,19,0,3.98,143.4,1
2026-02-16 20:00:00+00:00,2026-02-16,20,0,0.0,0.0,0
2026-02-16 21:00:00+00:00,2026-02-16,21,0,0.0,0.0,0
2026-02-16 22:00:00+00:00,2026-02-16,22,0,0.0,0.0,0
2026-02-16 23:00:00+00:00,2026-02-16,23,0,0.0,0.0,0
2026-02-17 00:00:00+00:00,2026-02-17,0,1,0.0,0.0,0
2026-02-17 01:00:00+00:00,2026-02-17,1,1,0.0,0.0,0
2026-02-17 02:00:00+00:00,2026-02-17,2,1,0.0,0.0,0
2026-02-17 03:00:00+00:00,2026-02-17,3,1,0.0,0.0,0
2026-02-17 04:00:00+00:00,2026-02-17,4,1,0.0,0.0,0
2026-02-17 05:00:00+00:00,2026-02-17,5,1,0.0,0.0,0
2026-02-17 06:00:00+00:00,2026-02-17,6,1,3.55,127.79,1
2026-02-17 07:00:00+00:00,2026-02-17,7,1,4.06,146.33,1
2026-02-17 08:00:00+00:00,2026-02-17,8,1,2.56,92.25,1
2026-02-17 09:00:00+00:00,2026-02-17,9,1,16.28,586.13,1
2026-02-17 10:00:00+00:00,2026-02-17,10,1,5.88,211.63,1
2026-02-17 11:00:00+00:00,2026-02-17,11,1,9.14,328.96,1
2026-02-17 12:00:00+00:00,2026-02-17,12,1,7.02,252.88,1
2026-02-17 13:00:00+00:00,2026-02-17,13,1,5.0,180.0,1
2026-02-17 14:00:00+00:00,2026-02-17,14,1,6.1,219.59,1
2026-02-17 15:00:00+00:00,2026-02-17,15,1,25.0,900.0,1
2026-02-17 16:00:00+00:00,2026-02-17,16,1,25.0,900.0,1
2026-02-17 17:00:00+00:00,2026-02-17,17,1,25.0,900.0,1
2026-02-17 18:00:00+00:00,2026-02-17,18,1,25.0,900.0,1
2026-02-17 19:00:00+00:00,2026-02-17,19,1,14.23,512.17,1
2026-02-17 20:00:00+00:00,2026-02-17,20,1,5.0,180.0,1
2026-02-17 21:00:00+00:00,2026-02-17,21,1,5.0,180.0,1
2026-02-17 22:00:00+00:00,2026-02-17,22,1,5.0,180.0,1
2026-02-17 23:00:00+00:00,2026-02-17,23,1,5.0,180.0,1
2026-02-18 00:00:00+00:00,2026-02-18,0,2,5.0,180.0,1
2026-02-18 01:00:00+00:00,2026-02-18,1,2,5.0,180.0,1
2026-02-18 02:00:00+00:00,2026-02-18,2,2,5.0,180.0,1
2026-02-18 03:00:00+00:00,2026-02-18,3,2,5.0,180.0,1
2026-02-18 04:00:00+00:00,2026-02-18,4,2,5.0,180.0,1
2026-02-18 05:00:00+00:00,2026-02-18,5,2,5.0,180.0,1
2026-02-18 06:00:00+00:00,2026-02-18,6,2,7.98,287.31,1
2026-02-18 07:00:00+00:00,2026-02-18,7,2,11.59,417.08,1
2026-02-18 08:00:00+00:00,2026-02-18,8,2,16.44,591.75,1
2026-02-18 09:00:00+00:00,2026-02-18,9,2,18.63,670.6,1
2026-02-18 10:00:00+00:00,2026-02-18,10,2,16.32,587.63,1
2026-02-18 11:00:00+00:00,2026-02-18,11,2,16.36,589.02,1
2026-02-18 12:00:00+00:00,2026-02-18,12,2,16.69,600.78,1
2026-02-18 13:00:00+00:00,2026-02-18,13,2,5.01,180.47,1
2026-02-18 14:00:00+00:00,2026-02-18,14,2,5.22,188.01,1
2026-02-18 15:00:00+00:00,2026-02-18,15,2,3.1,111.59,1
2026-02-18 16:00:00+00:00,2026-02-18,16,2,2.22,79.96,1
2026-02-18 17:00:00+00:00,2026-02-18,17,2,1.92,68.97,1
2026-02-18 18:00:00+00:00,2026-02-18,18,2,0.57,20.58,1
2026-02-18 19:00:00+00:00,2026-02-18,19,2,5.31,191.09,1
2026-02-18 20:00:00+00:00,2026-02-18,20,2,0.0,0.0,0
2026-02-18 21:00:00+00:00,2026-02-18,21,2,0.0,0.0,0
2026-02-18 22:00:00+00:00,2026-02-18,22,2,0.0,0.0,0
2026-02-18 23:00:00+00:00,2026-02-18,23,2,0.0,0.0,0
2026-02-19 00:00:00+00:00,2026-02-19,0,3,0.0,0.0,0
2026-02-19 01:00:00+00:00,2026-02-19,1,3,0.0,0.0,0
2026-02-19 02:00:00+00:00,2026-02-19,2,3,0.0,0.0,0
2026-02-19 03:00:00+00:00,2026-02-19,3,3,0.0,0.0,0
2026-02-19 04:00:00+00:00,2026-02-19,4,3,0.0,0.0,0
2026-02-19 05:00:00+00:00,2026-02-19,5,3,0.0,0.0,0
2026-02-19 06:00:00+00:00,2026-02-19,6,3,3.13,112.6,1
2026-02-19 07:00:00+00:00,2026-02-19,7,3,17.23,620.41,1
2026-02-19 08:00:00+00:00,2026-02-19,8,3,11.05,397.69,1
2026-02-19 09:00:00+00:00,2026-02-19,9,3,11.21,403.61,1
2026-02-19 10:00:00+00:00,2026-02-19,10,3,15.51,558.49,1
2026-02-19 11:00:00+00:00,2026-02-19,11,3,13.72,493.87,1
2026-02-19 12:00:00+00:00,2026-02-19,12,3,29.86,1075.05,1
2026-02-19 13:00:00+00:00,2026-02-19,13,3,13.33,479.81,1
2026-02-19 14:00:00+00:00,2026-02-19,14,3,10.94,393.84,1
2026-02-19 15:00:00+00:00,2026-02-19,15,3,10.19,366.83,1
2026-02-19 16:00:00+00:00,2026-02-19,16,3,10.64,383.05,1
2026-02-19 17:00:00+00:00,2026-02-19,17,3,10.53,379.21,1
2026-02-19 18:00:00+00:00,2026-02-19,18,3,0.0,0.0,0
2026-02-19 19:00:00+00:00,2026-02-19,19,3,5.93,213.46,1
2026-02-19 20:00:00+00:00,2026-02-19,20,3,0.0,0.0,0
2026-02-19 21:00:00+00:00,2026-02-19,21,3,0.0,0.0,0
2026-02-19 22:00:00+00:00,2026-02-19,22,3,0.0,0.0,0
2026-02-19 23:00:00+00:00,2026-02-19,23,3,0.0,0.0,0
2026-02-20 00:00:00+00:00,2026-02-20,0,4,0.0,0.0,0
2026-02-20 01:00:00+00:00,2026-02-20,1,4,0.0,0.0,0
2026-02-20 02:00:00+00:00,2026-02-20,2,4,0.0,0.0,0
2026-02-20 03:00:00+00:00,2026-02-20,3,4,0.0,0.0,0
2026-02-20 04:00:00+00:00,2026-02-20,4,4,0.0,0.0,0
2026-02-20 05:00:00+00:00,2026-02-20,5,4,1.08,38.77,1
2026-02-20 06:00:00+00:00,2026-02-20,6,4,0.0,0.0,0
2026-02-20 07:00:00+00:00,2026-02-20,7,4,7.65,275.56,1
2026-02-20 08:00:00+00:00,2026-02-20,8,4,22.96,826.68,1
2026-02-20 09:00:00+00:00,2026-02-20,9,4,46.18,1662.3,1
2026-02-20 10:00:00+00:00,2026-02-20,10,4,34.45,1240.23,1
2026-02-20 11:00:00+00:00,2026-02-20,11,4,26.89,967.87,1
2026-02-20 12:00:00+00:00,2026-02-20,12,4,20.06,722.29,1
2026-02-20 13:00:00+00:00,2026-02-20,13,4,20.48,737.31,1
2026-02-20 14:00:00+00:00,2026-02-20,14,4,0.91,32.69,1
2026-02-20 15:00:00+00:00,2026-02-20,15,4,0.0,0.0,0
2026-02-20 16:00:00+00:00,2026-02-20,16,4,0.0,0.0,0
2026-02-20 17:00:00+00:00,2026-02-20,17,4,0.0,0.0,0
2026-02-20 18:00:00+00:00,2026-02-20,18,4,0.0,0.0,0
2026-02-20 19:00:00+00:00,2026-02-20,19,4,0.47,17.04,1
2026-02-20 20:00:00+00:00,2026-02-20,20,4,0.0,0.0,0
2026-02-20 21:00:00+00:00,2026-02-20,21,4,0.0,0.0,0
2026-02-20 22:00:00+00:00,2026-02-20,22,4,0.0,0.0,0
2026-02-20 23:00:00+00:00,2026-02-20,23,4,0.0,0.0,0
2026-02-21 00:00:00+00:00,2026-02-21,0,5,0.0,0.0,0
2026-02-21 01:00:00+00:00,2026-02-21,1,5,0.0,0.0,0
2026-02-21 02:00:00+00:00,2026-02-21,2,5,0.0,0.0,0
2026-02-21 03:00:00+00:00,2026-02-21,3,5,0.0,0.0,0
2026-02-21 04:00:00+00:00,2026-02-21,4,5,0.0,0.0,0
2026-02-21 05:00:00+00:00,2026-02-21,5,5,0.0,0.0,0
2026-02-21 06:00:00+00:00,2026-02-21,6,5,0.0,0.0,0
2026-02-21 07:00:00+00:00,2026-02-21,7,5,0.0,0.0,0
2026-02-21 08:00:00+00:00,2026-02-21,8,5,0.0,0.0,0
2026-02-21 09:00:00+00:00,2026-02-21,9,5,0.0,0.0,0
2026-02-21 10:00:00+00:00,2026-02-21,10,5,0.0,0.0,0
2026-02-21 11:00:00+00:00,2026-02-21,11,5,0.0,0.0,0
2026-02-21 12:00:00+00:00,2026-02-21,12,5,0.0,0.0,0
2026-02-21 13:00:00+00:00,2026-02-21,13,5,0.0,0.0,0
2026-02-21 14:00:00+00:00,2026-02-21,14,5,0.0,0.0,0
2026-02-21 15:00:00+00:00,2026-02-21,15,5,0.0,0.0,0
2026-02-21 16:00:00+00:00,2026-02-21,16,5,0.0,0.0,0
2026-02-21 17:00:00+00:00,2026-02-21,17,5,0.0,0.0,0
2026-02-21 18:00:00+00:00,2026-02-21,18,5,0.0,0.0,0
2026-02-21 19:00:00+00:00,2026-02-21,19,5,0.0,0.0,0
2026-02-21 20:00:00+00:00,2026-02-21,20,5,0.0,0.0,0
2026-02-21 21:00:00+00:00,2026-02-21,21,5,0.0,0.0,0
2026-02-21 22:00:00+00:00,2026-02-21,22,5,0.0,0.0,0
2026-02-21 23:00:00+00:00,2026-02-21,23,5,0.0,0.0,0
2026-02-22 00:00:00+00:00,2026-02-22,0,6,0.0,0.0,0
2026-02-22 01:00:00+00:00,2026-02-22,1,6,0.0,0.0,0
2026-02-22 02:00:00+00:00,2026-02-22,2,6,0.0,0.0,0
2026-02-22 03:00:00+00:00,2026-02-22,3,6,0.0,0.0,0
2026-02-22 04:00:00+00:00,2026-02-22,4,6,0.0,0.0,0
2026-02-22 05:00:00+00:00,2026-02-22,5,6,0.0,0.0,0
2026-02-22 06:00:00+00:00,2026-02-22,6,6,0.0,0.0,0
2026-02-22 07:00:00+00:00,2026-02-22,7,6,0.0,0.0,0
2026-02-22 08:00:00+00:00,2026-02-22,8,6,0.0,0.0,0
2026-02-22 09:00:00+00:00,2026-02-22,9,6,0.0,0.0,0
2026-02-22 10:00:00+00:00,2026-02-22,10,6,0.0,0.0,0
2026-02-22 11:00:00+00:00,2026-02-22,11,6,0.0,0.0,0
2026-02-22 12:00:00+00:00,2026-02-22,12,6,0.0,0.0,0
2026-02-22 13:00:00+00:00,2026-02-22,13,6,0.0,0.0,0
2026-02-22 14:00:00+00:00,2026-02-22,14,6,0.0,0.0,0
2026-02-22 15:00:00+00:00,2026-02-22,15,6,0.0,0.0,0
2026-02-22 16:00:00+00:00,2026-02-22,16,6,0.0,0.0,0
2026-02-22 17:00:00+00:00,2026-02-22,17,6,0.0,0.0,0
2026-02-22 18:00:00+00:00,2026-02-22,18,6,0.0,0.0,0
2026-02-22 19:00:00+00:00,2026-02-22,19,6,0.0,0.0,0
2026-02-22 20:00:00+00:00,2026-02-22,20,6,0.0,0.0,0
2026-02-22 21:00:00+00:00,2026-02-22,21,6,0.0,0.0,0
2026-02-22 22:00:00+00:00,2026-02-22,22,6,0.0,0.0,0
2026-02-22 23:00:00+00:00,2026-02-22,23,6,0.0,0.0,0
2026-02-23 00:00:00+00:00,2026-02-23,0,0,0.0,0.0,0
2026-02-23 01:00:00+00:00,2026-02-23,1,0,0.0,0.0,0
2026-02-23 02:00:00+00:00,2026-02-23,2,0,0.0,0.0,0
2026-02-23 03:00:00+00:00,2026-02-23,3,0,0.0,0.0,0
2026-02-23 04:00:00+00:00,2026-02-23,4,0,0.0,0.0,0
2026-02-23 05:00:00+00:00,2026-02-23,5,0,0.0,0.0,0
2026-02-23 06:00:00+00:00,2026-02-23,6,0,3.63,130.69,1
2026-02-23 07:00:00+00:00,2026-02-23,7,0,5.76,207.51,1
2026-02-23 08:00:00+00:00,2026-02-23,8,0,3.11,111.95,1
2026-02-23 09:00:00+00:00,2026-02-23,9,0,5.87,211.19,1
2026-02-23 10:00:00+00:00,2026-02-23,10,0,20.57,740.51,1
2026-02-23 11:00:00+00:00,2026-02-23,11,0,26.97,970.81,1
2026-02-23 12:00:00+00:00,2026-02-23,12,0,19.73,710.3,1
2026-02-23 13:00:00+00:00,2026-02-23,13,0,10.8,388.84,1
2026-02-23 14:00:00+00:00,2026-02-23,14,0,11.85,426.46,1
2026-02-23 15:00:00+00:00,2026-02-23,15,0,20.77,747.56,1
2026-02-23 16:00:00+00:00,2026-02-23,16,0,8.62,310.37,1
2026-02-23 17:00:00+00:00,2026-02-23,17,0,3.07,110.59,1
2026-02-23 18:00:00+00:00,2026-02-23,18,0,0.34,12.36,1
2026-02-23 19:00:00+00:00,2026-02-23,19,0,5.02,180.64,1
2026-02-23 20:00:00+00:00,2026-02-23,20,0,0.0,0.0,0
2026-02-23 21:00:00+00:00,2026-02-23,21,0,0.0,0.0,0
2026-02-23 22:00:00+00:00,2026-02-23,22,0,0.0,0.0,0
2026-02-23 23:00:00+00:00,2026-02-23,23,0,0.0,0.0,0
2026-02-24 00:00:00+00:00,2026-02-24,0,1,0.0,0.0,0
2026-02-24 01:00:00+00:00,2026-02-24,1,1,0.0,0.0,0
2026-02-24 02:00:00+00:00,2026-02-24,2,1,0.0,0.0,0
2026-02-24 03:00:00+00:00,2026-02-24,3,1,0.0,0.0,0
2026-02-24 04:00:00+00:00,2026-02-24,4,1,0.0,0.0,0
2026-02-24 05:00:00+00:00,2026-02-24,5,1,0.0,0.0,0
2026-02-24 06:00:00+00:00,2026-02-24,6,1,2.76,99.22,1
2026-02-24 07:00:00+00:00,2026-02-24,7,1,9.48,341.26,1
2026-02-24 08:00:00+00:00,2026-02-24,8,1,6.64,239.12,1
2026-02-24 09:00:00+00:00,2026-02-24,9,1,41.68,1500.49,1
2026-02-24 10:00:00+00:00,2026-02-24,10,1,38.88,1399.65,1
2026-02-24 11:00:00+00:00,2026-02-24,11,1,54.41,1958.93,1
2026-02-24 12:00:00+00:00,2026-02-24,12,1,50.32,1811.41,1
2026-02-24 13:00:00+00:00,2026-02-24,13,1,25.0,900.0,1
2026-02-24 14:00:00+00:00,2026-02-24,14,1,26.65,959.29,1
2026-02-24 15:00:00+00:00,2026-02-24,15,1,26.45,952.27,1
2026-02-24 16:00:00+00:00,2026-02-24,16,1,30.86,1111.03,1
2026-02-24 17:00:00+00:00,2026-02-24,17,1,33.97,1223.06,1
2026-02-24 18:00:00+00:00,2026-02-24,18,1,27.13,976.52,1
2026-02-24 19:00:00+00:00,2026-02-24,19,1,36.18,1302.38,1
2026-02-24 20:00:00+00:00,2026-02-24,20,1,20.0,720.0,1
2026-02-24 21:00:00+00:00,2026-02-24,21,1,20.0,720.0,1
2026-02-24 22:00:00+00:00,2026-02-24,22,1,20.0,720.0,1
2026-02-24 23:00:00+00:00,2026-02-24,23,1,20.0,720.0,1
2026-02-25 00:00:00+00:00,2026-02-25,0,2,20.0,720.0,1
2026-02-25 01:00:00+00:00,2026-02-25,1,2,20.0,720.0,1
2026-02-25 02:00:00+00:00,2026-02-25,2,2,20.0,720.0,1
2026-02-25 03:00:00+00:00,2026-02-25,3,2,20.0,720.0,1
2026-02-25 04:00:00+00:00,2026-02-25,4,2,20.0,720.0,1
2026-02-25 05:00:00+00:00,2026-02-25,5,2,20.54,739.41,1
2026-02-25 06:00:00+00:00,2026-02-25,6,2,22.99,827.51,1
2026-02-25 07:00:00+00:00,2026-02-25,7,2,34.99,1259.53,1
2026-02-25 08:00:00+00:00,2026-02-25,8,2,35.24,1268.63,1
2026-02-25 09:00:00+00:00,2026-02-25,9,2,35.49,1277.56,1
2026-02-25 10:00:00+00:00,2026-02-25,10,2,50.51,1818.2,1
2026-02-25 11:00:00+00:00,2026-02-25,11,2,50.45,1816.14,1
2026-02-25 12:00:00+00:00,2026-02-25,12,2,55.65,2003.36,1
2026-02-25 13:00:00+00:00,2026-02-25,13,2,40.05,1441.97,1
2026-02-25 14:00:00+00:00,2026-02-25,14,2,40.59,1461.12,1
2026-02-25 15:00:00+00:00,2026-02-25,15,2,30.33,1091.91,1
2026-02-25 16:00:00+00:00,2026-02-25,16,2,31.49,1133.73,1
2026-02-25 17:00:00+00:00,2026-02-25,17,2,24.49,881.69,1
2026-02-25 18:00:00+00:00,2026-02-25,18,2,20.0,720.0,1
2026-02-25 19:00:00+00:00,2026-02-25,19,2,13.37,481.44,1
2026-02-25 20:00:00+00:00,2026-02-25,20,2,0.0,0.0,0
2026-02-25 21:00:00+00:00,2026-02-25,21,2,0.0,0.0,0
2026-02-25 22:00:00+00:00,2026-02-25,22,2,0.0,0.0,0
2026-02-25 23:00:00+00:00,2026-02-25,23,2,0.0,0.0,0
2026-02-26 00:00:00+00:00,2026-02-26,0,3,0.0,0.0,0
2026-02-26 01:00:00+00:00,2026-02-26,1,3,0.0,0.0,0
2026-02-26 02:00:00+00:00,2026-02-26,2,3,0.0,0.0,0
2026-02-26 03:00:00+00:00,2026-02-26,3,3,0.0,0.0,0
2026-02-26 04:00:00+00:00,2026-02-26,4,3,0.0,0.0,0
2026-02-26 05:00:00+00:00,2026-02-26,5,3,0.0,0.0,0
2026-02-26 06:00:00+00:00,2026-02-26,6,3,3.37,121.42,1
2026-02-26 07:00:00+00:00,2026-02-26,7,3,9.42,339.12,1
2026-02-26 08:00:00+00:00,2026-02-26,8,3,2.19,78.67,1
2026-02-26 09:00:00+00:00,2026-02-26,9,3,17.77,639.69,1
2026-02-26 10:00:00+00:00,2026-02-26,10,3,15.4,554.44,1
2026-02-26 11:00:00+00:00,2026-02-26,11,3,11.33,407.87,1
2026-02-26 12:00:00+00:00,2026-02-26,12,3,22.87,823.36,1
2026-02-26 13:00:00+00:00,2026-02-26,13,3,16.2,583.24,1
2026-02-26 14:00:00+00:00,2026-02-26,14,3,10.97,394.99,1
2026-02-26 15:00:00+00:00,2026-02-26,15,3,3.2,115.23,1
2026-02-26 16:00:00+00:00,2026-02-26,16,3,1.72,61.9,1
2026-02-26 17:00:00+00:00,2026-02-26,17,3,8.03,288.96,1
2026-02-26 18:00:00+00:00,2026-02-26,18,3,0.2,7.16,1
2026-02-26 19:00:00+00:00,2026-02-26,19,3,2.62,94.14,1
2026-02-26 20:00:00+00:00,2026-02-26,20,3,0.0,0.0,0
2026-02-26 21:00:00+00:00,2026-02-26,21,3,0.0,0.0,0
2026-02-26 22:00:00+00:00,2026-02-26,22,3,0.0,0.0,0
2026-02-26 23:00:00+00:00,2026-02-26,23,3,0.0,0.0,0
2026-02-27 00:00:00+00:00,2026-02-27,0,4,0.0,0.0,0
2026-02-27 01:00:00+00:00,2026-02-27,1,4,0.0,0.0,0
2026-02-27 02:00:00+00:00,2026-02-27,2,4,0.0,0.0,0
2026-02-27 03:00:00+00:00,2026-02-27,3,4,0.0,0.0,0
2026-02-27 04:00:00+00:00,2026-02-27,4,4,0.0,0.0,0
2026-02-27 05:00:00+00:00,2026-02-27,5,4,1.52,54.83,1
2026-02-27 06:00:00+00:00,2026-02-27,6,4,0.0,0.0,0
2026-02-27 07:00:00+00:00,2026-02-27,7,4,10.58,380.73,1
2026-02-27 08:00:00+00:00,2026-02-27,8,4,23.96,862.54,1
2026-02-27 09:00:00+00:00,2026-02-27,9,4,11.63,418.63,1
2026-02-27 10:00:00+00:00,2026-02-27,10,4,22.12,796.25,1
2026-02-27 11:00:00+00:00,2026-02-27,11,4,36.55,1315.74,1
2026-02-27 12:00:00+00:00,2026-02-27,12,4,27.36,985.08,1
2026-02-27 13:00:00+00:00,2026-02-27,13,4,0.13,4.5,1
2026-02-27 14:00:00+00:00,2026-02-27,14,4,0.0,0.0,0
2026-02-27 15:00:00+00:00,2026-02-27,15,4,0.0,0.0,0
2026-02-27 16:00:00+00:00,2026-02-27,16,4,0.0,0.0,0
2026-02-27 17:00:00+00:00,2026-02-27,17,4,0.0,0.0,0
2026-02-27 18:00:00+00:00,2026-02-27,18,4,0.45,16.04,1
2026-02-27 19:00:00+00:00,2026-02-27,19,4,0.1,3.74,1
2026-02-27 20:00:00+00:00,2026-02-27,20,4,0.0,0.0,0
2026-02-27 21:00:00+00:00,2026-02-27,21,4,0.0,0.0,0
2026-02-27 22:00:00+00:00,2026-02-27,22,4,0.0,0.0,0
2026-02-27 23:00:00+00:00,2026-02-27,23,4,0.0,0.0,0
2026-02-28 00:00:00+00:00,2026-02-28,0,5,0.0,0.0,0
2026-02-28 01:00:00+00:00,2026-02-28,1,5,0.0,0.0,0
2026-02-28 02:00:00+00:00,2026-02-28,2,5,0.0,0.0,0
2026-02-28 03:00:00+00:00,2026-02-28,3,5,0.0,0.0,0
2026-02-28 04:00:00+00:00,2026-02-28,4,5,0.0,0.0,0
2026-02-28 05:00:00+00:00,2026-02-28,5,5,0.0,0.0,0
2026-02-28 06:00:00+00:00,2026-02-28,6,5,0.0,0.0,0
2026-02-28 07:00:00+00:00,2026-02-28,7,5,0.0,0.0,0
2026-02-28 08:00:00+00:00,2026-02-28,8,5,0.0,0.0,0
2026-02-28 09:00:00+00:00,2026-02-28,9,5,0.0,0.0,0
2026-02-28 10:00:00+00:00,2026-02-28,10,5,0.0,0.0,0
2026-02-28 11:00:00+00:00,2026-02-28,11,5,0.0,0.0,0
2026-02-28 12:00:00+00:00,2026-02-28,12,5,0.0,0.0,0
2026-02-28 13:00:00+00:00,2026-02-28,13,5,0.0,0.0,0
2026-02-28 14:00:00+00:00,2026-02-28,14,5,0.0,0.0,0
2026-02-28 15:00:00+00:00,2026-02-28,15,5,0.0,0.0,0
2026-02-28 16:00:00+00:00,2026-02-28,16,5,0.0,0.0,0
2026-02-28 17:00:00+00:00,2026-02-28,17,5,0.0,0.0,0
2026-02-28 18:00:00+00:00,2026-02-28,18,5,0.0,0.0,0
2026-02-28 19:00:00+00:00,2026-02-28,19,5,0.0,0.0,0
2026-02-28 20:00:00+00:00,2026-02-28,20,5,0.0,0.0,0
2026-02-28 21:00:00+00:00,2026-02-28,21,5,0.0,0.0,0
2026-02-28 22:00:00+00:00,2026-02-28,22,5,0.0,0.0,0
2026-02-28 23:00:00+00:00,2026-02-28,23,5,0.0,0.0,0
2026-03-01 00:00:00+00:00,2026-03-01,0,6,0.0,0.0,0
2026-03-01 01:00:00+00:00,2026-03-01,1,6,0.0,0.0,0
2026-03-01 02:00:00+00:00,2026-03-01,2,6,0.0,0.0,0
2026-03-01 03:00:00+00:00,2026-03-01,3,6,0.0,0.0,0
2026-03-01 04:00:00+00:00,2026-03-01,4,6,0.0,0.0,0
2026-03-01 05:00:00+00:00,2026-03-01,5,6,0.0,0.0,0
2026-03-01 06:00:00+00:00,2026-03-01,6,6,0.0,0.0,0
2026-03-01 07:00:00+00:00,2026-03-01,7,6,0.0,0.0,0
2026-03-01 08:00:00+00:00,2026-03-01,8,6,0.0,0.0,0
2026-03-01 09:00:00+00:00,2026-03-01,9,6,0.0,0.0,0
2026-03-01 10:00:00+00:00,2026-03-01,10,6,0.0,0.0,0
2026-03-01 11:00:00+00:00,2026-03-01,11,6,0.0,0.0,0
2026-03-01 12:00:00+00:00,2026-03-01,12,6,0.0,0.0,0
2026-03-01 13:00:00+00:00,2026-03-01,13,6,0.0,0.0,0
2026-03-01 14:00:00+00:00,2026-03-01,14,6,0.0,0.0,0
2026-03-01 15:00:00+00:00,2026-03-01,15,6,0.0,0.0,0
2026-03-01 16:00:00+00:00,2026-03-01,16,6,0.0,0.0,0
2026-03-01 17:00:00+00:00,2026-03-01,17,6,0.0,0.0,0
2026-03-01 18:00:00+00:00,2026-03-01,18,6,0.0,0.0,0
2026-03-01 19:00:00+00:00,2026-03-01,19,6,0.0,0.0,0
2026-03-01 20:00:00+00:00,2026-03-01,20,6,0.0,0.0,0
2026-03-01 21:00:00+00:00,2026-03-01,21,6,0.0,0.0,0
2026-03-01 22:00:00+00:00,2026-03-01,22,6,0.0,0.0,0
2026-03-01 23:00:00+00:00,2026-03-01,23,6,0.0,0.0,0
2026-03-02 00:00:00+00:00,2026-03-02,0,0,0.0,0.0,0
2026-03-02 01:00:00+00:00,2026-03-02,1,0,0.0,0.0,0
2026-03-02 02:00:00+00:00,2026-03-02,2,0,0.0,0.0,0
2026-03-02 03:00:00+00:00,2026-03-02,3,0,0.0,0.0,0
2026-03-02 04:00:00+00:00,2026-03-02,4,0,0.0,0.0,0
2026-03-02 05:00:00+00:00,2026-03-02,5,0,0.0,0.0,0
2026-03-02 06:00:00+00:00,2026-03-02,6,0,3.24,116.6,1
2026-03-02 07:00:00+00:00,2026-03-02,7,0,1.88,67.8,1
2026-03-02 08:00:00+00:00,2026-03-02,8,0,0.82,29.62,1
