timestamp,daynight,azimuth,elevation,date,hour,weekday
2024-12-10 18:00:00+00:00,0,258.46,-23.01,2024-12-10,18,1
2024-12-10 19:00:00+00:00,0,264.24,-30.6,2024-12-10,19,1
2024-12-10 20:00:00+00:00,0,273.64,-42.09,2024-12-10,20,1
2024-12-10 21:00:00+00:00,0,285.41,-53.48,2024-12-10,21,1
2024-12-10 22:00:00+00:00,0,303.03,-64.02,2024-12-10,22,1
2024-12-10 23:00:00+00:00,0,250.84,-72.16,2024-12-10,23,1
2024-12-11 00:00:00+00:00,0,29.55,-71.2,2024-12-11,0,2
2024-12-11 01:00:00+00:00,0,59.16,-63.06,2024-12-11,1,2
2024-12-11 02:00:00+00:00,0,75.95,-52.39,2024-12-11,2,2
2024-12-11 03:00:00+00:00,0,87.39,-40.97,2024-12-11,3,2
2024-12-11 04:00:00+00:00,0,96.71,-29.43,2024-12-11,4,2
2024-12-11 05:00:00+00:00,0,106.17,-16.99,2024-12-11,5,2
2024-12-11 06:00:00+00:00,0,114.25,-6.93,2024-12-11,6,2
2024-12-11 07:00:00+00:00,1,122.93,2.68,2024-12-11,7,2
2024-12-11 08:00:00+00:00,1,131.9,10.43,2024-12-11,8,2
2024-12-11 09:00:00+00:00,1,144.64,18.67,2024-12-11,9,2
2024-12-11 10:00:00+00:00,1,158.21,24.19,2024-12-11,10,2
2024-12-11 11:00:00+00:00,1,173.61,27.08,2024-12-11,11,2
2024-12-11 12:00:00+00:00,1,189.19,26.8,2024-12-11,12,2
2024-12-11 13:00:00+00:00,1,203.96,23.5,2024-12-11,13,2
2024-12-11 14:00:00+00:00,1,217.28,17.62,2024-12-11,14,2
2024-12-11 15:00:00+00:00,1,229.76,9.09,2024-12-11,15,2
2024-12-11 16:00:00+00:00,1,238.3,1.41,2024-12-11,16,2
2024-12-11 17:00:00+00:00,0,247.62,-9.25,2024-12-11,17,2
2024-12-11 18:00:00+00:00,0,256.4,-20.42,2024-12-11,18,2
2024-12-11 19:00:00+00:00,0,266.15,-33.2,2024-12-11,19,2
2024-12-11 20:00:00+00:00,0,275.93,-44.75,2024-12-11,20,2
2024-12-11 21:00:00+00:00,0,288.58,-56.03,2024-12-11,21,2
2024-12-11 22:00:00+00:00,0,308.46,-66.19,2024-12-11,22,2
2024-12-11 23:00:00+00:00,0,224.31,-72.7,2024-12-11,23,2
2024-12-12 00:00:00+00:00,0,29.64,-71.26,2024-12-12,0,3
2024-12-12 01:00:00+00:00,0,59.29,-63.12,2024-12-12,1,3
2024-12-12 02:00:00+00:00,0,76.05,-52.43,2024-12-12,2,3
2024-12-12 03:00:00+00:00,0,87.47,-41.01,2024-12-12,3,3
2024-12-12 04:00:00+00:00,0,96.78,-29.47,2024-12-12,4,3
2024-12-12 05:00:00+00:00,0,105.6,-17.85,2024-12-12,5,3
2024-12-12 06:00:00+00:00,0,113.8,-7.59,2024-12-12,6,3
2024-12-12 07:00:00+00:00,1,123.03,2.67,2024-12-12,7,3
2024-12-12 08:00:00+00:00,1,132.02,10.43,2024-12-12,8,3
2024-12-12 09:00:00+00:00,1,144.76,18.65,2024-12-12,9,3
2024-12-12 10:00:00+00:00,1,158.33,24.15,2024-12-12,10,3
2024-12-12 11:00:00+00:00,1,173.71,27.01,2024-12-12,11,3
2024-12-12 12:00:00+00:00,1,189.18,26.73,2024-12-12,12,3
2024-12-12 13:00:00+00:00,1,203.94,23.43,2024-12-12,13,3
2024-12-12 14:00:00+00:00,1,217.24,17.56,2024-12-12,14,3
2024-12-12 15:00:00+00:00,1,229.66,9.08,2024-12-12,15,3
2024-12-12 16:00:00+00:00,1,238.19,1.42,2024-12-12,16,3
2024-12-12 17:00:00+00:00,0,247.52,-9.25,2024-12-12,17,3
2024-12-12 18:00:00+00:00,0,256.3,-20.42,2024-12-12,18,3
2024-12-12 19:00:00+00:00,0,266.04,-33.19,2024-12-12,19,3
2024-12-12 20:00:00+00:00,0,275.81,-44.74,2024-12-12,20,3
2024-12-12 21:00:00+00:00,0,288.42,-56.03,2024-12-12,21,3
2024-12-12 22:00:00+00:00,0,308.24,-66.21,2024-12-12,22,3
2024-12-12 23:00:00+00:00,0,224.15,-72.75,2024-12-12,23,3
2024-12-13 00:00:00+00:00,0,29.74,-71.33,2024-12-13,0,4
2024-12-13 01:00:00+00:00,0,59.4,-63.16,2024-12-13,1,4
2024-12-13 02:00:00+00:00,0,76.15,-52.47,2024-12-13,2,4
2024-12-13 03:00:00+00:00,0,87.55,-41.04,2024-12-13,3,4
2024-12-13 04:00:00+00:00,0,96.85,-29.5,2024-12-13,4,4
2024-12-13 05:00:00+00:00,0,105.68,-17.86,2024-12-13,5,4
2024-12-13 06:00:00+00:00,0,113.89,-7.59,2024-12-13,6,4
2024-12-13 07:00:00+00:00,1,123.12,2.67,2024-12-13,7,4
2024-12-13 08:00:00+00:00,1,132.12,10.42,2024-12-13,8,4
2024-12-13 09:00:00+00:00,1,144.87,18.63,2024-12-13,9,4
2024-12-13 10:00:00+00:00,1,158.43,24.11,2024-12-13,10,4
2024-12-13 11:00:00+00:00,1,173.79,26.95,2024-12-13,11,4
2024-12-13 12:00:00+00:00,1,189.17,26.66,2024-12-13,12,4
2024-12-13 13:00:00+00:00,1,203.91,23.37,2024-12-13,13,4
2024-12-13 14:00:00+00:00,1,217.2,17.5,2024-12-13,14,4
2024-12-13 15:00:00+00:00,1,229.58,9.07,2024-12-13,15,4
2024-12-13 16:00:00+00:00,1,238.09,1.42,2024-12-13,16,4
2024-12-13 17:00:00+00:00,0,247.44,-9.24,2024-12-13,17,4
2024-12-13 18:00:00+00:00,0,256.21,-20.42,2024-12-13,18,4
2024-12-13 19:00:00+00:00,0,265.95,-33.19,2024-12-13,19,4
2024-12-13 20:00:00+00:00,0,275.7,-44.74,2024-12-13,20,4
2024-12-13 21:00:00+00:00,0,288.29,-56.03,2024-12-13,21,4
2024-12-13 22:00:00+00:00,0,308.06,-66.23,2024-12-13,22,4
2024-12-13 23:00:00+00:00,0,224.01,-72.8,2024-12-13,23,4
2024-12-14 00:00:00+00:00,0,29.81,-71.38,2024-12-14,0,5
2024-12-14 01:00:00+00:00,0,59.5,-63.2,2024-12-14,1,5
2024-12-14 02:00:00+00:00,0,76.23,-52.51,2024-12-14,2,5
2024-12-14 03:00:00+00:00,0,87.62,-41.08,2024-12-14,3,5
2024-12-14 04:00:00+00:00,0,96.9,-29.54,2024-12-14,4,5
2024-12-14 05:00:00+00:00,0,105.75,-17.87,2024-12-14,5,5
2024-12-14 06:00:00+00:00,0,113.97,-7.6,2024-12-14,6,5
2024-12-14 07:00:00+00:00,1,123.03,2.51,2024-12-14,7,5
2024-12-14 08:00:00+00:00,1,131.99,10.24,2024-12-14,8,5
2024-12-14 09:00:00+00:00,1,144.97,18.62,2024-12-14,9,5
2024-12-14 10:00:00+00:00,1,158.53,24.08,2024-12-14,10,5
2024-12-14 11:00:00+00:00,1,173.4,26.88,2024-12-14,11,5
2024-12-14 12:00:00+00:00,1,188.15,26.72,2024-12-14,12,5
2024-12-14 13:00:00+00:00,1,202.95,23.62,2024-12-14,13,5
2024-12-14 14:00:00+00:00,1,216.34,17.91,2024-12-14,14,5
2024-12-14 15:00:00+00:00,1,229.23,9.26,2024-12-14,15,5
2024-12-14 16:00:00+00:00,1,238.01,1.43,2024-12-14,16,5
2024-12-14 17:00:00+00:00,0,247.36,-9.24,2024-12-14,17,5
2024-12-14 18:00:00+00:00,0,256.14,-20.41,2024-12-14,18,5
2024-12-14 19:00:00+00:00,0,265.87,-33.18,2024-12-14,19,5
2024-12-14 20:00:00+00:00,0,275.6,-44.73,2024-12-14,20,5
2024-12-14 21:00:00+00:00,0,288.16,-56.03,2024-12-14,21,5
2024-12-14 22:00:00+00:00,0,307.89,-66.24,2024-12-14,22,5
2024-12-14 23:00:00+00:00,0,223.89,-72.84,2024-12-14,23,5
2024-12-15 00:00:00+00:00,0,29.88,-71.43,2024-12-15,0,6
2024-12-15 01:00:00+00:00,0,59.58,-63.24,2024-12-15,1,6
2024-12-15 02:00:00+00:00,0,76.3,-52.54,2024-12-15,2,6
2024-12-15 03:00:00+00:00,0,87.68,-41.1,2024-12-15,3,6
2024-12-15 04:00:00+00:00,0,96.95,-29.57,2024-12-15,4,6
2024-12-15 05:00:00+00:00,0,105.81,-17.88,2024-12-15,5,6
2024-12-15 06:00:00+00:00,0,113.62,-8.08,2024-12-15,6,6
2024-12-15 07:00:00+00:00,1,122.91,2.3,2024-12-15,7,6
2024-12-15 08:00:00+00:00,1,132.06,10.23,2024-12-15,8,6
2024-12-15 09:00:00+00:00,1,145.05,18.6,2024-12-15,9,6
2024-12-15 10:00:00+00:00,1,158.61,24.05,2024-12-15,10,6
2024-12-15 11:00:00+00:00,1,173.47,26.83,2024-12-15,11,6
2024-12-15 12:00:00+00:00,1,188.14,26.67,2024-12-15,12,6
2024-12-15 13:00:00+00:00,1,202.93,23.57,2024-12-15,13,6
2024-12-15 14:00:00+00:00,1,216.31,17.87,2024-12-15,14,6
2024-12-15 15:00:00+00:00,1,228.98,9.41,2024-12-15,15,6
2024-12-15 16:00:00+00:00,1,237.76,1.6,2024-12-15,16,6
2024-12-15 17:00:00+00:00,0,247.3,-9.24,2024-12-15,17,6
2024-12-15 18:00:00+00:00,0,256.08,-20.41,2024-12-15,18,6
2024-12-15 19:00:00+00:00,0,265.8,-33.18,2024-12-15,19,6
2024-12-15 20:00:00+00:00,0,275.52,-44.73,2024-12-15,20,6
2024-12-15 21:00:00+00:00,0,288.06,-56.03,2024-12-15,21,6
2024-12-15 22:00:00+00:00,0,307.75,-66.25,2024-12-15,22,6
2024-12-15 23:00:00+00:00,0,223.78,-72.88,2024-12-15,23,6
2024-12-16 00:00:00+00:00,0,29.94,-71.47,2024-12-16,0,0
2024-12-16 01:00:00+00:00,0,59.66,-63.27,2024-12-16,1,0
2024-12-16 02:00:00+00:00,0,76.36,-52.56,2024-12-16,2,0
2024-12-16 03:00:00+00:00,0,87.73,-41.13,2024-12-16,3,0
2024-12-16 04:00:00+00:00,0,97.0,-29.59,2024-12-16,4,0
2024-12-16 05:00:00+00:00,0,105.86,-17.89,2024-12-16,5,0
2024-12-16 06:00:00+00:00,0,113.68,-8.08,2024-12-16,6,0
2024-12-16 07:00:00+00:00,1,122.97,2.29,2024-12-16,7,0
2024-12-16 08:00:00+00:00,1,131.8,9.99,2024-12-16,8,0
2024-12-16 09:00:00+00:00,1,144.27,18.15,2024-12-16,9,0
2024-12-16 10:00:00+00:00,1,157.73,23.74,2024-12-16,10,0
2024-12-16 11:00:00+00:00,1,172.57,26.7,2024-12-16,11,0
2024-12-16 12:00:00+00:00,1,188.13,26.63,2024-12-16,12,0
2024-12-16 13:00:00+00:00,1,202.92,23.54,2024-12-16,13,0
2024-12-16 14:00:00+00:00,1,216.29,17.83,2024-12-16,14,0
2024-12-16 15:00:00+00:00,1,228.92,9.4,2024-12-16,15,0
2024-12-16 16:00:00+00:00,1,237.78,1.54,2024-12-16,16,0
2024-12-16 17:00:00+00:00,0,247.25,-9.24,2024-12-16,17,0
2024-12-16 18:00:00+00:00,0,256.02,-20.41,2024-12-16,18,0
2024-12-16 19:00:00+00:00,0,265.74,-33.18,2024-12-16,19,0
2024-12-16 20:00:00+00:00,0,275.45,-44.72,2024-12-16,20,0
2024-12-16 21:00:00+00:00,0,287.97,-56.03,2024-12-16,21,0
2024-12-16 22:00:00+00:00,0,307.63,-66.26,2024-12-16,22,0
2024-12-16 23:00:00+00:00,0,223.7,-72.91,2024-12-16,23,0
2024-12-17 00:00:00+00:00,0,30.0,-71.5,2024-12-17,0,1
2024-12-17 01:00:00+00:00,0,59.72,-63.3,2024-12-17,1,1
2024-12-17 02:00:00+00:00,0,76.41,-52.58,2024-12-17,2,1
2024-12-17 03:00:00+00:00,0,87.77,-41.15,2024-12-17,3,1
2024-12-17 04:00:00+00:00,0,97.04,-29.61,2024-12-17,4,1
2024-12-17 05:00:00+00:00,0,105.91,-17.89,2024-12-17,5,1
2024-12-17 06:00:00+00:00,0,113.73,-8.09,2024-12-17,6,1
2024-12-17 07:00:00+00:00,1,122.85,2.13,2024-12-17,7,1
2024-12-17 08:00:00+00:00,1,131.65,9.82,2024-12-17,8,1
2024-12-17 09:00:00+00:00,1,144.33,18.14,2024-12-17,9,1
2024-12-17 10:00:00+00:00,1,157.79,23.72,2024-12-17,10,1
2024-12-17 11:00:00+00:00,1,172.62,26.68,2024-12-17,11,1
2024-12-17 12:00:00+00:00,1,188.13,26.6,2024-12-17,12,1
2024-12-17 13:00:00+00:00,1,202.9,23.5,2024-12-17,13,1
2024-12-17 14:00:00+00:00,1,216.29,17.8,2024-12-17,14,1
2024-12-17 15:00:00+00:00,1,228.92,9.36,2024-12-17,15,1
2024-12-17 16:00:00+00:00,1,237.73,1.54,2024-12-17,16,1
2024-12-17 17:00:00+00:00,0,247.2,-9.24,2024-12-17,17,1
2024-12-17 18:00:00+00:00,0,255.98,-20.41,2024-12-17,18,1
2024-12-17 19:00:00+00:00,0,265.69,-33.17,2024-12-17,19,1
2024-12-17 20:00:00+00:00,0,275.4,-44.72,2024-12-17,20,1
2024-12-17 21:00:00+00:00,0,287.9,-56.03,2024-12-17,21,1
2024-12-17 22:00:00+00:00,0,307.53,-66.27,2024-12-17,22,1
2024-12-17 23:00:00+00:00,0,223.62,-72.93,2024-12-17,23,1
2024-12-18 00:00:00+00:00,0,30.03,-71.53,2024-12-18,0,2
2024-12-18 01:00:00+00:00,0,59.77,-63.32,2024-12-18,1,2
2024-12-18 02:00:00+00:00,0,76.45,-52.6,2024-12-18,2,2
2024-12-18 03:00:00+00:00,0,87.8,-41.16,2024-12-18,3,2
2024-12-18 04:00:00+00:00,0,97.07,-29.63,2024-12-18,4,2
2024-12-18 05:00:00+00:00,0,105.94,-17.9,2024-12-18,5,2
2024-12-18 06:00:00+00:00,0,113.77,-8.08,2024-12-18,6,2
2024-12-18 07:00:00+00:00,1,122.88,2.13,2024-12-18,7,2
2024-12-18 08:00:00+00:00,1,131.69,9.82,2024-12-18,8,2
2024-12-18 09:00:00+00:00,1,144.38,18.13,2024-12-18,9,2
2024-12-18 10:00:00+00:00,1,157.83,23.71,2024-12-18,10,2
2024-12-18 11:00:00+00:00,1,172.67,26.65,2024-12-18,11,2
2024-12-18 12:00:00+00:00,1,188.12,26.57,2024-12-18,12,2
2024-12-18 13:00:00+00:00,1,202.89,23.48,2024-12-18,13,2
2024-12-18 14:00:00+00:00,1,216.26,17.78,2024-12-18,14,2
2024-12-18 15:00:00+00:00,1,228.89,9.35,2024-12-18,15,2
2024-12-18 16:00:00+00:00,1,237.68,1.55,2024-12-18,16,2
2024-12-18 17:00:00+00:00,0,246.2,-8.06,2024-12-18,17,2
2024-12-18 18:00:00+00:00,0,255.11,-19.31,2024-12-18,18,2
2024-12-18 19:00:00+00:00,0,265.08,-32.44,2024-12-18,19,2
2024-12-18 20:00:00+00:00,0,273.99,-43.24,2024-12-18,20,2
2024-12-18 21:00:00+00:00,0,285.96,-54.62,2024-12-18,21,2
2024-12-18 22:00:00+00:00,0,304.24,-65.08,2024-12-18,22,2
2024-12-18 23:00:00+00:00,0,253.06,-72.83,2024-12-18,23,2
2024-12-19 00:00:00+00:00,0,30.08,-71.56,2024-12-19,0,3
2024-12-19 01:00:00+00:00,0,59.83,-63.34,2024-12-19,1,3
2024-12-19 02:00:00+00:00,0,76.5,-52.61,2024-12-19,2,3
2024-12-19 03:00:00+00:00,0,87.84,-41.18,2024-12-19,3,3
2024-12-19 04:00:00+00:00,0,97.09,-29.64,2024-12-19,4,3
2024-12-19 05:00:00+00:00,0,105.97,-17.9,2024-12-19,5,3
2024-12-19 06:00:00+00:00,0,113.79,-8.09,2024-12-19,6,3
2024-12-19 07:00:00+00:00,1,122.91,2.13,2024-12-19,7,3
2024-12-19 08:00:00+00:00,1,131.71,9.82,2024-12-19,8,3
2024-12-19 09:00:00+00:00,1,144.4,18.13,2024-12-19,9,3
2024-12-19 10:00:00+00:00,1,157.85,23.71,2024-12-19,10,3
2024-12-19 11:00:00+00:00,1,172.68,26.65,2024-12-19,11,3
2024-12-19 12:00:00+00:00,1,188.12,26.56,2024-12-19,12,3
2024-12-19 13:00:00+00:00,1,202.89,23.47,2024-12-19,13,3
2024-12-19 14:00:00+00:00,1,216.25,17.78,2024-12-19,14,3
2024-12-19 15:00:00+00:00,1,228.87,9.35,2024-12-19,15,3
2024-12-19 16:00:00+00:00,1,237.46,1.77,2024-12-19,16,3
2024-12-19 17:00:00+00:00,0,246.16,-8.04,2024-12-19,17,3
2024-12-19 18:00:00+00:00,0,255.09,-19.31,2024-12-19,18,3
2024-12-19 19:00:00+00:00,0,265.62,-33.17,2024-12-19,19,3
2024-12-19 20:00:00+00:00,0,275.32,-44.72,2024-12-19,20,3
2024-12-19 21:00:00+00:00,0,287.8,-56.04,2024-12-19,21,3
2024-12-19 22:00:00+00:00,0,307.4,-66.29,2024-12-19,22,3
2024-12-19 23:00:00+00:00,0,223.53,-72.97,2024-12-19,23,3
2024-12-20 00:00:00+00:00,0,30.11,-71.57,2024-12-20,0,4
2024-12-20 01:00:00+00:00,0,59.85,-63.35,2024-12-20,1,4
2024-12-20 02:00:00+00:00,0,76.52,-52.62,2024-12-20,2,4
2024-12-20 03:00:00+00:00,0,87.85,-41.18,2024-12-20,3,4
2024-12-20 04:00:00+00:00,0,97.1,-29.64,2024-12-20,4,4
2024-12-20 05:00:00+00:00,0,105.98,-17.9,2024-12-20,5,4
2024-12-20 06:00:00+00:00,0,113.81,-8.09,2024-12-20,6,4
2024-12-20 07:00:00+00:00,1,122.75,1.97,2024-12-20,7,4
2024-12-20 08:00:00+00:00,1,131.53,9.66,2024-12-20,8,4
2024-12-20 09:00:00+00:00,1,144.42,18.13,2024-12-20,9,4
2024-12-20 10:00:00+00:00,1,157.87,23.7,2024-12-20,10,4
2024-12-20 11:00:00+00:00,1,172.69,26.64,2024-12-20,11,4
2024-12-20 12:00:00+00:00,1,188.12,26.55,2024-12-20,12,4
2024-12-20 13:00:00+00:00,1,202.89,23.46,2024-12-20,13,4
2024-12-20 14:00:00+00:00,1,216.25,17.77,2024-12-20,14,4
2024-12-20 15:00:00+00:00,1,228.66,9.51,2024-12-20,15,4
2024-12-20 16:00:00+00:00,1,237.28,1.93,2024-12-20,16,4
2024-12-20 17:00:00+00:00,0,246.15,-8.04,2024-12-20,17,4
2024-12-20 18:00:00+00:00,0,255.08,-19.31,2024-12-20,18,4
2024-12-20 19:00:00+00:00,0,265.61,-33.17,2024-12-20,19,4
2024-12-20 20:00:00+00:00,0,275.3,-44.72,2024-12-20,20,4
2024-12-20 21:00:00+00:00,0,287.78,-56.04,2024-12-20,21,4
2024-12-20 22:00:00+00:00,0,307.38,-66.29,2024-12-20,22,4
2024-12-20 23:00:00+00:00,0,335.16,-72.48,2024-12-20,23,4
2024-12-21 00:00:00+00:00,0,15.86,-73.06,2024-12-21,0,5
2024-12-21 01:00:00+00:00,0,51.92,-66.53,2024-12-21,1,5
2024-12-21 02:00:00+00:00,0,71.82,-56.33,2024-12-21,2,5
2024-12-21 03:00:00+00:00,0,84.41,-45.03,2024-12-21,3,5
2024-12-21 04:00:00+00:00,0,94.15,-33.48,2024-12-21,4,5
2024-12-21 05:00:00+00:00,0,104.79,-19.49,2024-12-21,5,5
2024-12-21 06:00:00+00:00,0,113.81,-8.09,2024-12-21,6,5
2024-12-21 07:00:00+00:00,1,122.76,1.97,2024-12-21,7,5
2024-12-21 08:00:00+00:00,1,131.53,9.66,2024-12-21,8,5
2024-12-21 09:00:00+00:00,1,144.42,18.13,2024-12-21,9,5
2024-12-21 10:00:00+00:00,1,157.87,23.7,2024-12-21,10,5
2024-12-21 11:00:00+00:00,1,172.7,26.63,2024-12-21,11,5
2024-12-21 12:00:00+00:00,1,188.12,26.55,2024-12-21,12,5
2024-12-21 13:00:00+00:00,1,202.88,23.46,2024-12-21,13,5
2024-12-21 14:00:00+00:00,1,216.25,17.77,2024-12-21,14,5
2024-12-21 15:00:00+00:00,1,228.65,9.52,2024-12-21,15,5
2024-12-21 16:00:00+00:00,1,237.28,1.93,2024-12-21,16,5
2024-12-21 17:00:00+00:00,0,246.15,-8.04,2024-12-21,17,5
2024-12-21 18:00:00+00:00,0,255.08,-19.31,2024-12-21,18,5
2024-12-21 19:00:00+00:00,0,265.61,-33.17,2024-12-21,19,5
2024-12-21 20:00:00+00:00,0,275.3,-44.72,2024-12-21,20,5
2024-12-21 21:00:00+00:00,0,287.78,-56.04,2024-12-21,21,5
2024-12-21 22:00:00+00:00,0,307.38,-66.29,2024-12-21,22,5
2024-12-21 23:00:00+00:00,0,335.16,-72.48,2024-12-21,23,5
2024-12-22 00:00:00+00:00,0,15.86,-73.06,2024-12-22,0,6
2024-12-22 01:00:00+00:00,0,51.92,-66.53,2024-12-22,1,6
2024-12-22 02:00:00+00:00,0,71.82,-56.33,2024-12-22,2,6
2024-12-22 03:00:00+00:00,0,84.41,-45.03,2024-12-22,3,6
2024-12-22 04:00:00+00:00,0,94.15,-33.48,2024-12-22,4,6
2024-12-22 05:00:00+00:00,0,104.79,-19.49,2024-12-22,5,6
2024-12-22 06:00:00+00:00,0,113.37,-8.61,2024-12-22,6,6
2024-12-22 07:00:00+00:00,1,122.55,1.75,2024-12-22,7,6
2024-12-22 08:00:00+00:00,1,131.53,9.66,2024-12-22,8,6
2024-12-22 09:00:00+00:00,1,144.42,18.13,2024-12-22,9,6
2024-12-22 10:00:00+00:00,1,157.87,23.7,2024-12-22,10,6
2024-12-22 11:00:00+00:00,1,172.18,26.6,2024-12-22,11,6
2024-12-22 12:00:00+00:00,1,187.1,26.66,2024-12-22,12,6
2024-12-22 13:00:00+00:00,1,201.94,23.76,2024-12-22,13,6
2024-12-22 14:00:00+00:00,1,215.41,18.22,2024-12-22,14,6
2024-12-22 15:00:00+00:00,1,228.36,9.74,2024-12-22,15,6
2024-12-22 16:00:00+00:00,1,237.29,1.93,2024-12-22,16,6
2024-12-22 17:00:00+00:00,0,246.16,-8.04,2024-12-22,17,6
2024-12-22 18:00:00+00:00,0,255.09,-19.31,2024-12-22,18,6
2024-12-22 19:00:00+00:00,0,265.62,-33.17,2024-12-22,19,6
2024-12-22 20:00:00+00:00,0,275.32,-44.72,2024-12-22,20,6
2024-12-22 21:00:00+00:00,0,287.8,-56.04,2024-12-22,21,6
2024-12-22 22:00:00+00:00,0,307.4,-66.28,2024-12-22,22,6
2024-12-22 23:00:00+00:00,0,335.19,-72.48,2024-12-22,23,6
2024-12-23 00:00:00+00:00,0,15.85,-73.05,2024-12-23,0,0
2024-12-23 01:00:00+00:00,0,51.91,-66.52,2024-12-23,1,0
2024-12-23 02:00:00+00:00,0,71.8,-56.32,2024-12-23,2,0
2024-12-23 03:00:00+00:00,0,84.4,-45.02,2024-12-23,3,0
2024-12-23 04:00:00+00:00,0,94.14,-33.48,2024-12-23,4,0
2024-12-23 05:00:00+00:00,0,104.78,-19.48,2024-12-23,5,0
2024-12-23 06:00:00+00:00,0,113.35,-8.61,2024-12-23,6,0
2024-12-23 07:00:00+00:00,1,122.53,1.75,2024-12-23,7,0
2024-12-23 08:00:00+00:00,1,131.22,9.44,2024-12-23,8,0
2024-12-23 09:00:00+00:00,1,143.56,17.68,2024-12-23,9,0
2024-12-23 10:00:00+00:00,1,156.9,23.41,2024-12-23,10,0
2024-12-23 11:00:00+00:00,1,171.66,26.54,2024-12-23,11,0
2024-12-23 12:00:00+00:00,1,187.1,26.67,2024-12-23,12,0
2024-12-23 13:00:00+00:00,1,201.94,23.77,2024-12-23,13,0
2024-12-23 14:00:00+00:00,1,215.42,18.23,2024-12-23,14,0
2024-12-23 15:00:00+00:00,1,228.38,9.74,2024-12-23,15,0
2024-12-23 16:00:00+00:00,1,237.24,1.99,2024-12-23,16,0
2024-12-23 17:00:00+00:00,0,246.18,-8.04,2024-12-23,17,0
2024-12-23 18:00:00+00:00,0,255.11,-19.31,2024-12-23,18,0
2024-12-23 19:00:00+00:00,0,265.64,-33.17,2024-12-23,19,0
2024-12-23 20:00:00+00:00,0,275.34,-44.72,2024-12-23,20,0
2024-12-23 21:00:00+00:00,0,287.83,-56.04,2024-12-23,21,0
2024-12-23 22:00:00+00:00,0,307.44,-66.28,2024-12-23,22,0
2024-12-23 23:00:00+00:00,0,335.24,-72.47,2024-12-23,23,0
2024-12-24 00:00:00+00:00,0,15.85,-73.04,2024-12-24,0,1
2024-12-24 01:00:00+00:00,0,51.88,-66.51,2024-12-24,1,1
2024-12-24 02:00:00+00:00,0,71.78,-56.31,2024-12-24,2,1
2024-12-24 03:00:00+00:00,0,84.37,-45.01,2024-12-24,3,1
2024-12-24 04:00:00+00:00,0,94.12,-33.47,2024-12-24,4,1
2024-12-24 05:00:00+00:00,0,104.76,-19.48,2024-12-24,5,1
2024-12-24 06:00:00+00:00,0,113.33,-8.61,2024-12-24,6,1
2024-12-24 07:00:00+00:00,1,122.34,1.59,2024-12-24,7,1
2024-12-24 08:00:00+00:00,1,131.0,9.29,2024-12-24,8,1
2024-12-24 09:00:00+00:00,1,143.53,17.69,2024-12-24,9,1
2024-12-24 10:00:00+00:00,1,156.87,23.42,2024-12-24,10,1
2024-12-24 11:00:00+00:00,1,171.63,26.56,2024-12-24,11,1
2024-12-24 12:00:00+00:00,1,187.11,26.69,2024-12-24,12,1
2024-12-24 13:00:00+00:00,1,201.95,23.79,2024-12-24,13,1
2024-12-24 14:00:00+00:00,1,215.43,18.25,2024-12-24,14,1
2024-12-24 15:00:00+00:00,1,228.2,9.91,2024-12-24,15,1
2024-12-24 16:00:00+00:00,1,237.18,2.08,2024-12-24,16,1
2024-12-24 17:00:00+00:00,0,246.21,-8.04,2024-12-24,17,1
2024-12-24 18:00:00+00:00,0,253.96,-17.76,2024-12-24,18,1
2024-12-24 19:00:00+00:00,0,262.72,-29.34,2024-12-24,19,1
2024-12-24 20:00:00+00:00,0,271.95,-40.88,2024-12-24,20,1
2024-12-24 21:00:00+00:00,0,283.22,-52.33,2024-12-24,21,1
2024-12-24 22:00:00+00:00,0,299.71,-63.08,2024-12-24,22,1
2024-12-24 23:00:00+00:00,0,329.0,-71.39,2024-12-24,23,1
2024-12-25 00:00:00+00:00,0,15.82,-73.01,2024-12-25,0,2
2024-12-25 01:00:00+00:00,0,51.84,-66.49,2024-12-25,1,2
2024-12-25 02:00:00+00:00,0,71.81,-56.24,2024-12-25,2,2
2024-12-25 03:00:00+00:00,0,84.43,-44.91,2024-12-25,3,2
2024-12-25 04:00:00+00:00,0,94.16,-33.36,2024-12-25,4,2
2024-12-25 05:00:00+00:00,0,104.75,-19.44,2024-12-25,5,2
2024-12-25 06:00:00+00:00,0,113.29,-8.61,2024-12-25,6,2
2024-12-25 07:00:00+00:00,1,122.3,1.59,2024-12-25,7,2
2024-12-25 08:00:00+00:00,1,130.96,9.29,2024-12-25,8,2
2024-12-25 09:00:00+00:00,1,143.48,17.69,2024-12-25,9,2
2024-12-25 10:00:00+00:00,1,156.82,23.44,2024-12-25,10,2
2024-12-25 11:00:00+00:00,1,171.58,26.58,2024-12-25,11,2
2024-12-25 12:00:00+00:00,1,187.11,26.72,2024-12-25,12,2
2024-12-25 13:00:00+00:00,1,201.96,23.82,2024-12-25,13,2
2024-12-25 14:00:00+00:00,1,215.44,18.28,2024-12-25,14,2
2024-12-25 15:00:00+00:00,1,228.22,9.94,2024-12-25,15,2
2024-12-25 16:00:00+00:00,1,237.22,2.08,2024-12-25,16,2
2024-12-25 17:00:00+00:00,0,246.25,-8.04,2024-12-25,17,2
2024-12-25 18:00:00+00:00,0,254.0,-17.76,2024-12-25,18,2
2024-12-25 19:00:00+00:00,0,262.77,-29.34,2024-12-25,19,2
2024-12-25 20:00:00+00:00,0,272.01,-40.89,2024-12-25,20,2
2024-12-25 21:00:00+00:00,0,283.29,-52.33,2024-12-25,21,2
2024-12-25 22:00:00+00:00,0,299.79,-63.07,2024-12-25,22,2
2024-12-25 23:00:00+00:00,0,329.12,-71.37,2024-12-25,23,2
2024-12-26 00:00:00+00:00,0,15.8,-72.98,2024-12-26,0,3
2024-12-26 01:00:00+00:00,0,51.79,-66.47,2024-12-26,1,3
2024-12-26 02:00:00+00:00,0,71.69,-56.28,2024-12-26,2,3
2024-12-26 03:00:00+00:00,0,84.31,-44.98,2024-12-26,3,3
2024-12-26 04:00:00+00:00,0,94.06,-33.43,2024-12-26,4,3
2024-12-26 05:00:00+00:00,0,104.69,-19.46,2024-12-26,5,3
2024-12-26 06:00:00+00:00,0,113.25,-8.61,2024-12-26,6,3
2024-12-26 07:00:00+00:00,1,122.25,1.59,2024-12-26,7,3
2024-12-26 08:00:00+00:00,1,130.88,9.26,2024-12-26,8,3
2024-12-26 09:00:00+00:00,1,143.43,17.7,2024-12-26,9,3
2024-12-26 10:00:00+00:00,1,156.77,23.46,2024-12-26,10,3
2024-12-26 11:00:00+00:00,1,171.53,26.62,2024-12-26,11,3
2024-12-26 12:00:00+00:00,1,187.12,26.76,2024-12-26,12,3
2024-12-26 13:00:00+00:00,1,201.97,23.85,2024-12-26,13,3
2024-12-26 14:00:00+00:00,1,215.46,18.31,2024-12-26,14,3
2024-12-26 15:00:00+00:00,1,228.27,9.95,2024-12-26,15,3
2024-12-26 16:00:00+00:00,1,236.97,2.39,2024-12-26,16,3
2024-12-26 17:00:00+00:00,0,245.9,-7.57,2024-12-26,17,3
2024-12-26 18:00:00+00:00,0,254.05,-17.76,2024-12-26,18,3
2024-12-26 19:00:00+00:00,0,262.82,-29.34,2024-12-26,19,3
2024-12-26 20:00:00+00:00,0,272.07,-40.89,2024-12-26,20,3
2024-12-26 21:00:00+00:00,0,283.37,-52.33,2024-12-26,21,3
2024-12-26 22:00:00+00:00,0,299.9,-63.06,2024-12-26,22,3
2024-12-26 23:00:00+00:00,0,329.24,-71.35,2024-12-26,23,3
2024-12-27 00:00:00+00:00,0,15.76,-72.94,2024-12-27,0,4
2024-12-27 01:00:00+00:00,0,51.72,-66.44,2024-12-27,1,4
2024-12-27 02:00:00+00:00,0,71.63,-56.26,2024-12-27,2,4
2024-12-27 03:00:00+00:00,0,84.26,-44.96,2024-12-27,3,4
2024-12-27 04:00:00+00:00,0,94.01,-33.41,2024-12-27,4,4
2024-12-27 05:00:00+00:00,0,103.8,-20.56,2024-12-27,5,4
2024-12-27 06:00:00+00:00,0,112.62,-9.32,2024-12-27,6,4
2024-12-27 07:00:00+00:00,1,122.19,1.59,2024-12-27,7,4
2024-12-27 08:00:00+00:00,1,130.82,9.27,2024-12-27,8,4
2024-12-27 09:00:00+00:00,1,143.36,17.71,2024-12-27,9,4
2024-12-27 10:00:00+00:00,1,156.7,23.48,2024-12-27,10,4
2024-12-27 11:00:00+00:00,1,171.47,26.65,2024-12-27,11,4
2024-12-27 12:00:00+00:00,1,186.65,26.83,2024-12-27,12,4
2024-12-27 13:00:00+00:00,1,201.99,23.9,2024-12-27,13,4
2024-12-27 14:00:00+00:00,1,215.48,18.35,2024-12-27,14,4
2024-12-27 15:00:00+00:00,1,228.12,10.13,2024-12-27,15,4
2024-12-27 16:00:00+00:00,1,236.88,2.54,2024-12-27,16,4
2024-12-27 17:00:00+00:00,0,245.97,-7.58,2024-12-27,17,4
2024-12-27 18:00:00+00:00,0,254.11,-17.76,2024-12-27,18,4
2024-12-27 19:00:00+00:00,0,262.89,-29.35,2024-12-27,19,4
2024-12-27 20:00:00+00:00,0,272.15,-40.89,2024-12-27,20,4
2024-12-27 21:00:00+00:00,0,283.47,-52.33,2024-12-27,21,4
2024-12-27 22:00:00+00:00,0,300.03,-63.06,2024-12-27,22,4
2024-12-27 23:00:00+00:00,0,329.4,-71.32,2024-12-27,23,4
2024-12-28 00:00:00+00:00,0,15.72,-72.9,2024-12-28,0,5
2024-12-28 01:00:00+00:00,0,51.63,-66.4,2024-12-28,1,5
2024-12-28 02:00:00+00:00,0,71.56,-56.23,2024-12-28,2,5
2024-12-28 03:00:00+00:00,0,84.19,-44.94,2024-12-28,3,5
2024-12-28 04:00:00+00:00,0,93.96,-33.39,2024-12-28,4,5
2024-12-28 05:00:00+00:00,0,103.74,-20.54,2024-12-28,5,5
2024-12-28 06:00:00+00:00,0,112.55,-9.32,2024-12-28,6,5
2024-12-28 07:00:00+00:00,1,122.13,1.59,2024-12-28,7,5
2024-12-28 08:00:00+00:00,1,130.75,9.28,2024-12-28,8,5
2024-12-28 09:00:00+00:00,1,143.27,17.73,2024-12-28,9,5
2024-12-28 10:00:00+00:00,1,156.62,23.51,2024-12-28,10,5
2024-12-28 11:00:00+00:00,1,171.39,26.7,2024-12-28,11,5
2024-12-28 12:00:00+00:00,1,186.66,26.88,2024-12-28,12,5
2024-12-28 13:00:00+00:00,1,202.01,23.95,2024-12-28,13,5
2024-12-28 14:00:00+00:00,1,215.51,18.39,2024-12-28,14,5
2024-12-28 15:00:00+00:00,1,228.18,10.15,2024-12-28,15,5
2024-12-28 16:00:00+00:00,1,236.96,2.53,2024-12-28,16,5
2024-12-28 17:00:00+00:00,0,246.04,-7.58,2024-12-28,17,5
2024-12-28 18:00:00+00:00,0,254.18,-17.76,2024-12-28,18,5
2024-12-28 19:00:00+00:00,0,262.97,-29.35,2024-12-28,19,5
2024-12-28 20:00:00+00:00,0,272.23,-40.89,2024-12-28,20,5
2024-12-28 21:00:00+00:00,0,283.58,-52.33,2024-12-28,21,5
2024-12-28 22:00:00+00:00,0,300.18,-63.04,2024-12-28,22,5
2024-12-28 23:00:00+00:00,0,329.58,-71.29,2024-12-28,23,5
2024-12-29 00:00:00+00:00,0,15.68,-72.84,2024-12-29,0,6
2024-12-29 01:00:00+00:00,0,51.54,-66.36,2024-12-29,1,6
2024-12-29 02:00:00+00:00,0,71.48,-56.19,2024-12-29,2,6
2024-12-29 03:00:00+00:00,0,84.13,-44.91,2024-12-29,3,6
2024-12-29 04:00:00+00:00,0,93.91,-33.36,2024-12-29,4,6
2024-12-29 05:00:00+00:00,0,103.68,-20.53,2024-12-29,5,6
2024-12-29 06:00:00+00:00,0,112.48,-9.32,2024-12-29,6,6
2024-12-29 07:00:00+00:00,1,122.05,1.6,2024-12-29,7,6
2024-12-29 08:00:00+00:00,1,130.66,9.28,2024-12-29,8,6
2024-12-29 09:00:00+00:00,1,143.18,17.74,2024-12-29,9,6
2024-12-29 10:00:00+00:00,1,156.52,23.54,2024-12-29,10,6
2024-12-29 11:00:00+00:00,1,171.3,26.75,2024-12-29,11,6
2024-12-29 12:00:00+00:00,1,186.66,26.94,2024-12-29,12,6
2024-12-29 13:00:00+00:00,1,202.03,24.0,2024-12-29,13,6
2024-12-29 14:00:00+00:00,1,215.55,18.45,2024-12-29,14,6
2024-12-29 15:00:00+00:00,1,228.25,10.17,2024-12-29,15,6
2024-12-29 16:00:00+00:00,1,237.05,2.53,2024-12-29,16,6
2024-12-29 17:00:00+00:00,0,246.12,-7.58,2024-12-29,17,6
2024-12-29 18:00:00+00:00,0,254.26,-17.76,2024-12-29,18,6
2024-12-29 19:00:00+00:00,0,263.05,-29.36,2024-12-29,19,6
2024-12-29 20:00:00+00:00,0,272.34,-40.9,2024-12-29,20,6
2024-12-29 21:00:00+00:00,0,283.7,-52.33,2024-12-29,21,6
2024-12-29 22:00:00+00:00,0,300.35,-63.04,2024-12-29,22,6
2024-12-29 23:00:00+00:00,0,329.79,-71.25,2024-12-29,23,6
2024-12-30 00:00:00+00:00,0,15.64,-72.78,2024-12-30,0,0
2024-12-30 01:00:00+00:00,0,51.44,-66.31,2024-12-30,1,0
2024-12-30 02:00:00+00:00,0,71.38,-56.15,2024-12-30,2,0
2024-12-30 03:00:00+00:00,0,84.05,-44.87,2024-12-30,3,0
2024-12-30 04:00:00+00:00,0,93.84,-33.32,2024-12-30,4,0
2024-12-30 05:00:00+00:00,0,103.61,-20.51,2024-12-30,5,0
2024-12-30 06:00:00+00:00,0,112.39,-9.32,2024-12-30,6,0
2024-12-30 07:00:00+00:00,1,121.79,1.44,2024-12-30,7,0
2024-12-30 08:00:00+00:00,1,130.37,9.13,2024-12-30,8,0
2024-12-30 09:00:00+00:00,1,143.07,17.76,2024-12-30,9,0
2024-12-30 10:00:00+00:00,1,156.41,23.58,2024-12-30,10,0
2024-12-30 11:00:00+00:00,1,171.21,26.8,2024-12-30,11,0
2024-12-30 12:00:00+00:00,1,186.15,27.06,2024-12-30,12,0
2024-12-30 13:00:00+00:00,1,201.1,24.35,2024-12-30,13,0
2024-12-30 14:00:00+00:00,1,214.73,18.95,2024-12-30,14,0
2024-12-30 15:00:00+00:00,1,227.8,10.59,2024-12-30,15,0
2024-12-30 16:00:00+00:00,1,236.99,2.67,2024-12-30,16,0
2024-12-30 17:00:00+00:00,0,246.22,-7.58,2024-12-30,17,0
2024-12-30 18:00:00+00:00,0,254.36,-17.76,2024-12-30,18,0
2024-12-30 19:00:00+00:00,0,263.15,-29.36,2024-12-30,19,0
2024-12-30 20:00:00+00:00,0,272.45,-40.9,2024-12-30,20,0
2024-12-30 21:00:00+00:00,0,283.84,-52.33,2024-12-30,21,0
2024-12-30 22:00:00+00:00,0,300.54,-63.02,2024-12-30,22,0
2024-12-30 23:00:00+00:00,0,330.03,-71.21,2024-12-30,23,0
2024-12-31 00:00:00+00:00,0,15.59,-72.71,2024-12-31,0,1
2024-12-31 01:00:00+00:00,0,51.33,-66.26,2024-12-31,1,1
2024-12-31 02:00:00+00:00,0,71.29,-56.11,2024-12-31,2,1
2024-12-31 03:00:00+00:00,0,83.97,-44.83,2024-12-31,3,1
2024-12-31 04:00:00+00:00,0,93.77,-33.28,2024-12-31,4,1
2024-12-31 05:00:00+00:00,0,103.53,-20.49,2024-12-31,5,1
2024-12-31 06:00:00+00:00,0,112.3,-9.32,2024-12-31,6,1
2024-12-31 07:00:00+00:00,1,121.69,1.44,2024-12-31,7,1
2024-12-31 08:00:00+00:00,1,130.26,9.13,2024-12-31,8,1
2024-12-31 09:00:00+00:00,1,142.94,17.77,2024-12-31,9,1
2024-12-31 10:00:00+00:00,1,156.29,23.61,2024-12-31,10,1
2024-12-31 11:00:00+00:00,1,171.09,26.86,2024-12-31,11,1
2024-12-31 12:00:00+00:00,1,186.15,27.14,2024-12-31,12,1
2024-12-31 13:00:00+00:00,1,201.12,24.42,2024-12-31,13,1
2024-12-31 14:00:00+00:00,1,214.77,19.01,2024-12-31,14,1
2024-12-31 15:00:00+00:00,1,227.89,10.62,2024-12-31,15,1
2024-12-31 16:00:00+00:00,1,237.11,2.67,2024-12-31,16,1
2024-12-31 17:00:00+00:00,0,245.78,-6.93,2024-12-31,17,1
2024-12-31 18:00:00+00:00,0,253.79,-16.91,2024-12-31,18,1
2024-12-31 19:00:00+00:00,0,263.26,-29.36,2024-12-31,19,1
2024-12-31 20:00:00+00:00,0,272.58,-40.9,2024-12-31,20,1
2024-12-31 21:00:00+00:00,0,284.0,-52.33,2024-12-31,21,1
2024-12-31 22:00:00+00:00,0,300.75,-63.01,2024-12-31,22,1
2024-12-31 23:00:00+00:00,0,330.28,-71.16,2024-12-31,23,1
2025-01-01 00:00:00+00:00,0,15.52,-72.64,2025-01-01,0,2
2025-01-01 01:00:00+00:00,0,51.19,-66.2,2025-01-01,1,2
2025-01-01 02:00:00+00:00,0,71.17,-56.06,2025-01-01,2,2
2025-01-01 03:00:00+00:00,0,83.87,-44.79,2025-01-01,3,2
2025-01-01 04:00:00+00:00,0,93.69,-33.24,2025-01-01,4,2
2025-01-01 05:00:00+00:00,0,103.44,-20.46,2025-01-01,5,2
2025-01-01 06:00:00+00:00,0,112.19,-9.32,2025-01-01,6,2
2025-01-01 07:00:00+00:00,1,121.57,1.44,2025-01-01,7,2
2025-01-01 08:00:00+00:00,1,130.14,9.14,2025-01-01,8,2
2025-01-01 09:00:00+00:00,1,142.81,17.79,2025-01-01,9,2
2025-01-01 10:00:00+00:00,1,156.16,23.66,2025-01-01,10,2
2025-01-01 11:00:00+00:00,1,170.97,26.93,2025-01-01,11,2
2025-01-01 12:00:00+00:00,1,186.16,27.22,2025-01-01,12,2
2025-01-01 13:00:00+00:00,1,201.15,24.5,2025-01-01,13,2
2025-01-01 14:00:00+00:00,1,214.81,19.08,2025-01-01,14,2
2025-01-01 15:00:00+00:00,1,227.76,10.83,2025-01-01,15,2
2025-01-01 16:00:00+00:00,1,236.88,3.02,2025-01-01,16,2
2025-01-01 17:00:00+00:00,0,245.54,-6.51,2025-01-01,17,2
2025-01-01 18:00:00+00:00,0,253.9,-16.91,2025-01-01,18,2
2025-01-01 19:00:00+00:00,0,263.38,-29.37,2025-01-01,19,2
2025-01-01 20:00:00+00:00,0,272.72,-40.91,2025-01-01,20,2
2025-01-01 21:00:00+00:00,0,284.17,-52.33,2025-01-01,21,2
2025-01-01 22:00:00+00:00,0,300.98,-62.99,2025-01-01,22,2
2025-01-01 23:00:00+00:00,0,330.56,-71.11,2025-01-01,23,2
2025-01-02 00:00:00+00:00,0,15.46,-72.56,2025-01-02,0,3
2025-01-02 01:00:00+00:00,0,51.05,-66.13,2025-01-02,1,3
2025-01-02 02:00:00+00:00,0,71.05,-56.01,2025-01-02,2,3
2025-01-02 03:00:00+00:00,0,83.77,-44.74,2025-01-02,3,3
2025-01-02 04:00:00+00:00,0,93.6,-33.19,2025-01-02,4,3
2025-01-02 05:00:00+00:00,0,103.34,-20.44,2025-01-02,5,3
2025-01-02 06:00:00+00:00,0,112.08,-9.32,2025-01-02,6,3
2025-01-02 07:00:00+00:00,1,121.46,1.45,2025-01-02,7,3
2025-01-02 08:00:00+00:00,1,130.01,9.15,2025-01-02,8,3
2025-01-02 09:00:00+00:00,1,142.66,17.82,2025-01-02,9,3
2025-01-02 10:00:00+00:00,1,156.01,23.7,2025-01-02,10,3
2025-01-02 11:00:00+00:00,1,170.83,27.01,2025-01-02,11,3
2025-01-02 12:00:00+00:00,1,186.16,27.31,2025-01-02,12,3
2025-01-02 13:00:00+00:00,1,201.18,24.59,2025-01-02,13,3
2025-01-02 14:00:00+00:00,1,214.86,19.16,2025-01-02,14,3
2025-01-02 15:00:00+00:00,1,227.86,10.86,2025-01-02,15,3
2025-01-02 16:00:00+00:00,1,237.02,3.01,2025-01-02,16,3
2025-01-02 17:00:00+00:00,0,245.66,-6.51,2025-01-02,17,3
2025-01-02 18:00:00+00:00,0,254.02,-16.91,2025-01-02,18,3
2025-01-02 19:00:00+00:00,0,263.52,-29.37,2025-01-02,19,3
2025-01-02 20:00:00+00:00,0,272.87,-40.91,2025-01-02,20,3
2025-01-02 21:00:00+00:00,0,284.36,-52.33,2025-01-02,21,3
2025-01-02 22:00:00+00:00,0,301.23,-62.98,2025-01-02,22,3
2025-01-02 23:00:00+00:00,0,330.86,-71.05,2025-01-02,23,3
2025-01-03 00:00:00+00:00,0,15.39,-72.46,2025-01-03,0,4
2025-01-03 01:00:00+00:00,0,50.9,-66.07,2025-01-03,1,4
2025-01-03 02:00:00+00:00,0,70.91,-55.95,2025-01-03,2,4
2025-01-03 03:00:00+00:00,0,83.65,-44.69,2025-01-03,3,4
2025-01-03 04:00:00+00:00,0,93.5,-33.14,2025-01-03,4,4
2025-01-03 05:00:00+00:00,0,103.24,-20.41,2025-01-03,5,4
2025-01-03 06:00:00+00:00,0,111.95,-9.31,2025-01-03,6,4
2025-01-03 07:00:00+00:00,1,121.32,1.45,2025-01-03,7,4
2025-01-03 08:00:00+00:00,1,129.87,9.16,2025-01-03,8,4
2025-01-03 09:00:00+00:00,1,142.51,17.84,2025-01-03,9,4
2025-01-03 10:00:00+00:00,1,155.86,23.76,2025-01-03,10,4
2025-01-03 11:00:00+00:00,1,170.69,27.09,2025-01-03,11,4
2025-01-03 12:00:00+00:00,1,186.16,27.41,2025-01-03,12,4
2025-01-03 13:00:00+00:00,1,201.22,24.68,2025-01-03,13,4
2025-01-03 14:00:00+00:00,1,214.91,19.25,2025-01-03,14,4
2025-01-03 15:00:00+00:00,1,227.73,11.09,2025-01-03,15,4
2025-01-03 16:00:00+00:00,1,237.0,3.15,2025-01-03,16,4
2025-01-03 17:00:00+00:00,0,245.79,-6.52,2025-01-03,17,4
2025-01-03 18:00:00+00:00,0,254.16,-16.91,2025-01-03,18,4
2025-01-03 19:00:00+00:00,0,263.66,-29.37,2025-01-03,19,4
2025-01-03 20:00:00+00:00,0,273.04,-40.92,2025-01-03,20,4
2025-01-03 21:00:00+00:00,0,284.57,-52.33,2025-01-03,21,4
2025-01-03 22:00:00+00:00,0,301.51,-62.96,2025-01-03,22,4
2025-01-03 23:00:00+00:00,0,331.2,-70.99,2025-01-03,23,4
2025-01-04 00:00:00+00:00,0,15.33,-72.37,2025-01-04,0,5
2025-01-04 01:00:00+00:00,0,50.74,-65.98,2025-01-04,1,5
2025-01-04 02:00:00+00:00,0,70.76,-55.89,2025-01-04,2,5
2025-01-04 03:00:00+00:00,0,83.54,-44.63,2025-01-04,3,5
2025-01-04 04:00:00+00:00,0,93.4,-33.08,2025-01-04,4,5
2025-01-04 05:00:00+00:00,0,103.12,-20.38,2025-01-04,5,5
2025-01-04 06:00:00+00:00,0,111.82,-9.31,2025-01-04,6,5
2025-01-04 07:00:00+00:00,1,121.18,1.46,2025-01-04,7,5
2025-01-04 08:00:00+00:00,1,129.72,9.17,2025-01-04,8,5
2025-01-04 09:00:00+00:00,1,142.34,17.86,2025-01-04,9,5
2025-01-04 10:00:00+00:00,1,155.69,23.81,2025-01-04,10,5
2025-01-04 11:00:00+00:00,1,170.53,27.17,2025-01-04,11,5
2025-01-04 12:00:00+00:00,1,186.16,27.51,2025-01-04,12,5
2025-01-04 13:00:00+00:00,1,201.25,24.78,2025-01-04,13,5
2025-01-04 14:00:00+00:00,1,214.96,19.34,2025-01-04,14,5
2025-01-04 15:00:00+00:00,1,227.91,11.08,2025-01-04,15,5
2025-01-04 16:00:00+00:00,1,237.17,3.14,2025-01-04,16,5
2025-01-04 17:00:00+00:00,0,245.94,-6.52,2025-01-04,17,5
2025-01-04 18:00:00+00:00,0,254.3,-16.91,2025-01-04,18,5
2025-01-04 19:00:00+00:00,0,263.81,-29.38,2025-01-04,19,5
2025-01-04 20:00:00+00:00,0,273.21,-40.92,2025-01-04,20,5
2025-01-04 21:00:00+00:00,0,284.79,-52.33,2025-01-04,21,5
2025-01-04 22:00:00+00:00,0,301.8,-62.94,2025-01-04,22,5
2025-01-04 23:00:00+00:00,0,331.54,-70.92,2025-01-04,23,5
2025-01-05 00:00:00+00:00,0,15.24,-72.26,2025-01-05,0,6
2025-01-05 01:00:00+00:00,0,50.56,-65.9,2025-01-05,1,6
2025-01-05 02:00:00+00:00,0,70.6,-55.82,2025-01-05,2,6
2025-01-05 03:00:00+00:00,0,83.41,-44.57,2025-01-05,3,6
2025-01-05 04:00:00+00:00,0,93.29,-33.02,2025-01-05,4,6
2025-01-05 05:00:00+00:00,0,103.0,-20.35,2025-01-05,5,6
2025-01-05 06:00:00+00:00,0,111.68,-9.31,2025-01-05,6,6
2025-01-05 07:00:00+00:00,1,121.03,1.46,2025-01-05,7,6
2025-01-05 08:00:00+00:00,1,129.56,9.18,2025-01-05,8,6
2025-01-05 09:00:00+00:00,1,142.15,17.89,2025-01-05,9,6
2025-01-05 10:00:00+00:00,1,155.51,23.87,2025-01-05,10,6
2025-01-05 11:00:00+00:00,1,170.44,27.27,2025-01-05,11,6
2025-01-05 12:00:00+00:00,1,186.17,27.62,2025-01-05,12,6
2025-01-05 13:00:00+00:00,1,201.29,24.88,2025-01-05,13,6
2025-01-05 14:00:00+00:00,1,215.02,19.44,2025-01-05,14,6
2025-01-05 15:00:00+00:00,1,227.8,11.32,2025-01-05,15,6
2025-01-05 16:00:00+00:00,1,237.0,3.47,2025-01-05,16,6
2025-01-05 17:00:00+00:00,0,245.74,-6.11,2025-01-05,17,6
2025-01-05 18:00:00+00:00,0,254.45,-16.92,2025-01-05,18,6
2025-01-05 19:00:00+00:00,0,263.97,-29.38,2025-01-05,19,6
2025-01-05 20:00:00+00:00,0,273.4,-40.93,2025-01-05,20,6
2025-01-05 21:00:00+00:00,0,285.03,-52.33,2025-01-05,21,6
2025-01-05 22:00:00+00:00,0,302.12,-62.92,2025-01-05,22,6
2025-01-05 23:00:00+00:00,0,331.92,-70.85,2025-01-05,23,6
2025-01-06 00:00:00+00:00,0,15.16,-72.15,2025-01-06,0,0
2025-01-06 01:00:00+00:00,0,50.38,-65.82,2025-01-06,1,0
2025-01-06 02:00:00+00:00,0,70.44,-55.75,2025-01-06,2,0
2025-01-06 03:00:00+00:00,0,83.27,-44.5,2025-01-06,3,0
2025-01-06 04:00:00+00:00,0,93.17,-32.95,2025-01-06,4,0
2025-01-06 05:00:00+00:00,0,102.87,-20.32,2025-01-06,5,0
2025-01-06 06:00:00+00:00,0,111.52,-9.31,2025-01-06,6,0
2025-01-06 07:00:00+00:00,1,120.87,1.47,2025-01-06,7,0
2025-01-06 08:00:00+00:00,1,129.38,9.2,2025-01-06,8,0
2025-01-06 09:00:00+00:00,1,141.96,17.92,2025-01-06,9,0
2025-01-06 10:00:00+00:00,1,155.32,23.93,2025-01-06,10,0
2025-01-06 11:00:00+00:00,1,170.18,27.36,2025-01-06,11,0
2025-01-06 12:00:00+00:00,1,185.75,27.77,2025-01-06,12,0
2025-01-06 13:00:00+00:00,1,201.33,25.0,2025-01-06,13,0
2025-01-06 14:00:00+00:00,1,215.08,19.55,2025-01-06,14,0
2025-01-06 15:00:00+00:00,1,227.93,11.37,2025-01-06,15,0
2025-01-06 16:00:00+00:00,1,237.19,3.46,2025-01-06,16,0
2025-01-06 17:00:00+00:00,0,245.91,-6.11,2025-01-06,17,0
2025-01-06 18:00:00+00:00,0,254.61,-16.92,2025-01-06,18,0
2025-01-06 19:00:00+00:00,0,264.15,-29.39,2025-01-06,19,0
2025-01-06 20:00:00+00:00,0,273.6,-40.94,2025-01-06,20,0
2025-01-06 21:00:00+00:00,0,285.28,-52.32,2025-01-06,21,0
2025-01-06 22:00:00+00:00,0,302.45,-62.89,2025-01-06,22,0
2025-01-06 23:00:00+00:00,0,332.31,-70.77,2025-01-06,23,0
2025-01-07 00:00:00+00:00,0,15.08,-72.03,2025-01-07,0,1
2025-01-07 01:00:00+00:00,0,50.19,-65.72,2025-01-07,1,1
2025-01-07 02:00:00+00:00,0,70.27,-55.67,2025-01-07,2,1
2025-01-07 03:00:00+00:00,0,83.12,-44.43,2025-01-07,3,1
2025-01-07 04:00:00+00:00,0,93.05,-32.88,2025-01-07,4,1
2025-01-07 05:00:00+00:00,0,102.74,-20.28,2025-01-07,5,1
2025-01-07 06:00:00+00:00,0,111.36,-9.31,2025-01-07,6,1
2025-01-07 07:00:00+00:00,1,120.7,1.47,2025-01-07,7,1
2025-01-07 08:00:00+00:00,1,129.2,9.21,2025-01-07,8,1
2025-01-07 09:00:00+00:00,1,141.75,17.95,2025-01-07,9,1
2025-01-07 10:00:00+00:00,1,155.11,24.0,2025-01-07,10,1
2025-01-07 11:00:00+00:00,1,169.99,27.47,2025-01-07,11,1
2025-01-07 12:00:00+00:00,1,185.75,27.89,2025-01-07,12,1
2025-01-07 13:00:00+00:00,1,201.39,25.12,2025-01-07,13,1
2025-01-07 14:00:00+00:00,1,215.16,19.65,2025-01-07,14,1
2025-01-07 15:00:00+00:00,1,227.82,11.62,2025-01-07,15,1
2025-01-07 16:00:00+00:00,1,237.22,3.6,2025-01-07,16,1
2025-01-07 17:00:00+00:00,0,246.08,-6.12,2025-01-07,17,1
2025-01-07 18:00:00+00:00,0,254.78,-16.92,2025-01-07,18,1
2025-01-07 19:00:00+00:00,0,264.34,-29.4,2025-01-07,19,1
2025-01-07 20:00:00+00:00,0,273.82,-40.94,2025-01-07,20,1
2025-01-07 21:00:00+00:00,0,285.54,-52.32,2025-01-07,21,1
2025-01-07 22:00:00+00:00,0,302.8,-62.86,2025-01-07,22,1
2025-01-07 23:00:00+00:00,0,332.72,-70.68,2025-01-07,23,1
2025-01-08 00:00:00+00:00,0,14.99,-71.9,2025-01-08,0,2
2025-01-08 01:00:00+00:00,0,49.98,-65.62,2025-01-08,1,2
2025-01-08 02:00:00+00:00,0,70.08,-55.59,2025-01-08,2,2
2025-01-08 03:00:00+00:00,0,82.97,-44.36,2025-01-08,3,2
2025-01-08 04:00:00+00:00,0,92.91,-32.81,2025-01-08,4,2
2025-01-08 05:00:00+00:00,0,102.59,-20.24,2025-01-08,5,2
2025-01-08 06:00:00+00:00,0,111.19,-9.3,2025-01-08,6,2
2025-01-08 07:00:00+00:00,1,120.52,1.48,2025-01-08,7,2
2025-01-08 08:00:00+00:00,1,129.0,9.22,2025-01-08,8,2
2025-01-08 09:00:00+00:00,1,141.53,17.98,2025-01-08,9,2
2025-01-08 10:00:00+00:00,1,154.89,24.06,2025-01-08,10,2
2025-01-08 11:00:00+00:00,1,169.8,27.58,2025-01-08,11,2
2025-01-08 12:00:00+00:00,1,185.21,28.08,2025-01-08,12,2
2025-01-08 13:00:00+00:00,1,200.44,25.52,2025-01-08,13,2
2025-01-08 14:00:00+00:00,1,214.35,20.22,2025-01-08,14,2
2025-01-08 15:00:00+00:00,1,227.59,11.94,2025-01-08,15,2
2025-01-08 16:00:00+00:00,1,237.43,3.58,2025-01-08,16,2
2025-01-08 17:00:00+00:00,0,246.27,-6.12,2025-01-08,17,2
2025-01-08 18:00:00+00:00,0,254.96,-16.92,2025-01-08,18,2
2025-01-08 19:00:00+00:00,0,264.53,-29.4,2025-01-08,19,2
2025-01-08 20:00:00+00:00,0,274.04,-40.95,2025-01-08,20,2
2025-01-08 21:00:00+00:00,0,285.82,-52.32,2025-01-08,21,2
2025-01-08 22:00:00+00:00,0,303.17,-62.83,2025-01-08,22,2
2025-01-08 23:00:00+00:00,0,333.15,-70.59,2025-01-08,23,2
2025-01-09 00:00:00+00:00,0,14.89,-71.77,2025-01-09,0,3
2025-01-09 01:00:00+00:00,0,49.77,-65.51,2025-01-09,1,3
2025-01-09 02:00:00+00:00,0,69.89,-55.51,2025-01-09,2,3
2025-01-09 03:00:00+00:00,0,82.81,-44.28,2025-01-09,3,3
2025-01-09 04:00:00+00:00,0,92.77,-32.73,2025-01-09,4,3
2025-01-09 05:00:00+00:00,0,102.44,-20.2,2025-01-09,5,3
2025-01-09 06:00:00+00:00,0,111.0,-9.3,2025-01-09,6,3
2025-01-09 07:00:00+00:00,1,120.33,1.48,2025-01-09,7,3
2025-01-09 08:00:00+00:00,1,128.8,9.24,2025-01-09,8,3
2025-01-09 09:00:00+00:00,1,141.31,18.01,2025-01-09,9,3
2025-01-09 10:00:00+00:00,1,154.67,24.14,2025-01-09,10,3
2025-01-09 11:00:00+00:00,1,169.58,27.69,2025-01-09,11,3
2025-01-09 12:00:00+00:00,1,185.2,28.22,2025-01-09,12,3
2025-01-09 13:00:00+00:00,1,200.49,25.66,2025-01-09,13,3
2025-01-09 14:00:00+00:00,1,214.43,20.34,2025-01-09,14,3
2025-01-09 15:00:00+00:00,1,227.46,12.23,2025-01-09,15,3
2025-01-09 16:00:00+00:00,1,237.48,3.72,2025-01-09,16,3
2025-01-09 17:00:00+00:00,0,246.46,-6.13,2025-01-09,17,3
2025-01-09 18:00:00+00:00,0,255.15,-16.92,2025-01-09,18,3
2025-01-09 19:00:00+00:00,0,264.73,-29.41,2025-01-09,19,3
2025-01-09 20:00:00+00:00,0,274.28,-40.96,2025-01-09,20,3
2025-01-09 21:00:00+00:00,0,286.11,-52.32,2025-01-09,21,3
2025-01-09 22:00:00+00:00,0,303.56,-62.8,2025-01-09,22,3
2025-01-09 23:00:00+00:00,0,333.6,-70.5,2025-01-09,23,3
2025-01-10 00:00:00+00:00,0,14.79,-71.63,2025-01-10,0,4
2025-01-10 01:00:00+00:00,0,49.54,-65.4,2025-01-10,1,4
2025-01-10 02:00:00+00:00,0,69.69,-55.42,2025-01-10,2,4
2025-01-10 03:00:00+00:00,0,82.64,-44.2,2025-01-10,3,4
2025-01-10 04:00:00+00:00,0,92.63,-32.65,2025-01-10,4,4
2025-01-10 05:00:00+00:00,0,102.28,-20.16,2025-01-10,5,4
2025-01-10 06:00:00+00:00,0,110.81,-9.3,2025-01-10,6,4
2025-01-10 07:00:00+00:00,1,120.29,1.65,2025-01-10,7,4
2025-01-10 08:00:00+00:00,1,128.78,9.42,2025-01-10,8,4
2025-01-10 09:00:00+00:00,1,141.07,18.05,2025-01-10,9,4
2025-01-10 10:00:00+00:00,1,154.42,24.21,2025-01-10,10,4
2025-01-10 11:00:00+00:00,1,169.36,27.81,2025-01-10,11,4
2025-01-10 12:00:00+00:00,1,185.19,28.37,2025-01-10,12,4
2025-01-10 13:00:00+00:00,1,200.54,25.8,2025-01-10,13,4
2025-01-10 14:00:00+00:00,1,214.5,20.47,2025-01-10,14,4
2025-01-10 15:00:00+00:00,1,227.49,12.4,2025-01-10,15,4
2025-01-10 16:00:00+00:00,1,237.38,4.03,2025-01-10,16,4
2025-01-10 17:00:00+00:00,0,245.85,-5.15,2025-01-10,17,4
2025-01-10 18:00:00+00:00,0,254.71,-16.1,2025-01-10,18,4
2025-01-10 19:00:00+00:00,0,264.95,-29.41,2025-01-10,19,4
2025-01-10 20:00:00+00:00,0,274.53,-40.96,2025-01-10,20,4
2025-01-10 21:00:00+00:00,0,286.42,-52.31,2025-01-10,21,4
2025-01-10 22:00:00+00:00,0,303.97,-62.77,2025-01-10,22,4
2025-01-10 23:00:00+00:00,0,334.07,-70.4,2025-01-10,23,4
2025-01-11 00:00:00+00:00,0,14.69,-71.48,2025-01-11,0,5
2025-01-11 01:00:00+00:00,0,49.31,-65.28,2025-01-11,1,5
2025-01-11 02:00:00+00:00,0,69.47,-55.32,2025-01-11,2,5
2025-01-11 03:00:00+00:00,0,82.46,-44.11,2025-01-11,3,5
2025-01-11 04:00:00+00:00,0,92.47,-32.57,2025-01-11,4,5
2025-01-11 05:00:00+00:00,0,102.11,-20.11,2025-01-11,5,5
2025-01-11 06:00:00+00:00,0,110.61,-9.3,2025-01-11,6,5
2025-01-11 07:00:00+00:00,1,119.98,1.55,2025-01-11,7,5
2025-01-11 08:00:00+00:00,1,128.4,9.3,2025-01-11,8,5
2025-01-11 09:00:00+00:00,1,140.81,18.08,2025-01-11,9,5
2025-01-11 10:00:00+00:00,1,154.17,24.29,2025-01-11,10,5
2025-01-11 11:00:00+00:00,1,169.12,27.94,2025-01-11,11,5
2025-01-11 12:00:00+00:00,1,184.83,28.55,2025-01-11,12,5
2025-01-11 13:00:00+00:00,1,200.59,25.95,2025-01-11,13,5
2025-01-11 14:00:00+00:00,1,214.58,20.61,2025-01-11,14,5
2025-01-11 15:00:00+00:00,1,227.63,12.48,2025-01-11,15,5
2025-01-11 16:00:00+00:00,1,237.62,4.01,2025-01-11,16,5
2025-01-11 17:00:00+00:00,0,246.06,-5.16,2025-01-11,17,5
2025-01-11 18:00:00+00:00,0,254.92,-16.1,2025-01-11,18,5
2025-01-11 19:00:00+00:00,0,265.18,-29.42,2025-01-11,19,5
2025-01-11 20:00:00+00:00,0,274.79,-40.97,2025-01-11,20,5
2025-01-11 21:00:00+00:00,0,286.75,-52.31,2025-01-11,21,5
2025-01-11 22:00:00+00:00,0,304.4,-62.73,2025-01-11,22,5
2025-01-11 23:00:00+00:00,0,334.57,-70.29,2025-01-11,23,5
2025-01-12 00:00:00+00:00,0,14.59,-71.33,2025-01-12,0,6
2025-01-12 01:00:00+00:00,0,49.07,-65.15,2025-01-12,1,6
2025-01-12 02:00:00+00:00,0,69.25,-55.22,2025-01-12,2,6
2025-01-12 03:00:00+00:00,0,82.27,-44.02,2025-01-12,3,6
2025-01-12 04:00:00+00:00,0,92.31,-32.48,2025-01-12,4,6
2025-01-12 05:00:00+00:00,0,101.93,-20.07,2025-01-12,5,6
2025-01-12 06:00:00+00:00,0,110.4,-9.29,2025-01-12,6,6
2025-01-12 07:00:00+00:00,1,119.87,1.67,2025-01-12,7,6
2025-01-12 08:00:00+00:00,1,128.59,9.66,2025-01-12,8,6
2025-01-12 09:00:00+00:00,1,141.39,18.6,2025-01-12,9,6
2025-01-12 10:00:00+00:00,1,154.87,24.71,2025-01-12,10,6
2025-01-12 11:00:00+00:00,1,169.92,28.21,2025-01-12,11,6
2025-01-12 12:00:00+00:00,1,185.3,28.69,2025-01-12,12,6
2025-01-12 13:00:00+00:00,1,200.64,26.11,2025-01-12,13,6
2025-01-12 14:00:00+00:00,1,214.66,20.75,2025-01-12,14,6
2025-01-12 15:00:00+00:00,1,227.49,12.8,2025-01-12,15,6
2025-01-12 16:00:00+00:00,1,237.55,4.3,2025-01-12,16,6
2025-01-12 17:00:00+00:00,0,246.28,-5.16,2025-01-12,17,6
2025-01-12 18:00:00+00:00,0,255.13,-16.11,2025-01-12,18,6
2025-01-12 19:00:00+00:00,0,265.41,-29.43,2025-01-12,19,6
2025-01-12 20:00:00+00:00,0,275.07,-40.97,2025-01-12,20,6
2025-01-12 21:00:00+00:00,0,287.09,-52.3,2025-01-12,21,6
2025-01-12 22:00:00+00:00,0,304.84,-62.69,2025-01-12,22,6
2025-01-12 23:00:00+00:00,0,335.07,-70.18,2025-01-12,23,6
2025-01-13 00:00:00+00:00,0,14.48,-71.17,2025-01-13,0,0
2025-01-13 01:00:00+00:00,0,48.81,-65.03,2025-01-13,1,0
2025-01-13 02:00:00+00:00,0,69.02,-55.12,2025-01-13,2,0
2025-01-13 03:00:00+00:00,0,82.08,-43.93,2025-01-13,3,0
2025-01-13 04:00:00+00:00,0,92.15,-32.38,2025-01-13,4,0
2025-01-13 05:00:00+00:00,0,101.74,-20.02,2025-01-13,5,0
2025-01-13 06:00:00+00:00,0,110.18,-9.29,2025-01-13,6,0
2025-01-13 07:00:00+00:00,1,119.64,1.67,2025-01-13,7,0
2025-01-13 08:00:00+00:00,1,128.34,9.68,2025-01-13,8,0
2025-01-13 09:00:00+00:00,1,141.12,18.65,2025-01-13,9,0
2025-01-13 10:00:00+00:00,1,154.6,24.8,2025-01-13,10,0
2025-01-13 11:00:00+00:00,1,169.67,28.35,2025-01-13,11,0
2025-01-13 12:00:00+00:00,1,185.29,28.86,2025-01-13,12,0
2025-01-13 13:00:00+00:00,1,200.7,26.27,2025-01-13,13,0
2025-01-13 14:00:00+00:00,1,214.75,20.9,2025-01-13,14,0
2025-01-13 15:00:00+00:00,1,227.63,12.91,2025-01-13,15,0
2025-01-13 16:00:00+00:00,1,237.66,4.44,2025-01-13,16,0
2025-01-13 17:00:00+00:00,1,246.19,-4.76,2025-01-13,17,0
2025-01-13 18:00:00+00:00,0,255.36,-16.11,2025-01-13,18,0
2025-01-13 19:00:00+00:00,0,265.66,-29.43,2025-01-13,19,0
2025-01-13 20:00:00+00:00,0,275.35,-40.98,2025-01-13,20,0
2025-01-13 21:00:00+00:00,0,287.44,-52.3,2025-01-13,21,0
2025-01-13 22:00:00+00:00,0,305.3,-62.65,2025-01-13,22,0
2025-01-13 23:00:00+00:00,0,335.59,-70.06,2025-01-13,23,0
2025-01-14 00:00:00+00:00,0,14.37,-71.0,2025-01-14,0,1
2025-01-14 01:00:00+00:00,0,48.56,-64.89,2025-01-14,1,1
2025-01-14 02:00:00+00:00,0,68.78,-55.01,2025-01-14,2,1
2025-01-14 03:00:00+00:00,0,81.88,-43.83,2025-01-14,3,1
2025-01-14 04:00:00+00:00,0,91.98,-32.29,2025-01-14,4,1
2025-01-14 05:00:00+00:00,0,101.55,-19.97,2025-01-14,5,1
2025-01-14 06:00:00+00:00,0,109.96,-9.29,2025-01-14,6,1
2025-01-14 07:00:00+00:00,1,119.4,1.68,2025-01-14,7,1
2025-01-14 08:00:00+00:00,1,128.09,9.69,2025-01-14,8,1
2025-01-14 09:00:00+00:00,1,140.83,18.69,2025-01-14,9,1
2025-01-14 10:00:00+00:00,1,154.32,24.89,2025-01-14,10,1
2025-01-14 11:00:00+00:00,1,169.41,28.49,2025-01-14,11,1
2025-01-14 12:00:00+00:00,1,185.27,29.04,2025-01-14,12,1
2025-01-14 13:00:00+00:00,1,200.76,26.44,2025-01-14,13,1
2025-01-14 14:00:00+00:00,1,214.84,21.06,2025-01-14,14,1
2025-01-14 15:00:00+00:00,1,227.47,13.26,2025-01-14,15,1
2025-01-14 16:00:00+00:00,1,237.76,4.58,2025-01-14,16,1
2025-01-14 17:00:00+00:00,1,246.43,-4.77,2025-01-14,17,1
2025-01-14 18:00:00+00:00,0,255.59,-16.11,2025-01-14,18,1
2025-01-14 19:00:00+00:00,0,265.91,-29.44,2025-01-14,19,1
2025-01-14 20:00:00+00:00,0,275.65,-40.99,2025-01-14,20,1
2025-01-14 21:00:00+00:00,0,287.81,-52.29,2025-01-14,21,1
2025-01-14 22:00:00+00:00,0,305.77,-62.6,2025-01-14,22,1
2025-01-14 23:00:00+00:00,0,336.12,-69.94,2025-01-14,23,1
2025-01-15 00:00:00+00:00,0,14.26,-70.83,2025-01-15,0,2
2025-01-15 01:00:00+00:00,0,48.3,-64.75,2025-01-15,1,2
2025-01-15 02:00:00+00:00,0,68.54,-54.89,2025-01-15,2,2
2025-01-15 03:00:00+00:00,0,81.67,-43.72,2025-01-15,3,2
2025-01-15 04:00:00+00:00,0,91.8,-32.18,2025-01-15,4,2
2025-01-15 05:00:00+00:00,0,101.35,-19.92,2025-01-15,5,2
2025-01-15 06:00:00+00:00,0,109.72,-9.29,2025-01-15,6,2
2025-01-15 07:00:00+00:00,1,119.15,1.69,2025-01-15,7,2
2025-01-15 08:00:00+00:00,1,127.83,9.71,2025-01-15,8,2
2025-01-15 09:00:00+00:00,1,140.54,18.73,2025-01-15,9,2
2025-01-15 10:00:00+00:00,1,154.02,24.98,2025-01-15,10,2
2025-01-15 11:00:00+00:00,1,169.14,28.64,2025-01-15,11,2
2025-01-15 12:00:00+00:00,1,185.26,29.22,2025-01-15,12,2
2025-01-15 13:00:00+00:00,1,200.82,26.62,2025-01-15,13,2
2025-01-15 14:00:00+00:00,1,214.94,21.22,2025-01-15,14,2
2025-01-15 15:00:00+00:00,1,227.56,13.43,2025-01-15,15,2
2025-01-15 16:00:00+00:00,1,237.71,4.87,2025-01-15,16,2
2025-01-15 17:00:00+00:00,1,246.38,-4.4,2025-01-15,17,2
2025-01-15 18:00:00+00:00,0,255.84,-16.12,2025-01-15,18,2
2025-01-15 19:00:00+00:00,0,266.18,-29.45,2025-01-15,19,2
2025-01-15 20:00:00+00:00,0,275.96,-41.0,2025-01-15,20,2
2025-01-15 21:00:00+00:00,0,288.19,-52.29,2025-01-15,21,2
2025-01-15 22:00:00+00:00,0,306.27,-62.56,2025-01-15,22,2
2025-01-15 23:00:00+00:00,0,336.67,-69.8,2025-01-15,23,2
2025-01-16 00:00:00+00:00,0,14.15,-70.65,2025-01-16,0,3
2025-01-16 01:00:00+00:00,0,48.03,-64.6,2025-01-16,1,3
2025-01-16 02:00:00+00:00,0,68.29,-54.77,2025-01-16,2,3
2025-01-16 03:00:00+00:00,0,81.45,-43.61,2025-01-16,3,3
2025-01-16 04:00:00+00:00,0,91.61,-32.08,2025-01-16,4,3
2025-01-16 05:00:00+00:00,0,101.14,-19.86,2025-01-16,5,3
2025-01-16 06:00:00+00:00,0,109.48,-9.28,2025-01-16,6,3
2025-01-16 07:00:00+00:00,1,118.9,1.7,2025-01-16,7,3
2025-01-16 08:00:00+00:00,1,127.55,9.73,2025-01-16,8,3
2025-01-16 09:00:00+00:00,1,140.24,18.78,2025-01-16,9,3
2025-01-16 10:00:00+00:00,1,153.72,25.08,2025-01-16,10,3
2025-01-16 11:00:00+00:00,1,168.86,28.79,2025-01-16,11,3
2025-01-16 12:00:00+00:00,1,184.88,29.43,2025-01-16,12,3
2025-01-16 13:00:00+00:00,1,200.89,26.8,2025-01-16,13,3
2025-01-16 14:00:00+00:00,1,215.04,21.39,2025-01-16,14,3
2025-01-16 15:00:00+00:00,1,227.7,13.56,2025-01-16,15,3
2025-01-16 16:00:00+00:00,1,238.01,4.85,2025-01-16,16,3
2025-01-16 17:00:00+00:00,1,246.64,-4.41,2025-01-16,17,3
2025-01-16 18:00:00+00:00,0,256.09,-16.12,2025-01-16,18,3
2025-01-16 19:00:00+00:00,0,266.45,-29.46,2025-01-16,19,3
2025-01-16 20:00:00+00:00,0,276.27,-41.0,2025-01-16,20,3
2025-01-16 21:00:00+00:00,0,288.58,-52.27,2025-01-16,21,3
2025-01-16 22:00:00+00:00,0,306.78,-62.5,2025-01-16,22,3
2025-01-16 23:00:00+00:00,0,337.22,-69.67,2025-01-16,23,3
2025-01-17 00:00:00+00:00,0,14.03,-70.46,2025-01-17,0,4
2025-01-17 01:00:00+00:00,0,47.75,-64.45,2025-01-17,1,4
2025-01-17 02:00:00+00:00,0,68.03,-54.64,2025-01-17,2,4
2025-01-17 03:00:00+00:00,0,81.24,-43.5,2025-01-17,3,4
2025-01-17 04:00:00+00:00,0,91.42,-31.97,2025-01-17,4,4
2025-01-17 05:00:00+00:00,0,100.93,-19.81,2025-01-17,5,4
2025-01-17 06:00:00+00:00,0,109.22,-9.28,2025-01-17,6,4
2025-01-17 07:00:00+00:00,1,118.8,1.87,2025-01-17,7,4
2025-01-17 08:00:00+00:00,1,127.47,9.92,2025-01-17,8,4
2025-01-17 09:00:00+00:00,1,139.93,18.83,2025-01-17,9,4
2025-01-17 10:00:00+00:00,1,153.41,25.18,2025-01-17,10,4
2025-01-17 11:00:00+00:00,1,168.57,28.95,2025-01-17,11,4
2025-01-17 12:00:00+00:00,1,184.85,29.62,2025-01-17,12,4
2025-01-17 13:00:00+00:00,1,200.96,26.98,2025-01-17,13,4
2025-01-17 14:00:00+00:00,1,215.14,21.56,2025-01-17,14,4
2025-01-17 15:00:00+00:00,1,227.51,13.96,2025-01-17,15,4
2025-01-17 16:00:00+00:00,1,237.97,5.15,2025-01-17,16,4
2025-01-17 17:00:00+00:00,1,246.64,-4.08,2025-01-17,17,4
2025-01-17 18:00:00+00:00,0,256.35,-16.12,2025-01-17,18,4
2025-01-17 19:00:00+00:00,0,266.74,-29.46,2025-01-17,19,4
2025-01-17 20:00:00+00:00,0,276.6,-41.0,2025-01-17,20,4
2025-01-17 21:00:00+00:00,0,288.99,-52.26,2025-01-17,21,4
2025-01-17 22:00:00+00:00,0,307.31,-62.45,2025-01-17,22,4
2025-01-17 23:00:00+00:00,0,337.8,-69.52,2025-01-17,23,4
2025-01-18 00:00:00+00:00,0,13.91,-70.26,2025-01-18,0,5
2025-01-18 01:00:00+00:00,0,47.47,-64.29,2025-01-18,1,5
2025-01-18 02:00:00+00:00,0,67.76,-54.51,2025-01-18,2,5
2025-01-18 03:00:00+00:00,0,81.01,-43.39,2025-01-18,3,5
2025-01-18 04:00:00+00:00,0,91.22,-31.86,2025-01-18,4,5
2025-01-18 05:00:00+00:00,0,100.71,-19.75,2025-01-18,5,5
2025-01-18 06:00:00+00:00,0,108.96,-9.28,2025-01-18,6,5
2025-01-18 07:00:00+00:00,1,118.53,1.88,2025-01-18,7,5
2025-01-18 08:00:00+00:00,1,127.17,9.94,2025-01-18,8,5
2025-01-18 09:00:00+00:00,1,139.6,18.87,2025-01-18,9,5
2025-01-18 10:00:00+00:00,1,153.08,25.28,2025-01-18,10,5
2025-01-18 11:00:00+00:00,1,168.26,29.11,2025-01-18,11,5
2025-01-18 12:00:00+00:00,1,184.28,29.87,2025-01-18,12,5
2025-01-18 13:00:00+00:00,1,200.02,27.45,2025-01-18,13,5
2025-01-18 14:00:00+00:00,1,214.36,22.18,2025-01-18,14,5
2025-01-18 15:00:00+00:00,1,226.87,14.68,2025-01-18,15,5
2025-01-18 16:00:00+00:00,1,237.95,5.45,2025-01-18,16,5
2025-01-18 17:00:00+00:00,1,246.66,-3.78,2025-01-18,17,5
2025-01-18 18:00:00+00:00,0,255.74,-14.99,2025-01-18,18,5
2025-01-18 19:00:00+00:00,0,264.0,-25.62,2025-01-18,19,5
2025-01-18 20:00:00+00:00,0,273.46,-37.17,2025-01-18,20,5
2025-01-18 21:00:00+00:00,0,284.81,-48.57,2025-01-18,21,5
2025-01-18 22:00:00+00:00,0,300.7,-59.22,2025-01-18,22,5
2025-01-18 23:00:00+00:00,0,326.53,-67.61,2025-01-18,23,5
2025-01-19 00:00:00+00:00,0,98.19,-70.22,2025-01-19,0,6
2025-01-19 01:00:00+00:00,0,47.18,-64.13,2025-01-19,1,6
2025-01-19 02:00:00+00:00,0,67.49,-54.38,2025-01-19,2,6
2025-01-19 03:00:00+00:00,0,80.78,-43.27,2025-01-19,3,6
2025-01-19 04:00:00+00:00,0,91.02,-31.74,2025-01-19,4,6
2025-01-19 05:00:00+00:00,0,100.48,-19.69,2025-01-19,5,6
2025-01-19 06:00:00+00:00,0,108.69,-9.27,2025-01-19,6,6
2025-01-19 07:00:00+00:00,1,118.25,1.89,2025-01-19,7,6
2025-01-19 08:00:00+00:00,1,127.18,10.2,2025-01-19,8,6
2025-01-19 09:00:00+00:00,1,140.11,19.42,2025-01-19,9,6
2025-01-19 10:00:00+00:00,1,153.72,25.73,2025-01-19,10,6
2025-01-19 11:00:00+00:00,1,169.01,29.43,2025-01-19,11,6
2025-01-19 12:00:00+00:00,1,184.8,30.07,2025-01-19,12,6
2025-01-19 13:00:00+00:00,1,200.08,27.65,2025-01-19,13,6
2025-01-19 14:00:00+00:00,1,214.46,22.36,2025-01-19,14,6
2025-01-19 15:00:00+00:00,1,227.0,14.85,2025-01-19,15,6
2025-01-19 16:00:00+00:00,1,238.1,5.59,2025-01-19,16,6
2025-01-19 17:00:00+00:00,1,246.57,-3.32,2025-01-19,17,6
2025-01-19 18:00:00+00:00,0,255.41,-14.22,2025-01-19,18,6
2025-01-19 19:00:00+00:00,0,264.29,-25.63,2025-01-19,19,6
2025-01-19 20:00:00+00:00,0,273.79,-37.18,2025-01-19,20,6
2025-01-19 21:00:00+00:00,0,285.22,-48.56,2025-01-19,21,6
2025-01-19 22:00:00+00:00,0,301.21,-59.18,2025-01-19,22,6
2025-01-19 23:00:00+00:00,0,327.14,-67.5,2025-01-19,23,6
2025-01-20 00:00:00+00:00,0,98.23,-70.01,2025-01-20,0,0
2025-01-20 01:00:00+00:00,0,46.89,-63.96,2025-01-20,1,0
2025-01-20 02:00:00+00:00,0,67.2,-54.24,2025-01-20,2,0
2025-01-20 03:00:00+00:00,0,80.53,-43.14,2025-01-20,3,0
2025-01-20 04:00:00+00:00,0,90.81,-31.62,2025-01-20,4,0
2025-01-20 05:00:00+00:00,0,100.97,-18.7,2025-01-20,5,0
2025-01-20 06:00:00+00:00,0,108.98,-8.56,2025-01-20,6,0
2025-01-20 07:00:00+00:00,1,117.96,1.9,2025-01-20,7,0
2025-01-20 08:00:00+00:00,1,126.86,10.22,2025-01-20,8,0
2025-01-20 09:00:00+00:00,1,139.77,19.47,2025-01-20,9,0
2025-01-20 10:00:00+00:00,1,153.38,25.84,2025-01-20,10,0
2025-01-20 11:00:00+00:00,1,168.69,29.61,2025-01-20,11,0
2025-01-20 12:00:00+00:00,1,184.42,30.3,2025-01-20,12,0
2025-01-20 13:00:00+00:00,1,200.16,27.85,2025-01-20,13,0
2025-01-20 14:00:00+00:00,1,214.57,22.55,2025-01-20,14,0
2025-01-20 15:00:00+00:00,1,227.14,15.02,2025-01-20,15,0
2025-01-20 16:00:00+00:00,1,238.26,5.73,2025-01-20,16,0
2025-01-20 17:00:00+00:00,1,246.64,-3.05,2025-01-20,17,0
2025-01-20 18:00:00+00:00,0,255.7,-14.23,2025-01-20,18,0
2025-01-20 19:00:00+00:00,0,264.59,-25.64,2025-01-20,19,0
2025-01-20 20:00:00+00:00,0,274.14,-37.19,2025-01-20,20,0
2025-01-20 21:00:00+00:00,0,285.63,-48.56,2025-01-20,21,0
2025-01-20 22:00:00+00:00,0,301.74,-59.13,2025-01-20,22,0
2025-01-20 23:00:00+00:00,0,327.77,-67.37,2025-01-20,23,0
2025-01-21 00:00:00+00:00,0,98.28,-69.8,2025-01-21,0,1
2025-01-21 01:00:00+00:00,0,46.58,-63.78,2025-01-21,1,1
2025-01-21 02:00:00+00:00,0,66.92,-54.1,2025-01-21,2,1
2025-01-21 03:00:00+00:00,0,80.28,-43.01,2025-01-21,3,1
2025-01-21 04:00:00+00:00,0,90.6,-31.49,2025-01-21,4,1
2025-01-21 05:00:00+00:00,0,100.72,-18.64,2025-01-21,5,1
2025-01-21 06:00:00+00:00,0,109.13,-8.03,2025-01-21,6,1
2025-01-21 07:00:00+00:00,1,118.03,2.3,2025-01-21,7,1
2025-01-21 08:00:00+00:00,1,126.75,10.42,2025-01-21,8,1
2025-01-21 09:00:00+00:00,1,139.42,19.53,2025-01-21,9,1
2025-01-21 10:00:00+00:00,1,153.03,25.95,2025-01-21,10,1
2025-01-21 11:00:00+00:00,1,168.37,29.79,2025-01-21,11,1
2025-01-21 12:00:00+00:00,1,184.38,30.52,2025-01-21,12,1
2025-01-21 13:00:00+00:00,1,200.23,28.07,2025-01-21,13,1
2025-01-21 14:00:00+00:00,1,214.69,22.75,2025-01-21,14,1
2025-01-21 15:00:00+00:00,1,227.28,15.19,2025-01-21,15,1
2025-01-21 16:00:00+00:00,1,238.45,5.87,2025-01-21,16,1
2025-01-21 17:00:00+00:00,1,246.89,-3.01,2025-01-21,17,1
2025-01-21 18:00:00+00:00,0,255.99,-14.23,2025-01-21,18,1
2025-01-21 19:00:00+00:00,0,266.21,-27.26,2025-01-21,19,1
2025-01-21 20:00:00+00:00,0,276.69,-39.61,2025-01-21,20,1
2025-01-21 21:00:00+00:00,0,288.95,-50.86,2025-01-21,21,1
2025-01-21 22:00:00+00:00,0,306.73,-61.08,2025-01-21,22,1
2025-01-21 23:00:00+00:00,0,335.68,-68.36,2025-01-21,23,1
2025-01-22 00:00:00+00:00,0,13.43,-69.42,2025-01-22,0,2
2025-01-22 01:00:00+00:00,0,46.29,-63.6,2025-01-22,1,2
2025-01-22 02:00:00+00:00,0,66.63,-53.95,2025-01-22,2,2
2025-01-22 03:00:00+00:00,0,80.04,-42.88,2025-01-22,3,2
2025-01-22 04:00:00+00:00,0,90.38,-31.36,2025-01-22,4,2
2025-01-22 05:00:00+00:00,0,100.46,-18.59,2025-01-22,5,2
2025-01-22 06:00:00+00:00,0,108.84,-8.02,2025-01-22,6,2
2025-01-22 07:00:00+00:00,1,117.73,2.31,2025-01-22,7,2
2025-01-22 08:00:00+00:00,1,126.45,10.47,2025-01-22,8,2
2025-01-22 09:00:00+00:00,1,139.06,19.58,2025-01-22,9,2
2025-01-22 10:00:00+00:00,1,152.67,26.07,2025-01-22,10,2
2025-01-22 11:00:00+00:00,1,168.03,29.97,2025-01-22,11,2
2025-01-22 12:00:00+00:00,1,184.34,30.75,2025-01-22,12,2
2025-01-22 13:00:00+00:00,1,200.3,28.29,2025-01-22,13,2
2025-01-22 14:00:00+00:00,1,214.81,22.95,2025-01-22,14,2
2025-01-22 15:00:00+00:00,1,227.43,15.38,2025-01-22,15,2
2025-01-22 16:00:00+00:00,1,238.77,5.87,2025-01-22,16,2
2025-01-22 17:00:00+00:00,1,247.18,-2.99,2025-01-22,17,2
2025-01-22 18:00:00+00:00,0,256.3,-14.23,2025-01-22,18,2
2025-01-22 19:00:00+00:00,0,265.95,-26.55,2025-01-22,19,2
2025-01-22 20:00:00+00:00,0,275.66,-38.1,2025-01-22,20,2
2025-01-22 21:00:00+00:00,0,287.56,-49.41,2025-01-22,21,2
2025-01-22 22:00:00+00:00,0,304.45,-59.79,2025-01-22,22,2
2025-01-22 23:00:00+00:00,0,331.7,-67.54,2025-01-22,23,2
2025-01-23 00:00:00+00:00,0,13.31,-69.2,2025-01-23,0,3
2025-01-23 01:00:00+00:00,0,45.98,-63.42,2025-01-23,1,3
2025-01-23 02:00:00+00:00,0,66.33,-53.8,2025-01-23,2,3
2025-01-23 03:00:00+00:00,0,79.78,-42.74,2025-01-23,3,3
2025-01-23 04:00:00+00:00,0,90.16,-31.23,2025-01-23,4,3
2025-01-23 05:00:00+00:00,0,100.2,-18.53,2025-01-23,5,3
2025-01-23 06:00:00+00:00,0,108.53,-8.02,2025-01-23,6,3
2025-01-23 07:00:00+00:00,1,117.41,2.32,2025-01-23,7,3
2025-01-23 08:00:00+00:00,1,126.11,10.49,2025-01-23,8,3
2025-01-23 09:00:00+00:00,1,138.69,19.64,2025-01-23,9,3
2025-01-23 10:00:00+00:00,1,152.3,26.19,2025-01-23,10,3
2025-01-23 11:00:00+00:00,1,167.69,30.15,2025-01-23,11,3
2025-01-23 12:00:00+00:00,1,184.01,30.99,2025-01-23,12,3
2025-01-23 13:00:00+00:00,1,200.38,28.51,2025-01-23,13,3
2025-01-23 14:00:00+00:00,1,214.93,23.16,2025-01-23,14,3
2025-01-23 15:00:00+00:00,1,227.58,15.56,2025-01-23,15,3
2025-01-23 16:00:00+00:00,1,238.8,6.17,2025-01-23,16,3
2025-01-23 17:00:00+00:00,1,247.28,-2.73,2025-01-23,17,3
2025-01-23 18:00:00+00:00,0,256.61,-14.24,2025-01-23,18,3
2025-01-23 19:00:00+00:00,0,265.55,-25.65,2025-01-23,19,3
2025-01-23 20:00:00+00:00,0,275.22,-37.2,2025-01-23,20,3
2025-01-23 21:00:00+00:00,0,286.94,-48.53,2025-01-23,21,3
2025-01-23 22:00:00+00:00,0,303.4,-58.98,2025-01-23,22,3
2025-01-23 23:00:00+00:00,0,329.71,-66.96,2025-01-23,23,3
2025-01-24 00:00:00+00:00,0,98.43,-69.13,2025-01-24,0,4
2025-01-24 01:00:00+00:00,0,45.67,-63.22,2025-01-24,1,4
2025-01-24 02:00:00+00:00,0,66.03,-53.64,2025-01-24,2,4
2025-01-24 03:00:00+00:00,0,79.51,-42.6,2025-01-24,3,4
2025-01-24 04:00:00+00:00,0,89.93,-31.09,2025-01-24,4,4
2025-01-24 05:00:00+00:00,0,99.93,-18.48,2025-01-24,5,4
2025-01-24 06:00:00+00:00,0,108.22,-8.02,2025-01-24,6,4
2025-01-24 07:00:00+00:00,1,117.26,2.5,2025-01-24,7,4
2025-01-24 08:00:00+00:00,1,126.32,10.97,2025-01-24,8,4
2025-01-24 09:00:00+00:00,1,139.16,20.2,2025-01-24,9,4
2025-01-24 10:00:00+00:00,1,152.9,26.66,2025-01-24,10,4
2025-01-24 11:00:00+00:00,1,168.41,30.5,2025-01-24,11,4
2025-01-24 12:00:00+00:00,1,184.47,31.22,2025-01-24,12,4
2025-01-24 13:00:00+00:00,1,200.46,28.74,2025-01-24,13,4
2025-01-24 14:00:00+00:00,1,215.05,23.37,2025-01-24,14,4
2025-01-24 15:00:00+00:00,1,227.73,15.75,2025-01-24,15,4
2025-01-24 16:00:00+00:00,1,238.98,6.33,2025-01-24,16,4
2025-01-24 17:00:00+00:00,1,247.39,-2.49,2025-01-24,17,4
2025-01-24 18:00:00+00:00,0,256.92,-14.24,2025-01-24,18,4
2025-01-24 19:00:00+00:00,0,265.89,-25.66,2025-01-24,19,4
2025-01-24 20:00:00+00:00,0,275.6,-37.2,2025-01-24,20,4
2025-01-24 21:00:00+00:00,0,287.4,-48.52,2025-01-24,21,4
2025-01-24 22:00:00+00:00,0,303.98,-58.93,2025-01-24,22,4
2025-01-24 23:00:00+00:00,0,330.38,-66.81,2025-01-24,23,4
2025-01-25 00:00:00+00:00,0,98.47,-68.9,2025-01-25,0,5
2025-01-25 01:00:00+00:00,0,45.35,-63.03,2025-01-25,1,5
2025-01-25 02:00:00+00:00,0,65.71,-53.48,2025-01-25,2,5
2025-01-25 03:00:00+00:00,0,79.24,-42.46,2025-01-25,3,5
2025-01-25 04:00:00+00:00,0,89.69,-30.95,2025-01-25,4,5
2025-01-25 05:00:00+00:00,0,99.65,-18.42,2025-01-25,5,5
2025-01-25 06:00:00+00:00,0,107.91,-8.01,2025-01-25,6,5
2025-01-25 07:00:00+00:00,1,116.93,2.51,2025-01-25,7,5
2025-01-25 08:00:00+00:00,1,125.96,10.99,2025-01-25,8,5
2025-01-25 09:00:00+00:00,1,138.77,20.26,2025-01-25,9,5
2025-01-25 10:00:00+00:00,1,152.51,26.79,2025-01-25,10,5
2025-01-25 11:00:00+00:00,1,168.06,30.7,2025-01-25,11,5
2025-01-25 12:00:00+00:00,1,184.43,31.47,2025-01-25,12,5
2025-01-25 13:00:00+00:00,1,200.54,28.98,2025-01-25,13,5
2025-01-25 14:00:00+00:00,1,215.18,23.59,2025-01-25,14,5
2025-01-25 15:00:00+00:00,1,227.89,15.95,2025-01-25,15,5
2025-01-25 16:00:00+00:00,1,239.34,6.33,2025-01-25,16,5
2025-01-25 17:00:00+00:00,1,247.74,-2.5,2025-01-25,17,5
2025-01-25 18:00:00+00:00,0,257.25,-14.24,2025-01-25,18,5
2025-01-25 19:00:00+00:00,0,266.23,-25.66,2025-01-25,19,5
2025-01-25 20:00:00+00:00,0,275.99,-37.21,2025-01-25,20,5
2025-01-25 21:00:00+00:00,0,287.87,-48.51,2025-01-25,21,5
2025-01-25 22:00:00+00:00,0,304.58,-58.87,2025-01-25,22,5
2025-01-25 23:00:00+00:00,0,331.06,-66.66,2025-01-25,23,5
2025-01-26 00:00:00+00:00,0,98.52,-68.66,2025-01-26,0,6
2025-01-26 01:00:00+00:00,0,45.04,-62.82,2025-01-26,1,6
2025-01-26 02:00:00+00:00,0,65.4,-53.31,2025-01-26,2,6
2025-01-26 03:00:00+00:00,0,78.98,-42.3,2025-01-26,3,6
2025-01-26 04:00:00+00:00,0,89.45,-30.8,2025-01-26,4,6
2025-01-26 05:00:00+00:00,0,99.37,-18.36,2025-01-26,5,6
2025-01-26 06:00:00+00:00,0,107.58,-8.01,2025-01-26,6,6
2025-01-26 07:00:00+00:00,1,116.59,2.52,2025-01-26,7,6
2025-01-26 08:00:00+00:00,1,125.6,11.01,2025-01-26,8,6
2025-01-26 09:00:00+00:00,1,138.38,20.33,2025-01-26,9,6
2025-01-26 10:00:00+00:00,1,152.12,26.92,2025-01-26,10,6
2025-01-26 11:00:00+00:00,1,167.69,30.9,2025-01-26,11,6
2025-01-26 12:00:00+00:00,1,184.38,31.72,2025-01-26,12,6
2025-01-26 13:00:00+00:00,1,200.62,29.22,2025-01-26,13,6
2025-01-26 14:00:00+00:00,1,215.31,23.81,2025-01-26,14,6
2025-01-26 15:00:00+00:00,1,228.05,16.15,2025-01-26,15,6
2025-01-26 16:00:00+00:00,1,239.4,6.62,2025-01-26,16,6
2025-01-26 17:00:00+00:00,1,247.55,-1.88,2025-01-26,17,6
2025-01-26 18:00:00+00:00,0,256.98,-13.49,2025-01-26,18,6
2025-01-26 19:00:00+00:00,0,266.58,-25.67,2025-01-26,19,6
2025-01-26 20:00:00+00:00,0,276.39,-37.21,2025-01-26,20,6
2025-01-26 21:00:00+00:00,0,288.35,-48.49,2025-01-26,21,6
2025-01-26 22:00:00+00:00,0,305.17,-58.8,2025-01-26,22,6
2025-01-26 23:00:00+00:00,0,331.75,-66.49,2025-01-26,23,6
2025-01-27 00:00:00+00:00,0,98.58,-68.41,2025-01-27,0,0
2025-01-27 01:00:00+00:00,0,45.02,-62.51,2025-01-27,1,0
2025-01-27 02:00:00+00:00,0,65.28,-53.01,2025-01-27,2,0
2025-01-27 03:00:00+00:00,0,78.84,-42.01,2025-01-27,3,0
2025-01-27 04:00:00+00:00,0,89.32,-30.52,2025-01-27,4,0
2025-01-27 05:00:00+00:00,0,99.12,-18.24,2025-01-27,5,0
2025-01-27 06:00:00+00:00,0,107.25,-8.01,2025-01-27,6,0
2025-01-27 07:00:00+00:00,1,116.42,2.7,2025-01-27,7,0
2025-01-27 08:00:00+00:00,1,125.45,11.24,2025-01-27,8,0
2025-01-27 09:00:00+00:00,1,137.98,20.39,2025-01-27,9,0
2025-01-27 10:00:00+00:00,1,151.72,27.05,2025-01-27,10,0
2025-01-27 11:00:00+00:00,1,167.31,31.11,2025-01-27,11,0
2025-01-27 12:00:00+00:00,1,184.04,31.99,2025-01-27,12,0
2025-01-27 13:00:00+00:00,1,200.71,29.47,2025-01-27,13,0
2025-01-27 14:00:00+00:00,1,215.45,24.04,2025-01-27,14,0
2025-01-27 15:00:00+00:00,1,228.21,16.35,2025-01-27,15,0
2025-01-27 16:00:00+00:00,1,239.59,6.79,2025-01-27,16,0
2025-01-27 17:00:00+00:00,1,247.72,-1.67,2025-01-27,17,0
2025-01-27 18:00:00+00:00,0,257.32,-13.49,2025-01-27,18,0
2025-01-27 19:00:00+00:00,0,266.95,-25.67,2025-01-27,19,0
2025-01-27 20:00:00+00:00,0,276.8,-37.22,2025-01-27,20,0
2025-01-27 21:00:00+00:00,0,288.86,-48.49,2025-01-27,21,0
2025-01-27 22:00:00+00:00,0,305.82,-58.75,2025-01-27,22,0
2025-01-27 23:00:00+00:00,0,332.73,-66.38,2025-01-27,23,0
2025-01-28 00:00:00+00:00,0,12.68,-67.98,2025-01-28,0,1
2025-01-28 01:00:00+00:00,0,44.39,-62.4,2025-01-28,1,1
2025-01-28 02:00:00+00:00,0,64.76,-52.96,2025-01-28,2,1
2025-01-28 03:00:00+00:00,0,78.41,-41.99,2025-01-28,3,1
2025-01-28 04:00:00+00:00,0,88.96,-30.5,2025-01-28,4,1
2025-01-28 05:00:00+00:00,0,98.92,-18.06,2025-01-28,5,1
2025-01-28 06:00:00+00:00,0,107.32,-7.51,2025-01-28,6,1
2025-01-28 07:00:00+00:00,1,116.26,2.92,2025-01-28,7,1
2025-01-28 08:00:00+00:00,1,125.41,11.53,2025-01-28,8,1
2025-01-28 09:00:00+00:00,1,138.44,20.98,2025-01-28,9,1
2025-01-28 10:00:00+00:00,1,152.32,27.55,2025-01-28,10,1
2025-01-28 11:00:00+00:00,1,168.05,31.49,2025-01-28,11,1
2025-01-28 12:00:00+00:00,1,184.53,32.24,2025-01-28,12,1
2025-01-28 13:00:00+00:00,1,200.8,29.72,2025-01-28,13,1
2025-01-28 14:00:00+00:00,1,215.59,24.27,2025-01-28,14,1
2025-01-28 15:00:00+00:00,1,228.38,16.56,2025-01-28,15,1
2025-01-28 16:00:00+00:00,1,239.79,6.97,2025-01-28,16,1
2025-01-28 17:00:00+00:00,1,247.89,-1.47,2025-01-28,17,1
2025-01-28 18:00:00+00:00,0,257.67,-13.5,2025-01-28,18,1
2025-01-28 19:00:00+00:00,0,267.31,-25.68,2025-01-28,19,1
2025-01-28 20:00:00+00:00,0,277.22,-37.21,2025-01-28,20,1
2025-01-28 21:00:00+00:00,0,289.34,-48.45,2025-01-28,21,1
2025-01-28 22:00:00+00:00,0,306.42,-58.66,2025-01-28,22,1
2025-01-28 23:00:00+00:00,0,333.13,-66.15,2025-01-28,23,1
2025-01-29 00:00:00+00:00,0,12.56,-67.72,2025-01-29,0,2
2025-01-29 01:00:00+00:00,0,44.07,-62.18,2025-01-29,1,2
2025-01-29 02:00:00+00:00,0,64.44,-52.78,2025-01-29,2,2
2025-01-29 03:00:00+00:00,0,78.13,-41.83,2025-01-29,3,2
2025-01-29 04:00:00+00:00,0,88.71,-30.35,2025-01-29,4,2
2025-01-29 05:00:00+00:00,0,98.6,-18.02,2025-01-29,5,2
2025-01-29 06:00:00+00:00,0,106.97,-7.5,2025-01-29,6,2
2025-01-29 07:00:00+00:00,1,116.07,3.1,2025-01-29,7,2
2025-01-29 08:00:00+00:00,1,125.25,11.76,2025-01-29,8,2
2025-01-29 09:00:00+00:00,1,138.0,21.04,2025-01-29,9,2
2025-01-29 10:00:00+00:00,1,151.87,27.68,2025-01-29,10,2
2025-01-29 11:00:00+00:00,1,167.63,31.69,2025-01-29,11,2
2025-01-29 12:00:00+00:00,1,184.47,32.5,2025-01-29,12,2
2025-01-29 13:00:00+00:00,1,200.89,29.97,2025-01-29,13,2
2025-01-29 14:00:00+00:00,1,215.73,24.5,2025-01-29,14,2
2025-01-29 15:00:00+00:00,1,228.56,16.77,2025-01-29,15,2
2025-01-29 16:00:00+00:00,1,240.16,6.98,2025-01-29,16,2
2025-01-29 17:00:00+00:00,1,248.27,-1.49,2025-01-29,17,2
2025-01-29 18:00:00+00:00,0,258.03,-13.5,2025-01-29,18,2
2025-01-29 19:00:00+00:00,0,267.69,-25.68,2025-01-29,19,2
2025-01-29 20:00:00+00:00,0,277.64,-37.22,2025-01-29,20,2
2025-01-29 21:00:00+00:00,0,289.86,-48.43,2025-01-29,21,2
2025-01-29 22:00:00+00:00,0,307.06,-58.59,2025-01-29,22,2
2025-01-29 23:00:00+00:00,0,333.84,-65.98,2025-01-29,23,2
2025-01-30 00:00:00+00:00,0,12.44,-67.46,2025-01-30,0,3
2025-01-30 01:00:00+00:00,0,43.74,-61.96,2025-01-30,1,3
2025-01-30 02:00:00+00:00,0,64.11,-52.59,2025-01-30,2,3
2025-01-30 03:00:00+00:00,0,77.84,-41.66,2025-01-30,3,3
2025-01-30 04:00:00+00:00,0,88.45,-30.19,2025-01-30,4,3
2025-01-30 05:00:00+00:00,0,98.28,-17.97,2025-01-30,5,3
2025-01-30 06:00:00+00:00,0,106.62,-7.5,2025-01-30,6,3
2025-01-30 07:00:00+00:00,1,115.7,3.11,2025-01-30,7,3
2025-01-30 08:00:00+00:00,1,124.85,11.78,2025-01-30,8,3
2025-01-30 09:00:00+00:00,1,137.58,21.11,2025-01-30,9,3
2025-01-30 10:00:00+00:00,1,151.45,27.82,2025-01-30,10,3
2025-01-30 11:00:00+00:00,1,167.24,31.91,2025-01-30,11,3
2025-01-30 12:00:00+00:00,1,184.12,32.79,2025-01-30,12,3
2025-01-30 13:00:00+00:00,1,200.99,30.24,2025-01-30,13,3
2025-01-30 14:00:00+00:00,1,215.87,24.75,2025-01-30,14,3
2025-01-30 15:00:00+00:00,1,228.73,16.99,2025-01-30,15,3
2025-01-30 16:00:00+00:00,1,240.25,7.28,2025-01-30,16,3
2025-01-30 17:00:00+00:00,1,248.46,-1.3,2025-01-30,17,3
2025-01-30 18:00:00+00:00,0,258.39,-13.5,2025-01-30,18,3
2025-01-30 19:00:00+00:00,0,268.07,-25.68,2025-01-30,19,3
2025-01-30 20:00:00+00:00,0,278.08,-37.22,2025-01-30,20,3
2025-01-30 21:00:00+00:00,0,290.37,-48.4,2025-01-30,21,3
2025-01-30 22:00:00+00:00,0,307.7,-58.51,2025-01-30,22,3
2025-01-30 23:00:00+00:00,0,334.54,-65.79,2025-01-30,23,3
2025-01-31 00:00:00+00:00,0,12.31,-67.19,2025-01-31,0,4
2025-01-31 01:00:00+00:00,0,43.42,-61.73,2025-01-31,1,4
2025-01-31 02:00:00+00:00,0,63.77,-52.4,2025-01-31,2,4
2025-01-31 03:00:00+00:00,0,77.54,-41.49,2025-01-31,3,4
2025-01-31 04:00:00+00:00,0,88.19,-30.02,2025-01-31,4,4
2025-01-31 05:00:00+00:00,0,97.94,-17.93,2025-01-31,5,4
2025-01-31 06:00:00+00:00,0,106.26,-7.5,2025-01-31,6,4
2025-01-31 07:00:00+00:00,1,115.46,3.26,2025-01-31,7,4
2025-01-31 08:00:00+00:00,1,124.57,11.91,2025-01-31,8,4
2025-01-31 09:00:00+00:00,1,137.15,21.18,2025-01-31,9,4
2025-01-31 10:00:00+00:00,1,151.02,27.96,2025-01-31,10,4
2025-01-31 11:00:00+00:00,1,166.83,32.13,2025-01-31,11,4
2025-01-31 12:00:00+00:00,1,184.05,33.07,2025-01-31,12,4
2025-01-31 13:00:00+00:00,1,201.08,30.5,2025-01-31,13,4
2025-01-31 14:00:00+00:00,1,216.02,24.99,2025-01-31,14,4
2025-01-31 15:00:00+00:00,1,228.91,17.21,2025-01-31,15,4
2025-01-31 16:00:00+00:00,1,240.45,7.47,2025-01-31,16,4
2025-01-31 17:00:00+00:00,1,248.49,-0.91,2025-01-31,17,4
2025-01-31 18:00:00+00:00,0,258.76,-13.51,2025-01-31,18,4
2025-01-31 19:00:00+00:00,0,268.46,-25.69,2025-01-31,19,4
2025-01-31 20:00:00+00:00,0,278.52,-37.22,2025-01-31,20,4
2025-01-31 21:00:00+00:00,0,290.91,-48.38,2025-01-31,21,4
2025-01-31 22:00:00+00:00,0,308.36,-58.42,2025-01-31,22,4
2025-01-31 23:00:00+00:00,0,335.25,-65.6,2025-01-31,23,4
2025-02-01 00:00:00+00:00,0,12.19,-66.91,2025-02-01,0,5
2025-02-01 01:00:00+00:00,0,43.09,-61.49,2025-02-01,1,5
2025-02-01 02:00:00+00:00,0,63.44,-52.21,2025-02-01,2,5
2025-02-01 03:00:00+00:00,0,77.24,-41.32,2025-02-01,3,5
2025-02-01 04:00:00+00:00,0,87.92,-29.86,2025-02-01,4,5
2025-02-01 05:00:00+00:00,0,97.6,-17.89,2025-02-01,5,5
2025-02-01 06:00:00+00:00,0,105.89,-7.5,2025-02-01,6,5
2025-02-01 07:00:00+00:00,1,115.25,3.44,2025-02-01,7,5
2025-02-01 08:00:00+00:00,1,124.78,12.45,2025-02-01,8,5
2025-02-01 09:00:00+00:00,1,137.57,21.77,2025-02-01,9,5
2025-02-01 10:00:00+00:00,1,151.57,28.48,2025-02-01,10,5
2025-02-01 11:00:00+00:00,1,167.53,32.53,2025-02-01,11,5
2025-02-01 12:00:00+00:00,1,184.55,33.34,2025-02-01,12,5
2025-02-01 13:00:00+00:00,1,201.18,30.77,2025-02-01,13,5
2025-02-01 14:00:00+00:00,1,216.17,25.24,2025-02-01,14,5
2025-02-01 15:00:00+00:00,1,229.09,17.43,2025-02-01,15,5
2025-02-01 16:00:00+00:00,1,240.84,7.49,2025-02-01,16,5
2025-02-01 17:00:00+00:00,1,248.89,-0.92,2025-02-01,17,5
2025-02-01 18:00:00+00:00,0,259.13,-13.51,2025-02-01,18,5
2025-02-01 19:00:00+00:00,0,268.86,-25.69,2025-02-01,19,5
2025-02-01 20:00:00+00:00,0,278.97,-37.22,2025-02-01,20,5
2025-02-01 21:00:00+00:00,0,291.45,-48.35,2025-02-01,21,5
2025-02-01 22:00:00+00:00,0,309.03,-58.33,2025-02-01,22,5
2025-02-01 23:00:00+00:00,0,335.97,-65.4,2025-02-01,23,5
2025-02-02 00:00:00+00:00,0,12.06,-66.64,2025-02-02,0,6
2025-02-02 01:00:00+00:00,0,42.76,-61.25,2025-02-02,1,6
2025-02-02 02:00:00+00:00,0,63.1,-52.01,2025-02-02,2,6
2025-02-02 03:00:00+00:00,0,76.94,-41.14,2025-02-02,3,6
2025-02-02 04:00:00+00:00,0,87.65,-29.69,2025-02-02,4,6
2025-02-02 05:00:00+00:00,0,97.26,-17.84,2025-02-02,5,6
2025-02-02 06:00:00+00:00,0,105.9,-7.01,2025-02-02,6,6
2025-02-02 07:00:00+00:00,1,115.05,3.67,2025-02-02,7,6
2025-02-02 08:00:00+00:00,1,124.36,12.47,2025-02-02,8,6
2025-02-02 09:00:00+00:00,1,137.12,21.85,2025-02-02,9,6
2025-02-02 10:00:00+00:00,1,151.13,28.62,2025-02-02,10,6
2025-02-02 11:00:00+00:00,1,167.12,32.76,2025-02-02,11,6
2025-02-02 12:00:00+00:00,1,184.2,33.64,2025-02-02,12,6
2025-02-02 13:00:00+00:00,1,201.28,31.05,2025-02-02,13,6
2025-02-02 14:00:00+00:00,1,216.32,25.49,2025-02-02,14,6
2025-02-02 15:00:00+00:00,1,229.28,17.66,2025-02-02,15,6
2025-02-02 16:00:00+00:00,1,240.95,7.79,2025-02-02,16,6
2025-02-02 17:00:00+00:00,1,249.11,-0.73,2025-02-02,17,6
2025-02-02 18:00:00+00:00,0,259.52,-13.52,2025-02-02,18,6
2025-02-02 19:00:00+00:00,0,269.27,-25.7,2025-02-02,19,6
2025-02-02 20:00:00+00:00,0,279.43,-37.21,2025-02-02,20,6
2025-02-02 21:00:00+00:00,0,292.0,-48.32,2025-02-02,21,6
2025-02-02 22:00:00+00:00,0,309.7,-58.24,2025-02-02,22,6
2025-02-02 23:00:00+00:00,0,336.68,-65.2,2025-02-02,23,6
2025-02-03 00:00:00+00:00,0,11.94,-66.35,2025-02-03,0,0
2025-02-03 01:00:00+00:00,0,42.43,-61.01,2025-02-03,1,0
2025-02-03 02:00:00+00:00,0,62.76,-51.8,2025-02-03,2,0
2025-02-03 03:00:00+00:00,0,76.63,-40.96,2025-02-03,3,0
2025-02-03 04:00:00+00:00,0,87.38,-29.51,2025-02-03,4,0
2025-02-03 05:00:00+00:00,0,97.61,-16.92,2025-02-03,5,0
2025-02-03 06:00:00+00:00,0,106.04,-6.37,2025-02-03,6,0
2025-02-03 07:00:00+00:00,1,114.83,3.85,2025-02-03,7,0
2025-02-03 08:00:00+00:00,1,124.2,12.74,2025-02-03,8,0
2025-02-03 09:00:00+00:00,1,136.67,21.92,2025-02-03,9,0
2025-02-03 10:00:00+00:00,1,150.67,28.77,2025-02-03,10,0
2025-02-03 11:00:00+00:00,1,166.69,32.99,2025-02-03,11,0
2025-02-03 12:00:00+00:00,1,184.12,33.93,2025-02-03,12,0
2025-02-03 13:00:00+00:00,1,201.38,31.33,2025-02-03,13,0
2025-02-03 14:00:00+00:00,1,216.48,25.75,2025-02-03,14,0
2025-02-03 15:00:00+00:00,1,229.47,17.89,2025-02-03,15,0
2025-02-03 16:00:00+00:00,1,241.15,8.0,2025-02-03,16,0
2025-02-03 17:00:00+00:00,1,249.04,-0.19,2025-02-03,17,0
2025-02-03 18:00:00+00:00,0,259.3,-12.77,2025-02-03,18,0
2025-02-03 19:00:00+00:00,0,269.68,-25.7,2025-02-03,19,0
2025-02-03 20:00:00+00:00,0,279.9,-37.21,2025-02-03,20,0
2025-02-03 21:00:00+00:00,0,292.55,-48.29,2025-02-03,21,0
2025-02-03 22:00:00+00:00,0,310.38,-58.15,2025-02-03,22,0
2025-02-03 23:00:00+00:00,0,337.4,-64.98,2025-02-03,23,0
2025-02-04 00:00:00+00:00,0,11.82,-66.06,2025-02-04,0,1
2025-02-04 01:00:00+00:00,0,42.1,-60.76,2025-02-04,1,1
2025-02-04 02:00:00+00:00,0,62.41,-51.6,2025-02-04,2,1
2025-02-04 03:00:00+00:00,0,76.32,-40.78,2025-02-04,3,1
2025-02-04 04:00:00+00:00,0,87.1,-29.34,2025-02-04,4,1
2025-02-04 05:00:00+00:00,0,97.24,-16.89,2025-02-04,5,1
2025-02-04 06:00:00+00:00,0,105.66,-6.36,2025-02-04,6,1
2025-02-04 07:00:00+00:00,1,114.43,3.86,2025-02-04,7,1
2025-02-04 08:00:00+00:00,1,124.13,13.06,2025-02-04,8,1
2025-02-04 09:00:00+00:00,1,137.08,22.52,2025-02-04,9,1
2025-02-04 10:00:00+00:00,1,151.22,29.3,2025-02-04,10,1
2025-02-04 11:00:00+00:00,1,167.39,33.4,2025-02-04,11,1
2025-02-04 12:00:00+00:00,1,184.63,34.22,2025-02-04,12,1
2025-02-04 13:00:00+00:00,1,201.49,31.61,2025-02-04,13,1
2025-02-04 14:00:00+00:00,1,216.64,26.01,2025-02-04,14,1
2025-02-04 15:00:00+00:00,1,229.67,18.13,2025-02-04,15,1
2025-02-04 16:00:00+00:00,1,241.55,8.04,2025-02-04,16,1
2025-02-04 17:00:00+00:00,1,249.46,-0.21,2025-02-04,17,1
2025-02-04 18:00:00+00:00,0,259.69,-12.77,2025-02-04,18,1
2025-02-04 19:00:00+00:00,0,270.1,-25.7,2025-02-04,19,1
2025-02-04 20:00:00+00:00,0,280.38,-37.2,2025-02-04,20,1
2025-02-04 21:00:00+00:00,0,293.12,-48.26,2025-02-04,21,1
2025-02-04 22:00:00+00:00,0,311.07,-58.04,2025-02-04,22,1
2025-02-04 23:00:00+00:00,0,338.12,-64.77,2025-02-04,23,1
2025-02-05 00:00:00+00:00,0,11.7,-65.76,2025-02-05,0,2
2025-02-05 01:00:00+00:00,0,41.77,-60.51,2025-02-05,1,2
2025-02-05 02:00:00+00:00,0,62.06,-51.39,2025-02-05,2,2
2025-02-05 03:00:00+00:00,0,76.01,-40.59,2025-02-05,3,2
2025-02-05 04:00:00+00:00,0,86.82,-29.16,2025-02-05,4,2
2025-02-05 05:00:00+00:00,0,96.87,-16.85,2025-02-05,5,2
2025-02-05 06:00:00+00:00,0,105.27,-6.36,2025-02-05,6,2
2025-02-05 07:00:00+00:00,1,114.2,4.05,2025-02-05,7,2
2025-02-05 08:00:00+00:00,1,123.97,13.33,2025-02-05,8,2
2025-02-05 09:00:00+00:00,1,136.61,22.6,2025-02-05,9,2
2025-02-05 10:00:00+00:00,1,150.75,29.46,2025-02-05,10,2
2025-02-05 11:00:00+00:00,1,166.95,33.64,2025-02-05,11,2
2025-02-05 12:00:00+00:00,1,184.27,34.53,2025-02-05,12,2
2025-02-05 13:00:00+00:00,1,201.6,31.91,2025-02-05,13,2
2025-02-05 14:00:00+00:00,1,216.81,26.28,2025-02-05,14,2
2025-02-05 15:00:00+00:00,1,229.87,18.37,2025-02-05,15,2
2025-02-05 16:00:00+00:00,1,241.67,8.34,2025-02-05,16,2
2025-02-05 17:00:00+00:00,1,249.71,-0.03,2025-02-05,17,2
2025-02-05 18:00:00+00:00,0,260.1,-12.77,2025-02-05,18,2
2025-02-05 19:00:00+00:00,0,270.53,-25.71,2025-02-05,19,2
2025-02-05 20:00:00+00:00,0,280.86,-37.19,2025-02-05,20,2
2025-02-05 21:00:00+00:00,0,293.7,-48.22,2025-02-05,21,2
2025-02-05 22:00:00+00:00,0,311.76,-57.94,2025-02-05,22,2
2025-02-05 23:00:00+00:00,0,338.84,-64.54,2025-02-05,23,2
2025-02-06 00:00:00+00:00,0,11.58,-65.47,2025-02-06,0,3
2025-02-06 01:00:00+00:00,0,41.44,-60.25,2025-02-06,1,3
2025-02-06 02:00:00+00:00,0,61.71,-51.17,2025-02-06,2,3
2025-02-06 03:00:00+00:00,0,75.7,-40.4,2025-02-06,3,3
2025-02-06 04:00:00+00:00,0,86.54,-28.98,2025-02-06,4,3
2025-02-06 05:00:00+00:00,0,96.5,-16.81,2025-02-06,5,3
2025-02-06 06:00:00+00:00,0,105.23,-5.91,2025-02-06,6,3
2025-02-06 07:00:00+00:00,1,113.97,4.26,2025-02-06,7,3
2025-02-06 08:00:00+00:00,1,123.52,13.36,2025-02-06,8,3
2025-02-06 09:00:00+00:00,1,136.14,22.69,2025-02-06,9,3
2025-02-06 10:00:00+00:00,1,150.28,29.61,2025-02-06,10,3
2025-02-06 11:00:00+00:00,1,166.51,33.88,2025-02-06,11,3
2025-02-06 12:00:00+00:00,1,184.2,34.84,2025-02-06,12,3
2025-02-06 13:00:00+00:00,1,201.7,32.2,2025-02-06,13,3
2025-02-06 14:00:00+00:00,1,216.97,26.55,2025-02-06,14,3
2025-02-06 15:00:00+00:00,1,230.07,18.61,2025-02-06,15,3
2025-02-06 16:00:00+00:00,1,241.88,8.56,2025-02-06,16,3
2025-02-06 17:00:00+00:00,1,249.96,0.14,2025-02-06,17,3
2025-02-06 18:00:00+00:00,0,260.5,-12.77,2025-02-06,18,3
2025-02-06 19:00:00+00:00,0,270.96,-25.71,2025-02-06,19,3
2025-02-06 20:00:00+00:00,0,281.35,-37.19,2025-02-06,20,3
2025-02-06 21:00:00+00:00,0,294.28,-48.18,2025-02-06,21,3
2025-02-06 22:00:00+00:00,0,312.47,-57.83,2025-02-06,22,3
2025-02-06 23:00:00+00:00,0,339.55,-64.31,2025-02-06,23,3
2025-02-07 00:00:00+00:00,0,11.46,-65.16,2025-02-07,0,4
2025-02-07 01:00:00+00:00,0,41.12,-59.99,2025-02-07,1,4
2025-02-07 02:00:00+00:00,0,61.37,-50.95,2025-02-07,2,4
2025-02-07 03:00:00+00:00,0,75.38,-40.2,2025-02-07,3,4
2025-02-07 04:00:00+00:00,0,86.26,-28.79,2025-02-07,4,4
2025-02-07 05:00:00+00:00,0,96.12,-16.77,2025-02-07,5,4
2025-02-07 06:00:00+00:00,0,104.83,-5.91,2025-02-07,6,4
2025-02-07 07:00:00+00:00,1,113.72,4.44,2025-02-07,7,4
2025-02-07 08:00:00+00:00,1,123.36,13.65,2025-02-07,8,4
2025-02-07 09:00:00+00:00,1,135.67,22.77,2025-02-07,9,4
2025-02-07 10:00:00+00:00,1,149.8,29.77,2025-02-07,10,4
2025-02-07 11:00:00+00:00,1,166.06,34.13,2025-02-07,11,4
2025-02-07 12:00:00+00:00,1,184.13,35.15,2025-02-07,12,4
2025-02-07 13:00:00+00:00,1,201.82,32.49,2025-02-07,13,4
2025-02-07 14:00:00+00:00,1,217.14,26.82,2025-02-07,14,4
2025-02-07 15:00:00+00:00,1,230.27,18.85,2025-02-07,15,4
2025-02-07 16:00:00+00:00,1,242.09,8.8,2025-02-07,16,4
2025-02-07 17:00:00+00:00,1,250.22,0.32,2025-02-07,17,4
2025-02-07 18:00:00+00:00,0,260.32,-12.04,2025-02-07,18,4
2025-02-07 19:00:00+00:00,0,268.21,-21.85,2025-02-07,19,4
2025-02-07 20:00:00+00:00,0,278.16,-33.38,2025-02-07,20,4
2025-02-07 21:00:00+00:00,0,290.11,-44.58,2025-02-07,21,4
2025-02-07 22:00:00+00:00,0,306.26,-54.76,2025-02-07,22,4
2025-02-07 23:00:00+00:00,0,330.15,-62.47,2025-02-07,23,4
2025-02-08 00:00:00+00:00,0,96.28,-64.96,2025-02-08,0,5
2025-02-08 01:00:00+00:00,0,40.78,-59.72,2025-02-08,1,5
2025-02-08 02:00:00+00:00,0,61.02,-50.73,2025-02-08,2,5
2025-02-08 03:00:00+00:00,0,75.06,-40.0,2025-02-08,3,5
2025-02-08 04:00:00+00:00,0,85.97,-28.6,2025-02-08,4,5
2025-02-08 05:00:00+00:00,0,95.74,-16.73,2025-02-08,5,5
2025-02-08 06:00:00+00:00,0,104.42,-5.9,2025-02-08,6,5
2025-02-08 07:00:00+00:00,1,113.3,4.45,2025-02-08,7,5
2025-02-08 08:00:00+00:00,1,123.28,13.98,2025-02-08,8,5
2025-02-08 09:00:00+00:00,1,136.06,23.38,2025-02-08,9,5
2025-02-08 10:00:00+00:00,1,150.33,30.32,2025-02-08,10,5
2025-02-08 11:00:00+00:00,1,166.75,34.56,2025-02-08,11,5
2025-02-08 12:00:00+00:00,1,184.35,35.47,2025-02-08,12,5
2025-02-08 13:00:00+00:00,1,201.93,32.8,2025-02-08,13,5
2025-02-08 14:00:00+00:00,1,217.32,27.1,2025-02-08,14,5
2025-02-08 15:00:00+00:00,1,230.48,19.11,2025-02-08,15,5
2025-02-08 16:00:00+00:00,1,242.42,8.92,2025-02-08,16,5
2025-02-08 17:00:00+00:00,1,250.66,0.3,2025-02-08,17,5
2025-02-08 18:00:00+00:00,0,260.73,-12.04,2025-02-08,18,5
2025-02-08 19:00:00+00:00,0,268.64,-21.85,2025-02-08,19,5
2025-02-08 20:00:00+00:00,0,278.65,-33.38,2025-02-08,20,5
2025-02-08 21:00:00+00:00,0,290.67,-44.55,2025-02-08,21,5
2025-02-08 22:00:00+00:00,0,306.94,-54.67,2025-02-08,22,5
2025-02-08 23:00:00+00:00,0,330.9,-62.28,2025-02-08,23,5
2025-02-09 00:00:00+00:00,0,96.36,-64.65,2025-02-09,0,6
2025-02-09 01:00:00+00:00,0,40.46,-59.45,2025-02-09,1,6
2025-02-09 02:00:00+00:00,0,60.67,-50.5,2025-02-09,2,6
2025-02-09 03:00:00+00:00,0,74.74,-39.8,2025-02-09,3,6
2025-02-09 04:00:00+00:00,0,85.68,-28.4,2025-02-09,4,6
2025-02-09 05:00:00+00:00,0,95.35,-16.69,2025-02-09,5,6
2025-02-09 06:00:00+00:00,0,104.01,-5.9,2025-02-09,6,6
2025-02-09 07:00:00+00:00,1,113.05,4.64,2025-02-09,7,6
2025-02-09 08:00:00+00:00,1,123.44,14.56,2025-02-09,8,6
2025-02-09 09:00:00+00:00,1,135.57,23.47,2025-02-09,9,6
2025-02-09 10:00:00+00:00,1,149.84,30.48,2025-02-09,10,6
2025-02-09 11:00:00+00:00,1,166.29,34.82,2025-02-09,11,6
2025-02-09 12:00:00+00:00,1,184.27,35.78,2025-02-09,12,6
2025-02-09 13:00:00+00:00,1,202.05,33.1,2025-02-09,13,6
2025-02-09 14:00:00+00:00,1,217.49,27.37,2025-02-09,14,6
2025-02-09 15:00:00+00:00,1,230.69,19.35,2025-02-09,15,6
2025-02-09 16:00:00+00:00,1,242.63,9.17,2025-02-09,16,6
2025-02-09 17:00:00+00:00,1,250.9,0.5,2025-02-09,17,6
2025-02-09 18:00:00+00:00,0,261.16,-12.04,2025-02-09,18,6
2025-02-09 19:00:00+00:00,0,269.08,-21.85,2025-02-09,19,6
2025-02-09 20:00:00+00:00,0,279.13,-33.37,2025-02-09,20,6
2025-02-09 21:00:00+00:00,0,291.24,-44.51,2025-02-09,21,6
2025-02-09 22:00:00+00:00,0,307.62,-54.57,2025-02-09,22,6
2025-02-09 23:00:00+00:00,0,331.65,-62.08,2025-02-09,23,6
2025-02-10 00:00:00+00:00,0,186.43,-64.34,2025-02-10,0,0
2025-02-10 01:00:00+00:00,0,40.13,-59.17,2025-02-10,1,0
2025-02-10 02:00:00+00:00,0,60.31,-50.27,2025-02-10,2,0
2025-02-10 03:00:00+00:00,0,74.41,-39.59,2025-02-10,3,0
2025-02-10 04:00:00+00:00,0,85.39,-28.21,2025-02-10,4,0
2025-02-10 05:00:00+00:00,0,94.95,-16.65,2025-02-10,5,0
2025-02-10 06:00:00+00:00,1,103.95,-5.43,2025-02-10,6,0
2025-02-10 07:00:00+00:00,1,112.78,4.83,2025-02-10,7,0
2025-02-10 08:00:00+00:00,1,122.96,14.59,2025-02-10,8,0
2025-02-10 09:00:00+00:00,1,135.07,23.56,2025-02-10,9,0
2025-02-10 10:00:00+00:00,1,149.34,30.65,2025-02-10,10,0
2025-02-10 11:00:00+00:00,1,165.82,35.07,2025-02-10,11,0
2025-02-10 12:00:00+00:00,1,184.2,36.1,2025-02-10,12,0
2025-02-10 13:00:00+00:00,1,202.16,33.41,2025-02-10,13,0
2025-02-10 14:00:00+00:00,1,217.67,27.66,2025-02-10,14,0
2025-02-10 15:00:00+00:00,1,230.9,19.61,2025-02-10,15,0
2025-02-10 16:00:00+00:00,1,242.83,9.43,2025-02-10,16,0
2025-02-10 17:00:00+00:00,1,250.93,0.97,2025-02-10,17,0
2025-02-10 18:00:00+00:00,0,260.98,-11.29,2025-02-10,18,0
2025-02-10 19:00:00+00:00,0,269.52,-21.86,2025-02-10,19,0
2025-02-10 20:00:00+00:00,0,279.63,-33.37,2025-02-10,20,0
2025-02-10 21:00:00+00:00,0,291.82,-44.48,2025-02-10,21,0
2025-02-10 22:00:00+00:00,0,308.31,-54.48,2025-02-10,22,0
2025-02-10 23:00:00+00:00,0,332.41,-61.87,2025-02-10,23,0
2025-02-11 00:00:00+00:00,0,186.52,-64.02,2025-02-11,0,1
2025-02-11 01:00:00+00:00,0,39.81,-58.89,2025-02-11,1,1
2025-02-11 02:00:00+00:00,0,59.96,-50.03,2025-02-11,2,1
2025-02-11 03:00:00+00:00,0,74.09,-39.38,2025-02-11,3,1
2025-02-11 04:00:00+00:00,0,85.09,-28.01,2025-02-11,4,1
2025-02-11 05:00:00+00:00,0,95.17,-15.84,2025-02-11,5,1
2025-02-11 06:00:00+00:00,1,104.0,-4.83,2025-02-11,6,1
2025-02-11 07:00:00+00:00,1,112.51,5.01,2025-02-11,7,1
2025-02-11 08:00:00+00:00,1,123.23,15.26,2025-02-11,8,1
2025-02-11 09:00:00+00:00,1,135.45,24.18,2025-02-11,9,1
2025-02-11 10:00:00+00:00,1,149.87,31.2,2025-02-11,10,1
2025-02-11 11:00:00+00:00,1,166.52,35.51,2025-02-11,11,1
2025-02-11 12:00:00+00:00,1,184.42,36.44,2025-02-11,12,1
2025-02-11 13:00:00+00:00,1,202.28,33.72,2025-02-11,13,1
2025-02-11 14:00:00+00:00,1,217.86,27.94,2025-02-11,14,1
2025-02-11 15:00:00+00:00,1,231.12,19.87,2025-02-11,15,1
2025-02-11 16:00:00+00:00,1,243.18,9.54,2025-02-11,16,1
2025-02-11 17:00:00+00:00,1,251.39,0.95,2025-02-11,17,1
2025-02-11 18:00:00+00:00,0,261.41,-11.29,2025-02-11,18,1
2025-02-11 19:00:00+00:00,0,269.97,-21.86,2025-02-11,19,1
2025-02-11 20:00:00+00:00,0,280.13,-33.36,2025-02-11,20,1
2025-02-11 21:00:00+00:00,0,292.4,-44.44,2025-02-11,21,1
2025-02-11 22:00:00+00:00,0,309.01,-54.37,2025-02-11,22,1
2025-02-11 23:00:00+00:00,0,333.15,-61.65,2025-02-11,23,1
2025-02-12 00:00:00+00:00,0,186.59,-63.7,2025-02-12,0,2
2025-02-12 01:00:00+00:00,0,39.48,-58.61,2025-02-12,1,2
2025-02-12 02:00:00+00:00,0,59.6,-49.79,2025-02-12,2,2
2025-02-12 03:00:00+00:00,0,73.76,-39.17,2025-02-12,3,2
2025-02-12 04:00:00+00:00,0,84.79,-27.81,2025-02-12,4,2
2025-02-12 05:00:00+00:00,0,94.76,-15.81,2025-02-12,5,2
2025-02-12 06:00:00+00:00,1,103.89,-4.42,2025-02-12,6,2
2025-02-12 07:00:00+00:00,1,112.23,5.2,2025-02-12,7,2
2025-02-12 08:00:00+00:00,1,122.74,15.28,2025-02-12,8,2
2025-02-12 09:00:00+00:00,1,134.95,24.27,2025-02-12,9,2
2025-02-12 10:00:00+00:00,1,149.36,31.38,2025-02-12,10,2
2025-02-12 11:00:00+00:00,1,166.04,35.78,2025-02-12,11,2
2025-02-12 12:00:00+00:00,1,184.34,36.76,2025-02-12,12,2
2025-02-12 13:00:00+00:00,1,202.4,34.04,2025-02-12,13,2
2025-02-12 14:00:00+00:00,1,218.04,28.23,2025-02-12,14,2
2025-02-12 15:00:00+00:00,1,231.34,20.13,2025-02-12,15,2
2025-02-12 16:00:00+00:00,1,243.38,9.81,2025-02-12,16,2
2025-02-12 17:00:00+00:00,1,251.68,1.12,2025-02-12,17,2
2025-02-12 18:00:00+00:00,0,261.84,-11.29,2025-02-12,18,2
2025-02-12 19:00:00+00:00,0,270.43,-21.86,2025-02-12,19,2
2025-02-12 20:00:00+00:00,0,280.63,-33.35,2025-02-12,20,2
2025-02-12 21:00:00+00:00,0,292.99,-44.4,2025-02-12,21,2
2025-02-12 22:00:00+00:00,0,309.71,-54.26,2025-02-12,22,2
2025-02-12 23:00:00+00:00,0,333.9,-61.43,2025-02-12,23,2
2025-02-13 00:00:00+00:00,0,186.67,-63.38,2025-02-13,0,3
2025-02-13 01:00:00+00:00,0,39.16,-58.32,2025-02-13,1,3
2025-02-13 02:00:00+00:00,0,59.25,-49.54,2025-02-13,2,3
2025-02-13 03:00:00+00:00,0,73.43,-38.95,2025-02-13,3,3
2025-02-13 04:00:00+00:00,0,84.49,-27.6,2025-02-13,4,3
2025-02-13 05:00:00+00:00,0,94.35,-15.78,2025-02-13,5,3
2025-02-13 06:00:00+00:00,1,103.45,-4.41,2025-02-13,6,3
2025-02-13 07:00:00+00:00,1,111.97,5.4,2025-02-13,7,3
2025-02-13 08:00:00+00:00,1,123.01,15.96,2025-02-13,8,3
2025-02-13 09:00:00+00:00,1,135.32,24.91,2025-02-13,9,3
2025-02-13 10:00:00+00:00,1,149.89,31.94,2025-02-13,10,3
2025-02-13 11:00:00+00:00,1,166.74,36.23,2025-02-13,11,3
2025-02-13 12:00:00+00:00,1,184.87,37.09,2025-02-13,12,3
2025-02-13 13:00:00+00:00,1,202.53,34.36,2025-02-13,13,3
2025-02-13 14:00:00+00:00,1,218.23,28.53,2025-02-13,14,3
2025-02-13 15:00:00+00:00,1,231.57,20.39,2025-02-13,15,3
2025-02-13 16:00:00+00:00,1,243.56,10.1,2025-02-13,16,3
2025-02-13 17:00:00+00:00,1,251.97,1.29,2025-02-13,17,3
2025-02-13 18:00:00+00:00,0,262.29,-11.3,2025-02-13,18,3
2025-02-13 19:00:00+00:00,0,270.89,-21.86,2025-02-13,19,3
2025-02-13 20:00:00+00:00,0,281.15,-33.34,2025-02-13,20,3
2025-02-13 21:00:00+00:00,0,293.59,-44.36,2025-02-13,21,3
2025-02-13 22:00:00+00:00,0,310.41,-54.15,2025-02-13,22,3
2025-02-13 23:00:00+00:00,0,334.65,-61.21,2025-02-13,23,3
2025-02-14 00:00:00+00:00,0,186.74,-63.05,2025-02-14,0,4
2025-02-14 01:00:00+00:00,0,38.84,-58.03,2025-02-14,1,4
2025-02-14 02:00:00+00:00,0,58.89,-49.3,2025-02-14,2,4
2025-02-14 03:00:00+00:00,0,73.09,-38.73,2025-02-14,3,4
2025-02-14 04:00:00+00:00,0,84.19,-27.39,2025-02-14,4,4
2025-02-14 05:00:00+00:00,0,93.93,-15.74,2025-02-14,5,4
2025-02-14 06:00:00+00:00,1,103.3,-4.03,2025-02-14,6,4
2025-02-14 07:00:00+00:00,1,111.68,5.58,2025-02-14,7,4
2025-02-14 08:00:00+00:00,1,122.51,15.99,2025-02-14,8,4
2025-02-14 09:00:00+00:00,1,134.81,25.0,2025-02-14,9,4
2025-02-14 10:00:00+00:00,1,149.36,32.12,2025-02-14,10,4
2025-02-14 11:00:00+00:00,1,166.25,36.5,2025-02-14,11,4
2025-02-14 12:00:00+00:00,1,184.49,37.44,2025-02-14,12,4
2025-02-14 13:00:00+00:00,1,202.65,34.68,2025-02-14,13,4
2025-02-14 14:00:00+00:00,1,218.42,28.82,2025-02-14,14,4
2025-02-14 15:00:00+00:00,1,231.79,20.65,2025-02-14,15,4
2025-02-14 16:00:00+00:00,1,243.95,10.2,2025-02-14,16,4
2025-02-14 17:00:00+00:00,1,252.22,1.54,2025-02-14,17,4
2025-02-14 18:00:00+00:00,0,261.58,-9.87,2025-02-14,18,4
2025-02-14 19:00:00+00:00,0,270.27,-20.55,2025-02-14,19,4
2025-02-14 20:00:00+00:00,0,281.67,-33.33,2025-02-14,20,4
2025-02-14 21:00:00+00:00,0,294.19,-44.32,2025-02-14,21,4
2025-02-14 22:00:00+00:00,0,311.12,-54.04,2025-02-14,22,4
2025-02-14 23:00:00+00:00,0,335.4,-60.97,2025-02-14,23,4
2025-02-15 00:00:00+00:00,0,186.82,-62.72,2025-02-15,0,5
2025-02-15 01:00:00+00:00,0,38.52,-57.73,2025-02-15,1,5
2025-02-15 02:00:00+00:00,0,58.54,-49.05,2025-02-15,2,5
2025-02-15 03:00:00+00:00,0,72.76,-38.51,2025-02-15,3,5
2025-02-15 04:00:00+00:00,0,83.89,-27.18,2025-02-15,4,5
2025-02-15 05:00:00+00:00,0,93.51,-15.7,2025-02-15,5,5
2025-02-15 06:00:00+00:00,1,103.13,-3.69,2025-02-15,6,5
2025-02-15 07:00:00+00:00,1,111.39,5.77,2025-02-15,7,5
2025-02-15 08:00:00+00:00,1,122.01,16.01,2025-02-15,8,5
2025-02-15 09:00:00+00:00,1,134.28,25.1,2025-02-15,9,5
2025-02-15 10:00:00+00:00,1,148.84,32.29,2025-02-15,10,5
2025-02-15 11:00:00+00:00,1,165.76,36.77,2025-02-15,11,5
2025-02-15 12:00:00+00:00,1,184.42,37.78,2025-02-15,12,5
2025-02-15 13:00:00+00:00,1,202.79,35.01,2025-02-15,13,5
2025-02-15 14:00:00+00:00,1,218.62,29.12,2025-02-15,14,5
2025-02-15 15:00:00+00:00,1,232.02,20.92,2025-02-15,15,5
2025-02-15 16:00:00+00:00,1,244.13,10.51,2025-02-15,16,5
2025-02-15 17:00:00+00:00,1,252.53,1.71,2025-02-15,17,5
2025-02-15 18:00:00+00:00,0,262.03,-9.88,2025-02-15,18,5
2025-02-15 19:00:00+00:00,0,270.74,-20.55,2025-02-15,19,5
2025-02-15 20:00:00+00:00,0,282.19,-33.32,2025-02-15,20,5
2025-02-15 21:00:00+00:00,0,294.8,-44.26,2025-02-15,21,5
2025-02-15 22:00:00+00:00,0,311.84,-53.92,2025-02-15,22,5
2025-02-15 23:00:00+00:00,0,336.14,-60.73,2025-02-15,23,5
2025-02-16 00:00:00+00:00,0,186.9,-62.38,2025-02-16,0,6
2025-02-16 01:00:00+00:00,0,38.22,-57.43,2025-02-16,1,6
2025-02-16 02:00:00+00:00,0,58.19,-48.79,2025-02-16,2,6
2025-02-16 03:00:00+00:00,0,72.43,-38.28,2025-02-16,3,6
2025-02-16 04:00:00+00:00,0,83.58,-26.96,2025-02-16,4,6
2025-02-16 05:00:00+00:00,0,93.08,-15.66,2025-02-16,5,6
2025-02-16 06:00:00+00:00,1,102.68,-3.69,2025-02-16,6,6
2025-02-16 07:00:00+00:00,1,111.12,5.98,2025-02-16,7,6
2025-02-16 08:00:00+00:00,1,122.27,16.7,2025-02-16,8,6
2025-02-16 09:00:00+00:00,1,134.66,25.74,2025-02-16,9,6
2025-02-16 10:00:00+00:00,1,149.37,32.87,2025-02-16,10,6
2025-02-16 11:00:00+00:00,1,166.46,37.23,2025-02-16,11,6
2025-02-16 12:00:00+00:00,1,184.96,38.11,2025-02-16,12,6
2025-02-16 13:00:00+00:00,1,202.92,35.34,2025-02-16,13,6
2025-02-16 14:00:00+00:00,1,218.82,29.42,2025-02-16,14,6
2025-02-16 15:00:00+00:00,1,232.26,21.19,2025-02-16,15,6
2025-02-16 16:00:00+00:00,1,244.29,10.84,2025-02-16,16,6
2025-02-16 17:00:00+00:00,1,252.84,1.88,2025-02-16,17,6
2025-02-16 18:00:00+00:00,0,262.49,-9.88,2025-02-16,18,6
2025-02-16 19:00:00+00:00,0,271.21,-20.55,2025-02-16,19,6
2025-02-16 20:00:00+00:00,0,282.72,-33.3,2025-02-16,20,6
2025-02-16 21:00:00+00:00,0,295.41,-44.21,2025-02-16,21,6
2025-02-16 22:00:00+00:00,0,312.56,-53.79,2025-02-16,22,6
2025-02-16 23:00:00+00:00,0,336.88,-60.48,2025-02-16,23,6
2025-02-17 00:00:00+00:00,0,186.98,-62.04,2025-02-17,0,0
2025-02-17 01:00:00+00:00,0,37.9,-57.13,2025-02-17,1,0
2025-02-17 02:00:00+00:00,0,57.83,-48.53,2025-02-17,2,0
2025-02-17 03:00:00+00:00,0,72.09,-38.05,2025-02-17,3,0
2025-02-17 04:00:00+00:00,0,83.27,-26.75,2025-02-17,4,0
2025-02-17 05:00:00+00:00,0,92.65,-15.63,2025-02-17,5,0
2025-02-17 06:00:00+00:00,1,102.48,-3.37,2025-02-17,6,0
2025-02-17 07:00:00+00:00,1,110.82,6.17,2025-02-17,7,0
2025-02-17 08:00:00+00:00,1,121.76,16.73,2025-02-17,8,0
2025-02-17 09:00:00+00:00,1,134.13,25.84,2025-02-17,9,0
2025-02-17 10:00:00+00:00,1,148.83,33.05,2025-02-17,10,0
2025-02-17 11:00:00+00:00,1,165.96,37.51,2025-02-17,11,0
2025-02-17 12:00:00+00:00,1,184.57,38.48,2025-02-17,12,0
2025-02-17 13:00:00+00:00,1,203.05,35.67,2025-02-17,13,0
2025-02-17 14:00:00+00:00,1,219.02,29.72,2025-02-17,14,0
2025-02-17 15:00:00+00:00,1,232.5,21.46,2025-02-17,15,0
2025-02-17 16:00:00+00:00,1,244.71,10.92,2025-02-17,16,0
2025-02-17 17:00:00+00:00,1,253.11,2.11,2025-02-17,17,0
2025-02-17 18:00:00+00:00,0,262.46,-9.28,2025-02-17,18,0
2025-02-17 19:00:00+00:00,0,271.69,-20.55,2025-02-17,19,0
2025-02-17 20:00:00+00:00,0,283.25,-33.29,2025-02-17,20,0
2025-02-17 21:00:00+00:00,0,296.03,-44.16,2025-02-17,21,0
2025-02-17 22:00:00+00:00,0,313.29,-53.67,2025-02-17,22,0
2025-02-17 23:00:00+00:00,0,337.63,-60.23,2025-02-17,23,0
2025-02-18 00:00:00+00:00,0,130.23,-61.55,2025-02-18,0,1
2025-02-18 01:00:00+00:00,0,37.59,-56.82,2025-02-18,1,1
2025-02-18 02:00:00+00:00,0,57.48,-48.27,2025-02-18,2,1
2025-02-18 03:00:00+00:00,0,71.76,-37.82,2025-02-18,3,1
2025-02-18 04:00:00+00:00,0,82.96,-26.53,2025-02-18,4,1
2025-02-18 05:00:00+00:00,0,93.35,-14.2,2025-02-18,5,1
2025-02-18 06:00:00+00:00,1,102.43,-2.86,2025-02-18,6,1
2025-02-18 07:00:00+00:00,1,110.35,6.18,2025-02-18,7,1
2025-02-18 08:00:00+00:00,1,121.25,16.77,2025-02-18,8,1
2025-02-18 09:00:00+00:00,1,133.59,25.94,2025-02-18,9,1
2025-02-18 10:00:00+00:00,1,148.29,33.23,2025-02-18,10,1
2025-02-18 11:00:00+00:00,1,165.46,37.79,2025-02-18,11,1
2025-02-18 12:00:00+00:00,1,184.49,38.82,2025-02-18,12,1
2025-02-18 13:00:00+00:00,1,203.19,36.0,2025-02-18,13,1
2025-02-18 14:00:00+00:00,1,219.22,30.03,2025-02-18,14,1
2025-02-18 15:00:00+00:00,1,232.73,21.74,2025-02-18,15,1
2025-02-18 16:00:00+00:00,1,244.87,11.26,2025-02-18,16,1
2025-02-18 17:00:00+00:00,1,253.43,2.27,2025-02-18,17,1
2025-02-18 18:00:00+00:00,0,262.92,-9.28,2025-02-18,18,1
2025-02-18 19:00:00+00:00,0,272.17,-20.55,2025-02-18,19,1
2025-02-18 20:00:00+00:00,0,283.79,-33.27,2025-02-18,20,1
2025-02-18 21:00:00+00:00,0,296.65,-44.1,2025-02-18,21,1
2025-02-18 22:00:00+00:00,0,314.01,-53.53,2025-02-18,22,1
2025-02-18 23:00:00+00:00,0,338.36,-59.98,2025-02-18,23,1
2025-02-19 00:00:00+00:00,0,130.13,-61.21,2025-02-19,0,2
2025-02-19 01:00:00+00:00,0,37.29,-56.51,2025-02-19,1,2
2025-02-19 02:00:00+00:00,0,57.13,-48.0,2025-02-19,2,2
2025-02-19 03:00:00+00:00,0,71.42,-37.58,2025-02-19,3,2
2025-02-19 04:00:00+00:00,0,82.65,-26.31,2025-02-19,4,2
2025-02-19 05:00:00+00:00,0,92.88,-14.2,2025-02-19,5,2
2025-02-19 06:00:00+00:00,1,102.2,-2.57,2025-02-19,6,2
2025-02-19 07:00:00+00:00,1,110.24,6.58,2025-02-19,7,2
2025-02-19 08:00:00+00:00,1,121.49,17.45,2025-02-19,8,2
2025-02-19 09:00:00+00:00,1,133.95,26.59,2025-02-19,9,2
2025-02-19 10:00:00+00:00,1,148.81,33.81,2025-02-19,10,2
2025-02-19 11:00:00+00:00,1,166.16,38.26,2025-02-19,11,2
2025-02-19 12:00:00+00:00,1,185.04,39.17,2025-02-19,12,2
2025-02-19 13:00:00+00:00,1,203.32,36.34,2025-02-19,13,2
2025-02-19 14:00:00+00:00,1,219.42,30.34,2025-02-19,14,2
2025-02-19 15:00:00+00:00,1,232.97,22.02,2025-02-19,15,2
2025-02-19 16:00:00+00:00,1,245.0,11.63,2025-02-19,16,2
2025-02-19 17:00:00+00:00,1,253.76,2.44,2025-02-19,17,2
2025-02-19 18:00:00+00:00,0,263.39,-9.29,2025-02-19,18,2
2025-02-19 19:00:00+00:00,0,272.66,-20.55,2025-02-19,19,2
2025-02-19 20:00:00+00:00,0,284.34,-33.26,2025-02-19,20,2
2025-02-19 21:00:00+00:00,0,297.28,-44.05,2025-02-19,21,2
2025-02-19 22:00:00+00:00,0,314.74,-53.39,2025-02-19,22,2
2025-02-19 23:00:00+00:00,0,339.1,-59.71,2025-02-19,23,2
2025-02-20 00:00:00+00:00,0,130.03,-60.85,2025-02-20,0,3
2025-02-20 01:00:00+00:00,0,36.98,-56.2,2025-02-20,1,3
2025-02-20 02:00:00+00:00,0,56.77,-47.73,2025-02-20,2,3
2025-02-20 03:00:00+00:00,0,71.08,-37.34,2025-02-20,3,3
2025-02-20 04:00:00+00:00,0,82.34,-26.09,2025-02-20,4,3
2025-02-20 05:00:00+00:00,0,92.41,-14.2,2025-02-20,5,3
2025-02-20 06:00:00+00:00,1,101.96,-2.29,2025-02-20,6,3
2025-02-20 07:00:00+00:00,1,109.81,6.64,2025-02-20,7,3
2025-02-20 08:00:00+00:00,1,120.97,17.49,2025-02-20,8,3
2025-02-20 09:00:00+00:00,1,133.41,26.69,2025-02-20,9,3
2025-02-20 10:00:00+00:00,1,148.25,34.0,2025-02-20,10,3
2025-02-20 11:00:00+00:00,1,165.65,38.55,2025-02-20,11,3
2025-02-20 12:00:00+00:00,1,184.64,39.54,2025-02-20,12,3
2025-02-20 13:00:00+00:00,1,203.46,36.68,2025-02-20,13,3
2025-02-20 14:00:00+00:00,1,219.63,30.65,2025-02-20,14,3
2025-02-20 15:00:00+00:00,1,233.22,22.29,2025-02-20,15,3
2025-02-20 16:00:00+00:00,1,245.45,11.7,2025-02-20,16,3
2025-02-20 17:00:00+00:00,1,254.16,2.52,2025-02-20,17,3
2025-02-20 18:00:00+00:00,0,263.86,-9.29,2025-02-20,18,3
2025-02-20 19:00:00+00:00,0,273.15,-20.54,2025-02-20,19,3
2025-02-20 20:00:00+00:00,0,284.89,-33.24,2025-02-20,20,3
2025-02-20 21:00:00+00:00,0,297.92,-43.99,2025-02-20,21,3
2025-02-20 22:00:00+00:00,0,315.47,-53.25,2025-02-20,22,3
2025-02-20 23:00:00+00:00,0,339.83,-59.45,2025-02-20,23,3
2025-02-21 00:00:00+00:00,0,129.93,-60.5,2025-02-21,0,4
2025-02-21 01:00:00+00:00,0,36.68,-55.88,2025-02-21,1,4
2025-02-21 02:00:00+00:00,0,56.42,-47.46,2025-02-21,2,4
2025-02-21 03:00:00+00:00,0,70.75,-37.1,2025-02-21,3,4
2025-02-21 04:00:00+00:00,0,82.03,-25.86,2025-02-21,4,4
2025-02-21 05:00:00+00:00,0,91.93,-14.2,2025-02-21,5,4
2025-02-21 06:00:00+00:00,1,101.49,-2.29,2025-02-21,6,4
2025-02-21 07:00:00+00:00,1,109.33,6.66,2025-02-21,7,4
2025-02-21 08:00:00+00:00,1,120.45,17.52,2025-02-21,8,4
2025-02-21 09:00:00+00:00,1,132.86,26.79,2025-02-21,9,4
2025-02-21 10:00:00+00:00,1,147.7,34.19,2025-02-21,10,4
2025-02-21 11:00:00+00:00,1,165.12,38.83,2025-02-21,11,4
2025-02-21 12:00:00+00:00,1,184.56,39.89,2025-02-21,12,4
2025-02-21 13:00:00+00:00,1,203.61,37.02,2025-02-21,13,4
2025-02-21 14:00:00+00:00,1,219.85,30.96,2025-02-21,14,4
2025-02-21 15:00:00+00:00,1,233.47,22.57,2025-02-21,15,4
2025-02-21 16:00:00+00:00,1,245.58,12.08,2025-02-21,16,4
2025-02-21 17:00:00+00:00,1,254.28,2.94,2025-02-21,17,4
2025-02-21 18:00:00+00:00,0,263.89,-8.74,2025-02-21,18,4
2025-02-21 19:00:00+00:00,0,273.64,-20.54,2025-02-21,19,4
2025-02-21 20:00:00+00:00,0,285.44,-33.22,2025-02-21,20,4
2025-02-21 21:00:00+00:00,0,298.56,-43.92,2025-02-21,21,4
2025-02-21 22:00:00+00:00,0,316.19,-53.1,2025-02-21,22,4
2025-02-21 23:00:00+00:00,0,340.55,-59.17,2025-02-21,23,4
2025-02-22 00:00:00+00:00,0,129.82,-60.14,2025-02-22,0,5
2025-02-22 01:00:00+00:00,0,36.37,-55.56,2025-02-22,1,5
2025-02-22 02:00:00+00:00,0,56.07,-47.19,2025-02-22,2,5
2025-02-22 03:00:00+00:00,0,70.41,-36.86,2025-02-22,3,5
2025-02-22 04:00:00+00:00,0,81.71,-25.63,2025-02-22,4,5
2025-02-22 05:00:00+00:00,0,91.46,-14.2,2025-02-22,5,5
2025-02-22 06:00:00+00:00,1,101.23,-2.03,2025-02-22,6,5
2025-02-22 07:00:00+00:00,1,109.24,7.08,2025-02-22,7,5
2025-02-22 08:00:00+00:00,1,120.69,18.22,2025-02-22,8,5
2025-02-22 09:00:00+00:00,1,133.22,27.45,2025-02-22,9,5
2025-02-22 10:00:00+00:00,1,148.22,34.78,2025-02-22,10,5
2025-02-22 11:00:00+00:00,1,165.84,39.31,2025-02-22,11,5
2025-02-22 12:00:00+00:00,1,185.13,40.24,2025-02-22,12,5
2025-02-22 13:00:00+00:00,1,203.75,37.37,2025-02-22,13,5
2025-02-22 14:00:00+00:00,1,220.06,31.27,2025-02-22,14,5
2025-02-22 15:00:00+00:00,1,233.72,22.85,2025-02-22,15,5
2025-02-22 16:00:00+00:00,1,245.68,12.5,2025-02-22,16,5
2025-02-22 17:00:00+00:00,1,254.61,3.11,2025-02-22,17,5
2025-02-22 18:00:00+00:00,0,263.79,-8.03,2025-02-22,18,5
2025-02-22 19:00:00+00:00,0,273.22,-19.45,2025-02-22,19,5
2025-02-22 20:00:00+00:00,0,286.0,-33.19,2025-02-22,20,5
2025-02-22 21:00:00+00:00,0,299.2,-43.85,2025-02-22,21,5
2025-02-22 22:00:00+00:00,0,316.93,-52.95,2025-02-22,22,5
2025-02-22 23:00:00+00:00,0,341.28,-58.89,2025-02-22,23,5
2025-02-23 00:00:00+00:00,0,129.73,-59.78,2025-02-23,0,6
2025-02-23 01:00:00+00:00,0,36.08,-55.24,2025-02-23,1,6
2025-02-23 02:00:00+00:00,0,55.72,-46.91,2025-02-23,2,6
2025-02-23 03:00:00+00:00,0,70.07,-36.61,2025-02-23,3,6
2025-02-23 04:00:00+00:00,0,81.4,-25.4,2025-02-23,4,6
2025-02-23 05:00:00+00:00,0,90.97,-14.2,2025-02-23,5,6
2025-02-23 06:00:00+00:00,1,100.96,-1.77,2025-02-23,6,6
2025-02-23 07:00:00+00:00,1,108.92,7.28,2025-02-23,7,6
2025-02-23 08:00:00+00:00,1,120.16,18.26,2025-02-23,8,6
2025-02-23 09:00:00+00:00,1,132.66,27.56,2025-02-23,9,6
2025-02-23 10:00:00+00:00,1,147.65,34.97,2025-02-23,10,6
2025-02-23 11:00:00+00:00,1,165.31,39.61,2025-02-23,11,6
2025-02-23 12:00:00+00:00,1,184.72,40.63,2025-02-23,12,6
2025-02-23 13:00:00+00:00,1,203.9,37.72,2025-02-23,13,6
2025-02-23 14:00:00+00:00,1,220.28,31.59,2025-02-23,14,6
2025-02-23 15:00:00+00:00,1,233.97,23.14,2025-02-23,15,6
2025-02-23 16:00:00+00:00,1,246.17,12.54,2025-02-23,16,6
2025-02-23 17:00:00+00:00,1,255.11,3.09,2025-02-23,17,6
2025-02-23 18:00:00+00:00,0,264.27,-8.03,2025-02-23,18,6
2025-02-23 19:00:00+00:00,0,273.72,-19.45,2025-02-23,19,6
2025-02-23 20:00:00+00:00,0,286.56,-33.17,2025-02-23,20,6
2025-02-23 21:00:00+00:00,0,299.84,-43.78,2025-02-23,21,6
2025-02-23 22:00:00+00:00,0,317.67,-52.79,2025-02-23,22,6
2025-02-23 23:00:00+00:00,0,342.0,-58.61,2025-02-23,23,6
2025-02-24 00:00:00+00:00,0,129.63,-59.42,2025-02-24,0,0
2025-02-24 01:00:00+00:00,0,35.78,-54.91,2025-02-24,1,0
2025-02-24 02:00:00+00:00,0,55.37,-46.63,2025-02-24,2,0
2025-02-24 03:00:00+00:00,0,69.73,-36.36,2025-02-24,3,0
2025-02-24 04:00:00+00:00,0,81.08,-25.16,2025-02-24,4,0
2025-02-24 05:00:00+00:00,0,91.1,-13.44,2025-02-24,5,0
2025-02-24 06:00:00+00:00,1,101.02,-1.12,2025-02-24,6,0
2025-02-24 07:00:00+00:00,1,108.83,7.72,2025-02-24,7,0
2025-02-24 08:00:00+00:00,1,120.4,18.96,2025-02-24,8,0
2025-02-24 09:00:00+00:00,1,133.02,28.23,2025-02-24,9,0
2025-02-24 10:00:00+00:00,1,148.18,35.58,2025-02-24,10,0
2025-02-24 11:00:00+00:00,1,166.04,40.09,2025-02-24,11,0
2025-02-24 12:00:00+00:00,1,185.29,40.98,2025-02-24,12,0
2025-02-24 13:00:00+00:00,1,204.05,38.07,2025-02-24,13,0
2025-02-24 14:00:00+00:00,1,220.5,31.9,2025-02-24,14,0
2025-02-24 15:00:00+00:00,1,234.23,23.42,2025-02-24,15,0
2025-02-24 16:00:00+00:00,1,246.26,12.98,2025-02-24,16,0
2025-02-24 17:00:00+00:00,1,255.26,3.49,2025-02-24,17,0
2025-02-24 18:00:00+00:00,0,264.34,-7.53,2025-02-24,18,0
2025-02-24 19:00:00+00:00,0,274.23,-19.45,2025-02-24,19,0
2025-02-24 20:00:00+00:00,0,287.13,-33.15,2025-02-24,20,0
2025-02-24 21:00:00+00:00,0,300.5,-43.71,2025-02-24,21,0
2025-02-24 22:00:00+00:00,0,318.41,-52.63,2025-02-24,22,0
2025-02-24 23:00:00+00:00,0,342.71,-58.32,2025-02-24,23,0
2025-02-25 00:00:00+00:00,0,129.54,-59.05,2025-02-25,0,1
2025-02-25 01:00:00+00:00,0,35.5,-54.58,2025-02-25,1,1
2025-02-25 02:00:00+00:00,0,55.03,-46.34,2025-02-25,2,1
2025-02-25 03:00:00+00:00,0,69.4,-36.1,2025-02-25,3,1
2025-02-25 04:00:00+00:00,0,80.77,-24.93,2025-02-25,4,1
2025-02-25 05:00:00+00:00,0,90.61,-13.44,2025-02-25,5,1
2025-02-25 06:00:00+00:00,1,100.53,-1.12,2025-02-25,6,1
2025-02-25 07:00:00+00:00,1,108.34,7.74,2025-02-25,7,1
2025-02-25 08:00:00+00:00,1,119.86,19.0,2025-02-25,8,1
2025-02-25 09:00:00+00:00,1,132.46,28.33,2025-02-25,9,1
2025-02-25 10:00:00+00:00,1,147.6,35.77,2025-02-25,10,1
2025-02-25 11:00:00+00:00,1,165.5,40.39,2025-02-25,11,1
2025-02-25 12:00:00+00:00,1,185.23,41.35,2025-02-25,12,1
2025-02-25 13:00:00+00:00,1,204.2,38.42,2025-02-25,13,1
2025-02-25 14:00:00+00:00,1,220.72,32.22,2025-02-25,14,1
2025-02-25 15:00:00+00:00,1,234.49,23.71,2025-02-25,15,1
2025-02-25 16:00:00+00:00,1,246.77,12.99,2025-02-25,16,1
2025-02-25 17:00:00+00:00,1,255.77,3.48,2025-02-25,17,1
2025-02-25 18:00:00+00:00,0,264.83,-7.53,2025-02-25,18,1
2025-02-25 19:00:00+00:00,0,274.74,-19.44,2025-02-25,19,1
2025-02-25 20:00:00+00:00,0,287.7,-33.12,2025-02-25,20,1
2025-02-25 21:00:00+00:00,0,301.15,-43.63,2025-02-25,21,1
2025-02-25 22:00:00+00:00,0,319.14,-52.46,2025-02-25,22,1
2025-02-25 23:00:00+00:00,0,343.42,-58.03,2025-02-25,23,1
2025-02-26 00:00:00+00:00,0,129.44,-58.68,2025-02-26,0,2
2025-02-26 01:00:00+00:00,0,35.2,-54.25,2025-02-26,1,2
2025-02-26 02:00:00+00:00,0,54.68,-46.06,2025-02-26,2,2
2025-02-26 03:00:00+00:00,0,69.05,-35.85,2025-02-26,3,2
2025-02-26 04:00:00+00:00,0,80.44,-24.69,2025-02-26,4,2
2025-02-26 05:00:00+00:00,0,90.12,-13.44,2025-02-26,5,2
2025-02-26 06:00:00+00:00,1,100.24,-0.89,2025-02-26,6,2
2025-02-26 07:00:00+00:00,1,108.01,7.94,2025-02-26,7,2
2025-02-26 08:00:00+00:00,1,119.33,19.04,2025-02-26,8,2
2025-02-26 09:00:00+00:00,1,131.89,28.44,2025-02-26,9,2
2025-02-26 10:00:00+00:00,1,147.02,35.96,2025-02-26,10,2
2025-02-26 11:00:00+00:00,1,164.96,40.69,2025-02-26,11,2
2025-02-26 12:00:00+00:00,1,184.81,41.73,2025-02-26,12,2
2025-02-26 13:00:00+00:00,1,204.36,38.77,2025-02-26,13,2
2025-02-26 14:00:00+00:00,1,220.96,32.54,2025-02-26,14,2
2025-02-26 15:00:00+00:00,1,234.75,23.99,2025-02-26,15,2
2025-02-26 16:00:00+00:00,1,246.84,13.45,2025-02-26,16,2
2025-02-26 17:00:00+00:00,1,256.11,3.65,2025-02-26,17,2
2025-02-26 18:00:00+00:00,0,265.32,-7.54,2025-02-26,18,2
2025-02-26 19:00:00+00:00,0,273.88,-17.89,2025-02-26,19,2
2025-02-26 20:00:00+00:00,0,284.42,-29.4,2025-02-26,20,2
2025-02-26 21:00:00+00:00,0,296.9,-40.2,2025-02-26,21,2
2025-02-26 22:00:00+00:00,0,313.21,-49.65,2025-02-26,22,2
2025-02-26 23:00:00+00:00,0,335.38,-56.41,2025-02-26,23,2
2025-02-27 00:00:00+00:00,0,185.33,-58.4,2025-02-27,0,3
2025-02-27 01:00:00+00:00,0,34.92,-53.91,2025-02-27,1,3
2025-02-27 02:00:00+00:00,0,54.34,-45.77,2025-02-27,2,3
2025-02-27 03:00:00+00:00,0,68.72,-35.6,2025-02-27,3,3
2025-02-27 04:00:00+00:00,0,80.13,-24.45,2025-02-27,4,3
2025-02-27 05:00:00+00:00,0,89.62,-13.44,2025-02-27,5,3
2025-02-27 06:00:00+00:00,1,99.94,-0.66,2025-02-27,6,3
2025-02-27 07:00:00+00:00,1,107.93,8.4,2025-02-27,7,3
2025-02-27 08:00:00+00:00,1,119.56,19.75,2025-02-27,8,3
2025-02-27 09:00:00+00:00,1,132.24,29.11,2025-02-27,9,3
2025-02-27 10:00:00+00:00,1,147.55,36.57,2025-02-27,10,3
2025-02-27 11:00:00+00:00,1,165.69,41.18,2025-02-27,11,3
2025-02-27 12:00:00+00:00,1,185.38,42.09,2025-02-27,12,3
2025-02-27 13:00:00+00:00,1,204.51,39.12,2025-02-27,13,3
2025-02-27 14:00:00+00:00,1,221.18,32.87,2025-02-27,14,3
2025-02-27 15:00:00+00:00,1,235.01,24.28,2025-02-27,15,3
2025-02-27 16:00:00+00:00,1,246.89,13.95,2025-02-27,16,3
2025-02-27 17:00:00+00:00,1,256.46,3.81,2025-02-27,17,3
2025-02-27 18:00:00+00:00,0,265.82,-7.54,2025-02-27,18,3
2025-02-27 19:00:00+00:00,0,274.39,-17.89,2025-02-27,19,3
2025-02-27 20:00:00+00:00,0,284.97,-29.38,2025-02-27,20,3
2025-02-27 21:00:00+00:00,0,297.53,-40.14,2025-02-27,21,3
2025-02-27 22:00:00+00:00,0,313.93,-49.51,2025-02-27,22,3
2025-02-27 23:00:00+00:00,0,336.11,-56.15,2025-02-27,23,3
2025-02-28 00:00:00+00:00,0,185.43,-58.04,2025-02-28,0,4
2025-02-28 01:00:00+00:00,0,34.64,-53.58,2025-02-28,1,4
2025-02-28 02:00:00+00:00,0,54.0,-45.47,2025-02-28,2,4
2025-02-28 03:00:00+00:00,0,68.38,-35.33,2025-02-28,3,4
2025-02-28 04:00:00+00:00,0,79.81,-24.21,2025-02-28,4,4
2025-02-28 05:00:00+00:00,0,89.12,-13.44,2025-02-28,5,4
2025-02-28 06:00:00+00:00,1,99.45,-0.66,2025-02-28,6,4
2025-02-28 07:00:00+00:00,1,107.43,8.41,2025-02-28,7,4
2025-02-28 08:00:00+00:00,1,119.01,19.79,2025-02-28,8,4
2025-02-28 09:00:00+00:00,1,131.66,29.22,2025-02-28,9,4
2025-02-28 10:00:00+00:00,1,146.96,36.77,2025-02-28,10,4
2025-02-28 11:00:00+00:00,1,165.14,41.48,2025-02-28,11,4
2025-02-28 12:00:00+00:00,1,185.33,42.47,2025-02-28,12,4
2025-02-28 13:00:00+00:00,1,204.67,39.48,2025-02-28,13,4
2025-02-28 14:00:00+00:00,1,221.42,33.19,2025-02-28,14,4
2025-02-28 15:00:00+00:00,1,235.28,24.57,2025-02-28,15,4
2025-02-28 16:00:00+00:00,1,247.44,13.94,2025-02-28,16,4
2025-02-28 17:00:00+00:00,1,256.79,4.02,2025-02-28,17,4
2025-02-28 18:00:00+00:00,0,265.92,-7.05,2025-02-28,18,4
2025-02-28 19:00:00+00:00,0,274.9,-17.89,2025-02-28,19,4
2025-02-28 20:00:00+00:00,0,285.53,-29.36,2025-02-28,20,4
2025-02-28 21:00:00+00:00,0,298.17,-40.07,2025-02-28,21,4
2025-02-28 22:00:00+00:00,0,314.65,-49.37,2025-02-28,22,4
2025-02-28 23:00:00+00:00,0,336.84,-55.88,2025-02-28,23,4
2025-03-01 00:00:00+00:00,0,185.52,-57.67,2025-03-01,0,5
2025-03-01 01:00:00+00:00,0,34.36,-53.24,2025-03-01,1,5
2025-03-01 02:00:00+00:00,0,53.66,-45.18,2025-03-01,2,5
2025-03-01 03:00:00+00:00,0,68.05,-35.07,2025-03-01,3,5
2025-03-01 04:00:00+00:00,0,79.49,-23.97,2025-03-01,4,5
2025-03-01 05:00:00+00:00,0,88.62,-13.44,2025-03-01,5,5
2025-03-01 06:00:00+00:00,1,99.15,-0.43,2025-03-01,6,5
2025-03-01 07:00:00+00:00,1,107.35,8.88,2025-03-01,7,5
2025-03-01 08:00:00+00:00,1,119.24,20.51,2025-03-01,8,5
2025-03-01 09:00:00+00:00,1,132.02,29.9,2025-03-01,9,5
2025-03-01 10:00:00+00:00,1,147.5,37.38,2025-03-01,10,5
2025-03-01 11:00:00+00:00,1,165.9,41.98,2025-03-01,11,5
2025-03-01 12:00:00+00:00,1,185.54,42.85,2025-03-01,12,5
2025-03-01 13:00:00+00:00,1,204.83,39.84,2025-03-01,13,5
2025-03-01 14:00:00+00:00,1,221.65,33.51,2025-03-01,14,5
2025-03-01 15:00:00+00:00,1,235.55,24.86,2025-03-01,15,5
2025-03-01 16:00:00+00:00,1,247.47,14.45,2025-03-01,16,5
2025-03-01 17:00:00+00:00,1,257.15,4.18,2025-03-01,17,5
2025-03-01 18:00:00+00:00,0,265.88,-6.41,2025-03-01,18,5
2025-03-01 19:00:00+00:00,0,274.68,-17.02,2025-03-01,19,5
2025-03-01 20:00:00+00:00,0,286.1,-29.34,2025-03-01,20,5
2025-03-01 21:00:00+00:00,0,298.8,-40.01,2025-03-01,21,5
2025-03-01 22:00:00+00:00,0,315.37,-49.22,2025-03-01,22,5
2025-03-01 23:00:00+00:00,0,337.56,-55.62,2025-03-01,23,5
2025-03-02 00:00:00+00:00,0,185.61,-57.3,2025-03-02,0,6
2025-03-02 01:00:00+00:00,0,34.08,-52.9,2025-03-02,1,6
2025-03-02 02:00:00+00:00,0,53.32,-44.89,2025-03-02,2,6
2025-03-02 03:00:00+00:00,0,67.71,-34.81,2025-03-02,3,6
2025-03-02 04:00:00+00:00,0,79.17,-23.72,2025-03-02,4,6
2025-03-02 05:00:00+00:00,0,88.74,-12.68,2025-03-02,5,6
2025-03-02 06:00:00+00:00,1,99.11,0.13,2025-03-02,6,6
2025-03-02 07:00:00+00:00,1,107.03,9.09,2025-03-02,7,6
2025-03-02 08:00:00+00:00,1,118.69,20.56,2025-03-02,8,6
2025-03-02 09:00:00+00:00,1,131.44,30.01,2025-03-02,9,6
2025-03-02 10:00:00+00:00,1,146.9,37.58,2025-03-02,10,6
2025-03-02 11:00:00+00:00,1,165.34,42.28,2025-03-02,11,6
2025-03-02 12:00:00+00:00,1,185.49,43.22,2025-03-02,12,6
2025-03-02 13:00:00+00:00,1,205.0,40.2,2025-03-02,13,6
2025-03-02 14:00:00+00:00,1,221.89,33.84,2025-03-02,14,6
2025-03-02 15:00:00+00:00,1,235.82,25.16,2025-03-02,15,6
2025-03-02 16:00:00+00:00,1,247.78,14.69,2025-03-02,16,6
2025-03-02 17:00:00+00:00,1,257.66,4.17,2025-03-02,17,6
2025-03-02 18:00:00+00:00,0,266.38,-6.41,2025-03-02,18,6
2025-03-02 19:00:00+00:00,0,275.19,-17.02,2025-03-02,19,6
2025-03-02 20:00:00+00:00,0,286.67,-29.32,2025-03-02,20,6
2025-03-02 21:00:00+00:00,0,299.45,-39.94,2025-03-02,21,6
2025-03-02 22:00:00+00:00,0,316.09,-49.07,2025-03-02,22,6
2025-03-02 23:00:00+00:00,0,338.29,-55.34,2025-03-02,23,6
2025-03-03 00:00:00+00:00,0,185.7,-56.92,2025-03-03,0,0
2025-03-03 01:00:00+00:00,0,33.81,-52.55,2025-03-03,1,0
2025-03-03 02:00:00+00:00,0,52.99,-44.58,2025-03-03,2,0
2025-03-03 03:00:00+00:00,0,67.38,-34.54,2025-03-03,3,0
2025-03-03 04:00:00+00:00,0,78.85,-23.47,2025-03-03,4,0
2025-03-03 05:00:00+00:00,0,88.24,-12.68,2025-03-03,5,0
2025-03-03 06:00:00+00:00,1,98.79,0.34,2025-03-03,6,0
2025-03-03 07:00:00+00:00,1,106.69,9.31,2025-03-03,7,0
2025-03-03 08:00:00+00:00,1,118.14,20.6,2025-03-03,8,0
2025-03-03 09:00:00+00:00,1,130.85,30.12,2025-03-03,9,0
2025-03-03 10:00:00+00:00,1,146.29,37.78,2025-03-03,10,0
2025-03-03 11:00:00+00:00,1,164.77,42.59,2025-03-03,11,0
2025-03-03 12:00:00+00:00,1,185.07,43.62,2025-03-03,12,0
2025-03-03 13:00:00+00:00,1,205.16,40.56,2025-03-03,13,0
2025-03-03 14:00:00+00:00,1,222.13,34.17,2025-03-03,14,0
2025-03-03 15:00:00+00:00,1,236.09,25.45,2025-03-03,15,0
2025-03-03 16:00:00+00:00,1,248.06,14.96,2025-03-03,16,0
2025-03-03 17:00:00+00:00,1,258.02,4.34,2025-03-03,17,0
2025-03-03 18:00:00+00:00,0,266.88,-6.41,2025-03-03,18,0
2025-03-03 19:00:00+00:00,0,275.72,-17.02,2025-03-03,19,0
2025-03-03 20:00:00+00:00,0,287.24,-29.29,2025-03-03,20,0
2025-03-03 21:00:00+00:00,0,300.09,-39.86,2025-03-03,21,0
2025-03-03 22:00:00+00:00,0,316.81,-48.91,2025-03-03,22,0
2025-03-03 23:00:00+00:00,0,339.0,-55.06,2025-03-03,23,0
2025-03-04 00:00:00+00:00,0,185.8,-56.55,2025-03-04,0,1
2025-03-04 01:00:00+00:00,0,33.54,-52.21,2025-03-04,1,1
2025-03-04 02:00:00+00:00,0,52.65,-44.28,2025-03-04,2,1
2025-03-04 03:00:00+00:00,0,67.04,-34.27,2025-03-04,3,1
2025-03-04 04:00:00+00:00,0,78.53,-23.22,2025-03-04,4,1
2025-03-04 05:00:00+00:00,0,87.72,-12.68,2025-03-04,5,1
2025-03-04 06:00:00+00:00,1,98.29,0.34,2025-03-04,6,1
2025-03-04 07:00:00+00:00,1,106.45,9.6,2025-03-04,7,1
2025-03-04 08:00:00+00:00,1,118.37,21.32,2025-03-04,8,1
2025-03-04 09:00:00+00:00,1,131.2,30.81,2025-03-04,9,1
2025-03-04 10:00:00+00:00,1,146.83,38.41,2025-03-04,10,1
2025-03-04 11:00:00+00:00,1,165.54,43.09,2025-03-04,11,1
2025-03-04 12:00:00+00:00,1,185.65,43.99,2025-03-04,12,1
2025-03-04 13:00:00+00:00,1,205.33,40.92,2025-03-04,13,1
2025-03-04 14:00:00+00:00,1,222.37,34.49,2025-03-04,14,1
2025-03-04 15:00:00+00:00,1,236.37,25.74,2025-03-04,15,1
2025-03-04 16:00:00+00:00,1,248.03,15.56,2025-03-04,16,1
2025-03-04 17:00:00+00:00,1,258.21,4.71,2025-03-04,17,1
2025-03-04 18:00:00+00:00,0,267.01,-5.95,2025-03-04,18,1
2025-03-04 19:00:00+00:00,0,276.24,-17.01,2025-03-04,19,1
2025-03-04 20:00:00+00:00,0,287.81,-29.27,2025-03-04,20,1
2025-03-04 21:00:00+00:00,0,300.73,-39.79,2025-03-04,21,1
2025-03-04 22:00:00+00:00,0,317.53,-48.75,2025-03-04,22,1
2025-03-04 23:00:00+00:00,0,339.72,-54.78,2025-03-04,23,1
2025-03-05 00:00:00+00:00,0,185.88,-56.17,2025-03-05,0,2
2025-03-05 01:00:00+00:00,0,33.27,-51.86,2025-03-05,1,2
2025-03-05 02:00:00+00:00,0,52.32,-43.98,2025-03-05,2,2
2025-03-05 03:00:00+00:00,0,66.71,-34.0,2025-03-05,3,2
2025-03-05 04:00:00+00:00,0,79.34,-21.73,2025-03-05,4,2
2025-03-05 05:00:00+00:00,0,87.85,-11.93,2025-03-05,5,2
2025-03-05 06:00:00+00:00,1,97.97,0.55,2025-03-05,6,2
2025-03-05 07:00:00+00:00,1,106.12,9.82,2025-03-05,7,2
2025-03-05 08:00:00+00:00,1,117.81,21.36,2025-03-05,8,2
2025-03-05 09:00:00+00:00,1,130.61,30.92,2025-03-05,9,2
2025-03-05 10:00:00+00:00,1,146.22,38.61,2025-03-05,10,2
2025-03-05 11:00:00+00:00,1,164.97,43.4,2025-03-05,11,2
2025-03-05 12:00:00+00:00,1,185.6,44.37,2025-03-05,12,2
2025-03-05 13:00:00+00:00,1,205.5,41.28,2025-03-05,13,2
2025-03-05 14:00:00+00:00,1,222.62,34.82,2025-03-05,14,2
2025-03-05 15:00:00+00:00,1,236.65,26.04,2025-03-05,15,2
2025-03-05 16:00:00+00:00,1,248.32,15.82,2025-03-05,16,2
2025-03-05 17:00:00+00:00,1,258.73,4.7,2025-03-05,17,2
2025-03-05 18:00:00+00:00,0,267.52,-5.95,2025-03-05,18,2
2025-03-05 19:00:00+00:00,0,276.76,-17.01,2025-03-05,19,2
2025-03-05 20:00:00+00:00,0,288.39,-29.24,2025-03-05,20,2
2025-03-05 21:00:00+00:00,0,301.38,-39.72,2025-03-05,21,2
2025-03-05 22:00:00+00:00,0,318.25,-48.59,2025-03-05,22,2
2025-03-05 23:00:00+00:00,0,340.43,-54.49,2025-03-05,23,2
2025-03-06 00:00:00+00:00,0,185.98,-55.78,2025-03-06,0,3
2025-03-06 01:00:00+00:00,0,33.0,-51.51,2025-03-06,1,3
2025-03-06 02:00:00+00:00,0,51.99,-43.67,2025-03-06,2,3
2025-03-06 03:00:00+00:00,0,66.38,-33.73,2025-03-06,3,3
2025-03-06 04:00:00+00:00,0,78.16,-22.41,2025-03-06,4,3
2025-03-06 05:00:00+00:00,0,87.95,-11.18,2025-03-06,5,3
2025-03-06 06:00:00+00:00,1,97.87,1.05,2025-03-06,6,3
2025-03-06 07:00:00+00:00,1,106.07,10.33,2025-03-06,7,3
2025-03-06 08:00:00+00:00,1,118.04,22.09,2025-03-06,8,3
2025-03-06 09:00:00+00:00,1,130.96,31.61,2025-03-06,9,3
2025-03-06 10:00:00+00:00,1,146.76,39.23,2025-03-06,10,3
2025-03-06 11:00:00+00:00,1,165.74,43.91,2025-03-06,11,3
2025-03-06 12:00:00+00:00,1,185.82,44.76,2025-03-06,12,3
2025-03-06 13:00:00+00:00,1,205.67,41.65,2025-03-06,13,3
2025-03-06 14:00:00+00:00,1,222.87,35.15,2025-03-06,14,3
2025-03-06 15:00:00+00:00,1,236.93,26.33,2025-03-06,15,3
2025-03-06 16:00:00+00:00,1,248.61,16.09,2025-03-06,16,3
2025-03-06 17:00:00+00:00,1,259.09,4.87,2025-03-06,17,3
2025-03-06 18:00:00+00:00,0,268.03,-5.95,2025-03-06,18,3
2025-03-06 19:00:00+00:00,0,277.29,-17.01,2025-03-06,19,3
2025-03-06 20:00:00+00:00,0,288.97,-29.21,2025-03-06,20,3
2025-03-06 21:00:00+00:00,0,302.03,-39.63,2025-03-06,21,3
2025-03-06 22:00:00+00:00,0,318.96,-48.42,2025-03-06,22,3
2025-03-06 23:00:00+00:00,0,341.13,-54.2,2025-03-06,23,3
2025-03-07 00:00:00+00:00,0,128.67,-55.29,2025-03-07,0,4
2025-03-07 01:00:00+00:00,0,32.75,-51.16,2025-03-07,1,4
2025-03-07 02:00:00+00:00,0,51.67,-43.37,2025-03-07,2,4
2025-03-07 03:00:00+00:00,0,66.05,-33.46,2025-03-07,3,4
2025-03-07 04:00:00+00:00,0,77.77,-22.24,2025-03-07,4,4
2025-03-07 05:00:00+00:00,0,87.44,-11.19,2025-03-07,5,4
2025-03-07 06:00:00+00:00,1,96.85,0.45,2025-03-07,6,4
2025-03-07 07:00:00+00:00,,,,2025-03-07,7,4
2025-03-07 08:00:00+00:00,1,123.18,26.92,2025-03-07,8,4
2025-03-07 09:00:00+00:00,1,130.47,31.79,2025-03-07,9,4
2025-03-07 10:00:00+00:00,1,146.28,39.48,2025-03-07,10,4
2025-03-07 11:00:00+00:00,1,165.32,44.24,2025-03-07,11,4
2025-03-07 12:00:00+00:00,1,185.8,45.15,2025-03-07,12,4
2025-03-07 13:00:00+00:00,1,205.85,42.01,2025-03-07,13,4
2025-03-07 14:00:00+00:00,1,223.12,35.48,2025-03-07,14,4
2025-03-07 15:00:00+00:00,1,237.21,26.62,2025-03-07,15,4
2025-03-07 16:00:00+00:00,1,248.9,16.36,2025-03-07,16,4
2025-03-07 17:00:00+00:00,1,259.29,5.23,2025-03-07,17,4
2025-03-07 18:00:00+00:00,1,268.18,-5.49,2025-03-07,18,4
2025-03-07 19:00:00+00:00,0,277.82,-17.01,2025-03-07,19,4
2025-03-07 20:00:00+00:00,0,289.55,-29.19,2025-03-07,20,4
2025-03-07 21:00:00+00:00,0,302.69,-39.56,2025-03-07,21,4
2025-03-07 22:00:00+00:00,0,319.69,-48.25,2025-03-07,22,4
2025-03-07 23:00:00+00:00,0,341.84,-53.9,2025-03-07,23,4
2025-03-08 00:00:00+00:00,0,128.59,-54.9,2025-03-08,0,5
2025-03-08 01:00:00+00:00,0,32.49,-50.81,2025-03-08,1,5
2025-03-08 02:00:00+00:00,0,51.34,-43.06,2025-03-08,2,5
2025-03-08 03:00:00+00:00,0,65.71,-33.18,2025-03-08,3,5
2025-03-08 04:00:00+00:00,0,77.38,-22.07,2025-03-08,4,5
2025-03-08 05:00:00+00:00,0,86.92,-11.19,2025-03-08,5,5
2025-03-08 06:00:00+00:00,1,97.04,1.25,2025-03-08,6,5
2025-03-08 07:00:00+00:00,1,105.25,10.6,2025-03-08,7,5
2025-03-08 08:00:00+00:00,1,116.92,22.18,2025-03-08,8,5
2025-03-08 09:00:00+00:00,1,129.77,31.84,2025-03-08,9,5
2025-03-08 10:00:00+00:00,1,145.53,39.64,2025-03-08,10,5
2025-03-08 11:00:00+00:00,1,164.59,44.53,2025-03-08,11,5
2025-03-08 12:00:00+00:00,1,185.71,45.53,2025-03-08,12,5
2025-03-08 13:00:00+00:00,1,206.03,42.38,2025-03-08,13,5
2025-03-08 14:00:00+00:00,1,223.38,35.81,2025-03-08,14,5
2025-03-08 15:00:00+00:00,1,237.5,26.92,2025-03-08,15,5
2025-03-08 16:00:00+00:00,1,249.2,16.62,2025-03-08,16,5
2025-03-08 17:00:00+00:00,1,259.81,5.22,2025-03-08,17,5
2025-03-08 18:00:00+00:00,1,268.68,-5.49,2025-03-08,18,5
2025-03-08 19:00:00+00:00,0,278.35,-17.0,2025-03-08,19,5
2025-03-08 20:00:00+00:00,0,290.14,-29.16,2025-03-08,20,5
2025-03-08 21:00:00+00:00,0,303.34,-39.47,2025-03-08,21,5
2025-03-08 22:00:00+00:00,0,320.41,-48.07,2025-03-08,22,5
2025-03-08 23:00:00+00:00,0,342.53,-53.6,2025-03-08,23,5
2025-03-09 00:00:00+00:00,0,128.51,-54.51,2025-03-09,0,6
2025-03-09 01:00:00+00:00,0,32.24,-50.45,2025-03-09,1,6
2025-03-09 02:00:00+00:00,0,51.02,-42.74,2025-03-09,2,6
2025-03-09 03:00:00+00:00,0,65.39,-32.9,2025-03-09,3,6
2025-03-09 04:00:00+00:00,0,76.99,-21.89,2025-03-09,4,6
2025-03-09 05:00:00+00:00,0,86.95,-10.53,2025-03-09,5,6
2025-03-09 06:00:00+00:00,1,96.92,1.74,2025-03-09,6,6
2025-03-09 07:00:00+00:00,1,105.24,11.17,2025-03-09,7,6
2025-03-09 08:00:00+00:00,1,117.14,22.91,2025-03-09,8,6
2025-03-09 09:00:00+00:00,1,130.11,32.54,2025-03-09,9,6
2025-03-09 10:00:00+00:00,1,146.07,40.27,2025-03-09,10,6
2025-03-09 11:00:00+00:00,1,165.38,45.05,2025-03-09,11,6
2025-03-09 12:00:00+00:00,1,185.95,45.92,2025-03-09,12,6
2025-03-09 13:00:00+00:00,1,206.21,42.75,2025-03-09,13,6
2025-03-09 14:00:00+00:00,1,223.63,36.14,2025-03-09,14,6
2025-03-09 15:00:00+00:00,1,237.79,27.21,2025-03-09,15,6
2025-03-09 16:00:00+00:00,1,249.5,16.89,2025-03-09,16,6
2025-03-09 17:00:00+00:00,1,260.01,5.58,2025-03-09,17,6
2025-03-09 18:00:00+00:00,1,268.39,-4.47,2025-03-09,18,6
2025-03-09 19:00:00+00:00,0,278.16,-16.17,2025-03-09,19,6
2025-03-09 20:00:00+00:00,0,290.72,-29.13,2025-03-09,20,6
2025-03-09 21:00:00+00:00,0,303.99,-39.39,2025-03-09,21,6
2025-03-09 22:00:00+00:00,0,321.12,-47.9,2025-03-09,22,6
2025-03-09 23:00:00+00:00,0,343.21,-53.3,2025-03-09,23,6
2025-03-10 00:00:00+00:00,0,128.44,-54.12,2025-03-10,0,0
2025-03-10 01:00:00+00:00,0,31.98,-50.1,2025-03-10,1,0
2025-03-10 02:00:00+00:00,0,50.7,-42.43,2025-03-10,2,0
2025-03-10 03:00:00+00:00,0,65.06,-32.63,2025-03-10,3,0
2025-03-10 04:00:00+00:00,0,77.8,-20.41,2025-03-10,4,0
2025-03-10 05:00:00+00:00,0,87.06,-9.79,2025-03-10,5,0
2025-03-10 06:00:00+00:00,1,96.58,1.93,2025-03-10,6,0
2025-03-10 07:00:00+00:00,1,104.93,11.42,2025-03-10,7,0
2025-03-10 08:00:00+00:00,1,116.58,22.96,2025-03-10,8,0
2025-03-10 09:00:00+00:00,1,129.51,32.65,2025-03-10,9,0
2025-03-10 10:00:00+00:00,1,145.44,40.48,2025-03-10,10,0
2025-03-10 11:00:00+00:00,1,164.79,45.36,2025-03-10,11,0
2025-03-10 12:00:00+00:00,1,186.6,46.24,2025-03-10,12,0
2025-03-10 13:00:00+00:00,1,207.66,42.76,2025-03-10,13,0
2025-03-10 14:00:00+00:00,1,224.93,35.93,2025-03-10,14,0
2025-03-10 15:00:00+00:00,1,238.92,26.85,2025-03-10,15,0
2025-03-10 16:00:00+00:00,1,250.51,16.44,2025-03-10,16,0
2025-03-10 17:00:00+00:00,1,260.7,5.38,2025-03-10,17,0
2025-03-10 18:00:00+00:00,1,268.9,-4.47,2025-03-10,18,0
2025-03-10 19:00:00+00:00,0,278.7,-16.16,2025-03-10,19,0
2025-03-10 20:00:00+00:00,0,291.32,-29.1,2025-03-10,20,0
2025-03-10 21:00:00+00:00,0,304.65,-39.29,2025-03-10,21,0
2025-03-10 22:00:00+00:00,0,321.84,-47.71,2025-03-10,22,0
2025-03-10 23:00:00+00:00,0,343.9,-52.99,2025-03-10,23,0
2025-03-11 00:00:00+00:00,0,128.36,-53.74,2025-03-11,0,1
2025-03-11 01:00:00+00:00,0,31.74,-49.74,2025-03-11,1,1
2025-03-11 02:00:00+00:00,0,50.39,-42.12,2025-03-11,2,1
2025-03-11 03:00:00+00:00,0,64.73,-32.35,2025-03-11,3,1
2025-03-11 04:00:00+00:00,0,77.37,-20.28,2025-03-11,4,1
2025-03-11 05:00:00+00:00,0,86.54,-9.79,2025-03-11,5,1
2025-03-11 06:00:00+00:00,1,96.24,2.13,2025-03-11,6,1
2025-03-11 07:00:00+00:00,1,104.95,12.01,2025-03-11,7,1
2025-03-11 08:00:00+00:00,1,116.8,23.7,2025-03-11,8,1
2025-03-11 09:00:00+00:00,1,129.86,33.35,2025-03-11,9,1
2025-03-11 10:00:00+00:00,1,146.0,41.11,2025-03-11,10,1
2025-03-11 11:00:00+00:00,1,165.6,45.87,2025-03-11,11,1
2025-03-11 12:00:00+00:00,1,187.29,46.61,2025-03-11,12,1
2025-03-11 13:00:00+00:00,1,207.86,43.13,2025-03-11,13,1
2025-03-11 14:00:00+00:00,1,225.2,36.26,2025-03-11,14,1
2025-03-11 15:00:00+00:00,1,239.22,27.15,2025-03-11,15,1
2025-03-11 16:00:00+00:00,1,250.81,16.71,2025-03-11,16,1
2025-03-11 17:00:00+00:00,1,261.05,5.56,2025-03-11,17,1
2025-03-11 18:00:00+00:00,1,269.09,-4.06,2025-03-11,18,1
2025-03-11 19:00:00+00:00,0,279.23,-16.16,2025-03-11,19,1
2025-03-11 20:00:00+00:00,0,291.91,-29.07,2025-03-11,20,1
2025-03-11 21:00:00+00:00,0,305.31,-39.21,2025-03-11,21,1
2025-03-11 22:00:00+00:00,0,322.56,-47.52,2025-03-11,22,1
2025-03-11 23:00:00+00:00,0,344.57,-52.68,2025-03-11,23,1
2025-03-12 00:00:00+00:00,0,128.29,-53.35,2025-03-12,0,2
2025-03-12 01:00:00+00:00,0,31.49,-49.38,2025-03-12,1,2
2025-03-12 02:00:00+00:00,0,50.07,-41.8,2025-03-12,2,2
2025-03-12 03:00:00+00:00,0,64.41,-32.06,2025-03-12,3,2
2025-03-12 04:00:00+00:00,0,76.94,-20.14,2025-03-12,4,2
2025-03-12 05:00:00+00:00,0,86.51,-9.2,2025-03-12,5,2
2025-03-12 06:00:00+00:00,1,96.11,2.59,2025-03-12,6,2
2025-03-12 07:00:00+00:00,1,104.65,12.28,2025-03-12,7,2
2025-03-12 08:00:00+00:00,1,116.23,23.74,2025-03-12,8,2
2025-03-12 09:00:00+00:00,1,129.25,33.46,2025-03-12,9,2
2025-03-12 10:00:00+00:00,1,145.36,41.31,2025-03-12,10,2
2025-03-12 11:00:00+00:00,1,165.0,46.19,2025-03-12,11,2
2025-03-12 12:00:00+00:00,1,186.79,47.03,2025-03-12,12,2
2025-03-12 13:00:00+00:00,1,208.05,43.49,2025-03-12,13,2
2025-03-12 14:00:00+00:00,1,225.47,36.59,2025-03-12,14,2
2025-03-12 15:00:00+00:00,1,239.51,27.44,2025-03-12,15,2
2025-03-12 16:00:00+00:00,1,251.11,16.97,2025-03-12,16,2
2025-03-12 17:00:00+00:00,1,261.42,5.74,2025-03-12,17,2
2025-03-12 18:00:00+00:00,1,269.63,-4.09,2025-03-12,18,2
2025-03-12 19:00:00+00:00,0,279.76,-16.16,2025-03-12,19,2
2025-03-12 20:00:00+00:00,0,292.5,-29.03,2025-03-12,20,2
2025-03-12 21:00:00+00:00,0,305.97,-39.11,2025-03-12,21,2
2025-03-12 22:00:00+00:00,0,323.27,-47.33,2025-03-12,22,2
2025-03-12 23:00:00+00:00,0,345.25,-52.36,2025-03-12,23,2
2025-03-13 00:00:00+00:00,0,128.21,-52.96,2025-03-13,0,3
2025-03-13 01:00:00+00:00,0,31.25,-49.02,2025-03-13,1,3
2025-03-13 02:00:00+00:00,0,49.76,-41.49,2025-03-13,2,3
2025-03-13 03:00:00+00:00,0,64.08,-31.78,2025-03-13,3,3
2025-03-13 04:00:00+00:00,0,76.51,-20.02,2025-03-13,4,3
2025-03-13 05:00:00+00:00,0,85.99,-9.2,2025-03-13,5,3
2025-03-13 06:00:00+00:00,1,95.6,2.59,2025-03-13,6,3
2025-03-13 07:00:00+00:00,1,104.12,12.29,2025-03-13,7,3
2025-03-13 08:00:00+00:00,1,115.66,23.79,2025-03-13,8,3
2025-03-13 09:00:00+00:00,1,128.64,33.57,2025-03-13,9,3
2025-03-13 10:00:00+00:00,1,144.73,41.52,2025-03-13,10,3
2025-03-13 11:00:00+00:00,1,164.41,46.51,2025-03-13,11,3
2025-03-13 12:00:00+00:00,1,186.74,47.41,2025-03-13,12,3
2025-03-13 13:00:00+00:00,1,208.25,43.86,2025-03-13,13,3
2025-03-13 14:00:00+00:00,1,225.74,36.92,2025-03-13,14,3
2025-03-13 15:00:00+00:00,1,239.81,27.73,2025-03-13,15,3
2025-03-13 16:00:00+00:00,1,251.41,17.24,2025-03-13,16,3
2025-03-13 17:00:00+00:00,1,261.77,5.93,2025-03-13,17,3
2025-03-13 18:00:00+00:00,1,269.87,-3.75,2025-03-13,18,3
2025-03-13 19:00:00+00:00,0,280.3,-16.15,2025-03-13,19,3
2025-03-13 20:00:00+00:00,0,293.1,-29.0,2025-03-13,20,3
2025-03-13 21:00:00+00:00,0,306.63,-39.01,2025-03-13,21,3
2025-03-13 22:00:00+00:00,0,323.98,-47.14,2025-03-13,22,3
2025-03-13 23:00:00+00:00,0,345.92,-52.04,2025-03-13,23,3
2025-03-14 00:00:00+00:00,0,128.15,-52.57,2025-03-14,0,4
2025-03-14 01:00:00+00:00,0,31.02,-48.66,2025-03-14,1,4
2025-03-14 02:00:00+00:00,0,49.45,-41.16,2025-03-14,2,4
2025-03-14 03:00:00+00:00,0,63.76,-31.5,2025-03-14,3,4
2025-03-14 04:00:00+00:00,0,76.07,-19.88,2025-03-14,4,4
2025-03-14 05:00:00+00:00,0,85.93,-8.64,2025-03-14,5,4
2025-03-14 06:00:00+00:00,1,95.45,3.03,2025-03-14,6,4
2025-03-14 07:00:00+00:00,1,104.16,12.92,2025-03-14,7,4
2025-03-14 08:00:00+00:00,1,115.88,24.53,2025-03-14,8,4
2025-03-14 09:00:00+00:00,1,128.99,34.28,2025-03-14,9,4
2025-03-14 10:00:00+00:00,1,145.28,42.16,2025-03-14,10,4
2025-03-14 11:00:00+00:00,1,165.23,47.02,2025-03-14,11,4
2025-03-14 12:00:00+00:00,1,187.45,47.78,2025-03-14,12,4
2025-03-14 13:00:00+00:00,1,208.45,44.23,2025-03-14,13,4
2025-03-14 14:00:00+00:00,1,226.02,37.24,2025-03-14,14,4
2025-03-14 15:00:00+00:00,1,240.11,28.02,2025-03-14,15,4
2025-03-14 16:00:00+00:00,1,251.72,17.51,2025-03-14,16,4
2025-03-14 17:00:00+00:00,1,262.28,5.94,2025-03-14,17,4
2025-03-14 18:00:00+00:00,1,270.39,-3.75,2025-03-14,18,4
2025-03-14 19:00:00+00:00,0,280.85,-16.15,2025-03-14,19,4
2025-03-14 20:00:00+00:00,0,293.7,-28.96,2025-03-14,20,4
2025-03-14 21:00:00+00:00,0,307.29,-38.91,2025-03-14,21,4
2025-03-14 22:00:00+00:00,0,324.69,-46.94,2025-03-14,22,4
2025-03-14 23:00:00+00:00,0,346.57,-51.71,2025-03-14,23,4
2025-03-15 00:00:00+00:00,0,128.08,-52.18,2025-03-15,0,5
2025-03-15 01:00:00+00:00,0,30.78,-48.3,2025-03-15,1,5
2025-03-15 02:00:00+00:00,0,49.15,-40.84,2025-03-15,2,5
2025-03-15 03:00:00+00:00,0,63.44,-31.21,2025-03-15,3,5
2025-03-15 04:00:00+00:00,0,76.52,-18.8,2025-03-15,4,5
2025-03-15 05:00:00+00:00,0,86.0,-7.94,2025-03-15,5,5
2025-03-15 06:00:00+00:00,1,95.1,3.23,2025-03-15,6,5
2025-03-15 07:00:00+00:00,1,103.88,13.21,2025-03-15,7,5
2025-03-15 08:00:00+00:00,1,115.31,24.57,2025-03-15,8,5
2025-03-15 09:00:00+00:00,1,128.37,34.39,2025-03-15,9,5
2025-03-15 10:00:00+00:00,1,144.64,42.36,2025-03-15,10,5
2025-03-15 11:00:00+00:00,1,164.63,47.34,2025-03-15,11,5
2025-03-15 12:00:00+00:00,1,186.94,48.2,2025-03-15,12,5
2025-03-15 13:00:00+00:00,1,208.65,44.59,2025-03-15,13,5
2025-03-15 14:00:00+00:00,1,226.29,37.57,2025-03-15,14,5
2025-03-15 15:00:00+00:00,1,240.41,28.32,2025-03-15,15,5
2025-03-15 16:00:00+00:00,1,252.02,17.78,2025-03-15,16,5
2025-03-15 17:00:00+00:00,1,262.49,6.3,2025-03-15,17,5
2025-03-15 18:00:00+00:00,1,270.65,-3.43,2025-03-15,18,5
2025-03-15 19:00:00+00:00,0,281.38,-16.15,2025-03-15,19,5
2025-03-15 20:00:00+00:00,0,294.3,-28.92,2025-03-15,20,5
2025-03-15 21:00:00+00:00,0,307.95,-38.81,2025-03-15,21,5
2025-03-15 22:00:00+00:00,0,325.4,-46.74,2025-03-15,22,5
2025-03-15 23:00:00+00:00,0,347.23,-51.39,2025-03-15,23,5
2025-03-16 00:00:00+00:00,0,128.01,-51.78,2025-03-16,0,6
2025-03-16 01:00:00+00:00,0,30.55,-47.94,2025-03-16,1,6
2025-03-16 02:00:00+00:00,0,48.84,-40.52,2025-03-16,2,6
2025-03-16 03:00:00+00:00,0,63.12,-30.93,2025-03-16,3,6
2025-03-16 04:00:00+00:00,0,76.07,-18.69,2025-03-16,4,6
2025-03-16 05:00:00+00:00,0,85.48,-7.95,2025-03-16,5,6
2025-03-16 06:00:00+00:00,1,94.75,3.42,2025-03-16,6,6
2025-03-16 07:00:00+00:00,1,103.95,13.87,2025-03-16,7,6
2025-03-16 08:00:00+00:00,1,115.53,25.32,2025-03-16,8,6
2025-03-16 09:00:00+00:00,1,128.73,35.11,2025-03-16,9,6
2025-03-16 10:00:00+00:00,1,145.21,43.01,2025-03-16,10,6
2025-03-16 11:00:00+00:00,1,165.47,47.86,2025-03-16,11,6
2025-03-16 12:00:00+00:00,1,187.64,48.57,2025-03-16,12,6
2025-03-16 13:00:00+00:00,1,208.86,44.96,2025-03-16,13,6
2025-03-16 14:00:00+00:00,1,226.57,37.9,2025-03-16,14,6
2025-03-16 15:00:00+00:00,1,240.71,28.61,2025-03-16,15,6
2025-03-16 16:00:00+00:00,1,252.33,18.04,2025-03-16,16,6
2025-03-16 17:00:00+00:00,1,262.99,6.32,2025-03-16,17,6
2025-03-16 18:00:00+00:00,1,270.74,-2.92,2025-03-16,18,6
2025-03-16 19:00:00+00:00,0,281.23,-15.36,2025-03-16,19,6
2025-03-16 20:00:00+00:00,0,294.89,-28.88,2025-03-16,20,6
2025-03-16 21:00:00+00:00,0,308.61,-38.71,2025-03-16,21,6
2025-03-16 22:00:00+00:00,0,326.1,-46.53,2025-03-16,22,6
2025-03-16 23:00:00+00:00,0,347.87,-51.05,2025-03-16,23,6
2025-03-17 00:00:00+00:00,0,127.94,-51.39,2025-03-17,0,0
2025-03-17 01:00:00+00:00,0,30.32,-47.57,2025-03-17,1,0
2025-03-17 02:00:00+00:00,0,48.54,-40.2,2025-03-17,2,0
2025-03-17 03:00:00+00:00,0,62.8,-30.64,2025-03-17,3,0
2025-03-17 04:00:00+00:00,0,75.61,-18.59,2025-03-17,4,0
2025-03-17 05:00:00+00:00,0,85.38,-7.44,2025-03-17,5,0
2025-03-17 06:00:00+00:00,1,94.59,3.84,2025-03-17,6,0
2025-03-17 07:00:00+00:00,1,103.69,14.19,2025-03-17,7,0
2025-03-17 08:00:00+00:00,1,114.95,25.37,2025-03-17,8,0
2025-03-17 09:00:00+00:00,1,128.1,35.22,2025-03-17,9,0
2025-03-17 10:00:00+00:00,1,144.55,43.21,2025-03-17,10,0
2025-03-17 11:00:00+00:00,1,164.86,48.18,2025-03-17,11,0
2025-03-17 12:00:00+00:00,1,187.63,48.96,2025-03-17,12,0
2025-03-17 13:00:00+00:00,1,209.07,45.32,2025-03-17,13,0
2025-03-17 14:00:00+00:00,1,226.85,38.22,2025-03-17,14,0
2025-03-17 15:00:00+00:00,1,241.01,28.9,2025-03-17,15,0
2025-03-17 16:00:00+00:00,1,252.63,18.31,2025-03-17,16,0
2025-03-17 17:00:00+00:00,1,263.32,6.54,2025-03-17,17,0
2025-03-17 18:00:00+00:00,1,271.03,-2.63,2025-03-17,18,0
2025-03-17 19:00:00+00:00,0,280.78,-14.29,2025-03-17,19,0
2025-03-17 20:00:00+00:00,0,291.51,-25.31,2025-03-17,20,0
2025-03-17 21:00:00+00:00,0,304.33,-35.52,2025-03-17,21,0
2025-03-17 22:00:00+00:00,0,320.48,-44.05,2025-03-17,22,0
2025-03-17 23:00:00+00:00,0,340.89,-49.71,2025-03-17,23,0
2025-03-18 00:00:00+00:00,0,185.0,-51.1,2025-03-18,0,1
2025-03-18 01:00:00+00:00,0,30.09,-47.21,2025-03-18,1,1
2025-03-18 02:00:00+00:00,0,48.24,-39.88,2025-03-18,2,1
2025-03-18 03:00:00+00:00,0,62.49,-30.35,2025-03-18,3,1
2025-03-18 04:00:00+00:00,0,75.16,-18.48,2025-03-18,4,1
2025-03-18 05:00:00+00:00,0,84.85,-7.44,2025-03-18,5,1
2025-03-18 06:00:00+00:00,1,94.07,3.84,2025-03-18,6,1
2025-03-18 07:00:00+00:00,1,103.16,14.2,2025-03-18,7,1
2025-03-18 08:00:00+00:00,1,114.38,25.41,2025-03-18,8,1
2025-03-18 09:00:00+00:00,1,127.48,35.32,2025-03-18,9,1
2025-03-18 10:00:00+00:00,1,143.89,43.41,2025-03-18,10,1
2025-03-18 11:00:00+00:00,1,164.25,48.49,2025-03-18,11,1
2025-03-18 12:00:00+00:00,1,187.11,49.37,2025-03-18,12,1
2025-03-18 13:00:00+00:00,1,209.28,45.69,2025-03-18,13,1
2025-03-18 14:00:00+00:00,1,227.14,38.55,2025-03-18,14,1
2025-03-18 15:00:00+00:00,1,241.32,29.19,2025-03-18,15,1
2025-03-18 16:00:00+00:00,1,252.94,18.58,2025-03-18,16,1
2025-03-18 17:00:00+00:00,1,263.7,6.7,2025-03-18,17,1
2025-03-18 18:00:00+00:00,1,271.54,-2.63,2025-03-18,18,1
2025-03-18 19:00:00+00:00,0,281.32,-14.29,2025-03-18,19,1
2025-03-18 20:00:00+00:00,0,292.1,-25.29,2025-03-18,20,1
2025-03-18 21:00:00+00:00,0,304.97,-35.44,2025-03-18,21,1
2025-03-18 22:00:00+00:00,0,321.18,-43.88,2025-03-18,22,1
2025-03-18 23:00:00+00:00,0,341.56,-49.41,2025-03-18,23,1
2025-03-19 00:00:00+00:00,0,185.09,-50.71,2025-03-19,0,2
2025-03-19 01:00:00+00:00,0,29.87,-46.85,2025-03-19,1,2
2025-03-19 02:00:00+00:00,0,47.95,-39.56,2025-03-19,2,2
2025-03-19 03:00:00+00:00,0,62.18,-30.06,2025-03-19,3,2
2025-03-19 04:00:00+00:00,0,74.7,-18.38,2025-03-19,4,2
2025-03-19 05:00:00+00:00,0,84.74,-6.95,2025-03-19,5,2
2025-03-19 06:00:00+00:00,1,93.9,4.25,2025-03-19,6,2
2025-03-19 07:00:00+00:00,1,103.26,14.91,2025-03-19,7,2
2025-03-19 08:00:00+00:00,1,114.6,26.16,2025-03-19,8,2
2025-03-19 09:00:00+00:00,1,127.83,36.04,2025-03-19,9,2
2025-03-19 10:00:00+00:00,1,144.47,44.06,2025-03-19,10,2
2025-03-19 11:00:00+00:00,1,165.11,49.02,2025-03-19,11,2
2025-03-19 12:00:00+00:00,1,187.82,49.74,2025-03-19,12,2
2025-03-19 13:00:00+00:00,1,209.49,46.05,2025-03-19,13,2
2025-03-19 14:00:00+00:00,1,227.42,38.88,2025-03-19,14,2
2025-03-19 15:00:00+00:00,1,241.63,29.48,2025-03-19,15,2
2025-03-19 16:00:00+00:00,1,253.25,18.84,2025-03-19,16,2
2025-03-19 17:00:00+00:00,1,264.02,6.93,2025-03-19,17,2
2025-03-19 18:00:00+00:00,1,271.84,-2.35,2025-03-19,18,2
2025-03-19 19:00:00+00:00,0,281.86,-14.28,2025-03-19,19,2
2025-03-19 20:00:00+00:00,0,292.68,-25.26,2025-03-19,20,2
2025-03-19 21:00:00+00:00,0,305.62,-35.35,2025-03-19,21,2
2025-03-19 22:00:00+00:00,0,321.87,-43.69,2025-03-19,22,2
2025-03-19 23:00:00+00:00,0,342.23,-49.12,2025-03-19,23,2
2025-03-20 00:00:00+00:00,0,185.19,-50.32,2025-03-20,0,3
2025-03-20 01:00:00+00:00,0,29.65,-46.48,2025-03-20,1,3
2025-03-20 02:00:00+00:00,0,47.66,-39.23,2025-03-20,2,3
2025-03-20 03:00:00+00:00,0,61.87,-29.77,2025-03-20,3,3
2025-03-20 04:00:00+00:00,0,74.98,-17.48,2025-03-20,4,3
2025-03-20 05:00:00+00:00,0,84.77,-6.3,2025-03-20,5,3
2025-03-20 06:00:00+00:00,1,93.54,4.44,2025-03-20,6,3
2025-03-20 07:00:00+00:00,1,103.03,15.27,2025-03-20,7,3
2025-03-20 08:00:00+00:00,1,114.03,26.2,2025-03-20,8,3
2025-03-20 09:00:00+00:00,1,127.21,36.15,2025-03-20,9,3
2025-03-20 10:00:00+00:00,1,143.81,44.27,2025-03-20,10,3
2025-03-20 11:00:00+00:00,1,164.49,49.33,2025-03-20,11,3
2025-03-20 12:00:00+00:00,1,187.82,50.13,2025-03-20,12,3
2025-03-20 13:00:00+00:00,1,209.71,46.42,2025-03-20,13,3
2025-03-20 14:00:00+00:00,1,227.71,39.2,2025-03-20,14,3
2025-03-20 15:00:00+00:00,1,241.94,29.77,2025-03-20,15,3
2025-03-20 16:00:00+00:00,1,253.56,19.11,2025-03-20,16,3
2025-03-20 17:00:00+00:00,1,264.51,6.96,2025-03-20,17,3
2025-03-20 18:00:00+00:00,1,272.35,-2.36,2025-03-20,18,3
2025-03-20 19:00:00+00:00,0,282.4,-14.28,2025-03-20,19,3
2025-03-20 20:00:00+00:00,0,293.27,-25.24,2025-03-20,20,3
2025-03-20 21:00:00+00:00,0,306.26,-35.26,2025-03-20,21,3
2025-03-20 22:00:00+00:00,0,322.56,-43.52,2025-03-20,22,3
2025-03-20 23:00:00+00:00,0,342.89,-48.81,2025-03-20,23,3
2025-03-21 00:00:00+00:00,0,127.68,-49.83,2025-03-21,0,4
2025-03-21 01:00:00+00:00,0,29.44,-46.12,2025-03-21,1,4
2025-03-21 02:00:00+00:00,0,47.37,-38.91,2025-03-21,2,4
2025-03-21 03:00:00+00:00,0,61.56,-29.48,2025-03-21,3,4
2025-03-21 04:00:00+00:00,0,74.77,-17.1,2025-03-21,4,4
2025-03-21 05:00:00+00:00,0,84.25,-6.31,2025-03-21,5,4
2025-03-21 06:00:00+00:00,1,93.19,4.62,2025-03-21,6,4
2025-03-21 07:00:00+00:00,1,103.18,16.02,2025-03-21,7,4
2025-03-21 08:00:00+00:00,1,114.24,26.95,2025-03-21,8,4
2025-03-21 09:00:00+00:00,1,127.56,36.87,2025-03-21,9,4
2025-03-21 10:00:00+00:00,1,144.39,44.92,2025-03-21,10,4
2025-03-21 11:00:00+00:00,1,165.37,49.85,2025-03-21,11,4
2025-03-21 12:00:00+00:00,1,188.02,50.52,2025-03-21,12,4
2025-03-21 13:00:00+00:00,1,209.93,46.78,2025-03-21,13,4
2025-03-21 14:00:00+00:00,1,228.01,39.52,2025-03-21,14,4
2025-03-21 15:00:00+00:00,1,242.25,30.06,2025-03-21,15,4
2025-03-21 16:00:00+00:00,1,253.87,19.37,2025-03-21,16,4
2025-03-21 17:00:00+00:00,1,264.72,7.32,2025-03-21,17,4
2025-03-21 18:00:00+00:00,1,272.65,-2.09,2025-03-21,18,4
2025-03-21 19:00:00+00:00,0,282.94,-14.28,2025-03-21,19,4
2025-03-21 20:00:00+00:00,0,293.86,-25.21,2025-03-21,20,4
2025-03-21 21:00:00+00:00,0,306.9,-35.17,2025-03-21,21,4
2025-03-21 22:00:00+00:00,0,323.24,-43.33,2025-03-21,22,4
2025-03-21 23:00:00+00:00,0,343.55,-48.51,2025-03-21,23,4
2025-03-22 00:00:00+00:00,0,127.62,-49.44,2025-03-22,0,5
2025-03-22 01:00:00+00:00,0,29.22,-45.75,2025-03-22,1,5
2025-03-22 02:00:00+00:00,0,47.08,-38.58,2025-03-22,2,5
2025-03-22 03:00:00+00:00,0,61.26,-29.19,2025-03-22,3,5
2025-03-22 04:00:00+00:00,0,74.27,-17.05,2025-03-22,4,5
2025-03-22 05:00:00+00:00,0,84.1,-5.85,2025-03-22,5,5
2025-03-22 06:00:00+00:00,1,92.84,4.83,2025-03-22,6,5
2025-03-22 07:00:00+00:00,1,102.65,16.04,2025-03-22,7,5
2025-03-22 08:00:00+00:00,1,113.67,27.0,2025-03-22,8,5
2025-03-22 09:00:00+00:00,1,126.93,36.98,2025-03-22,9,5
2025-03-22 10:00:00+00:00,1,143.73,45.12,2025-03-22,10,5
2025-03-22 11:00:00+00:00,1,164.75,50.17,2025-03-22,11,5
2025-03-22 12:00:00+00:00,1,188.02,50.91,2025-03-22,12,5
2025-03-22 13:00:00+00:00,1,210.15,47.14,2025-03-22,13,5
2025-03-22 14:00:00+00:00,1,228.3,39.84,2025-03-22,14,5
2025-03-22 15:00:00+00:00,1,242.56,30.35,2025-03-22,15,5
2025-03-22 16:00:00+00:00,1,254.18,19.64,2025-03-22,16,5
2025-03-22 17:00:00+00:00,1,265.2,7.36,2025-03-22,17,5
2025-03-22 18:00:00+00:00,1,273.17,-2.09,2025-03-22,18,5
2025-03-22 19:00:00+00:00,0,283.48,-14.27,2025-03-22,19,5
2025-03-22 20:00:00+00:00,0,294.45,-25.18,2025-03-22,20,5
2025-03-22 21:00:00+00:00,0,307.55,-35.08,2025-03-22,21,5
2025-03-22 22:00:00+00:00,0,323.94,-43.15,2025-03-22,22,5
2025-03-22 23:00:00+00:00,0,344.2,-48.2,2025-03-22,23,5
2025-03-23 00:00:00+00:00,0,127.56,-49.04,2025-03-23,0,6
2025-03-23 01:00:00+00:00,0,29.01,-45.39,2025-03-23,1,6
2025-03-23 02:00:00+00:00,0,46.8,-38.26,2025-03-23,2,6
2025-03-23 03:00:00+00:00,0,60.95,-28.9,2025-03-23,3,6
2025-03-23 04:00:00+00:00,0,73.76,-17.0,2025-03-23,4,6
2025-03-23 05:00:00+00:00,0,83.58,-5.85,2025-03-23,5,6
2025-03-23 06:00:00+00:00,1,92.5,5.03,2025-03-23,6,6
2025-03-23 07:00:00+00:00,1,102.8,16.8,2025-03-23,7,6
2025-03-23 08:00:00+00:00,1,113.89,27.75,2025-03-23,8,6
2025-03-23 09:00:00+00:00,1,127.3,37.7,2025-03-23,9,6
2025-03-23 10:00:00+00:00,1,144.33,45.78,2025-03-23,10,6
2025-03-23 11:00:00+00:00,1,165.66,50.69,2025-03-23,11,6
2025-03-23 12:00:00+00:00,1,188.82,51.27,2025-03-23,12,6
2025-03-23 13:00:00+00:00,1,210.38,47.51,2025-03-23,13,6
2025-03-23 14:00:00+00:00,1,228.59,40.17,2025-03-23,14,6
2025-03-23 15:00:00+00:00,1,242.87,30.63,2025-03-23,15,6
2025-03-23 16:00:00+00:00,1,254.49,19.9,2025-03-23,16,6
2025-03-23 17:00:00+00:00,1,265.51,7.61,2025-03-23,17,6
2025-03-23 18:00:00+00:00,1,273.47,-1.84,2025-03-23,18,6
2025-03-23 19:00:00+00:00,0,284.02,-14.27,2025-03-23,19,6
2025-03-23 20:00:00+00:00,0,295.04,-25.15,2025-03-23,20,6
2025-03-23 21:00:00+00:00,0,308.19,-34.99,2025-03-23,21,6
2025-03-23 22:00:00+00:00,0,324.61,-42.96,2025-03-23,22,6
2025-03-23 23:00:00+00:00,0,344.85,-47.89,2025-03-23,23,6
2025-03-24 00:00:00+00:00,0,127.5,-48.65,2025-03-24,0,0
2025-03-24 01:00:00+00:00,0,28.81,-45.02,2025-03-24,1,0
2025-03-24 02:00:00+00:00,0,46.52,-37.93,2025-03-24,2,0
2025-03-24 03:00:00+00:00,0,60.65,-28.61,2025-03-24,3,0
2025-03-24 04:00:00+00:00,0,73.25,-16.95,2025-03-24,4,0
2025-03-24 05:00:00+00:00,1,83.42,-5.39,2025-03-24,5,0
2025-03-24 06:00:00+00:00,1,92.15,5.21,2025-03-24,6,0
2025-03-24 07:00:00+00:00,1,102.26,16.81,2025-03-24,7,0
2025-03-24 08:00:00+00:00,1,113.31,27.8,2025-03-24,8,0
2025-03-24 09:00:00+00:00,1,126.66,37.81,2025-03-24,9,0
2025-03-24 10:00:00+00:00,1,143.65,45.98,2025-03-24,10,0
2025-03-24 11:00:00+00:00,1,165.03,51.01,2025-03-24,11,0
2025-03-24 12:00:00+00:00,1,188.23,51.69,2025-03-24,12,0
2025-03-24 13:00:00+00:00,1,210.6,47.87,2025-03-24,13,0
2025-03-24 14:00:00+00:00,1,228.89,40.48,2025-03-24,14,0
2025-03-24 15:00:00+00:00,1,243.19,30.92,2025-03-24,15,0
2025-03-24 16:00:00+00:00,1,254.8,20.16,2025-03-24,16,0
2025-03-24 17:00:00+00:00,1,265.73,7.96,2025-03-24,17,0
2025-03-24 18:00:00+00:00,1,273.44,-1.18,2025-03-24,18,0
2025-03-24 19:00:00+00:00,0,283.89,-13.52,2025-03-24,19,0
2025-03-24 20:00:00+00:00,0,295.64,-25.12,2025-03-24,20,0
2025-03-24 21:00:00+00:00,0,308.84,-34.89,2025-03-24,21,0
2025-03-24 22:00:00+00:00,0,325.3,-42.77,2025-03-24,22,0
2025-03-24 23:00:00+00:00,,,,2025-03-24,23,0
2025-03-25 00:00:00+00:00,,,,2025-03-25,0,1
2025-03-25 01:00:00+00:00,,,,2025-03-25,1,1
2025-03-25 02:00:00+00:00,,,,2025-03-25,2,1
2025-03-25 03:00:00+00:00,,,,2025-03-25,3,1
2025-03-25 04:00:00+00:00,,,,2025-03-25,4,1
2025-03-25 05:00:00+00:00,,,,2025-03-25,5,1
2025-03-25 06:00:00+00:00,,,,2025-03-25,6,1
2025-03-25 07:00:00+00:00,,,,2025-03-25,7,1
2025-03-25 08:00:00+00:00,,,,2025-03-25,8,1
2025-03-25 09:00:00+00:00,,,,2025-03-25,9,1
2025-03-25 10:00:00+00:00,,,,2025-03-25,10,1
2025-03-25 11:00:00+00:00,,,,2025-03-25,11,1
2025-03-25 12:00:00+00:00,,,,2025-03-25,12,1
2025-03-25 13:00:00+00:00,,,,2025-03-25,13,1
2025-03-25 14:00:00+00:00,,,,2025-03-25,14,1
2025-03-25 15:00:00+00:00,,,,2025-03-25,15,1
2025-03-25 16:00:00+00:00,,,,2025-03-25,16,1
2025-03-25 17:00:00+00:00,,,,2025-03-25,17,1
2025-03-25 18:00:00+00:00,1,275.73,-3.4,2025-03-25,18,1
2025-03-25 19:00:00+00:00,0,284.43,-13.51,2025-03-25,19,1
2025-03-25 20:00:00+00:00,0,296.23,-25.09,2025-03-25,20,1
2025-03-25 21:00:00+00:00,0,309.48,-34.8,2025-03-25,21,1
2025-03-25 22:00:00+00:00,0,325.98,-42.57,2025-03-25,22,1
2025-03-25 23:00:00+00:00,0,346.13,-47.26,2025-03-25,23,1
2025-03-26 00:00:00+00:00,0,127.38,-47.87,2025-03-26,0,2
2025-03-26 01:00:00+00:00,0,28.4,-44.29,2025-03-26,1,2
2025-03-26 02:00:00+00:00,0,45.97,-37.28,2025-03-26,2,2
2025-03-26 03:00:00+00:00,0,60.05,-28.02,2025-03-26,3,2
2025-03-26 04:00:00+00:00,0,73.0,-16.04,2025-03-26,4,2
2025-03-26 05:00:00+00:00,1,83.5,-4.01,2025-03-26,5,2
2025-03-26 06:00:00+00:00,1,91.62,5.79,2025-03-26,6,2
2025-03-26 07:00:00+00:00,1,101.87,17.58,2025-03-26,7,2
2025-03-26 08:00:00+00:00,1,112.96,28.59,2025-03-26,8,2
2025-03-26 09:00:00+00:00,1,126.39,38.64,2025-03-26,9,2
2025-03-26 10:00:00+00:00,1,143.57,46.83,2025-03-26,10,2
2025-03-26 11:00:00+00:00,1,165.32,51.84,2025-03-26,11,2
2025-03-26 12:00:00+00:00,1,189.85,52.35,2025-03-26,12,2
2025-03-26 13:00:00+00:00,1,212.44,48.18,2025-03-26,13,2
2025-03-26 14:00:00+00:00,1,230.57,40.53,2025-03-26,14,2
2025-03-26 15:00:00+00:00,1,244.67,30.8,2025-03-26,15,2
2025-03-26 16:00:00+00:00,1,256.14,19.94,2025-03-26,16,2
2025-03-26 17:00:00+00:00,1,266.73,8.0,2025-03-26,17,2
2025-03-26 18:00:00+00:00,1,274.27,-0.95,2025-03-26,18,2
2025-03-26 19:00:00+00:00,0,284.97,-13.51,2025-03-26,19,2
2025-03-26 20:00:00+00:00,0,296.82,-25.06,2025-03-26,20,2
2025-03-26 21:00:00+00:00,0,310.12,-34.7,2025-03-26,21,2
2025-03-26 22:00:00+00:00,0,326.65,-42.37,2025-03-26,22,2
2025-03-26 23:00:00+00:00,0,346.76,-46.94,2025-03-26,23,2
2025-03-27 00:00:00+00:00,0,127.32,-47.49,2025-03-27,0,3
2025-03-27 01:00:00+00:00,0,28.2,-43.93,2025-03-27,1,3
2025-03-27 02:00:00+00:00,0,45.7,-36.96,2025-03-27,2,3
2025-03-27 03:00:00+00:00,0,59.75,-27.73,2025-03-27,3,3
2025-03-27 04:00:00+00:00,0,72.49,-16.0,2025-03-27,4,3
2025-03-27 05:00:00+00:00,1,83.26,-3.67,2025-03-27,5,3
2025-03-27 06:00:00+00:00,1,91.27,5.97,2025-03-27,6,3
2025-03-27 07:00:00+00:00,1,101.34,17.59,2025-03-27,7,3
2025-03-27 08:00:00+00:00,1,112.38,28.64,2025-03-27,8,3
2025-03-27 09:00:00+00:00,1,125.75,38.74,2025-03-27,9,3
2025-03-27 10:00:00+00:00,1,142.89,47.03,2025-03-27,10,3
2025-03-27 11:00:00+00:00,1,164.68,52.16,2025-03-27,11,3
2025-03-27 12:00:00+00:00,1,189.24,52.77,2025-03-27,12,3
2025-03-27 13:00:00+00:00,1,212.68,48.54,2025-03-27,13,3
2025-03-27 14:00:00+00:00,1,230.88,40.85,2025-03-27,14,3
2025-03-27 15:00:00+00:00,1,244.98,31.07,2025-03-27,15,3
2025-03-27 16:00:00+00:00,1,256.45,20.2,2025-03-27,16,3
2025-03-27 17:00:00+00:00,1,267.11,8.15,2025-03-27,17,3
2025-03-27 18:00:00+00:00,1,274.78,-0.95,2025-03-27,18,3
2025-03-27 19:00:00+00:00,0,285.5,-13.51,2025-03-27,19,3
2025-03-27 20:00:00+00:00,0,297.41,-25.03,2025-03-27,20,3
2025-03-27 21:00:00+00:00,0,310.76,-34.6,2025-03-27,21,3
2025-03-27 22:00:00+00:00,0,327.32,-42.17,2025-03-27,22,3
2025-03-27 23:00:00+00:00,0,347.38,-46.62,2025-03-27,23,3
2025-03-28 00:00:00+00:00,0,127.26,-47.1,2025-03-28,0,4
2025-03-28 01:00:00+00:00,0,28.0,-43.57,2025-03-28,1,4
2025-03-28 02:00:00+00:00,0,45.43,-36.63,2025-03-28,2,4
2025-03-28 03:00:00+00:00,0,59.46,-27.44,2025-03-28,3,4
2025-03-28 04:00:00+00:00,0,71.98,-15.96,2025-03-28,4,4
2025-03-28 05:00:00+00:00,1,82.74,-3.68,2025-03-28,5,4
2025-03-28 06:00:00+00:00,1,90.95,6.2,2025-03-28,6,4
2025-03-28 07:00:00+00:00,1,101.5,18.36,2025-03-28,7,4
2025-03-28 08:00:00+00:00,1,112.6,29.39,2025-03-28,8,4
2025-03-28 09:00:00+00:00,1,126.12,39.47,2025-03-28,9,4
2025-03-28 10:00:00+00:00,1,143.51,47.69,2025-03-28,10,4
2025-03-28 11:00:00+00:00,1,165.64,52.68,2025-03-28,11,4
2025-03-28 12:00:00+00:00,1,190.06,53.12,2025-03-28,12,4
2025-03-28 13:00:00+00:00,1,212.92,48.89,2025-03-28,13,4
2025-03-28 14:00:00+00:00,1,231.18,41.16,2025-03-28,14,4
2025-03-28 15:00:00+00:00,1,245.3,31.35,2025-03-28,15,4
2025-03-28 16:00:00+00:00,1,256.76,20.46,2025-03-28,16,4
2025-03-28 17:00:00+00:00,1,267.4,8.41,2025-03-28,17,4
2025-03-28 18:00:00+00:00,1,275.1,-0.72,2025-03-28,18,4
2025-03-28 19:00:00+00:00,0,286.04,-13.5,2025-03-28,19,4
2025-03-28 20:00:00+00:00,0,298.0,-25.0,2025-03-28,20,4
2025-03-28 21:00:00+00:00,0,311.41,-34.5,2025-03-28,21,4
2025-03-28 22:00:00+00:00,0,327.99,-41.97,2025-03-28,22,4
2025-03-28 23:00:00+00:00,0,348.01,-46.3,2025-03-28,23,4
2025-03-29 00:00:00+00:00,0,127.21,-46.71,2025-03-29,0,5
2025-03-29 01:00:00+00:00,0,27.81,-43.2,2025-03-29,1,5
2025-03-29 02:00:00+00:00,0,45.16,-36.3,2025-03-29,2,5
2025-03-29 03:00:00+00:00,0,59.16,-27.15,2025-03-29,3,5
2025-03-29 04:00:00+00:00,0,72.19,-15.15,2025-03-29,4,5
2025-03-29 05:00:00+00:00,1,82.91,-2.85,2025-03-29,5,5
2025-03-29 06:00:00+00:00,1,90.6,6.38,2025-03-29,6,5
2025-03-29 07:00:00+00:00,1,100.96,18.37,2025-03-29,7,5
2025-03-29 08:00:00+00:00,1,112.02,29.44,2025-03-29,8,5
2025-03-29 09:00:00+00:00,1,125.47,39.57,2025-03-29,9,5
2025-03-29 10:00:00+00:00,1,142.82,47.88,2025-03-29,10,5
2025-03-29 11:00:00+00:00,1,164.99,52.99,2025-03-29,11,5
2025-03-29 12:00:00+00:00,1,190.11,53.51,2025-03-29,12,5
2025-03-29 13:00:00+00:00,1,213.17,49.24,2025-03-29,13,5
2025-03-29 14:00:00+00:00,1,231.49,41.47,2025-03-29,14,5
2025-03-29 15:00:00+00:00,1,245.62,31.63,2025-03-29,15,5
2025-03-29 16:00:00+00:00,1,257.08,20.71,2025-03-29,16,5
2025-03-29 17:00:00+00:00,1,267.86,8.48,2025-03-29,17,5
2025-03-29 18:00:00+00:00,1,275.61,-0.72,2025-03-29,18,5
2025-03-29 19:00:00+00:00,0,286.58,-13.5,2025-03-29,19,5
2025-03-29 20:00:00+00:00,0,298.6,-24.97,2025-03-29,20,5
2025-03-29 21:00:00+00:00,0,312.05,-34.39,2025-03-29,21,5
2025-03-29 22:00:00+00:00,0,328.66,-41.76,2025-03-29,22,5
2025-03-29 23:00:00+00:00,0,348.62,-45.97,2025-03-29,23,5
2025-03-30 00:00:00+00:00,0,127.15,-46.32,2025-03-30,0,6
2025-03-30 01:00:00+00:00,0,27.62,-42.84,2025-03-30,1,6
2025-03-30 02:00:00+00:00,0,44.9,-35.98,2025-03-30,2,6
2025-03-30 03:00:00+00:00,0,58.87,-26.86,2025-03-30,3,6
2025-03-30 04:00:00+00:00,0,71.68,-15.11,2025-03-30,4,6
2025-03-30 05:00:00+00:00,1,82.63,-2.56,2025-03-30,5,6
2025-03-30 06:00:00+00:00,1,90.25,6.57,2025-03-30,6,6
2025-03-30 07:00:00+00:00,1,100.43,18.38,2025-03-30,7,6
2025-03-30 08:00:00+00:00,1,111.45,29.48,2025-03-30,8,6
2025-03-30 09:00:00+00:00,1,124.84,39.67,2025-03-30,9,6
2025-03-30 10:00:00+00:00,1,142.13,48.07,2025-03-30,10,6
2025-03-30 11:00:00+00:00,1,164.35,53.31,2025-03-30,11,6
2025-03-30 12:00:00+00:00,1,189.49,53.93,2025-03-30,12,6
2025-03-30 13:00:00+00:00,1,213.42,49.6,2025-03-30,13,6
2025-03-30 14:00:00+00:00,1,231.81,41.78,2025-03-30,14,6
2025-03-30 15:00:00+00:00,1,245.95,31.91,2025-03-30,15,6
2025-03-30 16:00:00+00:00,1,257.39,20.97,2025-03-30,16,6
2025-03-30 17:00:00+00:00,1,268.25,8.62,2025-03-30,17,6
2025-03-30 18:00:00+00:00,1,276.11,-0.72,2025-03-30,18,6
2025-03-30 19:00:00+00:00,0,287.11,-13.49,2025-03-30,19,6
2025-03-30 20:00:00+00:00,0,299.19,-24.93,2025-03-30,20,6
2025-03-30 21:00:00+00:00,0,312.69,-34.28,2025-03-30,21,6
2025-03-30 22:00:00+00:00,0,329.32,-41.55,2025-03-30,22,6
2025-03-30 23:00:00+00:00,0,349.23,-45.64,2025-03-30,23,6
2025-03-31 00:00:00+00:00,0,127.1,-45.94,2025-03-31,0,0
2025-03-31 01:00:00+00:00,0,27.43,-42.48,2025-03-31,1,0
2025-03-31 02:00:00+00:00,0,44.64,-35.65,2025-03-31,2,0
2025-03-31 03:00:00+00:00,0,58.59,-26.57,2025-03-31,3,0
2025-03-31 04:00:00+00:00,0,71.17,-15.08,2025-03-31,4,0
2025-03-31 05:00:00+00:00,1,82.35,-2.29,2025-03-31,5,0
2025-03-31 06:00:00+00:00,1,90.11,7.0,2025-03-31,6,0
2025-03-31 07:00:00+00:00,1,100.59,19.15,2025-03-31,7,0
2025-03-31 08:00:00+00:00,1,111.67,30.24,2025-03-31,8,0
2025-03-31 09:00:00+00:00,1,125.2,40.4,2025-03-31,9,0
2025-03-31 10:00:00+00:00,1,142.76,48.73,2025-03-31,10,0
2025-03-31 11:00:00+00:00,1,165.33,53.82,2025-03-31,11,0
2025-03-31 12:00:00+00:00,1,190.32,54.27,2025-03-31,12,0
2025-03-31 13:00:00+00:00,1,213.68,49.94,2025-03-31,13,0
2025-03-31 14:00:00+00:00,1,232.12,42.09,2025-03-31,14,0
2025-03-31 15:00:00+00:00,1,246.27,32.18,2025-03-31,15,0
2025-03-31 16:00:00+00:00,1,257.7,21.22,2025-03-31,16,0
2025-03-31 17:00:00+00:00,1,268.52,8.89,2025-03-31,17,0
2025-03-31 18:00:00+00:00,1,276.14,-0.14,2025-03-31,18,0
2025-03-31 19:00:00+00:00,0,286.97,-12.74,2025-03-31,19,0
2025-03-31 20:00:00+00:00,0,299.79,-24.9,2025-03-31,20,0
2025-03-31 21:00:00+00:00,0,313.32,-34.17,2025-03-31,21,0
2025-03-31 22:00:00+00:00,0,329.99,-41.35,2025-03-31,22,0
2025-03-31 23:00:00+00:00,0,349.84,-45.31,2025-03-31,23,0
2025-04-01 00:00:00+00:00,0,127.06,-45.56,2025-04-01,0,1
2025-04-01 01:00:00+00:00,0,27.26,-42.12,2025-04-01,1,1
2025-04-01 02:00:00+00:00,0,44.39,-35.33,2025-04-01,2,1
2025-04-01 03:00:00+00:00,0,58.31,-26.28,2025-04-01,3,1
2025-04-01 04:00:00+00:00,0,70.66,-15.04,2025-04-01,4,1
2025-04-01 05:00:00+00:00,1,81.84,-2.29,2025-04-01,5,1
2025-04-01 06:00:00+00:00,1,89.61,7.0,2025-04-01,6,1
2025-04-01 07:00:00+00:00,1,100.06,19.16,2025-04-01,7,1
2025-04-01 08:00:00+00:00,1,111.09,30.27,2025-04-01,8,1
2025-04-01 09:00:00+00:00,1,124.56,40.5,2025-04-01,9,1
2025-04-01 10:00:00+00:00,1,142.06,48.92,2025-04-01,10,1
2025-04-01 11:00:00+00:00,1,164.68,54.13,2025-04-01,11,1
2025-04-01 12:00:00+00:00,1,190.38,54.65,2025-04-01,12,1
2025-04-01 13:00:00+00:00,1,213.94,50.29,2025-04-01,13,1
2025-04-01 14:00:00+00:00,1,232.44,42.39,2025-04-01,14,1
2025-04-01 15:00:00+00:00,1,246.59,32.45,2025-04-01,15,1
2025-04-01 16:00:00+00:00,1,258.02,21.47,2025-04-01,16,1
2025-04-01 17:00:00+00:00,1,268.96,8.97,2025-04-01,17,1
2025-04-01 18:00:00+00:00,1,276.64,-0.14,2025-04-01,18,1
2025-04-01 19:00:00+00:00,0,287.5,-12.73,2025-04-01,19,1
2025-04-01 20:00:00+00:00,0,300.38,-24.86,2025-04-01,20,1
2025-04-01 21:00:00+00:00,0,313.96,-34.07,2025-04-01,21,1
2025-04-01 22:00:00+00:00,0,330.64,-41.13,2025-04-01,22,1
2025-04-01 23:00:00+00:00,0,350.43,-44.98,2025-04-01,23,1
2025-04-02 00:00:00+00:00,0,127.0,-45.17,2025-04-02,0,2
2025-04-02 01:00:00+00:00,0,27.07,-41.76,2025-04-02,1,2
2025-04-02 02:00:00+00:00,0,44.13,-35.0,2025-04-02,2,2
2025-04-02 03:00:00+00:00,0,58.02,-25.99,2025-04-02,3,2
2025-04-02 04:00:00+00:00,0,70.14,-15.01,2025-04-02,4,2
2025-04-02 05:00:00+00:00,1,81.55,-2.03,2025-04-02,5,2
2025-04-02 06:00:00+00:00,1,89.48,7.44,2025-04-02,6,2
2025-04-02 07:00:00+00:00,1,100.22,19.92,2025-04-02,7,2
2025-04-02 08:00:00+00:00,1,111.32,31.03,2025-04-02,8,2
2025-04-02 09:00:00+00:00,1,124.93,41.23,2025-04-02,9,2
2025-04-02 10:00:00+00:00,1,142.71,49.58,2025-04-02,10,2
2025-04-02 11:00:00+00:00,1,165.69,54.64,2025-04-02,11,2
2025-04-02 12:00:00+00:00,1,190.55,55.03,2025-04-02,12,2
2025-04-02 13:00:00+00:00,1,214.19,50.64,2025-04-02,13,2
2025-04-02 14:00:00+00:00,1,232.76,42.69,2025-04-02,14,2
2025-04-02 15:00:00+00:00,1,246.92,32.72,2025-04-02,15,2
2025-04-02 16:00:00+00:00,1,258.33,21.72,2025-04-02,16,2
2025-04-02 17:00:00+00:00,1,269.19,9.3,2025-04-02,17,2
2025-04-02 18:00:00+00:00,1,276.96,0.07,2025-04-02,18,2
2025-04-02 19:00:00+00:00,0,288.03,-12.73,2025-04-02,19,2
2025-04-02 20:00:00+00:00,0,300.97,-24.83,2025-04-02,20,2
2025-04-02 21:00:00+00:00,0,314.6,-33.96,2025-04-02,21,2
2025-04-02 22:00:00+00:00,0,331.29,-40.92,2025-04-02,22,2
2025-04-02 23:00:00+00:00,0,351.03,-44.65,2025-04-02,23,2
2025-04-03 00:00:00+00:00,0,126.95,-44.79,2025-04-03,0,3
2025-04-03 01:00:00+00:00,0,26.89,-41.4,2025-04-03,1,3
2025-04-03 02:00:00+00:00,0,43.88,-34.68,2025-04-03,2,3
2025-04-03 03:00:00+00:00,0,57.75,-25.7,2025-04-03,3,3
2025-04-03 04:00:00+00:00,0,70.33,-14.23,2025-04-03,4,3
2025-04-03 05:00:00+00:00,1,81.62,-1.36,2025-04-03,5,3
2025-04-03 06:00:00+00:00,1,89.14,7.63,2025-04-03,6,3
2025-04-03 07:00:00+00:00,1,99.69,19.93,2025-04-03,7,3
2025-04-03 08:00:00+00:00,1,110.75,31.07,2025-04-03,8,3
2025-04-03 09:00:00+00:00,1,124.29,41.32,2025-04-03,9,3
2025-04-03 10:00:00+00:00,1,142.0,49.77,2025-04-03,10,3
2025-04-03 11:00:00+00:00,1,165.04,54.96,2025-04-03,11,3
2025-04-03 12:00:00+00:00,1,190.61,55.41,2025-04-03,12,3
2025-04-03 13:00:00+00:00,1,214.45,50.98,2025-04-03,13,3
2025-04-03 14:00:00+00:00,1,233.08,42.99,2025-04-03,14,3
2025-04-03 15:00:00+00:00,1,247.24,32.99,2025-04-03,15,3
2025-04-03 16:00:00+00:00,1,258.64,21.97,2025-04-03,16,3
2025-04-03 17:00:00+00:00,1,269.62,9.39,2025-04-03,17,3
2025-04-03 18:00:00+00:00,1,277.46,0.08,2025-04-03,18,3
2025-04-03 19:00:00+00:00,0,287.83,-11.97,2025-04-03,19,3
2025-04-03 20:00:00+00:00,0,297.55,-21.44,2025-04-03,20,3
2025-04-03 21:00:00+00:00,0,310.37,-31.02,2025-04-03,21,3
2025-04-03 22:00:00+00:00,0,326.01,-38.73,2025-04-03,22,3
2025-04-03 23:00:00+00:00,0,344.81,-43.53,2025-04-03,23,3
2025-04-04 00:00:00+00:00,0,126.9,-44.41,2025-04-04,0,4
2025-04-04 01:00:00+00:00,0,26.71,-41.04,2025-04-04,1,4
2025-04-04 02:00:00+00:00,0,43.63,-34.36,2025-04-04,2,4
2025-04-04 03:00:00+00:00,0,57.47,-25.41,2025-04-04,3,4
2025-04-04 04:00:00+00:00,0,70.45,-13.57,2025-04-04,4,4
2025-04-04 05:00:00+00:00,1,81.31,-1.12,2025-04-04,5,4
2025-04-04 06:00:00+00:00,1,88.81,7.83,2025-04-04,6,4
2025-04-04 07:00:00+00:00,1,99.17,19.94,2025-04-04,7,4
2025-04-04 08:00:00+00:00,1,110.17,31.11,2025-04-04,8,4
2025-04-04 09:00:00+00:00,1,123.65,41.42,2025-04-04,9,4
2025-04-04 10:00:00+00:00,1,141.3,49.96,2025-04-04,10,4
2025-04-04 11:00:00+00:00,1,164.38,55.26,2025-04-04,11,4
2025-04-04 12:00:00+00:00,1,190.67,55.78,2025-04-04,12,4
2025-04-04 13:00:00+00:00,1,214.72,51.32,2025-04-04,13,4
2025-04-04 14:00:00+00:00,1,233.41,43.29,2025-04-04,14,4
2025-04-04 15:00:00+00:00,1,247.57,33.25,2025-04-04,15,4
2025-04-04 16:00:00+00:00,1,258.96,22.22,2025-04-04,16,4
2025-04-04 17:00:00+00:00,1,269.86,9.69,2025-04-04,17,4
2025-04-04 18:00:00+00:00,1,277.77,0.29,2025-04-04,18,4
2025-04-04 19:00:00+00:00,0,288.35,-11.96,2025-04-04,19,4
2025-04-04 20:00:00+00:00,0,298.13,-21.42,2025-04-04,20,4
2025-04-04 21:00:00+00:00,0,310.99,-30.94,2025-04-04,21,4
2025-04-04 22:00:00+00:00,0,326.65,-38.54,2025-04-04,22,4
2025-04-04 23:00:00+00:00,0,345.42,-43.24,2025-04-04,23,4
2025-04-05 00:00:00+00:00,0,126.85,-44.03,2025-04-05,0,5
2025-04-05 01:00:00+00:00,0,26.54,-40.69,2025-04-05,1,5
2025-04-05 02:00:00+00:00,0,43.39,-34.04,2025-04-05,2,5
2025-04-05 03:00:00+00:00,0,57.19,-25.12,2025-04-05,3,5
2025-04-05 04:00:00+00:00,0,69.91,-13.57,2025-04-05,4,5
2025-04-05 05:00:00+00:00,1,81.01,-0.89,2025-04-05,5,5
2025-04-05 06:00:00+00:00,1,88.7,8.3,2025-04-05,6,5
2025-04-05 07:00:00+00:00,1,99.33,20.71,2025-04-05,7,5
2025-04-05 08:00:00+00:00,1,110.4,31.87,2025-04-05,8,5
2025-04-05 09:00:00+00:00,1,124.02,42.15,2025-04-05,9,5
2025-04-05 10:00:00+00:00,1,141.95,50.62,2025-04-05,10,5
2025-04-05 11:00:00+00:00,1,165.42,55.77,2025-04-05,11,5
2025-04-05 12:00:00+00:00,1,190.85,56.16,2025-04-05,12,5
2025-04-05 13:00:00+00:00,1,214.99,51.66,2025-04-05,13,5
2025-04-05 14:00:00+00:00,1,233.73,43.59,2025-04-05,14,5
2025-04-05 15:00:00+00:00,1,247.89,33.52,2025-04-05,15,5
2025-04-05 16:00:00+00:00,1,259.27,22.46,2025-04-05,16,5
2025-04-05 17:00:00+00:00,1,270.27,9.79,2025-04-05,17,5
2025-04-05 18:00:00+00:00,1,278.26,0.29,2025-04-05,18,5
2025-04-05 19:00:00+00:00,0,288.87,-11.95,2025-04-05,19,5
2025-04-05 20:00:00+00:00,0,298.71,-21.41,2025-04-05,20,5
2025-04-05 21:00:00+00:00,0,311.61,-30.85,2025-04-05,21,5
2025-04-05 22:00:00+00:00,0,327.3,-38.36,2025-04-05,22,5
2025-04-05 23:00:00+00:00,0,346.03,-42.94,2025-04-05,23,5
2025-04-06 00:00:00+00:00,0,126.81,-43.66,2025-04-06,0,6
2025-04-06 01:00:00+00:00,0,26.37,-40.33,2025-04-06,1,6
2025-04-06 02:00:00+00:00,0,43.15,-33.72,2025-04-06,2,6
2025-04-06 03:00:00+00:00,0,56.92,-24.84,2025-04-06,3,6
2025-04-06 04:00:00+00:00,0,69.37,-13.58,2025-04-06,4,6
2025-04-06 05:00:00+00:00,1,80.51,-0.9,2025-04-06,5,6
2025-04-06 06:00:00+00:00,1,88.21,8.29,2025-04-06,6,6
2025-04-06 07:00:00+00:00,1,98.81,20.72,2025-04-06,7,6
2025-04-06 08:00:00+00:00,1,109.83,31.9,2025-04-06,8,6
2025-04-06 09:00:00+00:00,1,123.38,42.24,2025-04-06,9,6
2025-04-06 10:00:00+00:00,1,141.24,50.8,2025-04-06,10,6
2025-04-06 11:00:00+00:00,1,164.75,56.08,2025-04-06,11,6
2025-04-06 12:00:00+00:00,1,190.91,56.53,2025-04-06,12,6
2025-04-06 13:00:00+00:00,1,215.26,52.0,2025-04-06,13,6
2025-04-06 14:00:00+00:00,1,234.06,43.88,2025-04-06,14,6
2025-04-06 15:00:00+00:00,1,248.22,33.78,2025-04-06,15,6
2025-04-06 16:00:00+00:00,1,259.58,22.71,2025-04-06,16,6
2025-04-06 17:00:00+00:00,1,270.51,10.1,2025-04-06,17,6
2025-04-06 18:00:00+00:00,1,278.58,0.5,2025-04-06,18,6
2025-04-06 19:00:00+00:00,0,289.39,-11.94,2025-04-06,19,6
2025-04-06 20:00:00+00:00,0,299.28,-21.39,2025-04-06,20,6
2025-04-06 21:00:00+00:00,0,312.22,-30.76,2025-04-06,21,6
2025-04-06 22:00:00+00:00,0,327.94,-38.18,2025-04-06,22,6
2025-04-06 23:00:00+00:00,0,346.63,-42.64,2025-04-06,23,6
2025-04-07 00:00:00+00:00,0,126.76,-43.29,2025-04-07,0,0
2025-04-07 01:00:00+00:00,0,26.2,-39.98,2025-04-07,1,0
2025-04-07 02:00:00+00:00,0,42.91,-33.4,2025-04-07,2,0
2025-04-07 03:00:00+00:00,0,56.65,-24.55,2025-04-07,3,0
2025-04-07 04:00:00+00:00,0,68.83,-13.59,2025-04-07,4,0
2025-04-07 05:00:00+00:00,1,80.2,-0.67,2025-04-07,5,0
2025-04-07 06:00:00+00:00,1,87.88,8.49,2025-04-07,6,0
2025-04-07 07:00:00+00:00,1,98.29,20.73,2025-04-07,7,0
2025-04-07 08:00:00+00:00,1,109.26,31.94,2025-04-07,8,0
2025-04-07 09:00:00+00:00,1,122.73,42.33,2025-04-07,9,0
2025-04-07 10:00:00+00:00,1,140.54,50.98,2025-04-07,10,0
2025-04-07 11:00:00+00:00,1,164.09,56.38,2025-04-07,11,0
2025-04-07 12:00:00+00:00,1,191.84,56.79,2025-04-07,12,0
2025-04-07 13:00:00+00:00,1,216.97,51.88,2025-04-07,13,0
2025-04-07 14:00:00+00:00,1,235.46,43.55,2025-04-07,14,0
2025-04-07 15:00:00+00:00,1,249.37,33.32,2025-04-07,15,0
2025-04-07 16:00:00+00:00,1,260.59,22.19,2025-04-07,16,0
2025-04-07 17:00:00+00:00,1,271.18,9.89,2025-04-07,17,0
2025-04-07 18:00:00+00:00,1,279.07,0.51,2025-04-07,18,0
2025-04-07 19:00:00+00:00,0,289.91,-11.94,2025-04-07,19,0
2025-04-07 20:00:00+00:00,0,299.86,-21.37,2025-04-07,20,0
2025-04-07 21:00:00+00:00,0,312.84,-30.67,2025-04-07,21,0
2025-04-07 22:00:00+00:00,0,328.58,-37.99,2025-04-07,22,0
2025-04-07 23:00:00+00:00,0,347.23,-42.34,2025-04-07,23,0
2025-04-08 00:00:00+00:00,0,126.71,-42.91,2025-04-08,0,1
2025-04-08 01:00:00+00:00,0,26.04,-39.63,2025-04-08,1,1
2025-04-08 02:00:00+00:00,0,42.68,-33.08,2025-04-08,2,1
2025-04-08 03:00:00+00:00,0,56.39,-24.26,2025-04-08,3,1
2025-04-08 04:00:00+00:00,0,68.99,-12.84,2025-04-08,4,1
2025-04-08 05:00:00+00:00,1,80.2,-0.1,2025-04-08,5,1
2025-04-08 06:00:00+00:00,1,87.8,8.98,2025-04-08,6,1
2025-04-08 07:00:00+00:00,1,98.45,21.49,2025-04-08,7,1
2025-04-08 08:00:00+00:00,1,109.49,32.7,2025-04-08,8,1
2025-04-08 09:00:00+00:00,1,123.12,43.06,2025-04-08,9,1
2025-04-08 10:00:00+00:00,1,141.2,51.64,2025-04-08,10,1
2025-04-08 11:00:00+00:00,1,165.17,56.89,2025-04-08,11,1
2025-04-08 12:00:00+00:00,1,192.85,57.11,2025-04-08,12,1
2025-04-08 13:00:00+00:00,1,217.25,52.21,2025-04-08,13,1
2025-04-08 14:00:00+00:00,1,235.78,43.83,2025-04-08,14,1
2025-04-08 15:00:00+00:00,1,249.7,33.58,2025-04-08,15,1
2025-04-08 16:00:00+00:00,1,260.9,22.43,2025-04-08,16,1
2025-04-08 17:00:00+00:00,1,271.41,10.2,2025-04-08,17,1
2025-04-08 18:00:00+00:00,1,279.13,1.01,2025-04-08,18,1
2025-04-08 19:00:00+00:00,0,289.74,-11.19,2025-04-08,19,1
2025-04-08 20:00:00+00:00,0,300.44,-21.35,2025-04-08,20,1
2025-04-08 21:00:00+00:00,0,313.45,-30.58,2025-04-08,21,1
2025-04-08 22:00:00+00:00,0,329.21,-37.8,2025-04-08,22,1
2025-04-08 23:00:00+00:00,0,347.82,-42.03,2025-04-08,23,1
2025-04-09 00:00:00+00:00,0,126.67,-42.54,2025-04-09,0,2
2025-04-09 01:00:00+00:00,0,25.87,-39.28,2025-04-09,1,2
2025-04-09 02:00:00+00:00,0,42.44,-32.76,2025-04-09,2,2
2025-04-09 03:00:00+00:00,0,57.91,-22.48,2025-04-09,3,2
2025-04-09 04:00:00+00:00,0,69.2,-12.12,2025-04-09,4,2
2025-04-09 05:00:00+00:00,1,79.89,0.11,2025-04-09,5,2
2025-04-09 06:00:00+00:00,1,87.49,9.18,2025-04-09,6,2
2025-04-09 07:00:00+00:00,1,97.94,21.5,2025-04-09,7,2
2025-04-09 08:00:00+00:00,1,108.92,32.73,2025-04-09,8,2
2025-04-09 09:00:00+00:00,1,122.47,43.14,2025-04-09,9,2
2025-04-09 10:00:00+00:00,1,140.49,51.82,2025-04-09,10,2
2025-04-09 11:00:00+00:00,1,164.49,57.19,2025-04-09,11,2
2025-04-09 12:00:00+00:00,1,192.1,57.52,2025-04-09,12,2
2025-04-09 13:00:00+00:00,1,217.54,52.54,2025-04-09,13,2
2025-04-09 14:00:00+00:00,1,236.12,44.12,2025-04-09,14,2
2025-04-09 15:00:00+00:00,1,250.02,33.83,2025-04-09,15,2
2025-04-09 16:00:00+00:00,1,261.21,22.67,2025-04-09,16,2
2025-04-09 17:00:00+00:00,1,271.81,10.3,2025-04-09,17,2
2025-04-09 18:00:00+00:00,1,279.61,1.02,2025-04-09,18,2
2025-04-09 19:00:00+00:00,0,290.25,-11.18,2025-04-09,19,2
2025-04-09 20:00:00+00:00,0,299.93,-20.41,2025-04-09,20,2
2025-04-09 21:00:00+00:00,0,314.06,-30.49,2025-04-09,21,2
2025-04-09 22:00:00+00:00,0,329.84,-37.61,2025-04-09,22,2
2025-04-09 23:00:00+00:00,0,348.41,-41.73,2025-04-09,23,2
2025-04-10 00:00:00+00:00,0,126.62,-42.17,2025-04-10,0,3
2025-04-10 01:00:00+00:00,0,25.71,-38.93,2025-04-10,1,3
2025-04-10 02:00:00+00:00,0,42.21,-32.45,2025-04-10,2,3
2025-04-10 03:00:00+00:00,0,57.58,-22.27,2025-04-10,3,3
2025-04-10 04:00:00+00:00,0,68.64,-12.15,2025-04-10,4,3
2025-04-10 05:00:00+00:00,1,79.4,0.1,2025-04-10,5,3
2025-04-10 06:00:00+00:00,1,87.25,9.48,2025-04-10,6,3
2025-04-10 07:00:00+00:00,1,98.11,22.27,2025-04-10,7,3
2025-04-10 08:00:00+00:00,1,109.16,33.49,2025-04-10,8,3
2025-04-10 09:00:00+00:00,1,122.86,43.88,2025-04-10,9,3
2025-04-10 10:00:00+00:00,1,141.18,52.48,2025-04-10,10,3
2025-04-10 11:00:00+00:00,1,165.62,57.69,2025-04-10,11,3
2025-04-10 12:00:00+00:00,1,193.08,57.83,2025-04-10,12,3
2025-04-10 13:00:00+00:00,1,217.82,52.86,2025-04-10,13,3
2025-04-10 14:00:00+00:00,1,236.45,44.4,2025-04-10,14,3
2025-04-10 15:00:00+00:00,1,250.35,34.09,2025-04-10,15,3
2025-04-10 16:00:00+00:00,1,261.51,22.91,2025-04-10,16,3
2025-04-10 17:00:00+00:00,1,272.02,10.63,2025-04-10,17,3
2025-04-10 18:00:00+00:00,1,279.92,1.22,2025-04-10,18,3
2025-04-10 19:00:00+00:00,0,290.77,-11.18,2025-04-10,19,3
2025-04-10 20:00:00+00:00,0,300.5,-20.39,2025-04-10,20,3
2025-04-10 21:00:00+00:00,0,314.67,-30.4,2025-04-10,21,3
2025-04-10 22:00:00+00:00,0,330.47,-37.42,2025-04-10,22,3
2025-04-10 23:00:00+00:00,0,348.99,-41.42,2025-04-10,23,3
2025-04-11 00:00:00+00:00,0,126.59,-41.81,2025-04-11,0,4
2025-04-11 01:00:00+00:00,0,25.56,-38.58,2025-04-11,1,4
2025-04-11 02:00:00+00:00,0,41.99,-32.13,2025-04-11,2,4
2025-04-11 03:00:00+00:00,0,57.25,-22.06,2025-04-11,3,4
2025-04-11 04:00:00+00:00,0,68.11,-12.16,2025-04-11,4,4
2025-04-11 05:00:00+00:00,1,79.09,0.31,2025-04-11,5,4
2025-04-11 06:00:00+00:00,1,86.94,9.69,2025-04-11,6,4
2025-04-11 07:00:00+00:00,1,97.6,22.27,2025-04-11,7,4
2025-04-11 08:00:00+00:00,1,108.59,33.52,2025-04-11,8,4
2025-04-11 09:00:00+00:00,1,122.21,43.96,2025-04-11,9,4
2025-04-11 10:00:00+00:00,1,140.46,52.65,2025-04-11,10,4
2025-04-11 11:00:00+00:00,1,164.93,57.99,2025-04-11,11,4
2025-04-11 12:00:00+00:00,1,193.2,58.19,2025-04-11,12,4
2025-04-11 13:00:00+00:00,1,218.11,53.18,2025-04-11,13,4
2025-04-11 14:00:00+00:00,1,236.78,44.68,2025-04-11,14,4
2025-04-11 15:00:00+00:00,1,250.68,34.34,2025-04-11,15,4
2025-04-11 16:00:00+00:00,1,261.82,23.14,2025-04-11,16,4
2025-04-11 17:00:00+00:00,1,272.41,10.74,2025-04-11,17,4
2025-04-11 18:00:00+00:00,1,280.39,1.23,2025-04-11,18,4
2025-04-11 19:00:00+00:00,0,290.56,-10.44,2025-04-11,19,4
2025-04-11 20:00:00+00:00,0,300.1,-19.54,2025-04-11,20,4
2025-04-11 21:00:00+00:00,0,315.28,-30.3,2025-04-11,21,4
2025-04-11 22:00:00+00:00,0,331.09,-37.23,2025-04-11,22,4
2025-04-11 23:00:00+00:00,0,349.57,-41.12,2025-04-11,23,4
2025-04-12 00:00:00+00:00,0,126.54,-41.44,2025-04-12,0,5
2025-04-12 01:00:00+00:00,0,25.4,-38.24,2025-04-12,1,5
2025-04-12 02:00:00+00:00,0,41.76,-31.82,2025-04-12,2,5
2025-04-12 03:00:00+00:00,0,56.92,-21.85,2025-04-12,3,5
2025-04-12 04:00:00+00:00,0,67.58,-12.18,2025-04-12,4,5
2025-04-12 05:00:00+00:00,1,78.78,0.51,2025-04-12,5,5
2025-04-12 06:00:00+00:00,1,86.65,9.91,2025-04-12,6,5
2025-04-12 07:00:00+00:00,1,97.09,22.28,2025-04-12,7,5
2025-04-12 08:00:00+00:00,1,108.03,33.55,2025-04-12,8,5
2025-04-12 09:00:00+00:00,1,121.57,44.04,2025-04-12,9,5
2025-04-12 10:00:00+00:00,1,139.74,52.82,2025-04-12,10,5
2025-04-12 11:00:00+00:00,1,164.26,58.28,2025-04-12,11,5
2025-04-12 12:00:00+00:00,1,192.45,58.6,2025-04-12,12,5
2025-04-12 13:00:00+00:00,1,218.4,53.5,2025-04-12,13,5
2025-04-12 14:00:00+00:00,1,237.12,44.96,2025-04-12,14,5
2025-04-12 15:00:00+00:00,1,251.0,34.58,2025-04-12,15,5
2025-04-12 16:00:00+00:00,1,262.13,23.37,2025-04-12,16,5
2025-04-12 17:00:00+00:00,1,272.63,11.04,2025-04-12,17,5
2025-04-12 18:00:00+00:00,1,280.47,1.71,2025-04-12,18,5
2025-04-12 19:00:00+00:00,0,290.45,-9.78,2025-04-12,19,5
2025-04-12 20:00:00+00:00,0,300.65,-19.52,2025-04-12,20,5
2025-04-12 21:00:00+00:00,0,315.88,-30.21,2025-04-12,21,5
2025-04-12 22:00:00+00:00,0,331.71,-37.03,2025-04-12,22,5
2025-04-12 23:00:00+00:00,0,350.13,-40.81,2025-04-12,23,5
2025-04-13 00:00:00+00:00,0,126.5,-41.08,2025-04-13,0,6
2025-04-13 01:00:00+00:00,0,25.25,-37.9,2025-04-13,1,6
2025-04-13 02:00:00+00:00,0,41.54,-31.51,2025-04-13,2,6
2025-04-13 03:00:00+00:00,0,56.59,-21.64,2025-04-13,3,6
2025-04-13 04:00:00+00:00,0,67.7,-11.5,2025-04-13,4,6
2025-04-13 05:00:00+00:00,1,78.72,1.01,2025-04-13,5,6
2025-04-13 06:00:00+00:00,1,86.62,10.45,2025-04-13,6,6
2025-04-13 07:00:00+00:00,1,97.26,23.05,2025-04-13,7,6
2025-04-13 08:00:00+00:00,1,108.27,34.31,2025-04-13,8,6
2025-04-13 09:00:00+00:00,1,121.97,44.77,2025-04-13,9,6
2025-04-13 10:00:00+00:00,1,140.45,53.48,2025-04-13,10,6
2025-04-13 11:00:00+00:00,1,165.42,58.78,2025-04-13,11,6
2025-04-13 12:00:00+00:00,1,193.45,58.9,2025-04-13,12,6
2025-04-13 13:00:00+00:00,1,218.7,53.82,2025-04-13,13,6
2025-04-13 14:00:00+00:00,1,237.45,45.23,2025-04-13,14,6
2025-04-13 15:00:00+00:00,1,251.33,34.83,2025-04-13,15,6
2025-04-13 16:00:00+00:00,1,262.43,23.6,2025-04-13,16,6
2025-04-13 17:00:00+00:00,1,273.02,11.16,2025-04-13,17,6
2025-04-13 18:00:00+00:00,1,280.94,1.71,2025-04-13,18,6
2025-04-13 19:00:00+00:00,0,290.95,-9.78,2025-04-13,19,6
2025-04-13 20:00:00+00:00,0,301.21,-19.5,2025-04-13,20,6
2025-04-13 21:00:00+00:00,0,316.48,-30.11,2025-04-13,21,6
2025-04-13 22:00:00+00:00,0,332.32,-36.84,2025-04-13,22,6
2025-04-13 23:00:00+00:00,0,350.7,-40.5,2025-04-13,23,6
2025-04-14 00:00:00+00:00,0,126.46,-40.72,2025-04-14,0,0
2025-04-14 01:00:00+00:00,0,25.1,-37.55,2025-04-14,1,0
2025-04-14 02:00:00+00:00,0,41.32,-31.2,2025-04-14,2,0
2025-04-14 03:00:00+00:00,0,57.41,-20.48,2025-04-14,3,0
2025-04-14 04:00:00+00:00,0,67.82,-10.87,2025-04-14,4,0
2025-04-14 05:00:00+00:00,1,78.25,1.0,2025-04-14,5,0
2025-04-14 06:00:00+00:00,1,86.14,10.44,2025-04-14,6,0
2025-04-14 07:00:00+00:00,1,96.76,23.05,2025-04-14,7,0
2025-04-14 08:00:00+00:00,1,107.71,34.34,2025-04-14,8,0
2025-04-14 09:00:00+00:00,1,121.33,44.85,2025-04-14,9,0
2025-04-14 10:00:00+00:00,1,139.73,53.65,2025-04-14,10,0
2025-04-14 11:00:00+00:00,1,164.74,59.07,2025-04-14,11,0
2025-04-14 12:00:00+00:00,1,193.57,59.25,2025-04-14,12,0
2025-04-14 13:00:00+00:00,1,218.99,54.13,2025-04-14,13,0
2025-04-14 14:00:00+00:00,1,237.79,45.5,2025-04-14,14,0
2025-04-14 15:00:00+00:00,1,251.65,35.07,2025-04-14,15,0
2025-04-14 16:00:00+00:00,1,262.74,23.83,2025-04-14,16,0
2025-04-14 17:00:00+00:00,1,273.19,11.52,2025-04-14,17,0
2025-04-14 18:00:00+00:00,1,281.23,1.91,2025-04-14,18,0
2025-04-14 19:00:00+00:00,0,291.45,-9.77,2025-04-14,19,0
2025-04-14 20:00:00+00:00,0,301.75,-19.48,2025-04-14,20,0
2025-04-14 21:00:00+00:00,0,317.09,-30.02,2025-04-14,21,0
2025-04-14 22:00:00+00:00,0,332.94,-36.65,2025-04-14,22,0
2025-04-14 23:00:00+00:00,0,351.26,-40.19,2025-04-14,23,0
2025-04-15 00:00:00+00:00,0,126.42,-40.37,2025-04-15,0,1
2025-04-15 01:00:00+00:00,0,24.95,-37.22,2025-04-15,1,1
2025-04-15 02:00:00+00:00,0,41.11,-30.89,2025-04-15,2,1
2025-04-15 03:00:00+00:00,0,57.04,-20.31,2025-04-15,3,1
2025-04-15 04:00:00+00:00,0,67.31,-10.88,2025-04-15,4,1
2025-04-15 05:00:00+00:00,1,77.95,1.2,2025-04-15,5,1
2025-04-15 06:00:00+00:00,1,85.86,10.66,2025-04-15,6,1
2025-04-15 07:00:00+00:00,1,96.26,23.05,2025-04-15,7,1
2025-04-15 08:00:00+00:00,1,107.16,34.36,2025-04-15,8,1
2025-04-15 09:00:00+00:00,1,120.68,44.92,2025-04-15,9,1
2025-04-15 10:00:00+00:00,1,139.0,53.81,2025-04-15,10,1
2025-04-15 11:00:00+00:00,1,164.04,59.35,2025-04-15,11,1
2025-04-15 12:00:00+00:00,1,192.81,59.66,2025-04-15,12,1
2025-04-15 13:00:00+00:00,1,219.29,54.44,2025-04-15,13,1
2025-04-15 14:00:00+00:00,1,238.13,45.77,2025-04-15,14,1
2025-04-15 15:00:00+00:00,1,251.97,35.31,2025-04-15,15,1
2025-04-15 16:00:00+00:00,1,263.04,24.05,2025-04-15,16,1
2025-04-15 17:00:00+00:00,1,273.62,11.57,2025-04-15,17,1
2025-04-15 18:00:00+00:00,1,281.69,1.92,2025-04-15,18,1
2025-04-15 19:00:00+00:00,0,291.94,-9.76,2025-04-15,19,1
2025-04-15 20:00:00+00:00,0,302.3,-19.46,2025-04-15,20,1
2025-04-15 21:00:00+00:00,0,317.68,-29.92,2025-04-15,21,1
2025-04-15 22:00:00+00:00,0,333.54,-36.45,2025-04-15,22,1
2025-04-15 23:00:00+00:00,0,351.82,-39.89,2025-04-15,23,1
2025-04-16 00:00:00+00:00,0,126.38,-40.01,2025-04-16,0,2
2025-04-16 01:00:00+00:00,0,24.81,-36.88,2025-04-16,1,2
2025-04-16 02:00:00+00:00,0,40.9,-30.58,2025-04-16,2,2
2025-04-16 03:00:00+00:00,0,56.67,-20.15,2025-04-16,3,2
2025-04-16 04:00:00+00:00,0,67.38,-10.27,2025-04-16,4,2
2025-04-16 05:00:00+00:00,1,77.88,1.67,2025-04-16,5,2
2025-04-16 06:00:00+00:00,1,85.86,11.23,2025-04-16,6,2
2025-04-16 07:00:00+00:00,1,96.44,23.82,2025-04-16,7,2
2025-04-16 08:00:00+00:00,1,107.4,35.12,2025-04-16,8,2
2025-04-16 09:00:00+00:00,1,121.09,45.66,2025-04-16,9,2
2025-04-16 10:00:00+00:00,1,139.73,54.47,2025-04-16,10,2
2025-04-16 11:00:00+00:00,1,165.25,59.84,2025-04-16,11,2
2025-04-16 12:00:00+00:00,1,193.82,59.95,2025-04-16,12,2
2025-04-16 13:00:00+00:00,1,219.59,54.75,2025-04-16,13,2
2025-04-16 14:00:00+00:00,1,238.47,46.03,2025-04-16,14,2
2025-04-16 15:00:00+00:00,1,252.3,35.55,2025-04-16,15,2
2025-04-16 16:00:00+00:00,1,263.34,24.28,2025-04-16,16,2
2025-04-16 17:00:00+00:00,1,273.78,11.94,2025-04-16,17,2
2025-04-16 18:00:00+00:00,1,281.77,2.38,2025-04-16,18,2
2025-04-16 19:00:00+00:00,0,291.88,-9.17,2025-04-16,19,2
2025-04-16 20:00:00+00:00,0,302.84,-19.44,2025-04-16,20,2
2025-04-16 21:00:00+00:00,0,318.27,-29.82,2025-04-16,21,2
2025-04-16 22:00:00+00:00,0,334.14,-36.25,2025-04-16,22,2
2025-04-16 23:00:00+00:00,0,349.18,-39.36,2025-04-16,23,2
2025-04-17 00:00:00+00:00,0,126.34,-39.66,2025-04-17,0,3
2025-04-17 01:00:00+00:00,0,24.66,-36.55,2025-04-17,1,3
2025-04-17 02:00:00+00:00,0,40.69,-30.28,2025-04-17,2,3
2025-04-17 03:00:00+00:00,0,55.85,-20.34,2025-04-17,3,3
2025-04-17 04:00:00+00:00,0,66.88,-10.28,2025-04-17,4,3
2025-04-17 05:00:00+00:00,1,77.57,1.85,2025-04-17,5,3
2025-04-17 06:00:00+00:00,1,85.6,11.47,2025-04-17,6,3
2025-04-17 07:00:00+00:00,1,95.95,23.82,2025-04-17,7,3
2025-04-17 08:00:00+00:00,1,106.85,35.14,2025-04-17,8,3
2025-04-17 09:00:00+00:00,1,120.45,45.72,2025-04-17,9,3
2025-04-17 10:00:00+00:00,1,139.0,54.63,2025-04-17,10,3
2025-04-17 11:00:00+00:00,1,164.56,60.13,2025-04-17,11,3
2025-04-17 12:00:00+00:00,1,193.95,60.29,2025-04-17,12,3
2025-04-17 13:00:00+00:00,1,219.89,55.05,2025-04-17,13,3
2025-04-17 14:00:00+00:00,1,238.81,46.29,2025-04-17,14,3
2025-04-17 15:00:00+00:00,1,252.62,35.78,2025-04-17,15,3
2025-04-17 16:00:00+00:00,1,263.64,24.5,2025-04-17,16,3
2025-04-17 17:00:00+00:00,1,274.13,12.06,2025-04-17,17,3
2025-04-17 18:00:00+00:00,1,282.22,2.39,2025-04-17,18,3
2025-04-17 19:00:00+00:00,0,292.36,-9.16,2025-04-17,19,3
2025-04-17 20:00:00+00:00,0,303.39,-19.41,2025-04-17,20,3
2025-04-17 21:00:00+00:00,0,318.87,-29.72,2025-04-17,21,3
2025-04-17 22:00:00+00:00,0,334.74,-36.05,2025-04-17,22,3
2025-04-17 23:00:00+00:00,0,349.74,-39.06,2025-04-17,23,3
2025-04-18 00:00:00+00:00,0,126.3,-39.31,2025-04-18,0,4
2025-04-18 01:00:00+00:00,0,24.52,-36.22,2025-04-18,1,4
2025-04-18 02:00:00+00:00,0,40.48,-29.98,2025-04-18,2,4
2025-04-18 03:00:00+00:00,0,56.63,-19.22,2025-04-18,3,4
2025-04-18 04:00:00+00:00,0,67.54,-9.09,2025-04-18,4,4
2025-04-18 05:00:00+00:00,1,77.33,2.12,2025-04-18,5,4
2025-04-18 06:00:00+00:00,1,85.14,11.47,2025-04-18,6,4
2025-04-18 07:00:00+00:00,1,95.46,23.82,2025-04-18,7,4
2025-04-18 08:00:00+00:00,1,106.3,35.16,2025-04-18,8,4
2025-04-18 09:00:00+00:00,1,119.82,45.79,2025-04-18,9,4
2025-04-18 10:00:00+00:00,1,138.28,54.78,2025-04-18,10,4
2025-04-18 11:00:00+00:00,1,163.87,60.41,2025-04-18,11,4
2025-04-18 12:00:00+00:00,1,194.07,60.63,2025-04-18,12,4
2025-04-18 13:00:00+00:00,1,220.19,55.35,2025-04-18,13,4
2025-04-18 14:00:00+00:00,1,239.14,46.55,2025-04-18,14,4
2025-04-18 15:00:00+00:00,1,252.94,36.01,2025-04-18,15,4
2025-04-18 16:00:00+00:00,1,263.94,24.72,2025-04-18,16,4
2025-04-18 17:00:00+00:00,1,274.48,12.19,2025-04-18,17,4
2025-04-18 18:00:00+00:00,1,282.76,2.3,2025-04-18,18,4
2025-04-18 19:00:00+00:00,0,292.15,-8.45,2025-04-18,19,4
2025-04-18 20:00:00+00:00,0,301.57,-17.5,2025-04-18,20,4
2025-04-18 21:00:00+00:00,0,314.74,-27.01,2025-04-18,21,4
2025-04-18 22:00:00+00:00,0,329.76,-34.08,2025-04-18,22,4
2025-04-18 23:00:00+00:00,0,347.23,-38.32,2025-04-18,23,4
2025-04-19 00:00:00+00:00,0,126.26,-38.97,2025-04-19,0,5
2025-04-19 01:00:00+00:00,0,24.39,-35.89,2025-04-19,1,5
2025-04-19 02:00:00+00:00,0,40.28,-29.68,2025-04-19,2,5
2025-04-19 03:00:00+00:00,0,56.21,-19.12,2025-04-19,3,5
2025-04-19 04:00:00+00:00,0,67.04,-9.1,2025-04-19,4,5
2025-04-19 05:00:00+00:00,1,77.04,2.3,2025-04-19,5,5
2025-04-19 06:00:00+00:00,1,85.17,12.07,2025-04-19,6,5
2025-04-19 07:00:00+00:00,1,95.64,24.59,2025-04-19,7,5
2025-04-19 08:00:00+00:00,1,106.55,35.92,2025-04-19,8,5
2025-04-19 09:00:00+00:00,1,120.22,46.52,2025-04-19,9,5
2025-04-19 10:00:00+00:00,1,139.02,55.44,2025-04-19,10,5
2025-04-19 11:00:00+00:00,1,165.12,60.89,2025-04-19,11,5
2025-04-19 12:00:00+00:00,1,194.21,60.97,2025-04-19,12,5
2025-04-19 13:00:00+00:00,1,220.5,55.65,2025-04-19,13,5
2025-04-19 14:00:00+00:00,1,239.48,46.81,2025-04-19,14,5
2025-04-19 15:00:00+00:00,1,253.26,36.24,2025-04-19,15,5
2025-04-19 16:00:00+00:00,1,264.24,24.93,2025-04-19,16,5
2025-04-19 17:00:00+00:00,1,274.7,12.47,2025-04-19,17,5
2025-04-19 18:00:00+00:00,1,283.05,2.49,2025-04-19,18,5
2025-04-19 19:00:00+00:00,0,292.62,-8.44,2025-04-19,19,5
2025-04-19 20:00:00+00:00,0,302.09,-17.48,2025-04-19,20,5
2025-04-19 21:00:00+00:00,0,315.32,-26.94,2025-04-19,21,5
2025-04-19 22:00:00+00:00,0,330.35,-33.92,2025-04-19,22,5
2025-04-19 23:00:00+00:00,0,347.79,-38.04,2025-04-19,23,5
2025-04-20 00:00:00+00:00,0,126.22,-38.63,2025-04-20,0,6
2025-04-20 01:00:00+00:00,0,24.25,-35.57,2025-04-20,1,6
2025-04-20 02:00:00+00:00,0,40.08,-29.38,2025-04-20,2,6
2025-04-20 03:00:00+00:00,0,55.79,-19.01,2025-04-20,3,6
2025-04-20 04:00:00+00:00,0,66.55,-9.11,2025-04-20,4,6
2025-04-20 05:00:00+00:00,1,76.74,2.48,2025-04-20,5,6
2025-04-20 06:00:00+00:00,1,84.83,12.2,2025-04-20,6,6
2025-04-20 07:00:00+00:00,1,95.16,24.59,2025-04-20,7,6
2025-04-20 08:00:00+00:00,1,106.01,35.94,2025-04-20,8,6
2025-04-20 09:00:00+00:00,1,119.59,46.59,2025-04-20,9,6
2025-04-20 10:00:00+00:00,1,138.3,55.59,2025-04-20,10,6
2025-04-20 11:00:00+00:00,1,164.43,61.17,2025-04-20,11,6
2025-04-20 12:00:00+00:00,1,194.34,61.31,2025-04-20,12,6
2025-04-20 13:00:00+00:00,1,220.81,55.95,2025-04-20,13,6
2025-04-20 14:00:00+00:00,1,239.82,47.06,2025-04-20,14,6
2025-04-20 15:00:00+00:00,1,253.58,36.47,2025-04-20,15,6
2025-04-20 16:00:00+00:00,1,264.53,25.15,2025-04-20,16,6
2025-04-20 17:00:00+00:00,1,275.04,12.6,2025-04-20,17,6
2025-04-20 18:00:00+00:00,1,283.29,2.73,2025-04-20,18,6
2025-04-20 19:00:00+00:00,0,292.6,-7.91,2025-04-20,19,6
2025-04-20 20:00:00+00:00,0,302.61,-17.46,2025-04-20,20,6
2025-04-20 21:00:00+00:00,0,315.89,-26.86,2025-04-20,21,6
2025-04-20 22:00:00+00:00,0,330.93,-33.75,2025-04-20,22,6
2025-04-20 23:00:00+00:00,0,348.35,-37.77,2025-04-20,23,6
2025-04-21 00:00:00+00:00,0,126.19,-38.29,2025-04-21,0,0
2025-04-21 01:00:00+00:00,0,24.11,-35.24,2025-04-21,1,0
2025-04-21 02:00:00+00:00,0,39.88,-29.09,2025-04-21,2,0
2025-04-21 03:00:00+00:00,0,55.38,-18.91,2025-04-21,3,0
2025-04-21 04:00:00+00:00,0,66.56,-8.59,2025-04-21,4,0
2025-04-21 05:00:00+00:00,1,76.66,2.91,2025-04-21,5,0
2025-04-21 06:00:00+00:00,1,84.59,12.45,2025-04-21,6,0
2025-04-21 07:00:00+00:00,1,94.68,24.58,2025-04-21,7,0
2025-04-21 08:00:00+00:00,1,105.47,35.95,2025-04-21,8,0
2025-04-21 09:00:00+00:00,1,118.96,46.65,2025-04-21,9,0
2025-04-21 10:00:00+00:00,1,137.57,55.74,2025-04-21,10,0
2025-04-21 11:00:00+00:00,1,163.73,61.44,2025-04-21,11,0
2025-04-21 12:00:00+00:00,1,194.47,61.64,2025-04-21,12,0
2025-04-21 13:00:00+00:00,1,221.12,56.24,2025-04-21,13,0
2025-04-21 14:00:00+00:00,1,240.16,47.31,2025-04-21,14,0
2025-04-21 15:00:00+00:00,1,253.9,36.69,2025-04-21,15,0
2025-04-21 16:00:00+00:00,1,264.82,25.36,2025-04-21,16,0
2025-04-21 17:00:00+00:00,1,275.15,13.01,2025-04-21,17,0
2025-04-21 18:00:00+00:00,1,283.57,2.93,2025-04-21,18,0
2025-04-21 19:00:00+00:00,0,293.06,-7.9,2025-04-21,19,0
2025-04-21 20:00:00+00:00,0,303.13,-17.45,2025-04-21,20,0
2025-04-21 21:00:00+00:00,0,316.46,-26.79,2025-04-21,21,0
2025-04-21 22:00:00+00:00,0,331.52,-33.58,2025-04-21,22,0
2025-04-21 23:00:00+00:00,0,348.89,-37.5,2025-04-21,23,0
2025-04-22 00:00:00+00:00,0,126.15,-37.95,2025-04-22,0,1
2025-04-22 01:00:00+00:00,0,23.98,-34.92,2025-04-22,1,1
2025-04-22 02:00:00+00:00,0,39.69,-28.8,2025-04-22,2,1
2025-04-22 03:00:00+00:00,0,55.91,-18.02,2025-04-22,3,1
2025-04-22 04:00:00+00:00,0,66.68,-7.99,2025-04-22,4,1
2025-04-22 05:00:00+00:00,1,76.22,2.91,2025-04-22,5,1
2025-04-22 06:00:00+00:00,1,84.44,12.8,2025-04-22,6,1
2025-04-22 07:00:00+00:00,1,94.87,25.35,2025-04-22,7,1
2025-04-22 08:00:00+00:00,1,105.73,36.71,2025-04-22,8,1
2025-04-22 09:00:00+00:00,1,119.38,47.38,2025-04-22,9,1
2025-04-22 10:00:00+00:00,1,138.34,56.4,2025-04-22,10,1
2025-04-22 11:00:00+00:00,1,164.0,61.85,2025-04-22,11,1
2025-04-22 12:00:00+00:00,1,194.61,61.96,2025-04-22,12,1
2025-04-22 13:00:00+00:00,1,221.43,56.52,2025-04-22,13,1
2025-04-22 14:00:00+00:00,1,240.5,47.55,2025-04-22,14,1
2025-04-22 15:00:00+00:00,1,254.22,36.91,2025-04-22,15,1
2025-04-22 16:00:00+00:00,1,265.12,25.57,2025-04-22,16,1
2025-04-22 17:00:00+00:00,1,275.6,13.0,2025-04-22,17,1
2025-04-22 18:00:00+00:00,1,284.0,2.94,2025-04-22,18,1
2025-04-22 19:00:00+00:00,0,293.88,-8.26,2025-04-22,19,1
2025-04-22 20:00:00+00:00,0,303.65,-17.43,2025-04-22,20,1
2025-04-22 21:00:00+00:00,0,317.03,-26.72,2025-04-22,21,1
2025-04-22 22:00:00+00:00,0,332.1,-33.42,2025-04-22,22,1
2025-04-22 23:00:00+00:00,0,352.07,-37.41,2025-04-22,23,1
2025-04-23 00:00:00+00:00,0,12.2,-37.0,2025-04-23,0,2
2025-04-23 01:00:00+00:00,0,29.34,-32.88,2025-04-23,1,2
2025-04-23 02:00:00+00:00,0,44.17,-25.94,2025-04-23,2,2
2025-04-23 03:00:00+00:00,0,56.86,-16.88,2025-04-23,3,2
2025-04-23 04:00:00+00:00,0,66.37,-7.84,2025-04-23,4,2
2025-04-23 05:00:00+00:00,1,75.93,3.08,2025-04-23,5,2
2025-04-23 06:00:00+00:00,1,84.21,13.06,2025-04-23,6,2
2025-04-23 07:00:00+00:00,1,94.4,25.35,2025-04-23,7,2
2025-04-23 08:00:00+00:00,1,105.2,36.72,2025-04-23,8,2
2025-04-23 09:00:00+00:00,1,118.76,47.44,2025-04-23,9,2
2025-04-23 10:00:00+00:00,1,137.61,56.54,2025-04-23,10,2
2025-04-23 11:00:00+00:00,1,164.34,62.18,2025-04-23,11,2
2025-04-23 12:00:00+00:00,1,194.75,62.29,2025-04-23,12,2
2025-04-23 13:00:00+00:00,1,221.75,56.8,2025-04-23,13,2
2025-04-23 14:00:00+00:00,1,240.84,47.79,2025-04-23,14,2
2025-04-23 15:00:00+00:00,1,254.54,37.12,2025-04-23,15,2
2025-04-23 16:00:00+00:00,1,265.41,25.77,2025-04-23,16,2
2025-04-23 17:00:00+00:00,1,275.7,13.42,2025-04-23,17,2
2025-04-23 18:00:00+00:00,1,284.27,3.13,2025-04-23,18,2
2025-04-23 19:00:00+00:00,0,294.12,-8.03,2025-04-23,19,2
2025-04-23 20:00:00+00:00,0,304.16,-17.42,2025-04-23,20,2
2025-04-23 21:00:00+00:00,0,317.59,-26.64,2025-04-23,21,2
2025-04-23 22:00:00+00:00,0,332.67,-33.25,2025-04-23,22,2
2025-04-23 23:00:00+00:00,0,352.47,-37.12,2025-04-23,23,2
2025-04-24 00:00:00+00:00,0,12.14,-36.67,2025-04-24,0,3
2025-04-24 01:00:00+00:00,0,29.2,-32.57,2025-04-24,1,3
2025-04-24 02:00:00+00:00,0,43.97,-25.66,2025-04-24,2,3
2025-04-24 03:00:00+00:00,0,56.39,-16.84,2025-04-24,3,3
2025-04-24 04:00:00+00:00,0,66.3,-7.41,2025-04-24,4,3
2025-04-24 05:00:00+00:00,1,75.85,3.5,2025-04-24,5,3
2025-04-24 06:00:00+00:00,1,84.0,13.33,2025-04-24,6,3
2025-04-24 07:00:00+00:00,1,93.93,25.35,2025-04-24,7,3
2025-04-24 08:00:00+00:00,1,104.67,36.74,2025-04-24,8,3
2025-04-24 09:00:00+00:00,1,118.14,47.5,2025-04-24,9,3
2025-04-24 10:00:00+00:00,1,136.89,56.67,2025-04-24,10,3
2025-04-24 11:00:00+00:00,1,164.67,62.52,2025-04-24,11,3
2025-04-24 12:00:00+00:00,1,196.93,62.4,2025-04-24,12,3
2025-04-24 13:00:00+00:00,1,223.57,56.56,2025-04-24,13,3
2025-04-24 14:00:00+00:00,1,242.22,47.35,2025-04-24,14,3
2025-04-24 15:00:00+00:00,1,255.64,36.59,2025-04-24,15,3
2025-04-24 16:00:00+00:00,1,266.36,25.2,2025-04-24,16,3
2025-04-24 17:00:00+00:00,1,276.31,13.2,2025-04-24,17,3
2025-04-24 18:00:00+00:00,1,284.5,3.36,2025-04-24,18,3
2025-04-24 19:00:00+00:00,0,294.17,-7.6,2025-04-24,19,3
2025-04-24 20:00:00+00:00,0,304.67,-17.4,2025-04-24,20,3
2025-04-24 21:00:00+00:00,0,318.15,-26.57,2025-04-24,21,3
2025-04-24 22:00:00+00:00,0,333.24,-33.08,2025-04-24,22,3
2025-04-24 23:00:00+00:00,0,352.87,-36.84,2025-04-24,23,3
2025-04-25 00:00:00+00:00,0,12.07,-36.35,2025-04-25,0,4
2025-04-25 01:00:00+00:00,0,29.04,-32.27,2025-04-25,1,4
2025-04-25 02:00:00+00:00,0,43.77,-25.38,2025-04-25,2,4
2025-04-25 03:00:00+00:00,0,55.92,-16.8,2025-04-25,3,4
2025-04-25 04:00:00+00:00,0,65.83,-7.42,2025-04-25,4,4
2025-04-25 05:00:00+00:00,1,75.28,3.34,2025-04-25,5,4
2025-04-25 06:00:00+00:00,1,83.86,13.69,2025-04-25,6,4
2025-04-25 07:00:00+00:00,1,94.13,26.11,2025-04-25,7,4
2025-04-25 08:00:00+00:00,1,104.94,37.5,2025-04-25,8,4
2025-04-25 09:00:00+00:00,1,118.57,48.23,2025-04-25,9,4
2025-04-25 10:00:00+00:00,1,137.68,57.33,2025-04-25,10,4
2025-04-25 11:00:00+00:00,1,165.01,62.91,2025-04-25,11,4
2025-04-25 12:00:00+00:00,1,197.09,62.71,2025-04-25,12,4
2025-04-25 13:00:00+00:00,1,223.89,56.84,2025-04-25,13,4
2025-04-25 14:00:00+00:00,1,242.55,47.59,2025-04-25,14,4
2025-04-25 15:00:00+00:00,1,255.95,36.8,2025-04-25,15,4
2025-04-25 16:00:00+00:00,1,266.64,25.41,2025-04-25,16,4
2025-04-25 17:00:00+00:00,1,276.37,13.64,2025-04-25,17,4
2025-04-25 18:00:00+00:00,1,284.77,3.55,2025-04-25,18,4
2025-04-25 19:00:00+00:00,0,294.1,-7.06,2025-04-25,19,4
2025-04-25 20:00:00+00:00,0,304.38,-16.71,2025-04-25,20,4
2025-04-25 21:00:00+00:00,0,318.71,-26.49,2025-04-25,21,4
2025-04-25 22:00:00+00:00,0,333.81,-32.92,2025-04-25,22,4
2025-04-25 23:00:00+00:00,0,353.26,-36.55,2025-04-25,23,4
2025-04-26 00:00:00+00:00,0,12.0,-36.03,2025-04-26,0,5
2025-04-26 01:00:00+00:00,0,28.9,-31.97,2025-04-26,1,5
2025-04-26 02:00:00+00:00,0,43.58,-25.11,2025-04-26,2,5
2025-04-26 03:00:00+00:00,0,55.47,-16.75,2025-04-26,3,5
2025-04-26 04:00:00+00:00,0,65.37,-7.43,2025-04-26,4,5
2025-04-26 05:00:00+00:00,1,75.01,3.51,2025-04-26,5,5
2025-04-26 06:00:00+00:00,1,83.67,13.98,2025-04-26,6,5
2025-04-26 07:00:00+00:00,1,93.67,26.1,2025-04-26,7,5
2025-04-26 08:00:00+00:00,1,104.41,37.51,2025-04-26,8,5
2025-04-26 09:00:00+00:00,1,117.95,48.28,2025-04-26,9,5
2025-04-26 10:00:00+00:00,1,136.96,57.47,2025-04-26,10,5
2025-04-26 11:00:00+00:00,1,165.3,63.24,2025-04-26,11,5
2025-04-26 12:00:00+00:00,1,197.25,63.02,2025-04-26,12,5
2025-04-26 13:00:00+00:00,1,224.21,57.1,2025-04-26,13,5
2025-04-26 14:00:00+00:00,1,242.89,47.82,2025-04-26,14,5
2025-04-26 15:00:00+00:00,1,256.26,37.01,2025-04-26,15,5
2025-04-26 16:00:00+00:00,1,266.92,25.61,2025-04-26,16,5
2025-04-26 17:00:00+00:00,1,276.84,13.58,2025-04-26,17,5
2025-04-26 18:00:00+00:00,1,285.18,3.56,2025-04-26,18,5
2025-04-26 19:00:00+00:00,0,294.54,-7.06,2025-04-26,19,5
2025-04-26 20:00:00+00:00,0,304.88,-16.7,2025-04-26,20,5
2025-04-26 21:00:00+00:00,0,319.26,-26.42,2025-04-26,21,5
2025-04-26 22:00:00+00:00,0,334.36,-32.75,2025-04-26,22,5
2025-04-26 23:00:00+00:00,0,353.65,-36.26,2025-04-26,23,5
2025-04-27 00:00:00+00:00,0,11.94,-35.72,2025-04-27,0,6
2025-04-27 01:00:00+00:00,0,28.75,-31.67,2025-04-27,1,6
2025-04-27 02:00:00+00:00,0,43.38,-24.84,2025-04-27,2,6
2025-04-27 03:00:00+00:00,0,55.76,-16.07,2025-04-27,3,6
2025-04-27 04:00:00+00:00,0,65.84,-6.49,2025-04-27,4,6
2025-04-27 05:00:00+00:00,1,74.91,3.89,2025-04-27,5,6
2025-04-27 06:00:00+00:00,1,83.5,14.28,2025-04-27,6,6
2025-04-27 07:00:00+00:00,1,93.22,26.1,2025-04-27,7,6
2025-04-27 08:00:00+00:00,1,103.9,37.51,2025-04-27,8,6
2025-04-27 09:00:00+00:00,1,117.35,48.33,2025-04-27,9,6
2025-04-27 10:00:00+00:00,1,136.24,57.59,2025-04-27,10,6
2025-04-27 11:00:00+00:00,1,164.64,63.49,2025-04-27,11,6
2025-04-27 12:00:00+00:00,1,197.41,63.33,2025-04-27,12,6
2025-04-27 13:00:00+00:00,1,224.53,57.37,2025-04-27,13,6
2025-04-27 14:00:00+00:00,1,243.23,48.04,2025-04-27,14,6
2025-04-27 15:00:00+00:00,1,256.57,37.21,2025-04-27,15,6
2025-04-27 16:00:00+00:00,1,267.2,25.8,2025-04-27,16,6
2025-04-27 17:00:00+00:00,1,277.13,13.73,2025-04-27,17,6
2025-04-27 18:00:00+00:00,1,285.59,3.57,2025-04-27,18,6
2025-04-27 19:00:00+00:00,0,294.97,-7.05,2025-04-27,19,6
2025-04-27 20:00:00+00:00,0,305.37,-16.68,2025-04-27,20,6
2025-04-27 21:00:00+00:00,0,319.81,-26.35,2025-04-27,21,6
2025-04-27 22:00:00+00:00,0,334.92,-32.58,2025-04-27,22,6
2025-04-27 23:00:00+00:00,0,354.04,-35.98,2025-04-27,23,6
2025-04-28 00:00:00+00:00,0,11.88,-35.41,2025-04-28,0,0
2025-04-28 01:00:00+00:00,0,28.62,-31.38,2025-04-28,1,0
2025-04-28 02:00:00+00:00,0,43.19,-24.58,2025-04-28,2,0
2025-04-28 03:00:00+00:00,0,55.3,-16.04,2025-04-28,3,0
2025-04-28 04:00:00+00:00,0,65.39,-6.5,2025-04-28,4,0
2025-04-28 05:00:00+00:00,1,74.49,3.88,2025-04-28,5,0
2025-04-28 06:00:00+00:00,1,83.39,14.65,2025-04-28,6,0
2025-04-28 07:00:00+00:00,1,93.43,26.86,2025-04-28,7,0
2025-04-28 08:00:00+00:00,1,104.17,38.27,2025-04-28,8,0
2025-04-28 09:00:00+00:00,1,117.79,49.06,2025-04-28,9,0
2025-04-28 10:00:00+00:00,1,135.43,57.75,2025-04-28,10,0
2025-04-28 11:00:00+00:00,,,,2025-04-28,11,0
2025-04-28 12:00:00+00:00,,,,2025-04-28,12,0
2025-04-28 13:00:00+00:00,,,,2025-04-28,13,0
2025-04-28 14:00:00+00:00,,,,2025-04-28,14,0
2025-04-28 15:00:00+00:00,,,,2025-04-28,15,0
2025-04-28 16:00:00+00:00,,,,2025-04-28,16,0
2025-04-28 17:00:00+00:00,,,,2025-04-28,17,0
2025-04-28 18:00:00+00:00,,,,2025-04-28,18,0
2025-04-28 19:00:00+00:00,,,,2025-04-28,19,0
2025-04-28 20:00:00+00:00,,,,2025-04-28,20,0
2025-04-28 21:00:00+00:00,,,,2025-04-28,21,0
2025-04-28 22:00:00+00:00,,,,2025-04-28,22,0
2025-04-28 23:00:00+00:00,,,,2025-04-28,23,0
2025-04-29 00:00:00+00:00,,,,2025-04-29,0,1
2025-04-29 01:00:00+00:00,,,,2025-04-29,1,1
2025-04-29 02:00:00+00:00,,,,2025-04-29,2,1
2025-04-29 03:00:00+00:00,,,,2025-04-29,3,1
2025-04-29 04:00:00+00:00,,,,2025-04-29,4,1
2025-04-29 05:00:00+00:00,,,,2025-04-29,5,1
2025-04-29 06:00:00+00:00,1,84.25,16.23,2025-04-29,6,1
2025-04-29 07:00:00+00:00,1,93.11,27.0,2025-04-29,7,1
2025-04-29 08:00:00+00:00,1,103.82,38.42,2025-04-29,8,1
2025-04-29 09:00:00+00:00,1,117.38,49.23,2025-04-29,9,1
2025-04-29 10:00:00+00:00,1,136.64,58.47,2025-04-29,10,1
2025-04-29 11:00:00+00:00,1,164.74,64.17,2025-04-29,11,1
2025-04-29 12:00:00+00:00,1,197.74,63.93,2025-04-29,12,1
2025-04-29 13:00:00+00:00,1,225.18,57.88,2025-04-29,13,1
2025-04-29 14:00:00+00:00,1,243.89,48.48,2025-04-29,14,1
2025-04-29 15:00:00+00:00,1,257.18,37.6,2025-04-29,15,1
2025-04-29 16:00:00+00:00,1,267.76,26.18,2025-04-29,16,1
2025-04-29 17:00:00+00:00,1,277.46,14.34,2025-04-29,17,1
2025-04-29 18:00:00+00:00,1,286.05,3.98,2025-04-29,18,1
2025-04-29 19:00:00+00:00,0,295.44,-6.61,2025-04-29,19,1
2025-04-29 20:00:00+00:00,0,306.34,-16.65,2025-04-29,20,1
2025-04-29 21:00:00+00:00,0,320.89,-26.2,2025-04-29,21,1
2025-04-29 22:00:00+00:00,0,336.01,-32.25,2025-04-29,22,1
2025-04-29 23:00:00+00:00,0,353.4,-35.32,2025-04-29,23,1
2025-04-30 00:00:00+00:00,0,11.76,-34.79,2025-04-30,0,2
2025-04-30 01:00:00+00:00,0,28.35,-30.81,2025-04-30,1,2
2025-04-30 02:00:00+00:00,0,42.83,-24.06,2025-04-30,2,2
2025-04-30 03:00:00+00:00,0,55.66,-14.91,2025-04-30,3,2
2025-04-30 04:00:00+00:00,0,65.42,-5.57,2025-04-30,4,2
2025-04-30 05:00:00+00:00,1,73.98,4.24,2025-04-30,5,2
2025-04-30 06:00:00+00:00,1,82.83,14.97,2025-04-30,6,2
2025-04-30 07:00:00+00:00,1,92.54,26.84,2025-04-30,7,2
2025-04-30 08:00:00+00:00,1,103.17,38.28,2025-04-30,8,2
2025-04-30 09:00:00+00:00,1,116.58,49.14,2025-04-30,9,2
2025-04-30 10:00:00+00:00,1,135.63,58.49,2025-04-30,10,2
2025-04-30 11:00:00+00:00,1,164.67,64.44,2025-04-30,11,2
2025-04-30 12:00:00+00:00,1,197.89,64.23,2025-04-30,12,2
2025-04-30 13:00:00+00:00,1,225.5,58.14,2025-04-30,13,2
2025-04-30 14:00:00+00:00,1,244.22,48.7,2025-04-30,14,2
2025-04-30 15:00:00+00:00,1,257.47,37.8,2025-04-30,15,2
2025-04-30 16:00:00+00:00,1,268.03,26.37,2025-04-30,16,2
2025-04-30 17:00:00+00:00,1,277.68,14.56,2025-04-30,17,2
2025-04-30 18:00:00+00:00,1,286.29,4.17,2025-04-30,18,2
2025-04-30 19:00:00+00:00,0,295.86,-6.61,2025-04-30,19,2
2025-04-30 20:00:00+00:00,0,306.82,-16.63,2025-04-30,20,2
2025-04-30 21:00:00+00:00,0,321.43,-26.12,2025-04-30,21,2
2025-04-30 22:00:00+00:00,0,336.55,-32.08,2025-04-30,22,2
2025-04-30 23:00:00+00:00,0,353.73,-35.06,2025-04-30,23,2
2025-05-01 00:00:00+00:00,0,11.7,-34.49,2025-05-01,0,3
2025-05-01 01:00:00+00:00,0,28.21,-30.53,2025-05-01,1,3
2025-05-01 02:00:00+00:00,0,42.65,-23.81,2025-05-01,2,3
2025-05-01 03:00:00+00:00,0,55.17,-14.92,2025-05-01,3,3
2025-05-01 04:00:00+00:00,0,64.99,-5.58,2025-05-01,4,3
2025-05-01 05:00:00+00:00,1,73.73,4.41,2025-05-01,5,3
2025-05-01 06:00:00+00:00,1,82.71,15.31,2025-05-01,6,3
2025-05-01 07:00:00+00:00,1,92.11,26.83,2025-05-01,7,3
2025-05-01 08:00:00+00:00,1,102.67,38.28,2025-05-01,8,3
2025-05-01 09:00:00+00:00,1,115.99,49.18,2025-05-01,9,3
2025-05-01 10:00:00+00:00,1,134.93,58.61,2025-05-01,10,3
2025-05-01 11:00:00+00:00,1,164.02,64.68,2025-05-01,11,3
2025-05-01 12:00:00+00:00,1,198.06,64.52,2025-05-01,12,3
2025-05-01 13:00:00+00:00,1,225.82,58.39,2025-05-01,13,3
2025-05-01 14:00:00+00:00,1,244.55,48.9,2025-05-01,14,3
2025-05-01 15:00:00+00:00,1,257.77,37.99,2025-05-01,15,3
2025-05-01 16:00:00+00:00,1,268.3,26.55,2025-05-01,16,3
2025-05-01 17:00:00+00:00,1,277.94,14.72,2025-05-01,17,3
2025-05-01 18:00:00+00:00,1,286.68,4.18,2025-05-01,18,3
2025-05-01 19:00:00+00:00,0,295.78,-6.11,2025-05-01,19,3
2025-05-01 20:00:00+00:00,0,306.5,-15.96,2025-05-01,20,3
2025-05-01 21:00:00+00:00,0,321.96,-26.05,2025-05-01,21,3
2025-05-01 22:00:00+00:00,0,337.08,-31.91,2025-05-01,22,3
2025-05-01 23:00:00+00:00,0,354.07,-34.79,2025-05-01,23,3
2025-05-02 00:00:00+00:00,0,11.64,-34.2,2025-05-02,0,4
2025-05-02 01:00:00+00:00,0,28.09,-30.25,2025-05-02,1,4
2025-05-02 02:00:00+00:00,0,42.47,-23.55,2025-05-02,2,4
2025-05-02 03:00:00+00:00,0,54.68,-14.94,2025-05-02,3,4
2025-05-02 04:00:00+00:00,1,64.92,-5.19,2025-05-02,4,4
2025-05-02 05:00:00+00:00,1,73.64,4.76,2025-05-02,5,4
2025-05-02 06:00:00+00:00,1,82.93,16.07,2025-05-02,6,4
2025-05-02 07:00:00+00:00,1,92.33,27.59,2025-05-02,7,4
2025-05-02 08:00:00+00:00,1,102.96,39.04,2025-05-02,8,4
2025-05-02 09:00:00+00:00,1,116.45,49.91,2025-05-02,9,4
2025-05-02 10:00:00+00:00,1,135.77,59.26,2025-05-02,10,4
2025-05-02 11:00:00+00:00,1,164.42,65.06,2025-05-02,11,4
2025-05-02 12:00:00+00:00,1,198.23,64.8,2025-05-02,12,4
2025-05-02 13:00:00+00:00,1,226.15,58.63,2025-05-02,13,4
2025-05-02 14:00:00+00:00,1,244.88,49.11,2025-05-02,14,4
2025-05-02 15:00:00+00:00,1,258.07,38.18,2025-05-02,15,4
2025-05-02 16:00:00+00:00,1,268.56,26.73,2025-05-02,16,4
2025-05-02 17:00:00+00:00,1,277.92,15.23,2025-05-02,17,4
2025-05-02 18:00:00+00:00,1,286.74,4.56,2025-05-02,18,4
2025-05-02 19:00:00+00:00,0,295.82,-5.7,2025-05-02,19,4
2025-05-02 20:00:00+00:00,0,306.97,-15.95,2025-05-02,20,4
2025-05-02 21:00:00+00:00,0,322.48,-25.97,2025-05-02,21,4
2025-05-02 22:00:00+00:00,0,337.61,-31.75,2025-05-02,22,4
2025-05-02 23:00:00+00:00,0,354.4,-34.52,2025-05-02,23,4
2025-05-03 00:00:00+00:00,0,11.59,-33.9,2025-05-03,0,5
2025-05-03 01:00:00+00:00,0,27.96,-29.98,2025-05-03,1,5
2025-05-03 02:00:00+00:00,0,42.3,-23.3,2025-05-03,2,5
2025-05-03 03:00:00+00:00,0,54.19,-14.95,2025-05-03,3,5
2025-05-03 04:00:00+00:00,1,64.5,-5.2,2025-05-03,4,5
2025-05-03 05:00:00+00:00,1,73.24,4.75,2025-05-03,5,5
2025-05-03 06:00:00+00:00,1,82.54,16.06,2025-05-03,6,5
2025-05-03 07:00:00+00:00,1,91.91,27.58,2025-05-03,7,5
2025-05-03 08:00:00+00:00,1,102.47,39.04,2025-05-03,8,5
2025-05-03 09:00:00+00:00,1,115.87,49.95,2025-05-03,9,5
2025-05-03 10:00:00+00:00,1,135.08,59.37,2025-05-03,10,5
2025-05-03 11:00:00+00:00,1,163.78,65.3,2025-05-03,11,5
2025-05-03 12:00:00+00:00,1,198.4,65.09,2025-05-03,12,5
2025-05-03 13:00:00+00:00,1,226.47,58.87,2025-05-03,13,5
2025-05-03 14:00:00+00:00,1,245.21,49.31,2025-05-03,14,5
2025-05-03 15:00:00+00:00,1,258.36,38.36,2025-05-03,15,5
2025-05-03 16:00:00+00:00,1,268.82,26.9,2025-05-03,16,5
2025-05-03 17:00:00+00:00,1,278.17,15.4,2025-05-03,17,5
2025-05-03 18:00:00+00:00,1,287.12,4.57,2025-05-03,18,5
2025-05-03 19:00:00+00:00,0,296.22,-5.68,2025-05-03,19,5
2025-05-03 20:00:00+00:00,0,306.33,-15.11,2025-05-03,20,5
2025-05-03 21:00:00+00:00,0,318.44,-23.46,2025-05-03,21,5
2025-05-03 22:00:00+00:00,0,332.86,-29.99,2025-05-03,22,5
2025-05-03 23:00:00+00:00,0,351.93,-33.94,2025-05-03,23,5
2025-05-04 00:00:00+00:00,0,11.53,-33.62,2025-05-04,0,6
2025-05-04 01:00:00+00:00,0,27.83,-29.71,2025-05-04,1,6
2025-05-04 02:00:00+00:00,0,42.13,-23.06,2025-05-04,2,6
2025-05-04 03:00:00+00:00,0,53.71,-14.96,2025-05-04,3,6
2025-05-04 04:00:00+00:00,1,64.41,-4.84,2025-05-04,4,6
2025-05-04 05:00:00+00:00,1,73.01,4.91,2025-05-04,5,6
2025-05-04 06:00:00+00:00,1,82.15,16.06,2025-05-04,6,6
2025-05-04 07:00:00+00:00,1,91.48,27.57,2025-05-04,7,6
2025-05-04 08:00:00+00:00,1,101.99,39.04,2025-05-04,8,6
2025-05-04 09:00:00+00:00,1,115.29,49.98,2025-05-04,9,6
2025-05-04 10:00:00+00:00,1,134.38,59.48,2025-05-04,10,6
2025-05-04 11:00:00+00:00,1,164.14,65.59,2025-05-04,11,6
2025-05-04 12:00:00+00:00,1,198.57,65.37,2025-05-04,12,6
2025-05-04 13:00:00+00:00,1,226.8,59.1,2025-05-04,13,6
2025-05-04 14:00:00+00:00,1,245.53,49.51,2025-05-04,14,6
2025-05-04 15:00:00+00:00,1,258.65,38.54,2025-05-04,15,6
2025-05-04 16:00:00+00:00,1,269.08,27.07,2025-05-04,16,6
2025-05-04 17:00:00+00:00,1,278.4,15.58,2025-05-04,17,6
2025-05-04 18:00:00+00:00,1,287.33,4.76,2025-05-04,18,6
2025-05-04 19:00:00+00:00,0,296.09,-5.16,2025-05-04,19,6
2025-05-04 20:00:00+00:00,0,306.15,-14.57,2025-05-04,20,6
2025-05-04 21:00:00+00:00,0,318.95,-23.42,2025-05-04,21,6
2025-05-04 22:00:00+00:00,0,333.38,-29.85,2025-05-04,22,6
2025-05-04 23:00:00+00:00,0,352.3,-33.69,2025-05-04,23,6
2025-05-05 00:00:00+00:00,0,11.48,-33.34,2025-05-05,0,0
2025-05-05 01:00:00+00:00,0,27.71,-29.44,2025-05-05,1,0
2025-05-05 02:00:00+00:00,0,41.96,-22.81,2025-05-05,2,0
2025-05-05 03:00:00+00:00,0,53.23,-14.98,2025-05-05,3,0
2025-05-05 04:00:00+00:00,1,64.0,-4.85,2025-05-05,4,0
2025-05-05 05:00:00+00:00,1,72.62,4.9,2025-05-05,5,0
2025-05-05 06:00:00+00:00,1,81.77,16.05,2025-05-05,6,0
2025-05-05 07:00:00+00:00,1,91.08,27.56,2025-05-05,7,0
2025-05-05 08:00:00+00:00,1,101.52,39.04,2025-05-05,8,0
2025-05-05 09:00:00+00:00,1,114.72,50.01,2025-05-05,9,0
2025-05-05 10:00:00+00:00,1,133.69,59.58,2025-05-05,10,0
2025-05-05 11:00:00+00:00,1,163.49,65.82,2025-05-05,11,0
2025-05-05 12:00:00+00:00,1,198.73,65.64,2025-05-05,12,0
2025-05-05 13:00:00+00:00,1,227.11,59.34,2025-05-05,13,0
2025-05-05 14:00:00+00:00,1,245.85,49.71,2025-05-05,14,0
2025-05-05 15:00:00+00:00,1,258.94,38.72,2025-05-05,15,0
2025-05-05 16:00:00+00:00,1,269.34,27.25,2025-05-05,16,0
2025-05-05 17:00:00+00:00,1,278.64,15.76,2025-05-05,17,0
2025-05-05 18:00:00+00:00,1,287.7,4.77,2025-05-05,18,0
2025-05-05 19:00:00+00:00,0,296.48,-5.15,2025-05-05,19,0
2025-05-05 20:00:00+00:00,0,306.59,-14.56,2025-05-05,20,0
2025-05-05 21:00:00+00:00,0,319.46,-23.36,2025-05-05,21,0
2025-05-05 22:00:00+00:00,0,333.89,-29.72,2025-05-05,22,0
2025-05-05 23:00:00+00:00,0,352.66,-33.45,2025-05-05,23,0
2025-05-06 00:00:00+00:00,0,11.43,-33.06,2025-05-06,0,1
2025-05-06 01:00:00+00:00,0,27.59,-29.18,2025-05-06,1,1
2025-05-06 02:00:00+00:00,0,41.8,-22.57,2025-05-06,2,1
2025-05-06 03:00:00+00:00,0,53.49,-14.38,2025-05-06,3,1
2025-05-06 04:00:00+00:00,1,64.37,-4.03,2025-05-06,4,1
2025-05-06 05:00:00+00:00,1,72.56,5.25,2025-05-06,5,1
2025-05-06 06:00:00+00:00,1,82.0,16.8,2025-05-06,6,1
2025-05-06 07:00:00+00:00,1,91.31,28.32,2025-05-06,7,1
2025-05-06 08:00:00+00:00,1,101.82,39.79,2025-05-06,8,1
2025-05-06 09:00:00+00:00,1,115.2,50.74,2025-05-06,9,1
2025-05-06 10:00:00+00:00,1,134.57,60.23,2025-05-06,10,1
2025-05-06 11:00:00+00:00,1,163.93,66.18,2025-05-06,11,1
2025-05-06 12:00:00+00:00,1,198.9,65.91,2025-05-06,12,1
2025-05-06 13:00:00+00:00,1,227.44,59.56,2025-05-06,13,1
2025-05-06 14:00:00+00:00,1,246.17,49.9,2025-05-06,14,1
2025-05-06 15:00:00+00:00,1,259.22,38.89,2025-05-06,15,1
2025-05-06 16:00:00+00:00,1,269.59,27.41,2025-05-06,16,1
2025-05-06 17:00:00+00:00,1,278.87,15.92,2025-05-06,17,1
2025-05-06 18:00:00+00:00,1,287.9,4.95,2025-05-06,18,1
2025-05-06 19:00:00+00:00,1,296.51,-4.74,2025-05-06,19,1
2025-05-06 20:00:00+00:00,0,307.02,-14.55,2025-05-06,20,1
2025-05-06 21:00:00+00:00,0,319.95,-23.32,2025-05-06,21,1
2025-05-06 22:00:00+00:00,0,334.39,-29.59,2025-05-06,22,1
2025-05-06 23:00:00+00:00,0,353.02,-33.21,2025-05-06,23,1
2025-05-07 00:00:00+00:00,0,11.37,-32.79,2025-05-07,0,2
2025-05-07 01:00:00+00:00,0,27.47,-28.92,2025-05-07,1,2
2025-05-07 02:00:00+00:00,0,41.64,-22.34,2025-05-07,2,2
2025-05-07 03:00:00+00:00,0,53.02,-14.39,2025-05-07,3,2
2025-05-07 04:00:00+00:00,1,64.25,-3.72,2025-05-07,4,2
2025-05-07 05:00:00+00:00,1,72.35,5.42,2025-05-07,5,2
2025-05-07 06:00:00+00:00,1,81.63,16.79,2025-05-07,6,2
2025-05-07 07:00:00+00:00,1,90.91,28.31,2025-05-07,7,2
2025-05-07 08:00:00+00:00,1,101.36,39.78,2025-05-07,8,2
2025-05-07 09:00:00+00:00,1,114.64,50.77,2025-05-07,9,2
2025-05-07 10:00:00+00:00,1,133.89,60.33,2025-05-07,10,2
2025-05-07 11:00:00+00:00,1,163.29,66.4,2025-05-07,11,2
2025-05-07 12:00:00+00:00,1,199.07,66.17,2025-05-07,12,2
2025-05-07 13:00:00+00:00,1,227.76,59.78,2025-05-07,13,2
2025-05-07 14:00:00+00:00,1,246.48,50.08,2025-05-07,14,2
2025-05-07 15:00:00+00:00,1,259.5,39.06,2025-05-07,15,2
2025-05-07 16:00:00+00:00,1,269.84,27.57,2025-05-07,16,2
2025-05-07 17:00:00+00:00,1,279.1,16.09,2025-05-07,17,2
2025-05-07 18:00:00+00:00,1,288.25,4.96,2025-05-07,18,2
2025-05-07 19:00:00+00:00,1,296.58,-4.39,2025-05-07,19,2
2025-05-07 20:00:00+00:00,0,307.45,-14.53,2025-05-07,20,2
2025-05-07 21:00:00+00:00,0,320.45,-23.27,2025-05-07,21,2
2025-05-07 22:00:00+00:00,0,334.89,-29.46,2025-05-07,22,2
2025-05-07 23:00:00+00:00,0,353.38,-32.97,2025-05-07,23,2
2025-05-08 00:00:00+00:00,0,11.32,-32.51,2025-05-08,0,3
2025-05-08 01:00:00+00:00,0,27.36,-28.67,2025-05-08,1,3
2025-05-08 02:00:00+00:00,0,41.48,-22.11,2025-05-08,2,3
2025-05-08 03:00:00+00:00,0,52.57,-14.4,2025-05-08,3,3
2025-05-08 04:00:00+00:00,1,63.87,-3.73,2025-05-08,4,3
2025-05-08 05:00:00+00:00,1,72.11,5.56,2025-05-08,5,3
2025-05-08 06:00:00+00:00,1,81.26,16.79,2025-05-08,6,3
2025-05-08 07:00:00+00:00,1,90.52,28.29,2025-05-08,7,3
2025-05-08 08:00:00+00:00,1,100.91,39.78,2025-05-08,8,3
2025-05-08 09:00:00+00:00,1,114.09,50.79,2025-05-08,9,3
2025-05-08 10:00:00+00:00,1,133.21,60.42,2025-05-08,10,3
2025-05-08 11:00:00+00:00,1,162.65,66.61,2025-05-08,11,3
2025-05-08 12:00:00+00:00,1,199.24,66.43,2025-05-08,12,3
2025-05-08 13:00:00+00:00,1,228.08,60.0,2025-05-08,13,3
2025-05-08 14:00:00+00:00,1,246.79,50.27,2025-05-08,14,3
2025-05-08 15:00:00+00:00,1,259.78,39.22,2025-05-08,15,3
2025-05-08 16:00:00+00:00,1,270.09,27.74,2025-05-08,16,3
2025-05-08 17:00:00+00:00,1,279.32,16.26,2025-05-08,17,3
2025-05-08 18:00:00+00:00,1,288.45,5.15,2025-05-08,18,3
2025-05-08 19:00:00+00:00,1,296.95,-4.38,2025-05-08,19,3
2025-05-08 20:00:00+00:00,0,307.87,-14.52,2025-05-08,20,3
2025-05-08 21:00:00+00:00,0,320.93,-23.22,2025-05-08,21,3
2025-05-08 22:00:00+00:00,0,335.39,-29.33,2025-05-08,22,3
2025-05-08 23:00:00+00:00,0,353.72,-32.74,2025-05-08,23,3
2025-05-09 00:00:00+00:00,0,11.28,-32.25,2025-05-09,0,4
2025-05-09 01:00:00+00:00,0,27.25,-28.42,2025-05-09,1,4
2025-05-09 02:00:00+00:00,0,41.33,-21.88,2025-05-09,2,4
2025-05-09 03:00:00+00:00,0,52.12,-14.41,2025-05-09,3,4
2025-05-09 04:00:00+00:00,1,63.75,-3.44,2025-05-09,4,4
2025-05-09 05:00:00+00:00,1,71.9,5.72,2025-05-09,5,4
2025-05-09 06:00:00+00:00,1,80.91,16.78,2025-05-09,6,4
2025-05-09 07:00:00+00:00,1,90.13,28.28,2025-05-09,7,4
2025-05-09 08:00:00+00:00,1,100.46,39.77,2025-05-09,8,4
2025-05-09 09:00:00+00:00,1,113.55,50.82,2025-05-09,9,4
2025-05-09 10:00:00+00:00,1,132.54,60.51,2025-05-09,10,4
2025-05-09 11:00:00+00:00,1,163.06,66.89,2025-05-09,11,4
2025-05-09 12:00:00+00:00,1,199.41,66.69,2025-05-09,12,4
2025-05-09 13:00:00+00:00,1,228.39,60.21,2025-05-09,13,4
2025-05-09 14:00:00+00:00,1,247.1,50.45,2025-05-09,14,4
2025-05-09 15:00:00+00:00,1,260.05,39.39,2025-05-09,15,4
2025-05-09 16:00:00+00:00,1,270.33,27.89,2025-05-09,16,4
2025-05-09 17:00:00+00:00,1,279.54,16.42,2025-05-09,17,4
2025-05-09 18:00:00+00:00,1,288.63,5.33,2025-05-09,18,4
2025-05-09 19:00:00+00:00,1,297.03,-4.04,2025-05-09,19,4
2025-05-09 20:00:00+00:00,0,308.29,-14.51,2025-05-09,20,4
2025-05-09 21:00:00+00:00,0,321.41,-23.18,2025-05-09,21,4
2025-05-09 22:00:00+00:00,0,335.88,-29.2,2025-05-09,22,4
2025-05-09 23:00:00+00:00,0,354.06,-32.51,2025-05-09,23,4
2025-05-10 00:00:00+00:00,0,11.22,-31.99,2025-05-10,0,5
2025-05-10 01:00:00+00:00,0,27.14,-28.17,2025-05-10,1,5
2025-05-10 02:00:00+00:00,0,41.18,-21.66,2025-05-10,2,5
2025-05-10 03:00:00+00:00,0,51.68,-14.43,2025-05-10,3,5
2025-05-10 04:00:00+00:00,1,63.38,-3.45,2025-05-10,4,5
2025-05-10 05:00:00+00:00,1,71.72,5.91,2025-05-10,5,5
2025-05-10 06:00:00+00:00,1,81.16,17.53,2025-05-10,6,5
2025-05-10 07:00:00+00:00,1,90.38,29.03,2025-05-10,7,5
2025-05-10 08:00:00+00:00,1,100.78,40.52,2025-05-10,8,5
2025-05-10 09:00:00+00:00,1,114.04,51.54,2025-05-10,9,5
2025-05-10 10:00:00+00:00,1,133.47,61.16,2025-05-10,10,5
2025-05-10 11:00:00+00:00,1,163.56,67.24,2025-05-10,11,5
2025-05-10 12:00:00+00:00,1,199.57,66.94,2025-05-10,12,5
2025-05-10 13:00:00+00:00,1,228.7,60.42,2025-05-10,13,5
2025-05-10 14:00:00+00:00,1,247.41,50.62,2025-05-10,14,5
2025-05-10 15:00:00+00:00,1,260.32,39.55,2025-05-10,15,5
2025-05-10 16:00:00+00:00,1,270.56,28.05,2025-05-10,16,5
2025-05-10 17:00:00+00:00,1,279.75,16.58,2025-05-10,17,5
2025-05-10 18:00:00+00:00,1,288.96,5.34,2025-05-10,18,5
2025-05-10 19:00:00+00:00,1,297.38,-4.03,2025-05-10,19,5
2025-05-10 20:00:00+00:00,0,308.7,-14.49,2025-05-10,20,5
2025-05-10 21:00:00+00:00,0,321.89,-23.13,2025-05-10,21,5
2025-05-10 22:00:00+00:00,0,336.36,-29.07,2025-05-10,22,5
2025-05-10 23:00:00+00:00,0,354.4,-32.28,2025-05-10,23,5
2025-05-11 00:00:00+00:00,0,11.18,-31.73,2025-05-11,0,6
2025-05-11 01:00:00+00:00,0,27.03,-27.93,2025-05-11,1,6
2025-05-11 02:00:00+00:00,0,41.03,-21.44,2025-05-11,2,6
2025-05-11 03:00:00+00:00,0,51.24,-14.44,2025-05-11,3,6
2025-05-11 04:00:00+00:00,1,63.26,-3.18,2025-05-11,4,6
2025-05-11 05:00:00+00:00,1,71.52,6.07,2025-05-11,5,6
2025-05-11 06:00:00+00:00,1,80.81,17.52,2025-05-11,6,6
2025-05-11 07:00:00+00:00,1,90.01,29.02,2025-05-11,7,6
2025-05-11 08:00:00+00:00,1,100.35,40.52,2025-05-11,8,6
2025-05-11 09:00:00+00:00,1,113.51,51.57,2025-05-11,9,6
2025-05-11 10:00:00+00:00,1,132.81,61.25,2025-05-11,10,6
2025-05-11 11:00:00+00:00,1,162.93,67.44,2025-05-11,11,6
2025-05-11 12:00:00+00:00,1,199.75,67.18,2025-05-11,12,6
2025-05-11 13:00:00+00:00,1,229.02,60.62,2025-05-11,13,6
2025-05-11 14:00:00+00:00,1,247.71,50.79,2025-05-11,14,6
2025-05-11 15:00:00+00:00,1,260.58,39.7,2025-05-11,15,6
2025-05-11 16:00:00+00:00,1,270.8,28.2,2025-05-11,16,6
2025-05-11 17:00:00+00:00,1,279.97,16.73,2025-05-11,17,6
2025-05-11 18:00:00+00:00,1,289.28,5.36,2025-05-11,18,6
2025-05-11 19:00:00+00:00,1,297.73,-4.02,2025-05-11,19,6
2025-05-11 20:00:00+00:00,0,309.1,-14.48,2025-05-11,20,6
2025-05-11 21:00:00+00:00,0,322.36,-23.08,2025-05-11,21,6
2025-05-11 22:00:00+00:00,0,336.82,-28.94,2025-05-11,22,6
2025-05-11 23:00:00+00:00,0,264.73,-32.05,2025-05-11,23,6
2025-05-12 00:00:00+00:00,0,11.14,-31.48,2025-05-12,0,0
2025-05-12 01:00:00+00:00,0,26.93,-27.69,2025-05-12,1,0
2025-05-12 02:00:00+00:00,0,38.75,-22.51,2025-05-12,2,0
2025-05-12 03:00:00+00:00,0,51.55,-13.83,2025-05-12,3,0
2025-05-12 04:00:00+00:00,1,63.31,-2.77,2025-05-12,4,0
2025-05-12 05:00:00+00:00,1,71.18,6.06,2025-05-12,5,0
2025-05-12 06:00:00+00:00,1,80.47,17.51,2025-05-12,6,0
2025-05-12 07:00:00+00:00,1,89.64,29.0,2025-05-12,7,0
2025-05-12 08:00:00+00:00,1,99.92,40.51,2025-05-12,8,0
2025-05-12 09:00:00+00:00,1,112.99,51.58,2025-05-12,9,0
2025-05-12 10:00:00+00:00,1,132.16,61.33,2025-05-12,10,0
2025-05-12 11:00:00+00:00,1,162.3,67.64,2025-05-12,11,0
2025-05-12 12:00:00+00:00,1,199.92,67.42,2025-05-12,12,0
2025-05-12 13:00:00+00:00,1,229.33,60.82,2025-05-12,13,0
2025-05-12 14:00:00+00:00,1,248.01,50.96,2025-05-12,14,0
2025-05-12 15:00:00+00:00,1,260.84,39.85,2025-05-12,15,0
2025-05-12 16:00:00+00:00,1,271.03,28.35,2025-05-12,16,0
2025-05-12 17:00:00+00:00,1,280.17,16.88,2025-05-12,17,0
2025-05-12 18:00:00+00:00,1,289.44,5.54,2025-05-12,18,0
2025-05-12 19:00:00+00:00,1,297.35,-3.25,2025-05-12,19,0
2025-05-12 20:00:00+00:00,0,308.81,-13.9,2025-05-12,20,0
2025-05-12 21:00:00+00:00,0,322.82,-23.04,2025-05-12,21,0
2025-05-12 22:00:00+00:00,0,337.29,-28.81,2025-05-12,22,0
2025-05-12 23:00:00+00:00,0,353.75,-31.73,2025-05-12,23,0
2025-05-13 00:00:00+00:00,0,11.09,-31.24,2025-05-13,0,1
2025-05-13 01:00:00+00:00,0,26.83,-27.46,2025-05-13,1,1
2025-05-13 02:00:00+00:00,0,38.61,-22.3,2025-05-13,2,1
2025-05-13 03:00:00+00:00,0,51.13,-13.84,2025-05-13,3,1
2025-05-13 04:00:00+00:00,1,63.19,-2.52,2025-05-13,4,1
2025-05-13 05:00:00+00:00,1,71.0,6.22,2025-05-13,5,1
2025-05-13 06:00:00+00:00,1,80.14,17.5,2025-05-13,6,1
2025-05-13 07:00:00+00:00,1,89.28,28.99,2025-05-13,7,1
2025-05-13 08:00:00+00:00,1,99.51,40.5,2025-05-13,8,1
2025-05-13 09:00:00+00:00,1,112.48,51.6,2025-05-13,9,1
2025-05-13 10:00:00+00:00,1,131.52,61.41,2025-05-13,10,1
2025-05-13 11:00:00+00:00,1,162.78,67.9,2025-05-13,11,1
2025-05-13 12:00:00+00:00,1,200.09,67.65,2025-05-13,12,1
2025-05-13 13:00:00+00:00,1,229.64,61.02,2025-05-13,13,1
2025-05-13 14:00:00+00:00,1,248.3,51.12,2025-05-13,14,1
2025-05-13 15:00:00+00:00,1,261.1,40.0,2025-05-13,15,1
2025-05-13 16:00:00+00:00,1,271.26,28.49,2025-05-13,16,1
2025-05-13 17:00:00+00:00,1,280.38,17.03,2025-05-13,17,1
2025-05-13 18:00:00+00:00,1,289.61,5.72,2025-05-13,18,1
2025-05-13 19:00:00+00:00,1,297.68,-3.25,2025-05-13,19,1
2025-05-13 20:00:00+00:00,0,309.2,-13.89,2025-05-13,20,1
2025-05-13 21:00:00+00:00,0,323.27,-22.99,2025-05-13,21,1
2025-05-13 22:00:00+00:00,0,337.75,-28.68,2025-05-13,22,1
2025-05-13 23:00:00+00:00,0,234.04,-31.52,2025-05-13,23,1
2025-05-14 00:00:00+00:00,0,11.04,-31.0,2025-05-14,0,2
2025-05-14 01:00:00+00:00,0,26.73,-27.24,2025-05-14,1,2
2025-05-14 02:00:00+00:00,0,40.73,-20.72,2025-05-14,2,2
2025-05-14 03:00:00+00:00,0,51.5,-13.26,2025-05-14,3,2
2025-05-14 04:00:00+00:00,1,62.85,-2.53,2025-05-14,4,2
2025-05-14 05:00:00+00:00,1,70.67,6.2,2025-05-14,5,2
2025-05-14 06:00:00+00:00,1,79.82,17.49,2025-05-14,6,2
2025-05-14 07:00:00+00:00,1,88.92,28.97,2025-05-14,7,2
2025-05-14 08:00:00+00:00,1,99.1,40.49,2025-05-14,8,2
2025-05-14 09:00:00+00:00,1,111.98,51.61,2025-05-14,9,2
2025-05-14 10:00:00+00:00,1,130.89,61.48,2025-05-14,10,2
2025-05-14 11:00:00+00:00,1,162.17,68.08,2025-05-14,11,2
2025-05-14 12:00:00+00:00,1,200.25,67.88,2025-05-14,12,2
2025-05-14 13:00:00+00:00,1,229.94,61.21,2025-05-14,13,2
2025-05-14 14:00:00+00:00,1,248.59,51.28,2025-05-14,14,2
2025-05-14 15:00:00+00:00,1,261.35,40.14,2025-05-14,15,2
2025-05-14 16:00:00+00:00,1,271.48,28.63,2025-05-14,16,2
2025-05-14 17:00:00+00:00,1,280.58,17.17,2025-05-14,17,2
2025-05-14 18:00:00+00:00,1,289.76,5.91,2025-05-14,18,2
2025-05-14 19:00:00+00:00,1,297.76,-2.96,2025-05-14,19,2
2025-05-14 20:00:00+00:00,0,309.57,-13.88,2025-05-14,20,2
2025-05-14 21:00:00+00:00,0,323.72,-22.95,2025-05-14,21,2
2025-05-14 22:00:00+00:00,0,338.19,-28.56,2025-05-14,22,2
2025-05-14 23:00:00+00:00,0,234.32,-31.31,2025-05-14,23,2
2025-05-15 00:00:00+00:00,0,11.0,-30.76,2025-05-15,0,3
2025-05-15 01:00:00+00:00,0,26.63,-27.01,2025-05-15,1,3
2025-05-15 02:00:00+00:00,0,40.5,-20.59,2025-05-15,2,3
2025-05-15 03:00:00+00:00,0,51.1,-13.27,2025-05-15,3,3
2025-05-15 04:00:00+00:00,1,62.74,-2.29,2025-05-15,4,3
2025-05-15 05:00:00+00:00,1,70.68,6.58,2025-05-15,5,3
2025-05-15 06:00:00+00:00,1,80.09,18.24,2025-05-15,6,3
2025-05-15 07:00:00+00:00,1,89.21,29.73,2025-05-15,7,3
2025-05-15 08:00:00+00:00,1,99.45,41.24,2025-05-15,8,3
2025-05-15 09:00:00+00:00,1,112.51,52.34,2025-05-15,9,3
2025-05-15 10:00:00+00:00,1,131.87,62.13,2025-05-15,10,3
2025-05-15 11:00:00+00:00,1,162.73,68.42,2025-05-15,11,3
2025-05-15 12:00:00+00:00,1,200.43,68.1,2025-05-15,12,3
2025-05-15 13:00:00+00:00,1,230.25,61.39,2025-05-15,13,3
2025-05-15 14:00:00+00:00,1,248.88,51.43,2025-05-15,14,3
2025-05-15 15:00:00+00:00,1,261.6,40.28,2025-05-15,15,3
2025-05-15 16:00:00+00:00,1,271.7,28.77,2025-05-15,16,3
2025-05-15 17:00:00+00:00,1,280.78,17.31,2025-05-15,17,3
2025-05-15 18:00:00+00:00,1,290.05,5.93,2025-05-15,18,3
2025-05-15 19:00:00+00:00,1,298.08,-2.95,2025-05-15,19,3
2025-05-15 20:00:00+00:00,0,309.94,-13.87,2025-05-15,20,3
2025-05-15 21:00:00+00:00,0,324.16,-22.9,2025-05-15,21,3
2025-05-15 22:00:00+00:00,0,338.64,-28.44,2025-05-15,22,3
2025-05-15 23:00:00+00:00,0,234.6,-31.11,2025-05-15,23,3
2025-05-16 00:00:00+00:00,0,10.96,-30.53,2025-05-16,0,4
2025-05-16 01:00:00+00:00,0,26.53,-26.8,2025-05-16,1,4
2025-05-16 02:00:00+00:00,0,40.28,-20.45,2025-05-16,2,4
2025-05-16 03:00:00+00:00,0,50.71,-13.29,2025-05-16,3,4
2025-05-16 04:00:00+00:00,1,62.41,-2.29,2025-05-16,4,4
2025-05-16 05:00:00+00:00,1,70.37,6.57,2025-05-16,5,4
2025-05-16 06:00:00+00:00,1,79.78,18.23,2025-05-16,6,4
2025-05-16 07:00:00+00:00,1,88.87,29.71,2025-05-16,7,4
2025-05-16 08:00:00+00:00,1,99.05,41.23,2025-05-16,8,4
2025-05-16 09:00:00+00:00,1,112.02,52.35,2025-05-16,9,4
2025-05-16 10:00:00+00:00,1,131.25,62.2,2025-05-16,10,4
2025-05-16 11:00:00+00:00,1,162.13,68.6,2025-05-16,11,4
2025-05-16 12:00:00+00:00,1,200.6,68.33,2025-05-16,12,4
2025-05-16 13:00:00+00:00,1,230.55,61.57,2025-05-16,13,4
2025-05-16 14:00:00+00:00,1,249.16,51.58,2025-05-16,14,4
2025-05-16 15:00:00+00:00,1,261.84,40.42,2025-05-16,15,4
2025-05-16 16:00:00+00:00,1,271.91,28.9,2025-05-16,16,4
2025-05-16 17:00:00+00:00,1,280.97,17.45,2025-05-16,17,4
2025-05-16 18:00:00+00:00,1,290.34,5.94,2025-05-16,18,4
2025-05-16 19:00:00+00:00,1,298.39,-2.94,2025-05-16,19,4
2025-05-16 20:00:00+00:00,0,309.51,-13.26,2025-05-16,20,4
2025-05-16 21:00:00+00:00,0,320.19,-20.51,2025-05-16,21,4
2025-05-16 22:00:00+00:00,0,334.04,-26.79,2025-05-16,22,4
2025-05-16 23:00:00+00:00,0,262.22,-30.58,2025-05-16,23,4
2025-05-17 00:00:00+00:00,0,10.92,-30.31,2025-05-17,0,5
2025-05-17 01:00:00+00:00,0,26.44,-26.58,2025-05-17,1,5
2025-05-17 02:00:00+00:00,0,40.06,-20.32,2025-05-17,2,5
2025-05-17 03:00:00+00:00,0,50.32,-13.3,2025-05-17,3,5
2025-05-17 04:00:00+00:00,1,62.09,-2.3,2025-05-17,4,5
2025-05-17 05:00:00+00:00,1,70.06,6.56,2025-05-17,5,5
2025-05-17 06:00:00+00:00,1,79.48,18.22,2025-05-17,6,5
2025-05-17 07:00:00+00:00,1,88.53,29.69,2025-05-17,7,5
2025-05-17 08:00:00+00:00,1,98.67,41.21,2025-05-17,8,5
2025-05-17 09:00:00+00:00,1,111.55,52.36,2025-05-17,9,5
2025-05-17 10:00:00+00:00,1,130.65,62.26,2025-05-17,10,5
2025-05-17 11:00:00+00:00,1,161.54,68.76,2025-05-17,11,5
2025-05-17 12:00:00+00:00,1,200.76,68.54,2025-05-17,12,5
2025-05-17 13:00:00+00:00,1,230.84,61.74,2025-05-17,13,5
2025-05-17 14:00:00+00:00,1,249.43,51.73,2025-05-17,14,5
2025-05-17 15:00:00+00:00,1,262.08,40.55,2025-05-17,15,5
2025-05-17 16:00:00+00:00,1,272.12,29.03,2025-05-17,16,5
2025-05-17 17:00:00+00:00,1,281.15,17.59,2025-05-17,17,5
2025-05-17 18:00:00+00:00,1,290.46,6.13,2025-05-17,18,5
2025-05-17 19:00:00+00:00,1,298.45,-2.67,2025-05-17,19,5
2025-05-17 20:00:00+00:00,0,309.85,-13.25,2025-05-17,20,5
2025-05-17 21:00:00+00:00,0,320.6,-20.48,2025-05-17,21,5
2025-05-17 22:00:00+00:00,0,334.47,-26.69,2025-05-17,22,5
2025-05-17 23:00:00+00:00,0,262.52,-30.4,2025-05-17,23,5
2025-05-18 00:00:00+00:00,0,10.89,-30.09,2025-05-18,0,6
2025-05-18 01:00:00+00:00,0,26.36,-26.38,2025-05-18,1,6
2025-05-18 02:00:00+00:00,0,39.84,-20.19,2025-05-18,2,6
2025-05-18 03:00:00+00:00,0,49.93,-13.31,2025-05-18,3,6
2025-05-18 04:00:00+00:00,1,61.99,-2.07,2025-05-18,4,6
2025-05-18 05:00:00+00:00,1,69.92,6.72,2025-05-18,5,6
2025-05-18 06:00:00+00:00,1,79.18,18.21,2025-05-18,6,6
2025-05-18 07:00:00+00:00,1,88.21,29.67,2025-05-18,7,6
2025-05-18 08:00:00+00:00,1,98.29,41.2,2025-05-18,8,6
2025-05-18 09:00:00+00:00,1,111.08,52.37,2025-05-18,9,6
2025-05-18 10:00:00+00:00,1,130.06,62.33,2025-05-18,10,6
2025-05-18 11:00:00+00:00,1,160.95,68.93,2025-05-18,11,6
2025-05-18 12:00:00+00:00,1,200.92,68.75,2025-05-18,12,6
2025-05-18 13:00:00+00:00,1,231.13,61.92,2025-05-18,13,6
2025-05-18 14:00:00+00:00,1,249.7,51.87,2025-05-18,14,6
2025-05-18 15:00:00+00:00,1,262.31,40.68,2025-05-18,15,6
2025-05-18 16:00:00+00:00,1,272.32,29.16,2025-05-18,16,6
2025-05-18 17:00:00+00:00,1,281.34,17.72,2025-05-18,17,6
2025-05-18 18:00:00+00:00,1,290.61,6.3,2025-05-18,18,6
2025-05-18 19:00:00+00:00,1,298.74,-2.66,2025-05-18,19,6
2025-05-18 20:00:00+00:00,0,310.19,-13.23,2025-05-18,20,6
2025-05-18 21:00:00+00:00,0,319.84,-19.77,2025-05-18,21,6
2025-05-18 22:00:00+00:00,0,334.88,-26.6,2025-05-18,22,6
2025-05-18 23:00:00+00:00,0,262.82,-30.22,2025-05-18,23,6
2025-05-19 00:00:00+00:00,0,10.85,-29.87,2025-05-19,0,0
2025-05-19 01:00:00+00:00,0,26.27,-26.18,2025-05-19,1,0
2025-05-19 02:00:00+00:00,0,39.63,-20.07,2025-05-19,2,0
2025-05-19 03:00:00+00:00,0,50.39,-12.65,2025-05-19,3,0
2025-05-19 04:00:00+00:00,1,62.04,-1.71,2025-05-19,4,0
2025-05-19 05:00:00+00:00,1,69.62,6.71,2025-05-19,5,0
2025-05-19 06:00:00+00:00,1,78.89,18.2,2025-05-19,6,0
2025-05-19 07:00:00+00:00,1,87.89,29.66,2025-05-19,7,0
2025-05-19 08:00:00+00:00,1,97.93,41.19,2025-05-19,8,0
2025-05-19 09:00:00+00:00,1,110.63,52.38,2025-05-19,9,0
2025-05-19 10:00:00+00:00,1,129.48,62.38,2025-05-19,10,0
2025-05-19 11:00:00+00:00,1,161.52,69.17,2025-05-19,11,0
2025-05-19 12:00:00+00:00,1,201.09,68.95,2025-05-19,12,0
2025-05-19 13:00:00+00:00,1,231.42,62.08,2025-05-19,13,0
2025-05-19 14:00:00+00:00,1,249.97,52.01,2025-05-19,14,0
2025-05-19 15:00:00+00:00,1,262.54,40.81,2025-05-19,15,0
2025-05-19 16:00:00+00:00,1,272.52,29.28,2025-05-19,16,0
2025-05-19 17:00:00+00:00,1,281.52,17.84,2025-05-19,17,0
2025-05-19 18:00:00+00:00,1,290.72,6.49,2025-05-19,18,0
2025-05-19 19:00:00+00:00,1,298.8,-2.4,2025-05-19,19,0
2025-05-19 20:00:00+00:00,0,310.52,-13.22,2025-05-19,20,0
2025-05-19 21:00:00+00:00,0,320.22,-19.75,2025-05-19,21,0
2025-05-19 22:00:00+00:00,0,335.29,-26.51,2025-05-19,22,0
2025-05-19 23:00:00+00:00,0,263.11,-30.04,2025-05-19,23,0
2025-05-20 00:00:00+00:00,0,10.82,-29.66,2025-05-20,0,1
2025-05-20 01:00:00+00:00,0,26.18,-25.98,2025-05-20,1,1
2025-05-20 02:00:00+00:00,0,40.66,-19.19,2025-05-20,2,1
2025-05-20 03:00:00+00:00,0,50.74,-12.14,2025-05-20,3,1
2025-05-20 04:00:00+00:00,1,61.95,-1.5,2025-05-20,4,1
2025-05-20 05:00:00+00:00,1,69.69,7.11,2025-05-20,5,1
2025-05-20 06:00:00+00:00,1,79.19,18.94,2025-05-20,6,1
2025-05-20 07:00:00+00:00,1,88.21,30.41,2025-05-20,7,1
2025-05-20 08:00:00+00:00,1,98.3,41.94,2025-05-20,8,1
2025-05-20 09:00:00+00:00,1,111.19,53.1,2025-05-20,9,1
2025-05-20 10:00:00+00:00,1,130.52,63.03,2025-05-20,10,1
2025-05-20 11:00:00+00:00,1,162.16,69.49,2025-05-20,11,1
2025-05-20 12:00:00+00:00,1,201.25,69.15,2025-05-20,12,1
2025-05-20 13:00:00+00:00,1,231.7,62.24,2025-05-20,13,1
2025-05-20 14:00:00+00:00,1,250.23,52.14,2025-05-20,14,1
2025-05-20 15:00:00+00:00,1,262.76,40.93,2025-05-20,15,1
2025-05-20 16:00:00+00:00,1,272.72,29.4,2025-05-20,16,1
2025-05-20 17:00:00+00:00,1,281.69,17.97,2025-05-20,17,1
2025-05-20 18:00:00+00:00,1,290.97,6.51,2025-05-20,18,1
2025-05-20 19:00:00+00:00,1,298.69,-2.0,2025-05-20,19,1
2025-05-20 20:00:00+00:00,0,310.14,-12.63,2025-05-20,20,1
2025-05-20 21:00:00+00:00,0,320.6,-19.73,2025-05-20,21,1
2025-05-20 22:00:00+00:00,0,335.7,-26.42,2025-05-20,22,1
2025-05-20 23:00:00+00:00,0,263.4,-29.86,2025-05-20,23,1
2025-05-21 00:00:00+00:00,0,10.78,-29.46,2025-05-21,0,2
2025-05-21 01:00:00+00:00,0,26.11,-25.79,2025-05-21,1,2
2025-05-21 02:00:00+00:00,0,40.42,-19.1,2025-05-21,2,2
2025-05-21 03:00:00+00:00,0,50.38,-12.15,2025-05-21,3,2
2025-05-21 04:00:00+00:00,1,61.66,-1.5,2025-05-21,4,2
2025-05-21 05:00:00+00:00,1,69.41,7.1,2025-05-21,5,2
2025-05-21 06:00:00+00:00,1,78.92,18.93,2025-05-21,6,2
2025-05-21 07:00:00+00:00,1,87.9,30.39,2025-05-21,7,2
2025-05-21 08:00:00+00:00,1,97.95,41.92,2025-05-21,8,2
2025-05-21 09:00:00+00:00,1,110.75,53.11,2025-05-21,9,2
2025-05-21 10:00:00+00:00,1,129.95,63.08,2025-05-21,10,2
2025-05-21 11:00:00+00:00,1,161.6,69.64,2025-05-21,11,2
2025-05-21 12:00:00+00:00,1,201.42,69.34,2025-05-21,12,2
2025-05-21 13:00:00+00:00,1,231.98,62.39,2025-05-21,13,2
2025-05-21 14:00:00+00:00,1,250.49,52.27,2025-05-21,14,2
2025-05-21 15:00:00+00:00,1,262.98,41.05,2025-05-21,15,2
2025-05-21 16:00:00+00:00,1,272.91,29.52,2025-05-21,16,2
2025-05-21 17:00:00+00:00,1,281.86,18.09,2025-05-21,17,2
2025-05-21 18:00:00+00:00,1,291.22,6.53,2025-05-21,18,2
2025-05-21 19:00:00+00:00,1,298.96,-1.99,2025-05-21,19,2
2025-05-21 20:00:00+00:00,0,310.46,-12.62,2025-05-21,20,2
2025-05-21 21:00:00+00:00,0,320.98,-19.7,2025-05-21,21,2
2025-05-21 22:00:00+00:00,0,336.09,-26.34,2025-05-21,22,2
2025-05-21 23:00:00+00:00,0,263.68,-29.7,2025-05-21,23,2
2025-05-22 00:00:00+00:00,0,10.74,-29.26,2025-05-22,0,3
2025-05-22 01:00:00+00:00,0,26.03,-25.6,2025-05-22,1,3
2025-05-22 02:00:00+00:00,0,40.17,-19.02,2025-05-22,2,3
2025-05-22 03:00:00+00:00,0,50.04,-12.17,2025-05-22,3,3
2025-05-22 04:00:00+00:00,1,61.38,-1.51,2025-05-22,4,3
2025-05-22 05:00:00+00:00,1,69.14,7.08,2025-05-22,5,3
2025-05-22 06:00:00+00:00,1,78.65,18.92,2025-05-22,6,3
2025-05-22 07:00:00+00:00,1,87.61,30.38,2025-05-22,7,3
2025-05-22 08:00:00+00:00,1,97.61,41.91,2025-05-22,8,3
2025-05-22 09:00:00+00:00,1,110.33,53.11,2025-05-22,9,3
2025-05-22 10:00:00+00:00,1,129.41,63.14,2025-05-22,10,3
2025-05-22 11:00:00+00:00,1,161.05,69.78,2025-05-22,11,3
2025-05-22 12:00:00+00:00,1,201.57,69.52,2025-05-22,12,3
2025-05-22 13:00:00+00:00,1,232.25,62.54,2025-05-22,13,3
2025-05-22 14:00:00+00:00,1,250.73,52.4,2025-05-22,14,3
2025-05-22 15:00:00+00:00,1,263.19,41.16,2025-05-22,15,3
2025-05-22 16:00:00+00:00,1,273.09,29.63,2025-05-22,16,3
2025-05-22 17:00:00+00:00,1,282.03,18.2,2025-05-22,17,3
2025-05-22 18:00:00+00:00,1,291.3,6.73,2025-05-22,18,3
2025-05-22 19:00:00+00:00,1,299.01,-1.75,2025-05-22,19,3
2025-05-22 20:00:00+00:00,0,310.76,-12.61,2025-05-22,20,3
2025-05-22 21:00:00+00:00,0,321.34,-19.68,2025-05-22,21,3
2025-05-22 22:00:00+00:00,0,336.47,-26.25,2025-05-22,22,3
2025-05-22 23:00:00+00:00,0,263.95,-29.53,2025-05-22,23,3
2025-05-23 00:00:00+00:00,0,10.71,-29.08,2025-05-23,0,4
2025-05-23 01:00:00+00:00,0,25.95,-25.42,2025-05-23,1,4
2025-05-23 02:00:00+00:00,0,39.94,-18.94,2025-05-23,2,4
2025-05-23 03:00:00+00:00,0,49.7,-12.19,2025-05-23,3,4
2025-05-23 04:00:00+00:00,1,61.31,-1.3,2025-05-23,4,4
2025-05-23 05:00:00+00:00,1,69.03,7.25,2025-05-23,5,4
2025-05-23 06:00:00+00:00,1,78.39,18.91,2025-05-23,6,4
2025-05-23 07:00:00+00:00,1,87.32,30.36,2025-05-23,7,4
2025-05-23 08:00:00+00:00,1,97.28,41.9,2025-05-23,8,4
2025-05-23 09:00:00+00:00,1,109.92,53.12,2025-05-23,9,4
2025-05-23 10:00:00+00:00,1,128.87,63.19,2025-05-23,10,4
2025-05-23 11:00:00+00:00,1,160.51,69.93,2025-05-23,11,4
2025-05-23 12:00:00+00:00,1,201.73,69.7,2025-05-23,12,4
2025-05-23 13:00:00+00:00,1,232.52,62.69,2025-05-23,13,4
2025-05-23 14:00:00+00:00,1,250.98,52.52,2025-05-23,14,4
2025-05-23 15:00:00+00:00,1,263.4,41.27,2025-05-23,15,4
2025-05-23 16:00:00+00:00,1,273.27,29.74,2025-05-23,16,4
2025-05-23 17:00:00+00:00,1,282.19,18.32,2025-05-23,17,4
2025-05-23 18:00:00+00:00,1,291.54,6.74,2025-05-23,18,4
2025-05-23 19:00:00+00:00,1,299.26,-1.74,2025-05-23,19,4
2025-05-23 20:00:00+00:00,0,311.06,-12.59,2025-05-23,20,4
2025-05-23 21:00:00+00:00,0,321.7,-19.66,2025-05-23,21,4
2025-05-23 22:00:00+00:00,0,336.85,-26.17,2025-05-23,22,4
2025-05-23 23:00:00+00:00,0,264.22,-29.36,2025-05-23,23,4
2025-05-24 00:00:00+00:00,0,10.68,-28.89,2025-05-24,0,5
2025-05-24 01:00:00+00:00,0,25.87,-25.25,2025-05-24,1,5
2025-05-24 02:00:00+00:00,0,39.7,-18.86,2025-05-24,2,5
2025-05-24 03:00:00+00:00,0,49.38,-12.2,2025-05-24,3,5
2025-05-24 04:00:00+00:00,1,61.05,-1.31,2025-05-24,4,5
2025-05-24 05:00:00+00:00,1,68.78,7.24,2025-05-24,5,5
2025-05-24 06:00:00+00:00,1,78.14,18.9,2025-05-24,6,5
2025-05-24 07:00:00+00:00,1,87.05,30.34,2025-05-24,7,5
2025-05-24 08:00:00+00:00,1,96.96,41.88,2025-05-24,8,5
2025-05-24 09:00:00+00:00,1,109.52,53.12,2025-05-24,9,5
2025-05-24 10:00:00+00:00,1,128.35,63.23,2025-05-24,10,5
2025-05-24 11:00:00+00:00,1,161.18,70.14,2025-05-24,11,5
2025-05-24 12:00:00+00:00,1,201.88,69.88,2025-05-24,12,5
2025-05-24 13:00:00+00:00,1,232.78,62.83,2025-05-24,13,5
2025-05-24 14:00:00+00:00,1,251.21,52.63,2025-05-24,14,5
2025-05-24 15:00:00+00:00,1,263.6,41.38,2025-05-24,15,5
2025-05-24 16:00:00+00:00,1,273.44,29.84,2025-05-24,16,5
2025-05-24 17:00:00+00:00,1,282.34,18.43,2025-05-24,17,5
2025-05-24 18:00:00+00:00,1,291.5,7.07,2025-05-24,18,5
2025-05-24 19:00:00+00:00,1,299.24,-1.44,2025-05-24,19,5
2025-05-24 20:00:00+00:00,0,311.35,-12.58,2025-05-24,20,5
2025-05-24 21:00:00+00:00,0,322.04,-19.64,2025-05-24,21,5
2025-05-24 22:00:00+00:00,0,337.21,-26.09,2025-05-24,22,5
2025-05-24 23:00:00+00:00,0,264.48,-29.21,2025-05-24,23,5
2025-05-25 00:00:00+00:00,0,10.65,-28.71,2025-05-25,0,6
2025-05-25 01:00:00+00:00,0,25.8,-25.08,2025-05-25,1,6
2025-05-25 02:00:00+00:00,0,39.48,-18.78,2025-05-25,2,6
2025-05-25 03:00:00+00:00,0,49.06,-12.22,2025-05-25,3,6
2025-05-25 04:00:00+00:00,1,60.79,-1.31,2025-05-25,4,6
2025-05-25 05:00:00+00:00,1,68.62,7.33,2025-05-25,5,6
2025-05-25 06:00:00+00:00,1,77.89,18.89,2025-05-25,6,6
2025-05-25 07:00:00+00:00,1,86.78,30.33,2025-05-25,7,6
2025-05-25 08:00:00+00:00,1,96.65,41.86,2025-05-25,8,6
2025-05-25 09:00:00+00:00,1,109.14,53.12,2025-05-25,9,6
2025-05-25 10:00:00+00:00,1,127.85,63.28,2025-05-25,10,6
2025-05-25 11:00:00+00:00,1,160.66,70.28,2025-05-25,11,6
2025-05-25 12:00:00+00:00,1,202.04,70.05,2025-05-25,12,6
2025-05-25 13:00:00+00:00,1,233.04,62.96,2025-05-25,13,6
2025-05-25 14:00:00+00:00,1,251.44,52.75,2025-05-25,14,6
2025-05-25 15:00:00+00:00,1,263.8,41.48,2025-05-25,15,6
2025-05-25 16:00:00+00:00,1,273.61,29.95,2025-05-25,16,6
2025-05-25 17:00:00+00:00,1,282.49,18.53,2025-05-25,17,6
2025-05-25 18:00:00+00:00,1,291.71,7.09,2025-05-25,18,6
2025-05-25 19:00:00+00:00,1,299.47,-1.43,2025-05-25,19,6
2025-05-25 20:00:00+00:00,0,310.88,-12.02,2025-05-25,20,6
2025-05-25 21:00:00+00:00,0,321.28,-18.99,2025-05-25,21,6
2025-05-25 22:00:00+00:00,0,337.56,-26.0,2025-05-25,22,6
2025-05-25 23:00:00+00:00,0,264.73,-29.06,2025-05-25,23,6
2025-05-26 00:00:00+00:00,0,10.62,-28.53,2025-05-26,0,0
2025-05-26 01:00:00+00:00,0,25.74,-24.91,2025-05-26,1,0
2025-05-26 02:00:00+00:00,0,39.27,-18.71,2025-05-26,2,0
2025-05-26 03:00:00+00:00,0,48.75,-12.23,2025-05-26,3,0
2025-05-26 04:00:00+00:00,1,60.74,-1.11,2025-05-26,4,0
2025-05-26 05:00:00+00:00,1,68.53,7.5,2025-05-26,5,0
2025-05-26 06:00:00+00:00,1,77.65,18.88,2025-05-26,6,0
2025-05-26 07:00:00+00:00,1,86.52,30.31,2025-05-26,7,0
2025-05-26 08:00:00+00:00,1,96.35,41.85,2025-05-26,8,0
2025-05-26 09:00:00+00:00,1,108.76,53.12,2025-05-26,9,0
2025-05-26 10:00:00+00:00,1,127.36,63.31,2025-05-26,10,0
2025-05-26 11:00:00+00:00,1,160.16,70.4,2025-05-26,11,0
2025-05-26 12:00:00+00:00,1,202.18,70.21,2025-05-26,12,0
2025-05-26 13:00:00+00:00,1,233.29,63.09,2025-05-26,13,0
2025-05-26 14:00:00+00:00,1,251.66,52.85,2025-05-26,14,0
2025-05-26 15:00:00+00:00,1,263.99,41.58,2025-05-26,15,0
2025-05-26 16:00:00+00:00,1,273.77,30.05,2025-05-26,16,0
2025-05-26 17:00:00+00:00,1,282.64,18.64,2025-05-26,17,0
2025-05-26 18:00:00+00:00,1,291.92,7.11,2025-05-26,18,0
2025-05-26 19:00:00+00:00,1,299.7,-1.42,2025-05-26,19,0
2025-05-26 20:00:00+00:00,0,311.14,-12.01,2025-05-26,20,0
2025-05-26 21:00:00+00:00,0,321.6,-18.97,2025-05-26,21,0
2025-05-26 22:00:00+00:00,0,337.9,-25.93,2025-05-26,22,0
2025-05-26 23:00:00+00:00,0,264.97,-28.9,2025-05-26,23,0
2025-05-27 00:00:00+00:00,0,10.59,-28.37,2025-05-27,0,1
2025-05-27 01:00:00+00:00,0,25.67,-24.75,2025-05-27,1,1
2025-05-27 02:00:00+00:00,0,40.13,-17.97,2025-05-27,2,1
2025-05-27 03:00:00+00:00,0,49.16,-11.72,2025-05-27,3,1
2025-05-27 04:00:00+00:00,1,60.5,-1.11,2025-05-27,4,1
2025-05-27 05:00:00+00:00,1,68.5,7.72,2025-05-27,5,1
2025-05-27 06:00:00+00:00,1,78.01,19.63,2025-05-27,6,1
2025-05-27 07:00:00+00:00,1,86.88,31.06,2025-05-27,7,1
2025-05-27 08:00:00+00:00,1,96.78,42.6,2025-05-27,8,1
2025-05-27 09:00:00+00:00,1,109.39,53.84,2025-05-27,9,1
2025-05-27 10:00:00+00:00,1,128.5,63.96,2025-05-27,10,1
2025-05-27 11:00:00+00:00,1,160.93,70.69,2025-05-27,11,1
2025-05-27 12:00:00+00:00,1,202.33,70.37,2025-05-27,12,1
2025-05-27 13:00:00+00:00,1,233.53,63.22,2025-05-27,13,1
2025-05-27 14:00:00+00:00,1,251.88,52.96,2025-05-27,14,1
2025-05-27 15:00:00+00:00,1,264.17,41.67,2025-05-27,15,1
2025-05-27 16:00:00+00:00,1,273.93,30.14,2025-05-27,16,1
2025-05-27 17:00:00+00:00,1,282.78,18.73,2025-05-27,17,1
2025-05-27 18:00:00+00:00,1,291.97,7.31,2025-05-27,18,1
2025-05-27 19:00:00+00:00,1,299.73,-1.2,2025-05-27,19,1
2025-05-27 20:00:00+00:00,0,311.4,-12.0,2025-05-27,20,1
2025-05-27 21:00:00+00:00,0,321.9,-18.95,2025-05-27,21,1
2025-05-27 22:00:00+00:00,0,338.23,-25.85,2025-05-27,22,1
2025-05-27 23:00:00+00:00,0,233.98,-28.67,2025-05-27,23,1
2025-05-28 00:00:00+00:00,0,10.57,-28.21,2025-05-28,0,2
2025-05-28 01:00:00+00:00,0,25.61,-24.6,2025-05-28,1,2
2025-05-28 02:00:00+00:00,0,39.87,-17.93,2025-05-28,2,2
2025-05-28 03:00:00+00:00,0,49.56,-11.16,2025-05-28,3,2
2025-05-28 04:00:00+00:00,1,60.58,-0.8,2025-05-28,4,2
2025-05-28 05:00:00+00:00,1,68.28,7.71,2025-05-28,5,2
2025-05-28 06:00:00+00:00,1,77.79,19.61,2025-05-28,6,2
2025-05-28 07:00:00+00:00,1,86.64,31.04,2025-05-28,7,2
2025-05-28 08:00:00+00:00,1,96.49,42.58,2025-05-28,8,2
2025-05-28 09:00:00+00:00,1,109.03,53.84,2025-05-28,9,2
2025-05-28 10:00:00+00:00,1,128.02,64.0,2025-05-28,10,2
2025-05-28 11:00:00+00:00,1,160.44,70.81,2025-05-28,11,2
2025-05-28 12:00:00+00:00,1,202.47,70.51,2025-05-28,12,2
2025-05-28 13:00:00+00:00,1,233.76,63.34,2025-05-28,13,2
2025-05-28 14:00:00+00:00,1,252.09,53.06,2025-05-28,14,2
2025-05-28 15:00:00+00:00,1,264.34,41.77,2025-05-28,15,2
2025-05-28 16:00:00+00:00,1,274.09,30.23,2025-05-28,16,2
2025-05-28 17:00:00+00:00,1,282.91,18.83,2025-05-28,17,2
2025-05-28 18:00:00+00:00,1,292.16,7.33,2025-05-28,18,2
2025-05-28 19:00:00+00:00,1,299.63,-0.87,2025-05-28,19,2
2025-05-28 20:00:00+00:00,0,310.94,-11.4,2025-05-28,20,2
2025-05-28 21:00:00+00:00,0,322.2,-18.93,2025-05-28,21,2
2025-05-28 22:00:00+00:00,0,338.55,-25.78,2025-05-28,22,2
2025-05-28 23:00:00+00:00,0,234.18,-28.53,2025-05-28,23,2
2025-05-29 00:00:00+00:00,0,10.54,-28.05,2025-05-29,0,3
2025-05-29 01:00:00+00:00,0,25.55,-24.45,2025-05-29,1,3
2025-05-29 02:00:00+00:00,0,39.62,-17.9,2025-05-29,2,3
2025-05-29 03:00:00+00:00,0,49.29,-11.18,2025-05-29,3,3
2025-05-29 04:00:00+00:00,1,60.36,-0.81,2025-05-29,4,3
2025-05-29 05:00:00+00:00,1,68.06,7.7,2025-05-29,5,3
2025-05-29 06:00:00+00:00,1,77.57,19.6,2025-05-29,6,3
2025-05-29 07:00:00+00:00,1,86.41,31.03,2025-05-29,7,3
2025-05-29 08:00:00+00:00,1,96.23,42.57,2025-05-29,8,3
2025-05-29 09:00:00+00:00,1,108.69,53.84,2025-05-29,9,3
2025-05-29 10:00:00+00:00,1,127.58,64.03,2025-05-29,10,3
2025-05-29 11:00:00+00:00,1,159.98,70.92,2025-05-29,11,3
2025-05-29 12:00:00+00:00,1,202.62,70.66,2025-05-29,12,3
2025-05-29 13:00:00+00:00,1,233.99,63.45,2025-05-29,13,3
2025-05-29 14:00:00+00:00,1,252.29,53.15,2025-05-29,14,3
2025-05-29 15:00:00+00:00,1,264.51,41.85,2025-05-29,15,3
2025-05-29 16:00:00+00:00,1,274.23,30.32,2025-05-29,16,3
2025-05-29 17:00:00+00:00,1,283.04,18.92,2025-05-29,17,3
2025-05-29 18:00:00+00:00,1,292.34,7.35,2025-05-29,18,3
2025-05-29 19:00:00+00:00,1,299.83,-0.86,2025-05-29,19,3
2025-05-29 20:00:00+00:00,0,311.17,-11.39,2025-05-29,20,3
2025-05-29 21:00:00+00:00,0,322.48,-18.91,2025-05-29,21,3
2025-05-29 22:00:00+00:00,0,338.86,-25.7,2025-05-29,22,3
2025-05-29 23:00:00+00:00,0,234.38,-28.4,2025-05-29,23,3
2025-05-30 00:00:00+00:00,0,10.51,-27.9,2025-05-30,0,4
2025-05-30 01:00:00+00:00,0,25.49,-24.31,2025-05-30,1,4
2025-05-30 02:00:00+00:00,0,39.38,-17.88,2025-05-30,2,4
2025-05-30 03:00:00+00:00,0,49.03,-11.19,2025-05-30,3,4
2025-05-30 04:00:00+00:00,1,60.33,-0.61,2025-05-30,4,4
2025-05-30 05:00:00+00:00,1,68.01,7.87,2025-05-30,5,4
2025-05-30 06:00:00+00:00,1,77.37,19.6,2025-05-30,6,4
2025-05-30 07:00:00+00:00,1,86.19,31.01,2025-05-30,7,4
2025-05-30 08:00:00+00:00,1,95.96,42.55,2025-05-30,8,4
2025-05-30 09:00:00+00:00,1,108.36,53.84,2025-05-30,9,4
2025-05-30 10:00:00+00:00,1,127.14,64.06,2025-05-30,10,4
2025-05-30 11:00:00+00:00,1,159.53,71.03,2025-05-30,11,4
2025-05-30 12:00:00+00:00,1,202.75,70.8,2025-05-30,12,4
2025-05-30 13:00:00+00:00,1,234.21,63.56,2025-05-30,13,4
2025-05-30 14:00:00+00:00,1,252.49,53.24,2025-05-30,14,4
2025-05-30 15:00:00+00:00,1,264.68,41.94,2025-05-30,15,4
2025-05-30 16:00:00+00:00,1,274.37,30.4,2025-05-30,16,4
2025-05-30 17:00:00+00:00,1,283.17,19.01,2025-05-30,17,4
2025-05-30 18:00:00+00:00,1,292.36,7.54,2025-05-30,18,4
2025-05-30 19:00:00+00:00,1,299.84,-0.66,2025-05-30,19,4
2025-05-30 20:00:00+00:00,0,311.4,-11.38,2025-05-30,20,4
2025-05-30 21:00:00+00:00,0,322.76,-18.89,2025-05-30,21,4
2025-05-30 22:00:00+00:00,0,339.16,-25.64,2025-05-30,22,4
2025-05-30 23:00:00+00:00,0,234.57,-28.28,2025-05-30,23,4
2025-05-31 00:00:00+00:00,0,10.49,-27.76,2025-05-31,0,5
2025-05-31 01:00:00+00:00,0,25.43,-24.18,2025-05-31,1,5
2025-05-31 02:00:00+00:00,0,39.14,-17.85,2025-05-31,2,5
2025-05-31 03:00:00+00:00,0,48.77,-11.2,2025-05-31,3,5
2025-05-31 04:00:00+00:00,1,60.13,-0.61,2025-05-31,4,5
2025-05-31 05:00:00+00:00,1,67.82,7.86,2025-05-31,5,5
2025-05-31 06:00:00+00:00,1,77.18,19.58,2025-05-31,6,5
2025-05-31 07:00:00+00:00,1,85.97,31.0,2025-05-31,7,5
2025-05-31 08:00:00+00:00,1,95.71,42.54,2025-05-31,8,5
2025-05-31 09:00:00+00:00,1,108.05,53.83,2025-05-31,9,5
2025-05-31 10:00:00+00:00,1,126.73,64.09,2025-05-31,10,5
2025-05-31 11:00:00+00:00,1,159.1,71.13,2025-05-31,11,5
2025-05-31 12:00:00+00:00,1,202.88,70.93,2025-05-31,12,5
2025-05-31 13:00:00+00:00,1,234.43,63.67,2025-05-31,13,5
2025-05-31 14:00:00+00:00,1,252.67,53.33,2025-05-31,14,5
2025-05-31 15:00:00+00:00,1,264.83,42.01,2025-05-31,15,5
2025-05-31 16:00:00+00:00,1,274.51,30.48,2025-05-31,16,5
2025-05-31 17:00:00+00:00,1,283.29,19.09,2025-05-31,17,5
2025-05-31 18:00:00+00:00,1,292.44,7.67,2025-05-31,18,5
2025-05-31 19:00:00+00:00,1,300.03,-0.65,2025-05-31,19,5
2025-05-31 20:00:00+00:00,0,311.62,-11.38,2025-05-31,20,5
2025-05-31 21:00:00+00:00,0,323.03,-18.87,2025-05-31,21,5
2025-05-31 22:00:00+00:00,0,339.44,-25.57,2025-05-31,22,5
2025-05-31 23:00:00+00:00,0,234.75,-28.15,2025-05-31,23,5
2025-06-01 00:00:00+00:00,0,10.47,-27.62,2025-06-01,0,6
2025-06-01 01:00:00+00:00,0,25.38,-24.05,2025-06-01,1,6
2025-06-01 02:00:00+00:00,0,38.92,-17.82,2025-06-01,2,6
2025-06-01 03:00:00+00:00,0,48.53,-11.22,2025-06-01,3,6
2025-06-01 04:00:00+00:00,1,59.93,-0.62,2025-06-01,4,6
2025-06-01 05:00:00+00:00,1,67.63,7.85,2025-06-01,5,6
2025-06-01 06:00:00+00:00,1,76.99,19.58,2025-06-01,6,6
2025-06-01 07:00:00+00:00,1,85.77,30.98,2025-06-01,7,6
2025-06-01 08:00:00+00:00,1,95.48,42.53,2025-06-01,8,6
2025-06-01 09:00:00+00:00,1,107.75,53.83,2025-06-01,9,6
2025-06-01 10:00:00+00:00,1,126.33,64.12,2025-06-01,10,6
2025-06-01 11:00:00+00:00,1,159.94,71.31,2025-06-01,11,6
2025-06-01 12:00:00+00:00,1,203.0,71.06,2025-06-01,12,6
2025-06-01 13:00:00+00:00,1,234.63,63.77,2025-06-01,13,6
2025-06-01 14:00:00+00:00,1,252.85,53.42,2025-06-01,14,6
2025-06-01 15:00:00+00:00,1,264.98,42.09,2025-06-01,15,6
2025-06-01 16:00:00+00:00,1,274.64,30.56,2025-06-01,16,6
2025-06-01 17:00:00+00:00,1,283.4,19.17,2025-06-01,17,6
2025-06-01 18:00:00+00:00,1,292.6,7.69,2025-06-01,18,6
2025-06-01 19:00:00+00:00,1,300.2,-0.64,2025-06-01,19,6
2025-06-01 20:00:00+00:00,0,311.83,-11.37,2025-06-01,20,6
2025-06-01 21:00:00+00:00,0,321.55,-17.98,2025-06-01,21,6
2025-06-01 22:00:00+00:00,0,334.89,-24.02,2025-06-01,22,6
2025-06-01 23:00:00+00:00,0,262.36,-27.73,2025-06-01,23,6
2025-06-02 00:00:00+00:00,0,10.45,-27.49,2025-06-02,0,0
2025-06-02 01:00:00+00:00,0,25.33,-23.92,2025-06-02,1,0
2025-06-02 02:00:00+00:00,0,38.7,-17.8,2025-06-02,2,0
2025-06-02 03:00:00+00:00,0,48.3,-11.23,2025-06-02,3,0
2025-06-02 04:00:00+00:00,1,59.75,-0.62,2025-06-02,4,0
2025-06-02 05:00:00+00:00,1,67.45,7.84,2025-06-02,5,0
2025-06-02 06:00:00+00:00,1,76.81,19.57,2025-06-02,6,0
2025-06-02 07:00:00+00:00,1,85.57,30.97,2025-06-02,7,0
2025-06-02 08:00:00+00:00,1,95.25,42.51,2025-06-02,8,0
2025-06-02 09:00:00+00:00,1,107.47,53.83,2025-06-02,9,0
2025-06-02 10:00:00+00:00,1,125.95,64.15,2025-06-02,10,0
2025-06-02 11:00:00+00:00,1,159.54,71.4,2025-06-02,11,0
2025-06-02 12:00:00+00:00,1,203.13,71.18,2025-06-02,12,0
2025-06-02 13:00:00+00:00,1,234.83,63.86,2025-06-02,13,0
2025-06-02 14:00:00+00:00,1,253.02,53.49,2025-06-02,14,0
2025-06-02 15:00:00+00:00,1,265.13,42.16,2025-06-02,15,0
2025-06-02 16:00:00+00:00,1,274.76,30.63,2025-06-02,16,0
2025-06-02 17:00:00+00:00,1,283.51,19.24,2025-06-02,17,0
2025-06-02 18:00:00+00:00,1,292.75,7.71,2025-06-02,18,0
2025-06-02 19:00:00+00:00,1,300.37,-0.63,2025-06-02,19,0
2025-06-02 20:00:00+00:00,0,312.03,-11.36,2025-06-02,20,0
2025-06-02 21:00:00+00:00,0,321.79,-17.98,2025-06-02,21,0
2025-06-02 22:00:00+00:00,0,335.16,-23.98,2025-06-02,22,0
2025-06-02 23:00:00+00:00,0,262.55,-27.63,2025-06-02,23,0
2025-06-03 00:00:00+00:00,0,10.43,-27.37,2025-06-03,0,1
2025-06-03 01:00:00+00:00,0,25.28,-23.81,2025-06-03,1,1
2025-06-03 02:00:00+00:00,0,38.5,-17.77,2025-06-03,2,1
2025-06-03 03:00:00+00:00,0,48.08,-11.24,2025-06-03,3,1
2025-06-03 04:00:00+00:00,1,59.76,-0.43,2025-06-03,4,1
2025-06-03 05:00:00+00:00,1,67.44,8.02,2025-06-03,5,1
2025-06-03 06:00:00+00:00,1,76.64,19.56,2025-06-03,6,1
2025-06-03 07:00:00+00:00,1,85.39,30.96,2025-06-03,7,1
2025-06-03 08:00:00+00:00,1,95.03,42.5,2025-06-03,8,1
2025-06-03 09:00:00+00:00,1,107.2,53.82,2025-06-03,9,1
2025-06-03 10:00:00+00:00,1,125.59,64.17,2025-06-03,10,1
2025-06-03 11:00:00+00:00,1,159.15,71.49,2025-06-03,11,1
2025-06-03 12:00:00+00:00,1,203.25,71.29,2025-06-03,12,1
2025-06-03 13:00:00+00:00,1,235.02,63.95,2025-06-03,13,1
2025-06-03 14:00:00+00:00,1,253.19,53.57,2025-06-03,14,1
2025-06-03 15:00:00+00:00,1,265.27,42.23,2025-06-03,15,1
2025-06-03 16:00:00+00:00,1,274.88,30.7,2025-06-03,16,1
2025-06-03 17:00:00+00:00,1,283.62,19.31,2025-06-03,17,1
2025-06-03 18:00:00+00:00,1,292.74,7.91,2025-06-03,18,1
2025-06-03 19:00:00+00:00,1,300.35,-0.43,2025-06-03,19,1
2025-06-03 20:00:00+00:00,0,311.47,-10.8,2025-06-03,20,1
2025-06-03 21:00:00+00:00,0,321.12,-17.42,2025-06-03,21,1
2025-06-03 22:00:00+00:00,0,335.41,-23.93,2025-06-03,22,1
2025-06-03 23:00:00+00:00,0,350.3,-27.35,2025-06-03,23,1
2025-06-04 00:00:00+00:00,0,5.23,-27.77,2025-06-04,0,2
2025-06-04 01:00:00+00:00,0,20.43,-25.2,2025-06-04,1,2
2025-06-04 02:00:00+00:00,0,36.63,-18.6,2025-06-04,2,2
2025-06-04 03:00:00+00:00,0,47.87,-11.25,2025-06-04,3,2
2025-06-04 04:00:00+00:00,1,59.59,-0.43,2025-06-04,4,2
2025-06-04 05:00:00+00:00,1,67.27,8.01,2025-06-04,5,2
2025-06-04 06:00:00+00:00,1,76.48,19.55,2025-06-04,6,2
2025-06-04 07:00:00+00:00,1,85.21,30.94,2025-06-04,7,2
2025-06-04 08:00:00+00:00,1,94.83,42.48,2025-06-04,8,2
2025-06-04 09:00:00+00:00,1,106.94,53.82,2025-06-04,9,2
2025-06-04 10:00:00+00:00,1,125.25,64.19,2025-06-04,10,2
2025-06-04 11:00:00+00:00,1,157.38,71.48,2025-06-04,11,2
2025-06-04 12:00:00+00:00,1,200.6,71.68,2025-06-04,12,2
2025-06-04 13:00:00+00:00,1,233.6,64.66,2025-06-04,13,2
2025-06-04 14:00:00+00:00,1,252.38,54.37,2025-06-04,14,2
2025-06-04 15:00:00+00:00,1,264.69,43.06,2025-06-04,15,2
2025-06-04 16:00:00+00:00,1,274.39,31.53,2025-06-04,16,2
2025-06-04 17:00:00+00:00,1,283.14,20.13,2025-06-04,17,2
2025-06-04 18:00:00+00:00,1,292.67,8.17,2025-06-04,18,2
2025-06-04 19:00:00+00:00,1,300.5,-0.43,2025-06-04,19,2
2025-06-04 20:00:00+00:00,0,311.65,-10.79,2025-06-04,20,2
2025-06-04 21:00:00+00:00,0,321.33,-17.41,2025-06-04,21,2
2025-06-04 22:00:00+00:00,0,335.64,-23.89,2025-06-04,22,2
2025-06-04 23:00:00+00:00,0,350.52,-27.26,2025-06-04,23,2
2025-06-05 00:00:00+00:00,0,5.22,-27.66,2025-06-05,0,3
2025-06-05 01:00:00+00:00,0,20.4,-25.09,2025-06-05,1,3
2025-06-05 02:00:00+00:00,0,36.46,-18.57,2025-06-05,2,3
2025-06-05 03:00:00+00:00,0,47.66,-11.26,2025-06-05,3,3
2025-06-05 04:00:00+00:00,1,59.43,-0.44,2025-06-05,4,3
2025-06-05 05:00:00+00:00,1,67.12,8.0,2025-06-05,5,3
2025-06-05 06:00:00+00:00,1,76.33,19.54,2025-06-05,6,3
2025-06-05 07:00:00+00:00,1,85.05,30.93,2025-06-05,7,3
2025-06-05 08:00:00+00:00,1,94.64,42.47,2025-06-05,8,3
2025-06-05 09:00:00+00:00,1,106.7,53.81,2025-06-05,9,3
2025-06-05 10:00:00+00:00,1,124.92,64.21,2025-06-05,10,3
2025-06-05 11:00:00+00:00,1,157.0,71.55,2025-06-05,11,3
2025-06-05 12:00:00+00:00,1,200.69,71.79,2025-06-05,12,3
2025-06-05 13:00:00+00:00,1,233.77,64.74,2025-06-05,13,3
2025-06-05 14:00:00+00:00,1,252.53,54.44,2025-06-05,14,3
2025-06-05 15:00:00+00:00,1,264.81,43.13,2025-06-05,15,3
2025-06-05 16:00:00+00:00,1,274.49,31.59,2025-06-05,16,3
2025-06-05 17:00:00+00:00,1,283.23,20.2,2025-06-05,17,3
2025-06-05 18:00:00+00:00,1,292.8,8.19,2025-06-05,18,3
2025-06-05 19:00:00+00:00,1,300.65,-0.42,2025-06-05,19,3
2025-06-05 20:00:00+00:00,0,311.82,-10.79,2025-06-05,20,3
2025-06-05 21:00:00+00:00,0,321.52,-17.4,2025-06-05,21,3
2025-06-05 22:00:00+00:00,0,335.87,-23.85,2025-06-05,22,3
2025-06-05 23:00:00+00:00,0,350.74,-27.18,2025-06-05,23,3
2025-06-06 00:00:00+00:00,0,5.21,-27.56,2025-06-06,0,4
2025-06-06 01:00:00+00:00,0,20.36,-24.99,2025-06-06,1,4
2025-06-06 02:00:00+00:00,0,37.33,-17.95,2025-06-06,2,4
2025-06-06 03:00:00+00:00,0,48.2,-10.74,2025-06-06,3,4
2025-06-06 04:00:00+00:00,1,59.28,-0.44,2025-06-06,4,4
2025-06-06 05:00:00+00:00,1,66.98,7.99,2025-06-06,5,4
2025-06-06 06:00:00+00:00,1,76.19,19.54,2025-06-06,6,4
2025-06-06 07:00:00+00:00,1,84.89,30.92,2025-06-06,7,4
2025-06-06 08:00:00+00:00,1,94.46,42.46,2025-06-06,8,4
2025-06-06 09:00:00+00:00,1,106.47,53.81,2025-06-06,9,4
2025-06-06 10:00:00+00:00,1,124.62,64.23,2025-06-06,10,4
2025-06-06 11:00:00+00:00,1,156.65,71.62,2025-06-06,11,4
2025-06-06 12:00:00+00:00,1,200.79,71.88,2025-06-06,12,4
2025-06-06 13:00:00+00:00,1,233.93,64.82,2025-06-06,13,4
2025-06-06 14:00:00+00:00,1,252.67,54.5,2025-06-06,14,4
2025-06-06 15:00:00+00:00,1,264.93,43.18,2025-06-06,15,4
2025-06-06 16:00:00+00:00,1,274.59,31.65,2025-06-06,16,4
2025-06-06 17:00:00+00:00,1,283.32,20.25,2025-06-06,17,4
2025-06-06 18:00:00+00:00,1,292.75,8.39,2025-06-06,18,4
2025-06-06 19:00:00+00:00,1,300.6,-0.22,2025-06-06,19,4
2025-06-06 20:00:00+00:00,0,311.98,-10.78,2025-06-06,20,4
2025-06-06 21:00:00+00:00,0,321.71,-17.39,2025-06-06,21,4
2025-06-06 22:00:00+00:00,0,336.08,-23.82,2025-06-06,22,4
2025-06-06 23:00:00+00:00,0,350.94,-27.1,2025-06-06,23,4
2025-06-07 00:00:00+00:00,0,5.21,-27.46,2025-06-07,0,5
2025-06-07 01:00:00+00:00,0,20.34,-24.89,2025-06-07,1,5
2025-06-07 02:00:00+00:00,0,37.18,-17.92,2025-06-07,2,5
2025-06-07 03:00:00+00:00,0,48.03,-10.75,2025-06-07,3,5
2025-06-07 04:00:00+00:00,1,59.14,-0.44,2025-06-07,4,5
2025-06-07 05:00:00+00:00,1,66.84,7.98,2025-06-07,5,5
2025-06-07 06:00:00+00:00,1,76.06,19.53,2025-06-07,6,5
2025-06-07 07:00:00+00:00,1,84.74,30.9,2025-06-07,7,5
2025-06-07 08:00:00+00:00,1,94.29,42.44,2025-06-07,8,5
2025-06-07 09:00:00+00:00,1,106.26,53.8,2025-06-07,9,5
2025-06-07 10:00:00+00:00,1,124.33,64.24,2025-06-07,10,5
2025-06-07 11:00:00+00:00,1,156.31,71.68,2025-06-07,11,5
2025-06-07 12:00:00+00:00,1,200.87,71.97,2025-06-07,12,5
2025-06-07 13:00:00+00:00,1,234.08,64.89,2025-06-07,13,5
2025-06-07 14:00:00+00:00,1,252.8,54.56,2025-06-07,14,5
2025-06-07 15:00:00+00:00,1,265.04,43.23,2025-06-07,15,5
2025-06-07 16:00:00+00:00,1,274.68,31.7,2025-06-07,16,5
2025-06-07 17:00:00+00:00,1,283.4,20.31,2025-06-07,17,5
2025-06-07 18:00:00+00:00,1,292.87,8.41,2025-06-07,18,5
2025-06-07 19:00:00+00:00,1,300.72,-0.22,2025-06-07,19,5
2025-06-07 20:00:00+00:00,0,312.13,-10.78,2025-06-07,20,5
2025-06-07 21:00:00+00:00,0,321.88,-17.38,2025-06-07,21,5
2025-06-07 22:00:00+00:00,0,336.28,-23.79,2025-06-07,22,5
2025-06-07 23:00:00+00:00,0,351.14,-27.03,2025-06-07,23,5
2025-06-08 00:00:00+00:00,0,5.2,-27.37,2025-06-08,0,6
2025-06-08 01:00:00+00:00,0,20.3,-24.8,2025-06-08,1,6
2025-06-08 02:00:00+00:00,0,37.04,-17.9,2025-06-08,2,6
2025-06-08 03:00:00+00:00,0,47.86,-10.76,2025-06-08,3,6
2025-06-08 04:00:00+00:00,1,59.01,-0.44,2025-06-08,4,6
2025-06-08 05:00:00+00:00,1,66.72,7.98,2025-06-08,5,6
2025-06-08 06:00:00+00:00,1,75.93,19.52,2025-06-08,6,6
2025-06-08 07:00:00+00:00,1,84.61,30.89,2025-06-08,7,6
2025-06-08 08:00:00+00:00,1,94.13,42.43,2025-06-08,8,6
2025-06-08 09:00:00+00:00,1,106.06,53.8,2025-06-08,9,6
2025-06-08 10:00:00+00:00,1,124.06,64.26,2025-06-08,10,6
2025-06-08 11:00:00+00:00,1,156.01,71.74,2025-06-08,11,6
2025-06-08 12:00:00+00:00,1,200.95,72.06,2025-06-08,12,6
2025-06-08 13:00:00+00:00,1,234.22,64.95,2025-06-08,13,6
2025-06-08 14:00:00+00:00,1,252.92,54.61,2025-06-08,14,6
2025-06-08 15:00:00+00:00,1,265.14,43.29,2025-06-08,15,6
2025-06-08 16:00:00+00:00,1,274.77,31.75,2025-06-08,16,6
2025-06-08 17:00:00+00:00,1,283.48,20.36,2025-06-08,17,6
2025-06-08 18:00:00+00:00,1,292.97,8.43,2025-06-08,18,6
2025-06-08 19:00:00+00:00,1,300.57,0.06,2025-06-08,19,6
2025-06-08 20:00:00+00:00,0,311.54,-10.18,2025-06-08,20,6
2025-06-08 21:00:00+00:00,0,322.04,-17.37,2025-06-08,21,6
2025-06-08 22:00:00+00:00,0,336.46,-23.75,2025-06-08,22,6
2025-06-08 23:00:00+00:00,0,351.31,-26.97,2025-06-08,23,6
2025-06-09 00:00:00+00:00,0,5.19,-27.28,2025-06-09,0,0
2025-06-09 01:00:00+00:00,0,20.28,-24.72,2025-06-09,1,0
2025-06-09 02:00:00+00:00,0,36.91,-17.87,2025-06-09,2,0
2025-06-09 03:00:00+00:00,0,47.71,-10.77,2025-06-09,3,0
2025-06-09 04:00:00+00:00,1,58.89,-0.45,2025-06-09,4,0
2025-06-09 05:00:00+00:00,1,66.6,7.97,2025-06-09,5,0
2025-06-09 06:00:00+00:00,1,75.82,19.52,2025-06-09,6,0
2025-06-09 07:00:00+00:00,1,84.48,30.88,2025-06-09,7,0
2025-06-09 08:00:00+00:00,1,93.98,42.42,2025-06-09,8,0
2025-06-09 09:00:00+00:00,1,105.88,53.79,2025-06-09,9,0
2025-06-09 10:00:00+00:00,1,123.82,64.27,2025-06-09,10,0
2025-06-09 11:00:00+00:00,1,155.72,71.79,2025-06-09,11,0
2025-06-09 12:00:00+00:00,1,201.03,72.14,2025-06-09,12,0
2025-06-09 13:00:00+00:00,1,234.35,65.01,2025-06-09,13,0
2025-06-09 14:00:00+00:00,1,253.04,54.66,2025-06-09,14,0
2025-06-09 15:00:00+00:00,1,265.23,43.33,2025-06-09,15,0
2025-06-09 16:00:00+00:00,1,274.85,31.79,2025-06-09,16,0
2025-06-09 17:00:00+00:00,1,283.55,20.41,2025-06-09,17,0
2025-06-09 18:00:00+00:00,1,293.06,8.44,2025-06-09,18,0
2025-06-09 19:00:00+00:00,1,300.68,0.07,2025-06-09,19,0
2025-06-09 20:00:00+00:00,0,311.67,-10.17,2025-06-09,20,0
2025-06-09 21:00:00+00:00,0,322.2,-17.36,2025-06-09,21,0
2025-06-09 22:00:00+00:00,0,336.63,-23.73,2025-06-09,22,0
2025-06-09 23:00:00+00:00,0,351.48,-26.91,2025-06-09,23,0
2025-06-10 00:00:00+00:00,0,5.19,-27.2,2025-06-10,0,1
2025-06-10 01:00:00+00:00,0,20.25,-24.65,2025-06-10,1,1
2025-06-10 02:00:00+00:00,0,36.79,-17.86,2025-06-10,2,1
2025-06-10 03:00:00+00:00,0,47.57,-10.77,2025-06-10,3,1
2025-06-10 04:00:00+00:00,1,58.78,-0.45,2025-06-10,4,1
2025-06-10 05:00:00+00:00,1,66.49,7.96,2025-06-10,5,1
2025-06-10 06:00:00+00:00,1,75.71,19.51,2025-06-10,6,1
2025-06-10 07:00:00+00:00,1,84.37,30.87,2025-06-10,7,1
2025-06-10 08:00:00+00:00,1,93.85,42.41,2025-06-10,8,1
2025-06-10 09:00:00+00:00,1,105.71,53.79,2025-06-10,9,1
2025-06-10 10:00:00+00:00,1,123.58,64.28,2025-06-10,10,1
2025-06-10 11:00:00+00:00,1,155.44,71.84,2025-06-10,11,1
2025-06-10 12:00:00+00:00,1,201.1,72.21,2025-06-10,12,1
2025-06-10 13:00:00+00:00,1,234.47,65.07,2025-06-10,13,1
2025-06-10 14:00:00+00:00,1,253.14,54.71,2025-06-10,14,1
2025-06-10 15:00:00+00:00,1,265.32,43.37,2025-06-10,15,1
2025-06-10 16:00:00+00:00,1,274.92,31.83,2025-06-10,16,1
2025-06-10 17:00:00+00:00,1,283.61,20.45,2025-06-10,17,1
2025-06-10 18:00:00+00:00,1,292.93,8.71,2025-06-10,18,1
2025-06-10 19:00:00+00:00,1,300.6,0.26,2025-06-10,19,1
2025-06-10 20:00:00+00:00,0,311.79,-10.17,2025-06-10,20,1
2025-06-10 21:00:00+00:00,0,322.33,-17.36,2025-06-10,21,1
2025-06-10 22:00:00+00:00,0,336.79,-23.7,2025-06-10,22,1
2025-06-10 23:00:00+00:00,0,351.62,-26.85,2025-06-10,23,1
2025-06-11 00:00:00+00:00,0,5.18,-27.13,2025-06-11,0,2
2025-06-11 01:00:00+00:00,0,20.23,-24.58,2025-06-11,1,2
2025-06-11 02:00:00+00:00,0,36.68,-17.84,2025-06-11,2,2
2025-06-11 03:00:00+00:00,0,47.44,-10.78,2025-06-11,3,2
2025-06-11 04:00:00+00:00,1,58.68,-0.45,2025-06-11,4,2
2025-06-11 05:00:00+00:00,1,66.39,7.96,2025-06-11,5,2
2025-06-11 06:00:00+00:00,1,75.61,19.5,2025-06-11,6,2
2025-06-11 07:00:00+00:00,1,84.26,30.86,2025-06-11,7,2
2025-06-11 08:00:00+00:00,1,93.72,42.4,2025-06-11,8,2
2025-06-11 09:00:00+00:00,1,105.55,53.78,2025-06-11,9,2
2025-06-11 10:00:00+00:00,1,123.37,64.29,2025-06-11,10,2
2025-06-11 11:00:00+00:00,1,155.19,71.89,2025-06-11,11,2
2025-06-11 12:00:00+00:00,1,201.16,72.27,2025-06-11,12,2
2025-06-11 13:00:00+00:00,1,234.58,65.12,2025-06-11,13,2
2025-06-11 14:00:00+00:00,1,253.24,54.75,2025-06-11,14,2
2025-06-11 15:00:00+00:00,1,265.4,43.41,2025-06-11,15,2
2025-06-11 16:00:00+00:00,1,274.99,31.87,2025-06-11,16,2
2025-06-11 17:00:00+00:00,1,283.67,20.49,2025-06-11,17,2
2025-06-11 18:00:00+00:00,1,293.01,8.72,2025-06-11,18,2
2025-06-11 19:00:00+00:00,1,300.69,0.26,2025-06-11,19,2
2025-06-11 20:00:00+00:00,0,311.89,-10.16,2025-06-11,20,2
2025-06-11 21:00:00+00:00,0,322.46,-17.35,2025-06-11,21,2
2025-06-11 22:00:00+00:00,0,336.93,-23.67,2025-06-11,22,2
2025-06-11 23:00:00+00:00,0,351.76,-26.8,2025-06-11,23,2
2025-06-12 00:00:00+00:00,0,5.17,-27.06,2025-06-12,0,3
2025-06-12 01:00:00+00:00,0,20.21,-24.52,2025-06-12,1,3
2025-06-12 02:00:00+00:00,0,36.58,-17.82,2025-06-12,2,3
2025-06-12 03:00:00+00:00,0,47.33,-10.79,2025-06-12,3,3
2025-06-12 04:00:00+00:00,1,58.58,-0.45,2025-06-12,4,3
2025-06-12 05:00:00+00:00,1,66.3,7.95,2025-06-12,5,3
2025-06-12 06:00:00+00:00,1,75.53,19.5,2025-06-12,6,3
2025-06-12 07:00:00+00:00,1,84.16,30.85,2025-06-12,7,3
2025-06-12 08:00:00+00:00,1,93.61,42.39,2025-06-12,8,3
2025-06-12 09:00:00+00:00,1,105.41,53.78,2025-06-12,9,3
2025-06-12 10:00:00+00:00,1,123.19,64.3,2025-06-12,10,3
2025-06-12 11:00:00+00:00,1,154.97,71.93,2025-06-12,11,3
2025-06-12 12:00:00+00:00,1,199.82,72.42,2025-06-12,12,3
2025-06-12 13:00:00+00:00,1,234.68,65.17,2025-06-12,13,3
2025-06-12 14:00:00+00:00,1,253.32,54.79,2025-06-12,14,3
2025-06-12 15:00:00+00:00,1,265.47,43.45,2025-06-12,15,3
2025-06-12 16:00:00+00:00,1,275.05,31.91,2025-06-12,16,3
2025-06-12 17:00:00+00:00,1,283.72,20.53,2025-06-12,17,3
2025-06-12 18:00:00+00:00,1,293.08,8.73,2025-06-12,18,3
2025-06-12 19:00:00+00:00,1,300.77,0.26,2025-06-12,19,3
2025-06-12 20:00:00+00:00,0,311.41,-9.68,2025-06-12,20,3
2025-06-12 21:00:00+00:00,0,322.57,-17.34,2025-06-12,21,3
2025-06-12 22:00:00+00:00,0,337.06,-23.65,2025-06-12,22,3
2025-06-12 23:00:00+00:00,0,351.89,-26.75,2025-06-12,23,3
2025-06-13 00:00:00+00:00,0,5.18,-27.01,2025-06-13,0,4
2025-06-13 01:00:00+00:00,0,20.19,-24.46,2025-06-13,1,4
2025-06-13 02:00:00+00:00,0,36.48,-17.8,2025-06-13,2,4
2025-06-13 03:00:00+00:00,0,47.23,-10.79,2025-06-13,3,4
2025-06-13 04:00:00+00:00,1,58.5,-0.46,2025-06-13,4,4
2025-06-13 05:00:00+00:00,1,66.23,7.95,2025-06-13,5,4
2025-06-13 06:00:00+00:00,1,75.45,19.5,2025-06-13,6,4
2025-06-13 07:00:00+00:00,1,84.08,30.85,2025-06-13,7,4
2025-06-13 08:00:00+00:00,1,93.52,42.39,2025-06-13,8,4
2025-06-13 09:00:00+00:00,1,105.29,53.77,2025-06-13,9,4
2025-06-13 10:00:00+00:00,1,123.02,64.31,2025-06-13,10,4
2025-06-13 11:00:00+00:00,1,154.78,71.96,2025-06-13,11,4
2025-06-13 12:00:00+00:00,1,199.87,72.47,2025-06-13,12,4
2025-06-13 13:00:00+00:00,1,234.77,65.2,2025-06-13,13,4
2025-06-13 14:00:00+00:00,1,253.4,54.82,2025-06-13,14,4
2025-06-13 15:00:00+00:00,1,265.53,43.47,2025-06-13,15,4
2025-06-13 16:00:00+00:00,1,275.11,31.94,2025-06-13,16,4
2025-06-13 17:00:00+00:00,1,283.77,20.56,2025-06-13,17,4
2025-06-13 18:00:00+00:00,1,293.14,8.74,2025-06-13,18,4
2025-06-13 19:00:00+00:00,1,300.84,0.27,2025-06-13,19,4
2025-06-13 20:00:00+00:00,0,311.49,-9.68,2025-06-13,20,4
2025-06-13 21:00:00+00:00,0,322.67,-17.34,2025-06-13,21,4
2025-06-13 22:00:00+00:00,0,337.17,-23.63,2025-06-13,22,4
2025-06-13 23:00:00+00:00,0,351.99,-26.71,2025-06-13,23,4
2025-06-14 00:00:00+00:00,0,5.16,-26.95,2025-06-14,0,5
2025-06-14 01:00:00+00:00,0,20.17,-24.41,2025-06-14,1,5
2025-06-14 02:00:00+00:00,0,36.4,-17.79,2025-06-14,2,5
2025-06-14 03:00:00+00:00,0,47.13,-10.8,2025-06-14,3,5
2025-06-14 04:00:00+00:00,1,58.42,-0.47,2025-06-14,4,5
2025-06-14 05:00:00+00:00,1,66.16,7.95,2025-06-14,5,5
2025-06-14 06:00:00+00:00,1,75.38,19.5,2025-06-14,6,5
2025-06-14 07:00:00+00:00,1,84.01,30.84,2025-06-14,7,5
2025-06-14 08:00:00+00:00,1,93.43,42.38,2025-06-14,8,5
2025-06-14 09:00:00+00:00,1,105.18,53.77,2025-06-14,9,5
2025-06-14 10:00:00+00:00,1,122.87,64.32,2025-06-14,10,5
2025-06-14 11:00:00+00:00,1,154.6,71.99,2025-06-14,11,5
2025-06-14 12:00:00+00:00,1,199.89,72.52,2025-06-14,12,5
2025-06-14 13:00:00+00:00,1,234.85,65.24,2025-06-14,13,5
2025-06-14 14:00:00+00:00,1,253.47,54.85,2025-06-14,14,5
2025-06-14 15:00:00+00:00,1,265.59,43.5,2025-06-14,15,5
2025-06-14 16:00:00+00:00,1,275.15,31.96,2025-06-14,16,5
2025-06-14 17:00:00+00:00,1,283.81,20.59,2025-06-14,17,5
2025-06-14 18:00:00+00:00,1,293.2,8.75,2025-06-14,18,5
2025-06-14 19:00:00+00:00,1,300.9,0.27,2025-06-14,19,5
2025-06-14 20:00:00+00:00,0,311.56,-9.68,2025-06-14,20,5
2025-06-14 21:00:00+00:00,0,322.76,-17.33,2025-06-14,21,5
2025-06-14 22:00:00+00:00,0,337.27,-23.61,2025-06-14,22,5
2025-06-14 23:00:00+00:00,0,352.09,-26.68,2025-06-14,23,5
2025-06-15 00:00:00+00:00,0,5.16,-26.91,2025-06-15,0,6
2025-06-15 01:00:00+00:00,0,20.16,-24.37,2025-06-15,1,6
2025-06-15 02:00:00+00:00,0,36.34,-17.78,2025-06-15,2,6
2025-06-15 03:00:00+00:00,0,47.05,-10.8,2025-06-15,3,6
2025-06-15 04:00:00+00:00,1,58.36,-0.47,2025-06-15,4,6
2025-06-15 05:00:00+00:00,1,66.1,7.94,2025-06-15,5,6
2025-06-15 06:00:00+00:00,1,75.32,19.49,2025-06-15,6,6
2025-06-15 07:00:00+00:00,1,83.94,30.84,2025-06-15,7,6
2025-06-15 08:00:00+00:00,1,93.35,42.37,2025-06-15,8,6
2025-06-15 09:00:00+00:00,1,105.09,53.76,2025-06-15,9,6
2025-06-15 10:00:00+00:00,1,122.74,64.32,2025-06-15,10,6
2025-06-15 11:00:00+00:00,1,154.44,72.02,2025-06-15,11,6
2025-06-15 12:00:00+00:00,1,199.93,72.55,2025-06-15,12,6
2025-06-15 13:00:00+00:00,1,234.92,65.27,2025-06-15,13,6
2025-06-15 14:00:00+00:00,1,253.52,54.87,2025-06-15,14,6
2025-06-15 15:00:00+00:00,1,265.64,43.52,2025-06-15,15,6
2025-06-15 16:00:00+00:00,1,275.19,31.99,2025-06-15,16,6
2025-06-15 17:00:00+00:00,1,283.85,20.61,2025-06-15,17,6
2025-06-15 18:00:00+00:00,1,293.08,8.95,2025-06-15,18,6
2025-06-15 19:00:00+00:00,1,300.78,0.46,2025-06-15,19,6
2025-06-15 20:00:00+00:00,0,310.89,-9.12,2025-06-15,20,6
2025-06-15 21:00:00+00:00,0,321.95,-16.8,2025-06-15,21,6
2025-06-15 22:00:00+00:00,0,337.36,-23.6,2025-06-15,22,6
2025-06-15 23:00:00+00:00,0,352.17,-26.64,2025-06-15,23,6
2025-06-16 00:00:00+00:00,0,5.16,-26.87,2025-06-16,0,0
2025-06-16 01:00:00+00:00,0,20.15,-24.33,2025-06-16,1,0
2025-06-16 02:00:00+00:00,0,36.28,-17.77,2025-06-16,2,0
2025-06-16 03:00:00+00:00,0,46.99,-10.81,2025-06-16,3,0
2025-06-16 04:00:00+00:00,1,58.3,-0.47,2025-06-16,4,0
2025-06-16 05:00:00+00:00,1,66.04,7.94,2025-06-16,5,0
2025-06-16 06:00:00+00:00,1,75.27,19.49,2025-06-16,6,0
2025-06-16 07:00:00+00:00,1,83.88,30.83,2025-06-16,7,0
2025-06-16 08:00:00+00:00,1,93.29,42.37,2025-06-16,8,0
2025-06-16 09:00:00+00:00,1,105.01,53.76,2025-06-16,9,0
2025-06-16 10:00:00+00:00,1,122.64,64.32,2025-06-16,10,0
2025-06-16 11:00:00+00:00,1,154.31,72.04,2025-06-16,11,0
2025-06-16 12:00:00+00:00,1,199.95,72.59,2025-06-16,12,0
2025-06-16 13:00:00+00:00,1,234.97,65.3,2025-06-16,13,0
2025-06-16 14:00:00+00:00,1,253.57,54.89,2025-06-16,14,0
2025-06-16 15:00:00+00:00,1,265.67,43.54,2025-06-16,15,0
2025-06-16 16:00:00+00:00,1,275.23,32.0,2025-06-16,16,0
2025-06-16 17:00:00+00:00,1,283.88,20.63,2025-06-16,17,0
2025-06-16 18:00:00+00:00,1,293.12,8.95,2025-06-16,18,0
2025-06-16 19:00:00+00:00,1,300.82,0.46,2025-06-16,19,0
2025-06-16 20:00:00+00:00,0,310.94,-9.12,2025-06-16,20,0
2025-06-16 21:00:00+00:00,0,322.01,-16.79,2025-06-16,21,0
2025-06-16 22:00:00+00:00,0,337.43,-23.59,2025-06-16,22,0
2025-06-16 23:00:00+00:00,0,352.24,-26.62,2025-06-16,23,0
2025-06-17 00:00:00+00:00,0,5.16,-26.84,2025-06-17,0,1
2025-06-17 01:00:00+00:00,0,20.14,-24.3,2025-06-17,1,1
2025-06-17 02:00:00+00:00,0,36.23,-17.76,2025-06-17,2,1
2025-06-17 03:00:00+00:00,0,46.93,-10.81,2025-06-17,3,1
2025-06-17 04:00:00+00:00,1,58.26,-0.47,2025-06-17,4,1
2025-06-17 05:00:00+00:00,1,66.0,7.94,2025-06-17,5,1
2025-06-17 06:00:00+00:00,1,75.23,19.49,2025-06-17,6,1
2025-06-17 07:00:00+00:00,1,83.84,30.83,2025-06-17,7,1
2025-06-17 08:00:00+00:00,1,93.24,42.36,2025-06-17,8,1
2025-06-17 09:00:00+00:00,1,104.94,53.76,2025-06-17,9,1
2025-06-17 10:00:00+00:00,1,122.55,64.33,2025-06-17,10,1
2025-06-17 11:00:00+00:00,1,154.21,72.06,2025-06-17,11,1
2025-06-17 12:00:00+00:00,1,199.97,72.61,2025-06-17,12,1
2025-06-17 13:00:00+00:00,1,235.02,65.32,2025-06-17,13,1
2025-06-17 14:00:00+00:00,1,253.61,54.91,2025-06-17,14,1
2025-06-17 15:00:00+00:00,1,265.71,43.56,2025-06-17,15,1
2025-06-17 16:00:00+00:00,1,275.25,32.02,2025-06-17,16,1
2025-06-17 17:00:00+00:00,1,283.9,20.65,2025-06-17,17,1
2025-06-17 18:00:00+00:00,1,293.15,8.96,2025-06-17,18,1
2025-06-17 19:00:00+00:00,1,300.86,0.46,2025-06-17,19,1
2025-06-17 20:00:00+00:00,0,310.98,-9.12,2025-06-17,20,1
2025-06-17 21:00:00+00:00,0,322.06,-16.79,2025-06-17,21,1
2025-06-17 22:00:00+00:00,0,337.48,-23.58,2025-06-17,22,1
2025-06-17 23:00:00+00:00,0,352.29,-26.6,2025-06-17,23,1
2025-06-18 00:00:00+00:00,0,5.15,-26.81,2025-06-18,0,2
2025-06-18 01:00:00+00:00,0,20.13,-24.28,2025-06-18,1,2
2025-06-18 02:00:00+00:00,0,36.19,-17.76,2025-06-18,2,2
2025-06-18 03:00:00+00:00,0,46.89,-10.81,2025-06-18,3,2
2025-06-18 04:00:00+00:00,1,58.23,-0.47,2025-06-18,4,2
2025-06-18 05:00:00+00:00,1,65.97,7.94,2025-06-18,5,2
2025-06-18 06:00:00+00:00,1,75.2,19.48,2025-06-18,6,2
2025-06-18 07:00:00+00:00,1,83.81,30.83,2025-06-18,7,2
2025-06-18 08:00:00+00:00,1,93.2,42.36,2025-06-18,8,2
2025-06-18 09:00:00+00:00,1,104.89,53.76,2025-06-18,9,2
2025-06-18 10:00:00+00:00,1,122.48,64.33,2025-06-18,10,2
2025-06-18 11:00:00+00:00,1,154.13,72.07,2025-06-18,11,2
2025-06-18 12:00:00+00:00,1,199.99,72.64,2025-06-18,12,2
2025-06-18 13:00:00+00:00,1,235.05,65.33,2025-06-18,13,2
2025-06-18 14:00:00+00:00,1,253.64,54.92,2025-06-18,14,2
2025-06-18 15:00:00+00:00,1,265.73,43.57,2025-06-18,15,2
2025-06-18 16:00:00+00:00,1,275.27,32.03,2025-06-18,16,2
2025-06-18 17:00:00+00:00,1,283.92,20.66,2025-06-18,17,2
2025-06-18 18:00:00+00:00,1,293.17,8.96,2025-06-18,18,2
2025-06-18 19:00:00+00:00,1,300.88,0.46,2025-06-18,19,2
2025-06-18 20:00:00+00:00,0,311.0,-9.12,2025-06-18,20,2
2025-06-18 21:00:00+00:00,0,322.09,-16.79,2025-06-18,21,2
2025-06-18 22:00:00+00:00,0,337.52,-23.57,2025-06-18,22,2
2025-06-18 23:00:00+00:00,0,352.33,-26.58,2025-06-18,23,2
2025-06-19 00:00:00+00:00,0,5.15,-26.79,2025-06-19,0,3
2025-06-19 01:00:00+00:00,0,20.12,-24.26,2025-06-19,1,3
2025-06-19 02:00:00+00:00,0,36.16,-17.75,2025-06-19,2,3
2025-06-19 03:00:00+00:00,0,46.86,-10.81,2025-06-19,3,3
2025-06-19 04:00:00+00:00,1,58.2,-0.47,2025-06-19,4,3
2025-06-19 05:00:00+00:00,1,65.95,7.93,2025-06-19,5,3
2025-06-19 06:00:00+00:00,1,75.18,19.48,2025-06-19,6,3
2025-06-19 07:00:00+00:00,1,83.78,30.82,2025-06-19,7,3
2025-06-19 08:00:00+00:00,1,93.17,42.36,2025-06-19,8,3
2025-06-19 09:00:00+00:00,1,104.86,53.76,2025-06-19,9,3
2025-06-19 10:00:00+00:00,1,122.44,64.33,2025-06-19,10,3
2025-06-19 11:00:00+00:00,1,154.07,72.08,2025-06-19,11,3
2025-06-19 12:00:00+00:00,1,199.99,72.65,2025-06-19,12,3
2025-06-19 13:00:00+00:00,1,235.08,65.34,2025-06-19,13,3
2025-06-19 14:00:00+00:00,1,253.66,54.93,2025-06-19,14,3
2025-06-19 15:00:00+00:00,1,265.75,43.58,2025-06-19,15,3
2025-06-19 16:00:00+00:00,1,275.29,32.04,2025-06-19,16,3
2025-06-19 17:00:00+00:00,1,283.93,20.66,2025-06-19,17,3
2025-06-19 18:00:00+00:00,1,293.18,8.97,2025-06-19,18,3
2025-06-19 19:00:00+00:00,1,300.9,0.46,2025-06-19,19,3
2025-06-19 20:00:00+00:00,0,311.02,-9.11,2025-06-19,20,3
2025-06-19 21:00:00+00:00,0,322.11,-16.79,2025-06-19,21,3
2025-06-19 22:00:00+00:00,0,337.55,-23.56,2025-06-19,22,3
2025-06-19 23:00:00+00:00,0,352.35,-26.57,2025-06-19,23,3
2025-06-20 00:00:00+00:00,0,5.15,-26.78,2025-06-20,0,4
2025-06-20 01:00:00+00:00,0,20.12,-24.25,2025-06-20,1,4
2025-06-20 02:00:00+00:00,0,36.15,-17.75,2025-06-20,2,4
2025-06-20 03:00:00+00:00,0,46.84,-10.81,2025-06-20,3,4
2025-06-20 04:00:00+00:00,1,58.19,-0.47,2025-06-20,4,4
2025-06-20 05:00:00+00:00,1,65.93,7.93,2025-06-20,5,4
2025-06-20 06:00:00+00:00,1,75.16,19.48,2025-06-20,6,4
2025-06-20 07:00:00+00:00,1,83.77,30.82,2025-06-20,7,4
2025-06-20 08:00:00+00:00,1,93.16,42.36,2025-06-20,8,4
2025-06-20 09:00:00+00:00,1,104.84,53.76,2025-06-20,9,4
2025-06-20 10:00:00+00:00,1,122.41,64.33,2025-06-20,10,4
2025-06-20 11:00:00+00:00,1,154.04,72.09,2025-06-20,11,4
2025-06-20 12:00:00+00:00,1,200.0,72.66,2025-06-20,12,4
2025-06-20 13:00:00+00:00,1,235.09,65.35,2025-06-20,13,4
2025-06-20 14:00:00+00:00,1,253.67,54.93,2025-06-20,14,4
2025-06-20 15:00:00+00:00,1,265.75,43.58,2025-06-20,15,4
2025-06-20 16:00:00+00:00,1,275.29,32.04,2025-06-20,16,4
2025-06-20 17:00:00+00:00,1,283.93,20.67,2025-06-20,17,4
2025-06-20 18:00:00+00:00,1,293.19,8.97,2025-06-20,18,4
2025-06-20 19:00:00+00:00,1,300.91,0.46,2025-06-20,19,4
2025-06-20 20:00:00+00:00,0,311.03,-9.11,2025-06-20,20,4
2025-06-20 21:00:00+00:00,0,322.12,-16.79,2025-06-20,21,4
2025-06-20 22:00:00+00:00,0,337.56,-23.56,2025-06-20,22,4
2025-06-20 23:00:00+00:00,0,352.36,-26.57,2025-06-20,23,4
2025-06-21 00:00:00+00:00,0,5.15,-26.78,2025-06-21,0,5
2025-06-21 01:00:00+00:00,0,20.12,-24.25,2025-06-21,1,5
2025-06-21 02:00:00+00:00,0,36.14,-17.75,2025-06-21,2,5
2025-06-21 03:00:00+00:00,0,46.83,-10.81,2025-06-21,3,5
2025-06-21 04:00:00+00:00,1,58.18,-0.47,2025-06-21,4,5
2025-06-21 05:00:00+00:00,1,65.93,7.93,2025-06-21,5,5
2025-06-21 06:00:00+00:00,1,75.16,19.48,2025-06-21,6,5
2025-06-21 07:00:00+00:00,1,83.77,30.82,2025-06-21,7,5
2025-06-21 08:00:00+00:00,1,93.15,42.36,2025-06-21,8,5
2025-06-21 09:00:00+00:00,1,104.84,53.75,2025-06-21,9,5
2025-06-21 10:00:00+00:00,1,122.4,64.33,2025-06-21,10,5
2025-06-21 11:00:00+00:00,1,154.03,72.09,2025-06-21,11,5
2025-06-21 12:00:00+00:00,1,200.0,72.66,2025-06-21,12,5
2025-06-21 13:00:00+00:00,1,235.09,65.35,2025-06-21,13,5
2025-06-21 14:00:00+00:00,1,253.67,54.93,2025-06-21,14,5
2025-06-21 15:00:00+00:00,1,265.75,43.58,2025-06-21,15,5
2025-06-21 16:00:00+00:00,1,275.29,32.04,2025-06-21,16,5
2025-06-21 17:00:00+00:00,1,283.93,20.67,2025-06-21,17,5
2025-06-21 18:00:00+00:00,1,293.19,8.97,2025-06-21,18,5
2025-06-21 19:00:00+00:00,1,300.66,0.72,2025-06-21,19,5
2025-06-21 20:00:00+00:00,0,310.51,-8.68,2025-06-21,20,5
2025-06-21 21:00:00+00:00,0,322.12,-16.79,2025-06-21,21,5
2025-06-21 22:00:00+00:00,0,337.55,-23.57,2025-06-21,22,5
2025-06-21 23:00:00+00:00,0,352.36,-26.57,2025-06-21,23,5
2025-06-22 00:00:00+00:00,0,5.15,-26.78,2025-06-22,0,6
2025-06-22 01:00:00+00:00,0,20.12,-24.25,2025-06-22,1,6
2025-06-22 02:00:00+00:00,0,36.15,-17.75,2025-06-22,2,6
2025-06-22 03:00:00+00:00,0,46.84,-10.82,2025-06-22,3,6
2025-06-22 04:00:00+00:00,1,58.19,-0.47,2025-06-22,4,6
2025-06-22 05:00:00+00:00,1,65.94,7.93,2025-06-22,5,6
2025-06-22 06:00:00+00:00,1,75.17,19.48,2025-06-22,6,6
2025-06-22 07:00:00+00:00,1,83.77,30.82,2025-06-22,7,6
2025-06-22 08:00:00+00:00,1,93.16,42.36,2025-06-22,8,6
2025-06-22 09:00:00+00:00,1,104.85,53.75,2025-06-22,9,6
2025-06-22 10:00:00+00:00,1,122.42,64.33,2025-06-22,10,6
2025-06-22 11:00:00+00:00,1,154.05,72.08,2025-06-22,11,6
2025-06-22 12:00:00+00:00,1,199.99,72.65,2025-06-22,12,6
2025-06-22 13:00:00+00:00,1,235.08,65.34,2025-06-22,13,6
2025-06-22 14:00:00+00:00,1,253.66,54.93,2025-06-22,14,6
2025-06-22 15:00:00+00:00,1,265.74,43.58,2025-06-22,15,6
2025-06-22 16:00:00+00:00,1,275.28,32.04,2025-06-22,16,6
2025-06-22 17:00:00+00:00,1,283.93,20.66,2025-06-22,17,6
2025-06-22 18:00:00+00:00,1,293.02,9.15,2025-06-22,18,6
2025-06-22 19:00:00+00:00,1,300.48,0.9,2025-06-22,19,6
2025-06-22 20:00:00+00:00,0,310.5,-8.68,2025-06-22,20,6
2025-06-22 21:00:00+00:00,0,322.1,-16.79,2025-06-22,21,6
2025-06-22 22:00:00+00:00,0,337.53,-23.57,2025-06-22,22,6
2025-06-22 23:00:00+00:00,0,352.34,-26.58,2025-06-22,23,6
2025-06-23 00:00:00+00:00,0,5.15,-26.79,2025-06-23,0,0
2025-06-23 01:00:00+00:00,0,20.12,-24.26,2025-06-23,1,0
2025-06-23 02:00:00+00:00,0,36.16,-17.75,2025-06-23,2,0
2025-06-23 03:00:00+00:00,0,46.86,-10.81,2025-06-23,3,0
2025-06-23 04:00:00+00:00,1,58.2,-0.47,2025-06-23,4,0
2025-06-23 05:00:00+00:00,1,65.95,7.93,2025-06-23,5,0
2025-06-23 06:00:00+00:00,1,75.18,19.48,2025-06-23,6,0
2025-06-23 07:00:00+00:00,1,83.79,30.82,2025-06-23,7,0
2025-06-23 08:00:00+00:00,1,93.18,42.36,2025-06-23,8,0
2025-06-23 09:00:00+00:00,1,104.87,53.75,2025-06-23,9,0
2025-06-23 10:00:00+00:00,1,122.45,64.33,2025-06-23,10,0
2025-06-23 11:00:00+00:00,1,154.09,72.07,2025-06-23,11,0
2025-06-23 12:00:00+00:00,1,199.98,72.64,2025-06-23,12,0
2025-06-23 13:00:00+00:00,1,235.06,65.33,2025-06-23,13,0
2025-06-23 14:00:00+00:00,1,253.64,54.92,2025-06-23,14,0
2025-06-23 15:00:00+00:00,1,265.73,43.57,2025-06-23,15,0
2025-06-23 16:00:00+00:00,1,275.27,32.03,2025-06-23,16,0
2025-06-23 17:00:00+00:00,1,283.91,20.66,2025-06-23,17,0
2025-06-23 18:00:00+00:00,1,293.01,9.15,2025-06-23,18,0
2025-06-23 19:00:00+00:00,1,300.46,0.89,2025-06-23,19,0
2025-06-23 20:00:00+00:00,0,310.48,-8.68,2025-06-23,20,0
2025-06-23 21:00:00+00:00,0,322.07,-16.79,2025-06-23,21,0
2025-06-23 22:00:00+00:00,0,337.5,-23.57,2025-06-23,22,0
2025-06-23 23:00:00+00:00,0,352.31,-26.59,2025-06-23,23,0
2025-06-24 00:00:00+00:00,0,5.15,-26.81,2025-06-24,0,1
2025-06-24 01:00:00+00:00,0,20.13,-24.27,2025-06-24,1,1
2025-06-24 02:00:00+00:00,0,36.19,-17.76,2025-06-24,2,1
2025-06-24 03:00:00+00:00,0,46.89,-10.81,2025-06-24,3,1
2025-06-24 04:00:00+00:00,1,58.23,-0.47,2025-06-24,4,1
2025-06-24 05:00:00+00:00,1,65.97,7.93,2025-06-24,5,1
2025-06-24 06:00:00+00:00,1,75.21,19.48,2025-06-24,6,1
2025-06-24 07:00:00+00:00,1,83.82,30.82,2025-06-24,7,1
2025-06-24 08:00:00+00:00,1,93.21,42.36,2025-06-24,8,1
2025-06-24 09:00:00+00:00,1,104.91,53.75,2025-06-24,9,1
2025-06-24 10:00:00+00:00,1,122.51,64.32,2025-06-24,10,1
2025-06-24 11:00:00+00:00,1,154.15,72.06,2025-06-24,11,1
2025-06-24 12:00:00+00:00,1,198.6,72.79,2025-06-24,12,1
2025-06-24 13:00:00+00:00,1,233.36,65.94,2025-06-24,13,1
2025-06-24 14:00:00+00:00,1,252.64,55.64,2025-06-24,14,1
2025-06-24 15:00:00+00:00,1,265.0,44.32,2025-06-24,15,1
2025-06-24 16:00:00+00:00,1,274.65,32.79,2025-06-24,16,1
2025-06-24 17:00:00+00:00,1,283.33,21.39,2025-06-24,17,1
2025-06-24 18:00:00+00:00,1,292.76,9.42,2025-06-24,18,1
2025-06-24 19:00:00+00:00,1,300.43,0.89,2025-06-24,19,1
2025-06-24 20:00:00+00:00,0,310.44,-8.68,2025-06-24,20,1
2025-06-24 21:00:00+00:00,0,322.03,-16.79,2025-06-24,21,1
2025-06-24 22:00:00+00:00,0,337.45,-23.58,2025-06-24,22,1
2025-06-24 23:00:00+00:00,0,352.26,-26.62,2025-06-24,23,1
2025-06-25 00:00:00+00:00,0,5.16,-26.83,2025-06-25,0,2
2025-06-25 01:00:00+00:00,0,20.14,-24.3,2025-06-25,1,2
2025-06-25 02:00:00+00:00,0,36.23,-17.76,2025-06-25,2,2
2025-06-25 03:00:00+00:00,0,46.93,-10.81,2025-06-25,3,2
2025-06-25 04:00:00+00:00,1,58.08,-0.66,2025-06-25,4,2
2025-06-25 05:00:00+00:00,1,65.85,7.76,2025-06-25,5,2
2025-06-25 06:00:00+00:00,1,75.24,19.48,2025-06-25,6,2
2025-06-25 07:00:00+00:00,1,83.85,30.83,2025-06-25,7,2
2025-06-25 08:00:00+00:00,1,93.26,42.36,2025-06-25,8,2
2025-06-25 09:00:00+00:00,1,104.97,53.75,2025-06-25,9,2
2025-06-25 10:00:00+00:00,1,122.59,64.32,2025-06-25,10,2
2025-06-25 11:00:00+00:00,1,154.24,72.04,2025-06-25,11,2
2025-06-25 12:00:00+00:00,1,198.59,72.77,2025-06-25,12,2
2025-06-25 13:00:00+00:00,1,233.32,65.92,2025-06-25,13,2
2025-06-25 14:00:00+00:00,1,252.6,55.63,2025-06-25,14,2
2025-06-25 15:00:00+00:00,1,264.97,44.31,2025-06-25,15,2
2025-06-25 16:00:00+00:00,1,274.63,32.77,2025-06-25,16,2
2025-06-25 17:00:00+00:00,1,283.3,21.37,2025-06-25,17,2
2025-06-25 18:00:00+00:00,1,292.73,9.41,2025-06-25,18,2
2025-06-25 19:00:00+00:00,1,300.39,0.89,2025-06-25,19,2
2025-06-25 20:00:00+00:00,0,310.4,-8.68,2025-06-25,20,2
2025-06-25 21:00:00+00:00,0,321.98,-16.8,2025-06-25,21,2
2025-06-25 22:00:00+00:00,0,337.39,-23.6,2025-06-25,22,2
2025-06-25 23:00:00+00:00,0,352.21,-26.64,2025-06-25,23,2
2025-06-26 00:00:00+00:00,0,5.16,-26.86,2025-06-26,0,3
2025-06-26 01:00:00+00:00,0,20.15,-24.32,2025-06-26,1,3
2025-06-26 02:00:00+00:00,0,36.28,-17.77,2025-06-26,2,3
2025-06-26 03:00:00+00:00,0,46.99,-10.81,2025-06-26,3,3
2025-06-26 04:00:00+00:00,1,58.13,-0.66,2025-06-26,4,3
2025-06-26 05:00:00+00:00,1,65.9,7.76,2025-06-26,5,3
2025-06-26 06:00:00+00:00,1,75.28,19.48,2025-06-26,6,3
2025-06-26 07:00:00+00:00,1,83.9,30.83,2025-06-26,7,3
2025-06-26 08:00:00+00:00,1,93.32,42.37,2025-06-26,8,3
2025-06-26 09:00:00+00:00,1,105.05,53.76,2025-06-26,9,3
2025-06-26 10:00:00+00:00,1,122.69,64.32,2025-06-26,10,3
2025-06-26 11:00:00+00:00,1,154.37,72.02,2025-06-26,11,3
2025-06-26 12:00:00+00:00,1,198.56,72.73,2025-06-26,12,3
2025-06-26 13:00:00+00:00,1,233.26,65.9,2025-06-26,13,3
2025-06-26 14:00:00+00:00,1,252.55,55.61,2025-06-26,14,3
2025-06-26 15:00:00+00:00,1,264.93,44.29,2025-06-26,15,3
2025-06-26 16:00:00+00:00,1,274.59,32.75,2025-06-26,16,3
2025-06-26 17:00:00+00:00,1,283.27,21.35,2025-06-26,17,3
2025-06-26 18:00:00+00:00,1,292.69,9.4,2025-06-26,18,3
2025-06-26 19:00:00+00:00,1,300.34,0.89,2025-06-26,19,3
2025-06-26 20:00:00+00:00,0,310.34,-8.68,2025-06-26,20,3
2025-06-26 21:00:00+00:00,0,321.91,-16.8,2025-06-26,21,3
2025-06-26 22:00:00+00:00,0,337.31,-23.61,2025-06-26,22,3
2025-06-26 23:00:00+00:00,0,352.13,-26.67,2025-06-26,23,3
2025-06-27 00:00:00+00:00,0,5.16,-26.9,2025-06-27,0,4
2025-06-27 01:00:00+00:00,0,20.16,-24.36,2025-06-27,1,4
2025-06-27 02:00:00+00:00,0,36.34,-17.78,2025-06-27,2,4
2025-06-27 03:00:00+00:00,0,47.06,-10.8,2025-06-27,3,4
2025-06-27 04:00:00+00:00,1,58.19,-0.65,2025-06-27,4,4
2025-06-27 05:00:00+00:00,1,65.95,7.76,2025-06-27,5,4
2025-06-27 06:00:00+00:00,1,75.34,19.49,2025-06-27,6,4
2025-06-27 07:00:00+00:00,1,83.96,30.83,2025-06-27,7,4
2025-06-27 08:00:00+00:00,1,93.38,42.37,2025-06-27,8,4
2025-06-27 09:00:00+00:00,1,105.13,53.76,2025-06-27,9,4
2025-06-27 10:00:00+00:00,1,122.8,64.31,2025-06-27,10,4
2025-06-27 11:00:00+00:00,1,154.5,72.0,2025-06-27,11,4
2025-06-27 12:00:00+00:00,1,198.54,72.69,2025-06-27,12,4
2025-06-27 13:00:00+00:00,1,233.2,65.86,2025-06-27,13,4
2025-06-27 14:00:00+00:00,1,252.5,55.58,2025-06-27,14,4
2025-06-27 15:00:00+00:00,1,264.88,44.27,2025-06-27,15,4
2025-06-27 16:00:00+00:00,1,274.55,32.73,2025-06-27,16,4
2025-06-27 17:00:00+00:00,1,283.24,21.33,2025-06-27,17,4
2025-06-27 18:00:00+00:00,1,292.64,9.39,2025-06-27,18,4
2025-06-27 19:00:00+00:00,1,300.28,0.89,2025-06-27,19,4
2025-06-27 20:00:00+00:00,0,310.28,-8.69,2025-06-27,20,4
2025-06-27 21:00:00+00:00,0,321.83,-16.8,2025-06-27,21,4
2025-06-27 22:00:00+00:00,0,337.22,-23.63,2025-06-27,22,4
2025-06-27 23:00:00+00:00,0,352.03,-26.7,2025-06-27,23,4
2025-06-28 00:00:00+00:00,0,5.16,-26.94,2025-06-28,0,5
2025-06-28 01:00:00+00:00,0,20.17,-24.4,2025-06-28,1,5
2025-06-28 02:00:00+00:00,0,35.45,-18.33,2025-06-28,2,5
2025-06-28 03:00:00+00:00,0,46.39,-11.34,2025-06-28,3,5
2025-06-28 04:00:00+00:00,1,58.25,-0.65,2025-06-28,4,5
2025-06-28 05:00:00+00:00,1,66.01,7.76,2025-06-28,5,5
2025-06-28 06:00:00+00:00,1,75.4,19.49,2025-06-28,6,5
2025-06-28 07:00:00+00:00,1,84.03,30.84,2025-06-28,7,5
2025-06-28 08:00:00+00:00,1,93.46,42.38,2025-06-28,8,5
2025-06-28 09:00:00+00:00,1,105.23,53.76,2025-06-28,9,5
2025-06-28 10:00:00+00:00,1,122.94,64.3,2025-06-28,10,5
2025-06-28 11:00:00+00:00,1,154.66,71.96,2025-06-28,11,5
2025-06-28 12:00:00+00:00,1,198.51,72.65,2025-06-28,12,5
2025-06-28 13:00:00+00:00,1,233.12,65.83,2025-06-28,13,5
2025-06-28 14:00:00+00:00,1,252.43,55.56,2025-06-28,14,5
2025-06-28 15:00:00+00:00,1,264.82,44.24,2025-06-28,15,5
2025-06-28 16:00:00+00:00,1,274.5,32.7,2025-06-28,16,5
2025-06-28 17:00:00+00:00,1,283.19,21.3,2025-06-28,17,5
2025-06-28 18:00:00+00:00,1,292.58,9.38,2025-06-28,18,5
2025-06-28 19:00:00+00:00,1,300.22,0.88,2025-06-28,19,5
2025-06-28 20:00:00+00:00,0,310.2,-8.69,2025-06-28,20,5
2025-06-28 21:00:00+00:00,0,321.74,-16.81,2025-06-28,21,5
2025-06-28 22:00:00+00:00,0,337.11,-23.65,2025-06-28,22,5
2025-06-28 23:00:00+00:00,0,351.93,-26.74,2025-06-28,23,5
2025-06-29 00:00:00+00:00,0,5.17,-26.99,2025-06-29,0,6
2025-06-29 01:00:00+00:00,0,20.19,-24.45,2025-06-29,1,6
2025-06-29 02:00:00+00:00,0,35.52,-18.35,2025-06-29,2,6
2025-06-29 03:00:00+00:00,0,46.48,-11.33,2025-06-29,3,6
2025-06-29 04:00:00+00:00,1,58.33,-0.65,2025-06-29,4,6
2025-06-29 05:00:00+00:00,1,66.08,7.77,2025-06-29,5,6
2025-06-29 06:00:00+00:00,1,75.47,19.5,2025-06-29,6,6
2025-06-29 07:00:00+00:00,1,84.11,30.85,2025-06-29,7,6
2025-06-29 08:00:00+00:00,1,93.55,42.38,2025-06-29,8,6
2025-06-29 09:00:00+00:00,1,105.34,53.76,2025-06-29,9,6
2025-06-29 10:00:00+00:00,1,123.1,64.29,2025-06-29,10,6
2025-06-29 11:00:00+00:00,1,154.85,71.93,2025-06-29,11,6
2025-06-29 12:00:00+00:00,1,198.47,72.6,2025-06-29,12,6
2025-06-29 13:00:00+00:00,1,233.03,65.79,2025-06-29,13,6
2025-06-29 14:00:00+00:00,1,252.35,55.52,2025-06-29,14,6
2025-06-29 15:00:00+00:00,1,264.76,44.21,2025-06-29,15,6
2025-06-29 16:00:00+00:00,1,274.44,32.67,2025-06-29,16,6
2025-06-29 17:00:00+00:00,1,283.14,21.27,2025-06-29,17,6
2025-06-29 18:00:00+00:00,1,292.52,9.37,2025-06-29,18,6
2025-06-29 19:00:00+00:00,1,300.15,0.88,2025-06-29,19,6
2025-06-29 20:00:00+00:00,0,310.54,-9.05,2025-06-29,20,6
2025-06-29 21:00:00+00:00,0,321.63,-16.82,2025-06-29,21,6
2025-06-29 22:00:00+00:00,0,336.99,-23.67,2025-06-29,22,6
2025-06-29 23:00:00+00:00,0,351.82,-26.79,2025-06-29,23,6
2025-06-30 00:00:00+00:00,0,5.17,-27.05,2025-06-30,0,0
2025-06-30 01:00:00+00:00,0,20.21,-24.51,2025-06-30,1,0
2025-06-30 02:00:00+00:00,0,35.61,-18.36,2025-06-30,2,0
2025-06-30 03:00:00+00:00,0,46.59,-11.33,2025-06-30,3,0
2025-06-30 04:00:00+00:00,1,58.22,-0.85,2025-06-30,4,0
2025-06-30 05:00:00+00:00,1,65.81,7.36,2025-06-30,5,0
2025-06-30 06:00:00+00:00,1,74.98,18.76,2025-06-30,6,0
2025-06-30 07:00:00+00:00,1,83.61,30.09,2025-06-30,7,0
2025-06-30 08:00:00+00:00,1,92.98,41.62,2025-06-30,8,0
2025-06-30 09:00:00+00:00,1,104.56,53.02,2025-06-30,9,0
2025-06-30 10:00:00+00:00,1,121.77,63.64,2025-06-30,10,0
2025-06-30 11:00:00+00:00,1,152.35,71.56,2025-06-30,11,0
2025-06-30 12:00:00+00:00,1,197.01,72.61,2025-06-30,12,0
2025-06-30 13:00:00+00:00,1,232.93,65.74,2025-06-30,13,0
2025-06-30 14:00:00+00:00,1,252.26,55.48,2025-06-30,14,0
2025-06-30 15:00:00+00:00,1,264.69,44.18,2025-06-30,15,0
2025-06-30 16:00:00+00:00,1,274.38,32.64,2025-06-30,16,0
2025-06-30 17:00:00+00:00,1,283.09,21.23,2025-06-30,17,0
2025-06-30 18:00:00+00:00,1,292.45,9.36,2025-06-30,18,0
2025-06-30 19:00:00+00:00,1,300.06,0.88,2025-06-30,19,0
2025-06-30 20:00:00+00:00,0,310.44,-9.05,2025-06-30,20,0
2025-06-30 21:00:00+00:00,0,321.52,-16.82,2025-06-30,21,0
2025-06-30 22:00:00+00:00,0,336.85,-23.69,2025-06-30,22,0
2025-06-30 23:00:00+00:00,0,351.69,-26.84,2025-06-30,23,0
2025-07-01 00:00:00+00:00,0,5.18,-27.12,2025-07-01,0,1
2025-07-01 01:00:00+00:00,0,20.23,-24.57,2025-07-01,1,1
2025-07-01 02:00:00+00:00,0,35.71,-18.39,2025-07-01,2,1
2025-07-01 03:00:00+00:00,0,46.71,-11.32,2025-07-01,3,1
2025-07-01 04:00:00+00:00,1,58.31,-0.85,2025-07-01,4,1
2025-07-01 05:00:00+00:00,1,65.9,7.36,2025-07-01,5,1
2025-07-01 06:00:00+00:00,1,75.07,18.76,2025-07-01,6,1
2025-07-01 07:00:00+00:00,1,83.71,30.1,2025-07-01,7,1
2025-07-01 08:00:00+00:00,1,93.09,41.63,2025-07-01,8,1
2025-07-01 09:00:00+00:00,1,104.7,53.03,2025-07-01,9,1
2025-07-01 10:00:00+00:00,1,121.96,63.63,2025-07-01,10,1
2025-07-01 11:00:00+00:00,1,152.58,71.51,2025-07-01,11,1
2025-07-01 12:00:00+00:00,1,198.17,72.47,2025-07-01,12,1
2025-07-01 13:00:00+00:00,1,232.82,65.69,2025-07-01,13,1
2025-07-01 14:00:00+00:00,1,252.17,55.44,2025-07-01,14,1
2025-07-01 15:00:00+00:00,1,264.61,44.14,2025-07-01,15,1
2025-07-01 16:00:00+00:00,1,274.32,32.6,2025-07-01,16,1
2025-07-01 17:00:00+00:00,1,283.03,21.19,2025-07-01,17,1
2025-07-01 18:00:00+00:00,1,292.41,9.3,2025-07-01,18,1
2025-07-01 19:00:00+00:00,1,299.97,0.87,2025-07-01,19,1
2025-07-01 20:00:00+00:00,0,310.34,-9.06,2025-07-01,20,1
2025-07-01 21:00:00+00:00,0,321.38,-16.83,2025-07-01,21,1
2025-07-01 22:00:00+00:00,0,336.7,-23.72,2025-07-01,22,1
2025-07-01 23:00:00+00:00,0,351.54,-26.89,2025-07-01,23,1
2025-07-02 00:00:00+00:00,0,5.18,-27.19,2025-07-02,0,2
2025-07-02 01:00:00+00:00,0,20.25,-24.64,2025-07-02,1,2
2025-07-02 02:00:00+00:00,0,35.81,-18.41,2025-07-02,2,2
2025-07-02 03:00:00+00:00,0,46.84,-11.31,2025-07-02,3,2
2025-07-02 04:00:00+00:00,1,58.41,-0.85,2025-07-02,4,2
2025-07-02 05:00:00+00:00,1,66.0,7.37,2025-07-02,5,2
2025-07-02 06:00:00+00:00,1,75.17,18.77,2025-07-02,6,2
2025-07-02 07:00:00+00:00,1,83.82,30.1,2025-07-02,7,2
2025-07-02 08:00:00+00:00,1,93.22,41.64,2025-07-02,8,2
2025-07-02 09:00:00+00:00,1,104.86,53.03,2025-07-02,9,2
2025-07-02 10:00:00+00:00,1,122.17,63.62,2025-07-02,10,2
2025-07-02 11:00:00+00:00,1,152.84,71.47,2025-07-02,11,2
2025-07-02 12:00:00+00:00,1,198.13,72.4,2025-07-02,12,2
2025-07-02 13:00:00+00:00,1,232.71,65.63,2025-07-02,13,2
2025-07-02 14:00:00+00:00,1,252.07,55.39,2025-07-02,14,2
2025-07-02 15:00:00+00:00,1,264.52,44.09,2025-07-02,15,2
2025-07-02 16:00:00+00:00,1,274.24,32.55,2025-07-02,16,2
2025-07-02 17:00:00+00:00,1,282.96,21.14,2025-07-02,17,2
2025-07-02 18:00:00+00:00,1,292.32,9.29,2025-07-02,18,2
2025-07-02 19:00:00+00:00,1,299.87,0.87,2025-07-02,19,2
2025-07-02 20:00:00+00:00,0,310.22,-9.06,2025-07-02,20,2
2025-07-02 21:00:00+00:00,0,321.24,-16.83,2025-07-02,21,2
2025-07-02 22:00:00+00:00,0,336.53,-23.75,2025-07-02,22,2
2025-07-02 23:00:00+00:00,0,351.38,-26.95,2025-07-02,23,2
2025-07-03 00:00:00+00:00,0,5.19,-27.26,2025-07-03,0,3
2025-07-03 01:00:00+00:00,0,20.27,-24.72,2025-07-03,1,3
2025-07-03 02:00:00+00:00,0,35.92,-18.44,2025-07-03,2,3
2025-07-03 03:00:00+00:00,0,46.98,-11.3,2025-07-03,3,3
2025-07-03 04:00:00+00:00,1,58.53,-0.84,2025-07-03,4,3
2025-07-03 05:00:00+00:00,1,66.11,7.37,2025-07-03,5,3
2025-07-03 06:00:00+00:00,1,75.28,18.77,2025-07-03,6,3
2025-07-03 07:00:00+00:00,1,83.93,30.11,2025-07-03,7,3
2025-07-03 08:00:00+00:00,1,93.35,41.65,2025-07-03,8,3
2025-07-03 09:00:00+00:00,1,105.03,53.03,2025-07-03,9,3
2025-07-03 10:00:00+00:00,1,122.41,63.6,2025-07-03,10,3
2025-07-03 11:00:00+00:00,1,153.12,71.42,2025-07-03,11,3
2025-07-03 12:00:00+00:00,1,198.08,72.33,2025-07-03,12,3
2025-07-03 13:00:00+00:00,1,232.58,65.57,2025-07-03,13,3
2025-07-03 14:00:00+00:00,1,251.95,55.35,2025-07-03,14,3
2025-07-03 15:00:00+00:00,1,264.43,44.05,2025-07-03,15,3
2025-07-03 16:00:00+00:00,1,274.16,32.51,2025-07-03,16,3
2025-07-03 17:00:00+00:00,1,282.89,21.1,2025-07-03,17,3
2025-07-03 18:00:00+00:00,1,292.22,9.27,2025-07-03,18,3
2025-07-03 19:00:00+00:00,1,299.76,0.86,2025-07-03,19,3
2025-07-03 20:00:00+00:00,0,310.09,-9.06,2025-07-03,20,3
2025-07-03 21:00:00+00:00,0,321.09,-16.84,2025-07-03,21,3
2025-07-03 22:00:00+00:00,0,336.36,-23.78,2025-07-03,22,3
2025-07-03 23:00:00+00:00,0,351.21,-27.02,2025-07-03,23,3
2025-07-04 00:00:00+00:00,0,5.2,-27.35,2025-07-04,0,4
2025-07-04 01:00:00+00:00,0,20.3,-24.79,2025-07-04,1,4
2025-07-04 02:00:00+00:00,0,36.04,-18.47,2025-07-04,2,4
2025-07-04 03:00:00+00:00,0,47.14,-11.3,2025-07-04,3,4
2025-07-04 04:00:00+00:00,1,58.45,-1.04,2025-07-04,4,4
2025-07-04 05:00:00+00:00,1,66.07,7.2,2025-07-04,5,4
2025-07-04 06:00:00+00:00,1,75.4,18.77,2025-07-04,6,4
2025-07-04 07:00:00+00:00,1,84.06,30.12,2025-07-04,7,4
2025-07-04 08:00:00+00:00,1,93.5,41.66,2025-07-04,8,4
2025-07-04 09:00:00+00:00,1,105.22,53.04,2025-07-04,9,4
2025-07-04 10:00:00+00:00,1,122.65,63.59,2025-07-04,10,4
2025-07-04 11:00:00+00:00,1,153.41,71.37,2025-07-04,11,4
2025-07-04 12:00:00+00:00,1,198.03,72.24,2025-07-04,12,4
2025-07-04 13:00:00+00:00,1,232.44,65.51,2025-07-04,13,4
2025-07-04 14:00:00+00:00,1,251.83,55.29,2025-07-04,14,4
2025-07-04 15:00:00+00:00,1,264.33,44.0,2025-07-04,15,4
2025-07-04 16:00:00+00:00,1,274.07,32.46,2025-07-04,16,4
2025-07-04 17:00:00+00:00,1,282.82,21.04,2025-07-04,17,4
2025-07-04 18:00:00+00:00,1,292.12,9.25,2025-07-04,18,4
2025-07-04 19:00:00+00:00,1,299.64,0.85,2025-07-04,19,4
2025-07-04 20:00:00+00:00,0,309.96,-9.06,2025-07-04,20,4
2025-07-04 21:00:00+00:00,0,320.93,-16.85,2025-07-04,21,4
2025-07-04 22:00:00+00:00,0,336.17,-23.81,2025-07-04,22,4
2025-07-04 23:00:00+00:00,0,351.03,-27.09,2025-07-04,23,4
2025-07-05 00:00:00+00:00,0,5.2,-27.44,2025-07-05,0,5
2025-07-05 01:00:00+00:00,0,20.33,-24.88,2025-07-05,1,5
2025-07-05 02:00:00+00:00,0,36.17,-18.5,2025-07-05,2,5
2025-07-05 03:00:00+00:00,0,47.3,-11.29,2025-07-05,3,5
2025-07-05 04:00:00+00:00,1,58.58,-1.04,2025-07-05,4,5
2025-07-05 05:00:00+00:00,1,66.2,7.21,2025-07-05,5,5
2025-07-05 06:00:00+00:00,1,75.52,18.78,2025-07-05,6,5
2025-07-05 07:00:00+00:00,1,84.2,30.13,2025-07-05,7,5
2025-07-05 08:00:00+00:00,1,93.66,41.67,2025-07-05,8,5
2025-07-05 09:00:00+00:00,1,105.42,53.04,2025-07-05,9,5
2025-07-05 10:00:00+00:00,1,122.92,63.58,2025-07-05,10,5
2025-07-05 11:00:00+00:00,1,153.73,71.31,2025-07-05,11,5
2025-07-05 12:00:00+00:00,1,197.97,72.15,2025-07-05,12,5
2025-07-05 13:00:00+00:00,1,232.29,65.44,2025-07-05,13,5
2025-07-05 14:00:00+00:00,1,251.69,55.23,2025-07-05,14,5
2025-07-05 15:00:00+00:00,1,264.22,43.95,2025-07-05,15,5
2025-07-05 16:00:00+00:00,1,273.98,32.4,2025-07-05,16,5
2025-07-05 17:00:00+00:00,1,282.73,20.99,2025-07-05,17,5
2025-07-05 18:00:00+00:00,1,292.01,9.23,2025-07-05,18,5
2025-07-05 19:00:00+00:00,1,299.76,0.59,2025-07-05,19,5
2025-07-05 20:00:00+00:00,0,310.44,-9.61,2025-07-05,20,5
2025-07-05 21:00:00+00:00,0,320.75,-16.86,2025-07-05,21,5
2025-07-05 22:00:00+00:00,0,335.96,-23.84,2025-07-05,22,5
2025-07-05 23:00:00+00:00,0,350.83,-27.16,2025-07-05,23,5
2025-07-06 00:00:00+00:00,0,5.21,-27.54,2025-07-06,0,6
2025-07-06 01:00:00+00:00,0,20.36,-24.98,2025-07-06,1,6
2025-07-06 02:00:00+00:00,0,36.31,-18.53,2025-07-06,2,6
2025-07-06 03:00:00+00:00,0,46.77,-11.85,2025-07-06,3,6
2025-07-06 04:00:00+00:00,1,58.4,-1.37,2025-07-06,4,6
2025-07-06 05:00:00+00:00,1,66.34,7.22,2025-07-06,5,6
2025-07-06 06:00:00+00:00,1,75.65,18.79,2025-07-06,6,6
2025-07-06 07:00:00+00:00,1,84.34,30.14,2025-07-06,7,6
2025-07-06 08:00:00+00:00,1,93.83,41.68,2025-07-06,8,6
2025-07-06 09:00:00+00:00,1,105.63,53.05,2025-07-06,9,6
2025-07-06 10:00:00+00:00,1,123.21,63.56,2025-07-06,10,6
2025-07-06 11:00:00+00:00,1,154.07,71.24,2025-07-06,11,6
2025-07-06 12:00:00+00:00,1,197.91,72.06,2025-07-06,12,6
2025-07-06 13:00:00+00:00,1,232.13,65.36,2025-07-06,13,6
2025-07-06 14:00:00+00:00,1,251.55,55.17,2025-07-06,14,6
2025-07-06 15:00:00+00:00,1,264.1,43.89,2025-07-06,15,6
2025-07-06 16:00:00+00:00,1,273.88,32.35,2025-07-06,16,6
2025-07-06 17:00:00+00:00,1,282.64,20.93,2025-07-06,17,6
2025-07-06 18:00:00+00:00,1,292.06,9.01,2025-07-06,18,6
2025-07-06 19:00:00+00:00,1,299.8,0.41,2025-07-06,19,6
2025-07-06 20:00:00+00:00,0,310.28,-9.62,2025-07-06,20,6
2025-07-06 21:00:00+00:00,0,320.56,-16.87,2025-07-06,21,6
2025-07-06 22:00:00+00:00,0,335.75,-23.88,2025-07-06,22,6
2025-07-06 23:00:00+00:00,0,350.63,-27.24,2025-07-06,23,6
2025-07-07 00:00:00+00:00,0,5.22,-27.64,2025-07-07,0,0
2025-07-07 01:00:00+00:00,0,20.39,-25.08,2025-07-07,1,0
2025-07-07 02:00:00+00:00,0,36.46,-18.57,2025-07-07,2,0
2025-07-07 03:00:00+00:00,0,46.96,-11.84,2025-07-07,3,0
2025-07-07 04:00:00+00:00,1,58.55,-1.36,2025-07-07,4,0
2025-07-07 05:00:00+00:00,1,66.48,7.22,2025-07-07,5,0
2025-07-07 06:00:00+00:00,1,75.8,18.79,2025-07-07,6,0
2025-07-07 07:00:00+00:00,1,84.5,30.15,2025-07-07,7,0
2025-07-07 08:00:00+00:00,1,94.02,41.69,2025-07-07,8,0
2025-07-07 09:00:00+00:00,1,105.86,53.05,2025-07-07,9,0
2025-07-07 10:00:00+00:00,1,123.52,63.54,2025-07-07,10,0
2025-07-07 11:00:00+00:00,1,154.44,71.17,2025-07-07,11,0
2025-07-07 12:00:00+00:00,1,197.85,71.96,2025-07-07,12,0
2025-07-07 13:00:00+00:00,1,231.96,65.28,2025-07-07,13,0
2025-07-07 14:00:00+00:00,1,251.4,55.1,2025-07-07,14,0
2025-07-07 15:00:00+00:00,1,263.97,43.83,2025-07-07,15,0
2025-07-07 16:00:00+00:00,1,273.77,32.29,2025-07-07,16,0
2025-07-07 17:00:00+00:00,1,282.55,20.87,2025-07-07,17,0
2025-07-07 18:00:00+00:00,1,291.93,8.99,2025-07-07,18,0
2025-07-07 19:00:00+00:00,1,299.65,0.4,2025-07-07,19,0
2025-07-07 20:00:00+00:00,0,310.86,-10.19,2025-07-07,20,0
2025-07-07 21:00:00+00:00,0,321.22,-17.42,2025-07-07,21,0
2025-07-07 22:00:00+00:00,0,335.51,-23.92,2025-07-07,22,0
2025-07-07 23:00:00+00:00,0,350.4,-27.32,2025-07-07,23,0
2025-07-08 00:00:00+00:00,0,5.23,-27.75,2025-07-08,0,1
2025-07-08 01:00:00+00:00,0,20.42,-25.18,2025-07-08,1,1
2025-07-08 02:00:00+00:00,0,36.62,-18.6,2025-07-08,2,1
2025-07-08 03:00:00+00:00,0,47.16,-11.83,2025-07-08,3,1
2025-07-08 04:00:00+00:00,1,58.5,-1.58,2025-07-08,4,1
2025-07-08 05:00:00+00:00,1,66.29,6.83,2025-07-08,5,1
2025-07-08 06:00:00+00:00,1,75.38,18.06,2025-07-08,6,1
2025-07-08 07:00:00+00:00,1,84.07,29.4,2025-07-08,7,1
2025-07-08 08:00:00+00:00,1,93.52,40.94,2025-07-08,8,1
2025-07-08 09:00:00+00:00,1,105.19,52.32,2025-07-08,9,1
2025-07-08 10:00:00+00:00,1,122.35,62.88,2025-07-08,10,1
2025-07-08 11:00:00+00:00,1,152.2,70.76,2025-07-08,11,1
2025-07-08 12:00:00+00:00,1,196.34,71.91,2025-07-08,12,1
2025-07-08 13:00:00+00:00,1,231.79,65.19,2025-07-08,13,1
2025-07-08 14:00:00+00:00,1,251.25,55.03,2025-07-08,14,1
2025-07-08 15:00:00+00:00,1,263.84,43.76,2025-07-08,15,1
2025-07-08 16:00:00+00:00,1,273.66,32.22,2025-07-08,16,1
2025-07-08 17:00:00+00:00,1,282.45,20.8,2025-07-08,17,1
2025-07-08 18:00:00+00:00,1,291.8,8.97,2025-07-08,18,1
2025-07-08 19:00:00+00:00,1,299.5,0.39,2025-07-08,19,1
2025-07-08 20:00:00+00:00,0,310.68,-10.2,2025-07-08,20,1
2025-07-08 21:00:00+00:00,0,321.01,-17.43,2025-07-08,21,1
2025-07-08 22:00:00+00:00,0,335.27,-23.97,2025-07-08,22,1
2025-07-08 23:00:00+00:00,0,350.17,-27.42,2025-07-08,23,1
2025-07-09 00:00:00+00:00,0,5.24,-27.87,2025-07-09,0,2
2025-07-09 01:00:00+00:00,0,20.46,-25.3,2025-07-09,1,2
2025-07-09 02:00:00+00:00,0,35.61,-19.3,2025-07-09,2,2
2025-07-09 03:00:00+00:00,0,46.64,-12.34,2025-07-09,3,2
2025-07-09 04:00:00+00:00,1,58.67,-1.57,2025-07-09,4,2
2025-07-09 05:00:00+00:00,1,66.46,6.84,2025-07-09,5,2
2025-07-09 06:00:00+00:00,1,75.54,18.06,2025-07-09,6,2
2025-07-09 07:00:00+00:00,1,84.25,29.41,2025-07-09,7,2
2025-07-09 08:00:00+00:00,1,93.72,40.95,2025-07-09,8,2
2025-07-09 09:00:00+00:00,1,105.44,52.33,2025-07-09,9,2
2025-07-09 10:00:00+00:00,1,122.69,62.86,2025-07-09,10,2
2025-07-09 11:00:00+00:00,1,152.6,70.69,2025-07-09,11,2
2025-07-09 12:00:00+00:00,1,196.3,71.8,2025-07-09,12,2
2025-07-09 13:00:00+00:00,1,231.6,65.1,2025-07-09,13,2
2025-07-09 14:00:00+00:00,1,251.08,54.96,2025-07-09,14,2
2025-07-09 15:00:00+00:00,1,263.7,43.69,2025-07-09,15,2
2025-07-09 16:00:00+00:00,1,273.54,32.15,2025-07-09,16,2
2025-07-09 17:00:00+00:00,1,282.34,20.73,2025-07-09,17,2
2025-07-09 18:00:00+00:00,1,291.66,8.94,2025-07-09,18,2
2025-07-09 19:00:00+00:00,1,299.34,0.38,2025-07-09,19,2
2025-07-09 20:00:00+00:00,0,310.48,-10.2,2025-07-09,20,2
2025-07-09 21:00:00+00:00,0,320.78,-17.44,2025-07-09,21,2
2025-07-09 22:00:00+00:00,0,335.02,-24.01,2025-07-09,22,2
2025-07-09 23:00:00+00:00,0,349.92,-27.51,2025-07-09,23,2
2025-07-10 00:00:00+00:00,0,5.25,-27.99,2025-07-10,0,3
2025-07-10 01:00:00+00:00,0,20.51,-25.41,2025-07-10,1,3
2025-07-10 02:00:00+00:00,0,35.76,-19.35,2025-07-10,2,3
2025-07-10 03:00:00+00:00,0,46.86,-12.33,2025-07-10,3,3
2025-07-10 04:00:00+00:00,1,58.85,-1.57,2025-07-10,4,3
2025-07-10 05:00:00+00:00,1,66.63,6.85,2025-07-10,5,3
2025-07-10 06:00:00+00:00,1,75.7,18.07,2025-07-10,6,3
2025-07-10 07:00:00+00:00,1,84.43,29.42,2025-07-10,7,3
2025-07-10 08:00:00+00:00,1,93.94,40.96,2025-07-10,8,3
2025-07-10 09:00:00+00:00,1,105.7,52.33,2025-07-10,9,3
2025-07-10 10:00:00+00:00,1,123.04,62.84,2025-07-10,10,3
2025-07-10 11:00:00+00:00,1,153.02,70.61,2025-07-10,11,3
2025-07-10 12:00:00+00:00,1,196.26,71.68,2025-07-10,12,3
2025-07-10 13:00:00+00:00,1,231.41,65.0,2025-07-10,13,3
2025-07-10 14:00:00+00:00,1,250.91,54.88,2025-07-10,14,3
2025-07-10 15:00:00+00:00,1,263.56,43.62,2025-07-10,15,3
2025-07-10 16:00:00+00:00,1,273.42,32.08,2025-07-10,16,3
2025-07-10 17:00:00+00:00,1,282.23,20.65,2025-07-10,17,3
2025-07-10 18:00:00+00:00,1,291.52,8.92,2025-07-10,18,3
2025-07-10 19:00:00+00:00,1,299.17,0.38,2025-07-10,19,3
2025-07-10 20:00:00+00:00,0,310.28,-10.21,2025-07-10,20,3
2025-07-10 21:00:00+00:00,0,320.54,-17.46,2025-07-10,21,3
2025-07-10 22:00:00+00:00,0,334.75,-24.06,2025-07-10,22,3
2025-07-10 23:00:00+00:00,0,349.66,-27.6,2025-07-10,23,3
2025-07-11 00:00:00+00:00,0,5.26,-28.12,2025-07-11,0,4
2025-07-11 01:00:00+00:00,0,20.55,-25.54,2025-07-11,1,4
2025-07-11 02:00:00+00:00,0,35.93,-19.41,2025-07-11,2,4
2025-07-11 03:00:00+00:00,0,47.1,-12.32,2025-07-11,3,4
2025-07-11 04:00:00+00:00,1,58.83,-1.78,2025-07-11,4,4
2025-07-11 05:00:00+00:00,1,66.66,6.69,2025-07-11,5,4
2025-07-11 06:00:00+00:00,1,75.89,18.08,2025-07-11,6,4
2025-07-11 07:00:00+00:00,1,84.63,29.44,2025-07-11,7,4
2025-07-11 08:00:00+00:00,1,94.17,40.98,2025-07-11,8,4
2025-07-11 09:00:00+00:00,1,105.99,52.34,2025-07-11,9,4
2025-07-11 10:00:00+00:00,1,123.42,62.82,2025-07-11,10,4
2025-07-11 11:00:00+00:00,1,153.46,70.53,2025-07-11,11,4
2025-07-11 12:00:00+00:00,1,196.21,71.55,2025-07-11,12,4
2025-07-11 13:00:00+00:00,1,231.21,64.9,2025-07-11,13,4
2025-07-11 14:00:00+00:00,1,250.73,54.79,2025-07-11,14,4
2025-07-11 15:00:00+00:00,1,263.4,43.54,2025-07-11,15,4
2025-07-11 16:00:00+00:00,1,273.28,32.01,2025-07-11,16,4
2025-07-11 17:00:00+00:00,1,282.11,20.57,2025-07-11,17,4
2025-07-11 18:00:00+00:00,1,291.36,8.89,2025-07-11,18,4
2025-07-11 19:00:00+00:00,1,298.99,0.37,2025-07-11,19,4
2025-07-11 20:00:00+00:00,0,310.07,-10.22,2025-07-11,20,4
2025-07-11 21:00:00+00:00,0,320.3,-17.47,2025-07-11,21,4
2025-07-11 22:00:00+00:00,0,334.47,-24.1,2025-07-11,22,4
2025-07-11 23:00:00+00:00,0,349.39,-27.7,2025-07-11,23,4
2025-07-12 00:00:00+00:00,0,5.27,-28.25,2025-07-12,0,5
2025-07-12 01:00:00+00:00,0,20.59,-25.67,2025-07-12,1,5
2025-07-12 02:00:00+00:00,0,36.1,-19.47,2025-07-12,2,5
2025-07-12 03:00:00+00:00,0,47.35,-12.3,2025-07-12,3,5
2025-07-12 04:00:00+00:00,1,59.03,-1.78,2025-07-12,4,5
2025-07-12 05:00:00+00:00,1,66.85,6.7,2025-07-12,5,5
2025-07-12 06:00:00+00:00,1,76.07,18.09,2025-07-12,6,5
2025-07-12 07:00:00+00:00,1,84.83,29.45,2025-07-12,7,5
2025-07-12 08:00:00+00:00,1,94.4,40.99,2025-07-12,8,5
2025-07-12 09:00:00+00:00,1,106.28,52.34,2025-07-12,9,5
2025-07-12 10:00:00+00:00,1,123.8,62.8,2025-07-12,10,5
2025-07-12 11:00:00+00:00,1,153.91,70.44,2025-07-12,11,5
2025-07-12 12:00:00+00:00,1,197.29,71.35,2025-07-12,12,5
2025-07-12 13:00:00+00:00,1,231.0,64.79,2025-07-12,13,5
2025-07-12 14:00:00+00:00,1,250.54,54.71,2025-07-12,14,5
2025-07-12 15:00:00+00:00,1,263.25,43.46,2025-07-12,15,5
2025-07-12 16:00:00+00:00,1,273.15,31.93,2025-07-12,16,5
2025-07-12 17:00:00+00:00,1,281.99,20.49,2025-07-12,17,5
2025-07-12 18:00:00+00:00,1,291.25,8.8,2025-07-12,18,5
2025-07-12 19:00:00+00:00,1,298.81,0.36,2025-07-12,19,5
2025-07-12 20:00:00+00:00,0,309.85,-10.22,2025-07-12,20,5
2025-07-12 21:00:00+00:00,0,320.04,-17.48,2025-07-12,21,5
2025-07-12 22:00:00+00:00,0,334.18,-24.15,2025-07-12,22,5
2025-07-12 23:00:00+00:00,0,349.11,-27.81,2025-07-12,23,5
2025-07-13 00:00:00+00:00,0,5.28,-28.4,2025-07-13,0,6
2025-07-13 01:00:00+00:00,0,20.63,-25.81,2025-07-13,1,6
2025-07-13 02:00:00+00:00,0,36.28,-19.53,2025-07-13,2,6
2025-07-13 03:00:00+00:00,0,47.61,-12.3,2025-07-13,3,6
2025-07-13 04:00:00+00:00,1,59.23,-1.78,2025-07-13,4,6
2025-07-13 05:00:00+00:00,1,67.05,6.71,2025-07-13,5,6
2025-07-13 06:00:00+00:00,1,76.26,18.09,2025-07-13,6,6
2025-07-13 07:00:00+00:00,1,85.04,29.47,2025-07-13,7,6
2025-07-13 08:00:00+00:00,1,94.65,41.0,2025-07-13,8,6
2025-07-13 09:00:00+00:00,1,106.58,52.34,2025-07-13,9,6
2025-07-13 10:00:00+00:00,1,124.21,62.77,2025-07-13,10,6
2025-07-13 11:00:00+00:00,1,154.38,70.35,2025-07-13,11,6
2025-07-13 12:00:00+00:00,1,197.21,71.21,2025-07-13,12,6
2025-07-13 13:00:00+00:00,1,230.78,64.68,2025-07-13,13,6
2025-07-13 14:00:00+00:00,1,250.34,54.61,2025-07-13,14,6
2025-07-13 15:00:00+00:00,1,263.08,43.38,2025-07-13,15,6
2025-07-13 16:00:00+00:00,1,273.0,31.84,2025-07-13,16,6
2025-07-13 17:00:00+00:00,1,281.87,20.4,2025-07-13,17,6
2025-07-13 18:00:00+00:00,1,291.24,8.58,2025-07-13,18,6
2025-07-13 19:00:00+00:00,1,298.79,0.17,2025-07-13,19,6
2025-07-13 20:00:00+00:00,0,309.62,-10.23,2025-07-13,20,6
2025-07-13 21:00:00+00:00,0,319.77,-17.5,2025-07-13,21,6
2025-07-13 22:00:00+00:00,0,333.88,-24.21,2025-07-13,22,6
2025-07-13 23:00:00+00:00,0,348.82,-27.92,2025-07-13,23,6
2025-07-14 00:00:00+00:00,0,5.29,-28.54,2025-07-14,0,0
2025-07-14 01:00:00+00:00,0,20.68,-25.95,2025-07-14,1,0
2025-07-14 02:00:00+00:00,0,36.46,-19.6,2025-07-14,2,0
2025-07-14 03:00:00+00:00,0,47.88,-12.28,2025-07-14,3,0
2025-07-14 04:00:00+00:00,1,59.23,-2.0,2025-07-14,4,0
2025-07-14 05:00:00+00:00,1,67.1,6.54,2025-07-14,5,0
2025-07-14 06:00:00+00:00,1,76.47,18.1,2025-07-14,6,0
2025-07-14 07:00:00+00:00,1,85.26,29.48,2025-07-14,7,0
2025-07-14 08:00:00+00:00,1,94.9,41.02,2025-07-14,8,0
2025-07-14 09:00:00+00:00,1,106.9,52.35,2025-07-14,9,0
2025-07-14 10:00:00+00:00,1,124.63,62.74,2025-07-14,10,0
2025-07-14 11:00:00+00:00,1,154.87,70.25,2025-07-14,11,0
2025-07-14 12:00:00+00:00,1,197.13,71.06,2025-07-14,12,0
2025-07-14 13:00:00+00:00,1,230.56,64.56,2025-07-14,13,0
2025-07-14 14:00:00+00:00,1,250.13,54.52,2025-07-14,14,0
2025-07-14 15:00:00+00:00,1,262.91,43.29,2025-07-14,15,0
2025-07-14 16:00:00+00:00,1,272.85,31.76,2025-07-14,16,0
2025-07-14 17:00:00+00:00,1,281.73,20.31,2025-07-14,17,0
2025-07-14 18:00:00+00:00,1,291.06,8.56,2025-07-14,18,0
2025-07-14 19:00:00+00:00,1,298.58,0.16,2025-07-14,19,0
2025-07-14 20:00:00+00:00,0,309.39,-10.23,2025-07-14,20,0
2025-07-14 21:00:00+00:00,0,319.49,-17.51,2025-07-14,21,0
2025-07-14 22:00:00+00:00,0,333.57,-24.26,2025-07-14,22,0
2025-07-14 23:00:00+00:00,0,348.52,-28.03,2025-07-14,23,0
2025-07-15 00:00:00+00:00,0,5.3,-28.7,2025-07-15,0,1
2025-07-15 01:00:00+00:00,0,20.73,-26.1,2025-07-15,1,1
2025-07-15 02:00:00+00:00,0,36.65,-19.66,2025-07-15,2,1
2025-07-15 03:00:00+00:00,0,47.47,-12.82,2025-07-15,3,1
2025-07-15 04:00:00+00:00,1,59.08,-2.37,2025-07-15,4,1
2025-07-15 05:00:00+00:00,1,67.14,6.34,2025-07-15,5,1
2025-07-15 06:00:00+00:00,1,76.1,17.36,2025-07-15,6,1
2025-07-15 07:00:00+00:00,1,84.89,28.73,2025-07-15,7,1
2025-07-15 08:00:00+00:00,1,94.47,40.26,2025-07-15,8,1
2025-07-15 09:00:00+00:00,1,106.3,51.61,2025-07-15,9,1
2025-07-15 10:00:00+00:00,1,123.57,62.08,2025-07-15,10,1
2025-07-15 11:00:00+00:00,1,152.84,69.82,2025-07-15,11,1
2025-07-15 12:00:00+00:00,1,195.63,70.97,2025-07-15,12,1
2025-07-15 13:00:00+00:00,1,230.32,64.44,2025-07-15,13,1
2025-07-15 14:00:00+00:00,1,249.92,54.42,2025-07-15,14,1
2025-07-15 15:00:00+00:00,1,262.73,43.2,2025-07-15,15,1
2025-07-15 16:00:00+00:00,1,272.7,31.67,2025-07-15,16,1
2025-07-15 17:00:00+00:00,1,281.6,20.22,2025-07-15,17,1
2025-07-15 18:00:00+00:00,1,290.88,8.53,2025-07-15,18,1
2025-07-15 19:00:00+00:00,1,298.63,-0.12,2025-07-15,19,1
2025-07-15 20:00:00+00:00,0,309.84,-10.85,2025-07-15,20,1
2025-07-15 21:00:00+00:00,0,319.21,-17.53,2025-07-15,21,1
2025-07-15 22:00:00+00:00,0,333.24,-24.32,2025-07-15,22,1
2025-07-15 23:00:00+00:00,0,348.2,-28.15,2025-07-15,23,1
2025-07-16 00:00:00+00:00,0,5.32,-28.86,2025-07-16,0,2
2025-07-16 01:00:00+00:00,0,20.78,-26.25,2025-07-16,1,2
2025-07-16 02:00:00+00:00,0,35.18,-20.65,2025-07-16,2,2
2025-07-16 03:00:00+00:00,0,47.02,-13.33,2025-07-16,3,2
2025-07-16 04:00:00+00:00,1,59.08,-2.61,2025-07-16,4,2
2025-07-16 05:00:00+00:00,1,67.21,6.18,2025-07-16,5,2
2025-07-16 06:00:00+00:00,1,76.32,17.37,2025-07-16,6,2
2025-07-16 07:00:00+00:00,1,85.13,28.75,2025-07-16,7,2
2025-07-16 08:00:00+00:00,1,94.75,40.28,2025-07-16,8,2
2025-07-16 09:00:00+00:00,1,106.64,51.62,2025-07-16,9,2
2025-07-16 10:00:00+00:00,1,124.02,62.05,2025-07-16,10,2
2025-07-16 11:00:00+00:00,1,153.37,69.72,2025-07-16,11,2
2025-07-16 12:00:00+00:00,1,195.58,70.82,2025-07-16,12,2
2025-07-16 13:00:00+00:00,1,230.08,64.32,2025-07-16,13,2
2025-07-16 14:00:00+00:00,1,249.7,54.31,2025-07-16,14,2
2025-07-16 15:00:00+00:00,1,262.54,43.11,2025-07-16,15,2
2025-07-16 16:00:00+00:00,1,272.54,31.57,2025-07-16,16,2
2025-07-16 17:00:00+00:00,1,281.45,20.12,2025-07-16,17,2
2025-07-16 18:00:00+00:00,1,290.69,8.5,2025-07-16,18,2
2025-07-16 19:00:00+00:00,1,298.41,-0.13,2025-07-16,19,2
2025-07-16 20:00:00+00:00,0,309.59,-10.85,2025-07-16,20,2
2025-07-16 21:00:00+00:00,0,318.91,-17.54,2025-07-16,21,2
2025-07-16 22:00:00+00:00,0,332.91,-24.37,2025-07-16,22,2
2025-07-16 23:00:00+00:00,0,347.88,-28.26,2025-07-16,23,2
2025-07-17 00:00:00+00:00,0,93.61,-29.1,2025-07-17,0,3
2025-07-17 01:00:00+00:00,0,20.83,-26.41,2025-07-17,1,3
2025-07-17 02:00:00+00:00,0,36.33,-20.25,2025-07-17,2,3
2025-07-17 03:00:00+00:00,0,47.33,-13.31,2025-07-17,3,3
2025-07-17 04:00:00+00:00,1,59.32,-2.61,2025-07-17,4,3
2025-07-17 05:00:00+00:00,1,67.44,6.2,2025-07-17,5,3
2025-07-17 06:00:00+00:00,1,76.54,17.38,2025-07-17,6,3
2025-07-17 07:00:00+00:00,1,85.38,28.76,2025-07-17,7,3
2025-07-17 08:00:00+00:00,1,95.03,40.3,2025-07-17,8,3
2025-07-17 09:00:00+00:00,1,106.99,51.62,2025-07-17,9,3
2025-07-17 10:00:00+00:00,1,124.48,62.02,2025-07-17,10,3
2025-07-17 11:00:00+00:00,1,153.9,69.61,2025-07-17,11,3
2025-07-17 12:00:00+00:00,1,195.53,70.65,2025-07-17,12,3
2025-07-17 13:00:00+00:00,1,229.84,64.18,2025-07-17,13,3
2025-07-17 14:00:00+00:00,1,249.47,54.21,2025-07-17,14,3
2025-07-17 15:00:00+00:00,1,262.35,43.01,2025-07-17,15,3
2025-07-17 16:00:00+00:00,1,272.37,31.48,2025-07-17,16,3
2025-07-17 17:00:00+00:00,1,281.31,20.02,2025-07-17,17,3
2025-07-17 18:00:00+00:00,1,290.65,8.28,2025-07-17,18,3
2025-07-17 19:00:00+00:00,1,298.36,-0.33,2025-07-17,19,3
2025-07-17 20:00:00+00:00,0,309.32,-10.86,2025-07-17,20,3
2025-07-17 21:00:00+00:00,0,318.6,-17.56,2025-07-17,21,3
2025-07-17 22:00:00+00:00,0,332.56,-24.43,2025-07-17,22,3
2025-07-17 23:00:00+00:00,0,347.55,-28.39,2025-07-17,23,3
2025-07-18 00:00:00+00:00,0,93.54,-29.27,2025-07-18,0,4
2025-07-18 01:00:00+00:00,0,20.89,-26.58,2025-07-18,1,4
2025-07-18 02:00:00+00:00,0,36.47,-20.37,2025-07-18,2,4
2025-07-18 03:00:00+00:00,0,47.64,-13.3,2025-07-18,3,4
2025-07-18 04:00:00+00:00,1,59.57,-2.6,2025-07-18,4,4
2025-07-18 05:00:00+00:00,1,67.68,6.21,2025-07-18,5,4
2025-07-18 06:00:00+00:00,1,76.78,17.39,2025-07-18,6,4
2025-07-18 07:00:00+00:00,1,85.63,28.78,2025-07-18,7,4
2025-07-18 08:00:00+00:00,1,95.32,40.31,2025-07-18,8,4
2025-07-18 09:00:00+00:00,1,107.35,51.62,2025-07-18,9,4
2025-07-18 10:00:00+00:00,1,124.96,61.98,2025-07-18,10,4
2025-07-18 11:00:00+00:00,1,154.45,69.49,2025-07-18,11,4
2025-07-18 12:00:00+00:00,1,195.48,70.49,2025-07-18,12,4
2025-07-18 13:00:00+00:00,1,229.59,64.05,2025-07-18,13,4
2025-07-18 14:00:00+00:00,1,249.24,54.09,2025-07-18,14,4
2025-07-18 15:00:00+00:00,1,262.15,42.9,2025-07-18,15,4
2025-07-18 16:00:00+00:00,1,272.2,31.37,2025-07-18,16,4
2025-07-18 17:00:00+00:00,1,281.15,19.92,2025-07-18,17,4
2025-07-18 18:00:00+00:00,1,290.44,8.25,2025-07-18,18,4
2025-07-18 19:00:00+00:00,1,298.12,-0.34,2025-07-18,19,4
2025-07-18 20:00:00+00:00,0,309.05,-10.87,2025-07-18,20,4
2025-07-18 21:00:00+00:00,0,319.82,-18.42,2025-07-18,21,4
2025-07-18 22:00:00+00:00,0,337.04,-26.14,2025-07-18,22,4
2025-07-18 23:00:00+00:00,0,352.47,-29.19,2025-07-18,23,4
2025-07-19 00:00:00+00:00,0,5.35,-29.38,2025-07-19,0,5
2025-07-19 01:00:00+00:00,0,20.95,-26.75,2025-07-19,1,5
2025-07-19 02:00:00+00:00,0,36.63,-20.48,2025-07-19,2,5
2025-07-19 03:00:00+00:00,0,47.96,-13.28,2025-07-19,3,5
2025-07-19 04:00:00+00:00,1,59.59,-2.86,2025-07-19,4,5
2025-07-19 05:00:00+00:00,1,67.77,6.04,2025-07-19,5,5
2025-07-19 06:00:00+00:00,1,77.02,17.4,2025-07-19,6,5
2025-07-19 07:00:00+00:00,1,85.9,28.79,2025-07-19,7,5
2025-07-19 08:00:00+00:00,1,95.63,40.33,2025-07-19,8,5
2025-07-19 09:00:00+00:00,1,107.73,51.62,2025-07-19,9,5
2025-07-19 10:00:00+00:00,1,125.45,61.95,2025-07-19,10,5
2025-07-19 11:00:00+00:00,1,155.0,69.38,2025-07-19,11,5
2025-07-19 12:00:00+00:00,1,194.16,70.45,2025-07-19,12,5
2025-07-19 13:00:00+00:00,1,227.63,64.48,2025-07-19,13,5
2025-07-19 14:00:00+00:00,1,247.97,54.69,2025-07-19,14,5
2025-07-19 15:00:00+00:00,1,261.21,43.56,2025-07-19,15,5
2025-07-19 16:00:00+00:00,1,271.41,32.04,2025-07-19,16,5
2025-07-19 17:00:00+00:00,1,280.41,20.56,2025-07-19,17,5
2025-07-19 18:00:00+00:00,1,290.08,8.4,2025-07-19,18,5
2025-07-19 19:00:00+00:00,1,297.88,-0.36,2025-07-19,19,5
2025-07-19 20:00:00+00:00,0,309.5,-11.45,2025-07-19,20,5
2025-07-19 21:00:00+00:00,0,320.47,-19.04,2025-07-19,21,5
2025-07-19 22:00:00+00:00,0,336.67,-26.22,2025-07-19,22,5
2025-07-19 23:00:00+00:00,0,352.12,-29.35,2025-07-19,23,5
2025-07-20 00:00:00+00:00,0,5.38,-29.56,2025-07-20,0,6
2025-07-20 01:00:00+00:00,0,21.01,-26.92,2025-07-20,1,6
2025-07-20 02:00:00+00:00,0,36.79,-20.61,2025-07-20,2,6
2025-07-20 03:00:00+00:00,0,48.29,-13.27,2025-07-20,3,6
2025-07-20 04:00:00+00:00,1,59.86,-2.85,2025-07-20,4,6
2025-07-20 05:00:00+00:00,1,67.91,5.92,2025-07-20,5,6
2025-07-20 06:00:00+00:00,1,77.27,17.41,2025-07-20,6,6
2025-07-20 07:00:00+00:00,1,86.17,28.81,2025-07-20,7,6
2025-07-20 08:00:00+00:00,1,95.94,40.34,2025-07-20,8,6
2025-07-20 09:00:00+00:00,1,108.12,51.62,2025-07-20,9,6
2025-07-20 10:00:00+00:00,1,125.95,61.91,2025-07-20,10,6
2025-07-20 11:00:00+00:00,1,155.58,69.25,2025-07-20,11,6
2025-07-20 12:00:00+00:00,1,195.14,70.21,2025-07-20,12,6
2025-07-20 13:00:00+00:00,1,227.36,64.33,2025-07-20,13,6
2025-07-20 14:00:00+00:00,1,247.72,54.57,2025-07-20,14,6
2025-07-20 15:00:00+00:00,1,260.99,43.45,2025-07-20,15,6
2025-07-20 16:00:00+00:00,1,271.22,31.93,2025-07-20,16,6
2025-07-20 17:00:00+00:00,1,280.25,20.45,2025-07-20,17,6
2025-07-20 18:00:00+00:00,1,289.85,8.37,2025-07-20,18,6
2025-07-20 19:00:00+00:00,1,297.63,-0.36,2025-07-20,19,6
2025-07-20 20:00:00+00:00,0,309.2,-11.46,2025-07-20,20,6
2025-07-20 21:00:00+00:00,0,320.12,-19.06,2025-07-20,21,6
2025-07-20 22:00:00+00:00,0,336.3,-26.31,2025-07-20,22,6
2025-07-20 23:00:00+00:00,0,351.77,-29.5,2025-07-20,23,6
2025-07-21 00:00:00+00:00,0,5.39,-29.75,2025-07-21,0,0
2025-07-21 01:00:00+00:00,0,21.07,-27.11,2025-07-21,1,0
2025-07-21 02:00:00+00:00,0,36.96,-20.74,2025-07-21,2,0
2025-07-21 03:00:00+00:00,0,48.64,-13.25,2025-07-21,3,0
2025-07-21 04:00:00+00:00,1,59.88,-3.12,2025-07-21,4,0
2025-07-21 05:00:00+00:00,1,67.84,5.56,2025-07-21,5,0
2025-07-21 06:00:00+00:00,1,76.94,16.66,2025-07-21,6,0
2025-07-21 07:00:00+00:00,1,85.84,28.06,2025-07-21,7,0
2025-07-21 08:00:00+00:00,1,95.56,39.59,2025-07-21,8,0
2025-07-21 09:00:00+00:00,1,107.57,50.89,2025-07-21,9,0
2025-07-21 10:00:00+00:00,1,124.98,61.24,2025-07-21,10,0
2025-07-21 11:00:00+00:00,1,153.71,68.8,2025-07-21,11,0
2025-07-21 12:00:00+00:00,1,193.68,70.08,2025-07-21,12,0
2025-07-21 13:00:00+00:00,1,227.1,64.17,2025-07-21,13,0
2025-07-21 14:00:00+00:00,1,247.46,54.44,2025-07-21,14,0
2025-07-21 15:00:00+00:00,1,260.78,43.34,2025-07-21,15,0
2025-07-21 16:00:00+00:00,1,271.03,31.82,2025-07-21,16,0
2025-07-21 17:00:00+00:00,1,280.08,20.34,2025-07-21,17,0
2025-07-21 18:00:00+00:00,1,289.79,8.15,2025-07-21,18,0
2025-07-21 19:00:00+00:00,1,297.56,-0.58,2025-07-21,19,0
2025-07-21 20:00:00+00:00,0,308.9,-11.47,2025-07-21,20,0
2025-07-21 21:00:00+00:00,0,319.77,-19.09,2025-07-21,21,0
2025-07-21 22:00:00+00:00,0,335.91,-26.39,2025-07-21,22,0
2025-07-21 23:00:00+00:00,0,351.4,-29.66,2025-07-21,23,0
2025-07-22 00:00:00+00:00,0,5.4,-29.95,2025-07-22,0,1
2025-07-22 01:00:00+00:00,0,21.13,-27.29,2025-07-22,1,1
2025-07-22 02:00:00+00:00,0,35.39,-21.82,2025-07-22,2,1
2025-07-22 03:00:00+00:00,0,48.24,-13.77,2025-07-22,3,1
2025-07-22 04:00:00+00:00,1,60.17,-3.11,2025-07-22,4,1
2025-07-22 05:00:00+00:00,1,68.11,5.57,2025-07-22,5,1
2025-07-22 06:00:00+00:00,1,77.21,16.67,2025-07-22,6,1
2025-07-22 07:00:00+00:00,1,86.12,28.07,2025-07-22,7,1
2025-07-22 08:00:00+00:00,1,95.89,39.61,2025-07-22,8,1
2025-07-22 09:00:00+00:00,1,107.98,50.89,2025-07-22,9,1
2025-07-22 10:00:00+00:00,1,125.51,61.2,2025-07-22,10,1
2025-07-22 11:00:00+00:00,1,154.31,68.67,2025-07-22,11,1
2025-07-22 12:00:00+00:00,1,193.65,69.89,2025-07-22,12,1
2025-07-22 13:00:00+00:00,1,226.83,64.01,2025-07-22,13,1
2025-07-22 14:00:00+00:00,1,247.21,54.31,2025-07-22,14,1
2025-07-22 15:00:00+00:00,1,260.55,43.22,2025-07-22,15,1
2025-07-22 16:00:00+00:00,1,270.84,31.7,2025-07-22,16,1
2025-07-22 17:00:00+00:00,1,279.91,20.22,2025-07-22,17,1
2025-07-22 18:00:00+00:00,1,289.55,8.11,2025-07-22,18,1
2025-07-22 19:00:00+00:00,1,297.29,-0.59,2025-07-22,19,1
2025-07-22 20:00:00+00:00,0,308.59,-11.48,2025-07-22,20,1
2025-07-22 21:00:00+00:00,0,319.4,-19.11,2025-07-22,21,1
2025-07-22 22:00:00+00:00,0,335.52,-26.48,2025-07-22,22,1
2025-07-22 23:00:00+00:00,0,351.03,-29.82,2025-07-22,23,1
2025-07-23 00:00:00+00:00,0,5.42,-30.15,2025-07-23,0,2
2025-07-23 01:00:00+00:00,0,21.2,-27.49,2025-07-23,1,2
2025-07-23 02:00:00+00:00,0,35.49,-22.0,2025-07-23,2,2
2025-07-23 03:00:00+00:00,0,47.94,-14.28,2025-07-23,3,2
2025-07-23 04:00:00+00:00,1,60.03,-3.53,2025-07-23,4,2
2025-07-23 05:00:00+00:00,1,68.39,5.58,2025-07-23,5,2
2025-07-23 06:00:00+00:00,1,77.48,16.68,2025-07-23,6,2
2025-07-23 07:00:00+00:00,1,86.42,28.09,2025-07-23,7,2
2025-07-23 08:00:00+00:00,1,96.23,39.62,2025-07-23,8,2
2025-07-23 09:00:00+00:00,1,108.4,50.89,2025-07-23,9,2
2025-07-23 10:00:00+00:00,1,126.05,61.16,2025-07-23,10,2
2025-07-23 11:00:00+00:00,1,154.93,68.54,2025-07-23,11,2
2025-07-23 12:00:00+00:00,1,193.61,69.69,2025-07-23,12,2
2025-07-23 13:00:00+00:00,1,226.56,63.85,2025-07-23,13,2
2025-07-23 14:00:00+00:00,1,246.94,54.17,2025-07-23,14,2
2025-07-23 15:00:00+00:00,1,260.33,43.1,2025-07-23,15,2
2025-07-23 16:00:00+00:00,1,270.64,31.58,2025-07-23,16,2
2025-07-23 17:00:00+00:00,1,279.73,20.09,2025-07-23,17,2
2025-07-23 18:00:00+00:00,1,289.31,8.08,2025-07-23,18,2
2025-07-23 19:00:00+00:00,1,297.02,-0.6,2025-07-23,19,2
2025-07-23 20:00:00+00:00,0,308.28,-11.49,2025-07-23,20,2
2025-07-23 21:00:00+00:00,0,319.03,-19.13,2025-07-23,21,2
2025-07-23 22:00:00+00:00,0,335.12,-26.57,2025-07-23,22,2
2025-07-23 23:00:00+00:00,0,350.65,-29.99,2025-07-23,23,2
2025-07-24 00:00:00+00:00,0,5.44,-30.36,2025-07-24,0,3
2025-07-24 01:00:00+00:00,0,21.27,-27.69,2025-07-24,1,3
2025-07-24 02:00:00+00:00,0,35.59,-22.18,2025-07-24,2,3
2025-07-24 03:00:00+00:00,0,48.31,-14.27,2025-07-24,3,3
2025-07-24 04:00:00+00:00,1,60.05,-3.82,2025-07-24,4,3
2025-07-24 05:00:00+00:00,1,68.52,5.42,2025-07-24,5,3
2025-07-24 06:00:00+00:00,1,77.76,16.69,2025-07-24,6,3
2025-07-24 07:00:00+00:00,1,86.72,28.1,2025-07-24,7,3
2025-07-24 08:00:00+00:00,1,96.57,39.63,2025-07-24,8,3
2025-07-24 09:00:00+00:00,1,108.82,50.89,2025-07-24,9,3
2025-07-24 10:00:00+00:00,1,126.59,61.11,2025-07-24,10,3
2025-07-24 11:00:00+00:00,1,155.54,68.4,2025-07-24,11,3
2025-07-24 12:00:00+00:00,1,193.56,69.49,2025-07-24,12,3
2025-07-24 13:00:00+00:00,1,226.28,63.68,2025-07-24,13,3
2025-07-24 14:00:00+00:00,1,246.67,54.04,2025-07-24,14,3
2025-07-24 15:00:00+00:00,1,260.09,42.97,2025-07-24,15,3
2025-07-24 16:00:00+00:00,1,270.44,31.46,2025-07-24,16,3
2025-07-24 17:00:00+00:00,1,279.55,19.97,2025-07-24,17,3
2025-07-24 18:00:00+00:00,1,289.22,7.86,2025-07-24,18,3
2025-07-24 19:00:00+00:00,1,296.93,-0.81,2025-07-24,19,3
2025-07-24 20:00:00+00:00,0,307.95,-11.5,2025-07-24,20,3
2025-07-24 21:00:00+00:00,0,318.65,-19.16,2025-07-24,21,3
2025-07-24 22:00:00+00:00,0,334.71,-26.66,2025-07-24,22,3
2025-07-24 23:00:00+00:00,0,350.26,-30.16,2025-07-24,23,3
2025-07-25 00:00:00+00:00,0,5.46,-30.57,2025-07-25,0,4
2025-07-25 01:00:00+00:00,0,21.34,-27.89,2025-07-25,1,4
2025-07-25 02:00:00+00:00,0,35.71,-22.37,2025-07-25,2,4
2025-07-25 03:00:00+00:00,0,48.69,-14.25,2025-07-25,3,4
2025-07-25 04:00:00+00:00,1,60.36,-3.82,2025-07-25,4,4
2025-07-25 05:00:00+00:00,1,68.81,5.44,2025-07-25,5,4
2025-07-25 06:00:00+00:00,1,78.04,16.7,2025-07-25,6,4
2025-07-25 07:00:00+00:00,1,87.04,28.12,2025-07-25,7,4
2025-07-25 08:00:00+00:00,1,96.94,39.65,2025-07-25,8,4
2025-07-25 09:00:00+00:00,1,109.26,50.88,2025-07-25,9,4
2025-07-25 10:00:00+00:00,1,127.16,61.06,2025-07-25,10,4
2025-07-25 11:00:00+00:00,1,156.17,68.26,2025-07-25,11,4
2025-07-25 12:00:00+00:00,1,194.53,69.22,2025-07-25,12,4
2025-07-25 13:00:00+00:00,1,226.0,63.5,2025-07-25,13,4
2025-07-25 14:00:00+00:00,1,246.4,53.89,2025-07-25,14,4
2025-07-25 15:00:00+00:00,1,259.86,42.84,2025-07-25,15,4
2025-07-25 16:00:00+00:00,1,270.23,31.34,2025-07-25,16,4
2025-07-25 17:00:00+00:00,1,279.36,19.84,2025-07-25,17,4
2025-07-25 18:00:00+00:00,1,289.04,7.73,2025-07-25,18,4
2025-07-25 19:00:00+00:00,1,296.95,-1.15,2025-07-25,19,4
2025-07-25 20:00:00+00:00,0,308.31,-12.11,2025-07-25,20,4
2025-07-25 21:00:00+00:00,0,318.88,-19.54,2025-07-25,21,4
2025-07-25 22:00:00+00:00,0,334.29,-26.75,2025-07-25,22,4
2025-07-25 23:00:00+00:00,0,349.86,-30.33,2025-07-25,23,4
2025-07-26 00:00:00+00:00,0,125.48,-30.79,2025-07-26,0,5
2025-07-26 01:00:00+00:00,0,21.41,-28.1,2025-07-26,1,5
2025-07-26 02:00:00+00:00,0,35.82,-22.56,2025-07-26,2,5
2025-07-26 03:00:00+00:00,0,48.71,-14.52,2025-07-26,3,5
2025-07-26 04:00:00+00:00,1,60.39,-4.13,2025-07-26,4,5
2025-07-26 05:00:00+00:00,1,68.8,5.09,2025-07-26,5,5
2025-07-26 06:00:00+00:00,1,77.75,15.95,2025-07-26,6,5
2025-07-26 07:00:00+00:00,1,86.74,27.37,2025-07-26,7,5
2025-07-26 08:00:00+00:00,1,96.58,38.9,2025-07-26,8,5
2025-07-26 09:00:00+00:00,1,108.76,50.15,2025-07-26,9,5
2025-07-26 10:00:00+00:00,1,126.25,60.39,2025-07-26,10,5
2025-07-26 11:00:00+00:00,1,154.43,67.79,2025-07-26,11,5
2025-07-26 12:00:00+00:00,1,193.12,69.06,2025-07-26,12,5
2025-07-26 13:00:00+00:00,1,225.72,63.32,2025-07-26,13,5
2025-07-26 14:00:00+00:00,1,246.12,53.74,2025-07-26,14,5
2025-07-26 15:00:00+00:00,1,259.62,42.7,2025-07-26,15,5
2025-07-26 16:00:00+00:00,1,270.02,31.21,2025-07-26,16,5
2025-07-26 17:00:00+00:00,1,279.18,19.71,2025-07-26,17,5
2025-07-26 18:00:00+00:00,1,288.78,7.7,2025-07-26,18,5
2025-07-26 19:00:00+00:00,1,296.65,-1.16,2025-07-26,19,5
2025-07-26 20:00:00+00:00,0,307.97,-12.12,2025-07-26,20,5
2025-07-26 21:00:00+00:00,0,318.48,-19.56,2025-07-26,21,5
2025-07-26 22:00:00+00:00,0,333.86,-26.84,2025-07-26,22,5
2025-07-26 23:00:00+00:00,0,349.45,-30.5,2025-07-26,23,5
2025-07-27 00:00:00+00:00,0,125.5,-31.01,2025-07-27,0,6
2025-07-27 01:00:00+00:00,0,21.49,-28.31,2025-07-27,1,6
2025-07-27 02:00:00+00:00,0,35.93,-22.76,2025-07-27,2,6
2025-07-27 03:00:00+00:00,0,49.11,-14.5,2025-07-27,3,6
2025-07-27 04:00:00+00:00,1,60.71,-4.12,2025-07-27,4,6
2025-07-27 05:00:00+00:00,1,69.1,5.1,2025-07-27,5,6
2025-07-27 06:00:00+00:00,1,78.05,15.96,2025-07-27,6,6
2025-07-27 07:00:00+00:00,1,87.06,27.38,2025-07-27,7,6
2025-07-27 08:00:00+00:00,1,96.95,38.91,2025-07-27,8,6
2025-07-27 09:00:00+00:00,1,109.21,50.14,2025-07-27,9,6
2025-07-27 10:00:00+00:00,1,126.82,60.34,2025-07-27,10,6
2025-07-27 11:00:00+00:00,1,155.08,67.64,2025-07-27,11,6
2025-07-27 12:00:00+00:00,1,193.07,68.84,2025-07-27,12,6
2025-07-27 13:00:00+00:00,1,225.42,63.14,2025-07-27,13,6
2025-07-27 14:00:00+00:00,1,245.83,53.59,2025-07-27,14,6
2025-07-27 15:00:00+00:00,1,259.37,42.57,2025-07-27,15,6
2025-07-27 16:00:00+00:00,1,269.8,31.08,2025-07-27,16,6
2025-07-27 17:00:00+00:00,1,278.98,19.57,2025-07-27,17,6
2025-07-27 18:00:00+00:00,1,288.67,7.48,2025-07-27,18,6
2025-07-27 19:00:00+00:00,1,296.55,-1.38,2025-07-27,19,6
2025-07-27 20:00:00+00:00,0,308.35,-12.7,2025-07-27,20,6
2025-07-27 21:00:00+00:00,0,319.59,-20.54,2025-07-27,21,6
2025-07-27 22:00:00+00:00,0,333.43,-26.94,2025-07-27,22,6
2025-07-27 23:00:00+00:00,0,349.04,-30.68,2025-07-27,23,6
2025-07-28 00:00:00+00:00,0,125.52,-31.24,2025-07-28,0,0
2025-07-28 01:00:00+00:00,0,21.57,-28.53,2025-07-28,1,0
2025-07-28 02:00:00+00:00,0,36.05,-22.96,2025-07-28,2,0
2025-07-28 03:00:00+00:00,0,49.51,-14.49,2025-07-28,3,0
2025-07-28 04:00:00+00:00,1,60.74,-4.47,2025-07-28,4,0
2025-07-28 05:00:00+00:00,1,67.43,2.85,2025-07-28,5,0
2025-07-28 06:00:00+00:00,,,,2025-07-28,6,0
2025-07-28 07:00:00+00:00,,,,2025-07-28,7,0
2025-07-28 08:00:00+00:00,,,,2025-07-28,8,0
2025-07-28 09:00:00+00:00,,,,2025-07-28,9,0
2025-07-28 10:00:00+00:00,,,,2025-07-28,10,0
2025-07-28 11:00:00+00:00,,,,2025-07-28,11,0
2025-07-28 12:00:00+00:00,,,,2025-07-28,12,0
2025-07-28 13:00:00+00:00,,,,2025-07-28,13,0
2025-07-28 14:00:00+00:00,,,,2025-07-28,14,0
2025-07-28 15:00:00+00:00,,,,2025-07-28,15,0
2025-07-28 16:00:00+00:00,,,,2025-07-28,16,0
2025-07-28 17:00:00+00:00,,,,2025-07-28,17,0
2025-07-28 18:00:00+00:00,,,,2025-07-28,18,0
2025-07-28 19:00:00+00:00,,,,2025-07-28,19,0
2025-07-28 20:00:00+00:00,,,,2025-07-28,20,0
2025-07-28 21:00:00+00:00,,,,2025-07-28,21,0
2025-07-28 22:00:00+00:00,,,,2025-07-28,22,0
2025-07-28 23:00:00+00:00,,,,2025-07-28,23,0
2025-07-29 00:00:00+00:00,,,,2025-07-29,0,1
2025-07-29 01:00:00+00:00,,,,2025-07-29,1,1
2025-07-29 02:00:00+00:00,,,,2025-07-29,2,1
2025-07-29 03:00:00+00:00,,,,2025-07-29,3,1
2025-07-29 04:00:00+00:00,,,,2025-07-29,4,1
2025-07-29 05:00:00+00:00,,,,2025-07-29,5,1
2025-07-29 06:00:00+00:00,,,,2025-07-29,6,1
2025-07-29 07:00:00+00:00,,,,2025-07-29,7,1
2025-07-29 08:00:00+00:00,,,,2025-07-29,8,1
2025-07-29 09:00:00+00:00,,,,2025-07-29,9,1
2025-07-29 10:00:00+00:00,,,,2025-07-29,10,1
2025-07-29 11:00:00+00:00,,,,2025-07-29,11,1
2025-07-29 12:00:00+00:00,,,,2025-07-29,12,1
2025-07-29 13:00:00+00:00,,,,2025-07-29,13,1
2025-07-29 14:00:00+00:00,,,,2025-07-29,14,1
2025-07-29 15:00:00+00:00,,,,2025-07-29,15,1
2025-07-29 16:00:00+00:00,,,,2025-07-29,16,1
2025-07-29 17:00:00+00:00,,,,2025-07-29,17,1
2025-07-29 18:00:00+00:00,,,,2025-07-29,18,1
2025-07-29 19:00:00+00:00,,,,2025-07-29,19,1
2025-07-29 20:00:00+00:00,,,,2025-07-29,20,1
2025-07-29 21:00:00+00:00,,,,2025-07-29,21,1
2025-07-29 22:00:00+00:00,,,,2025-07-29,22,1
2025-07-29 23:00:00+00:00,,,,2025-07-29,23,1
2025-07-30 00:00:00+00:00,,,,2025-07-30,0,2
2025-07-30 01:00:00+00:00,,,,2025-07-30,1,2
2025-07-30 02:00:00+00:00,,,,2025-07-30,2,2
2025-07-30 03:00:00+00:00,,,,2025-07-30,3,2
2025-07-30 04:00:00+00:00,,,,2025-07-30,4,2
2025-07-30 05:00:00+00:00,,,,2025-07-30,5,2
2025-07-30 06:00:00+00:00,,,,2025-07-30,6,2
2025-07-30 07:00:00+00:00,,,,2025-07-30,7,2
2025-07-30 08:00:00+00:00,,,,2025-07-30,8,2
2025-07-30 09:00:00+00:00,,,,2025-07-30,9,2
2025-07-30 10:00:00+00:00,,,,2025-07-30,10,2
2025-07-30 11:00:00+00:00,,,,2025-07-30,11,2
2025-07-30 12:00:00+00:00,,,,2025-07-30,12,2
2025-07-30 13:00:00+00:00,,,,2025-07-30,13,2
2025-07-30 14:00:00+00:00,,,,2025-07-30,14,2
2025-07-30 15:00:00+00:00,,,,2025-07-30,15,2
2025-07-30 16:00:00+00:00,,,,2025-07-30,16,2
2025-07-30 17:00:00+00:00,,,,2025-07-30,17,2
2025-07-30 18:00:00+00:00,,,,2025-07-30,18,2
2025-07-30 19:00:00+00:00,,,,2025-07-30,19,2
2025-07-30 20:00:00+00:00,,,,2025-07-30,20,2
2025-07-30 21:00:00+00:00,,,,2025-07-30,21,2
2025-07-30 22:00:00+00:00,,,,2025-07-30,22,2
2025-07-30 23:00:00+00:00,,,,2025-07-30,23,2
2025-07-31 00:00:00+00:00,,,,2025-07-31,0,3
2025-07-31 01:00:00+00:00,,,,2025-07-31,1,3
2025-07-31 02:00:00+00:00,,,,2025-07-31,2,3
2025-07-31 03:00:00+00:00,,,,2025-07-31,3,3
2025-07-31 04:00:00+00:00,,,,2025-07-31,4,3
2025-07-31 05:00:00+00:00,,,,2025-07-31,5,3
2025-07-31 06:00:00+00:00,,,,2025-07-31,6,3
2025-07-31 07:00:00+00:00,,,,2025-07-31,7,3
2025-07-31 08:00:00+00:00,,,,2025-07-31,8,3
2025-07-31 09:00:00+00:00,,,,2025-07-31,9,3
2025-07-31 10:00:00+00:00,,,,2025-07-31,10,3
2025-07-31 11:00:00+00:00,,,,2025-07-31,11,3
2025-07-31 12:00:00+00:00,,,,2025-07-31,12,3
2025-07-31 13:00:00+00:00,,,,2025-07-31,13,3
2025-07-31 14:00:00+00:00,,,,2025-07-31,14,3
2025-07-31 15:00:00+00:00,,,,2025-07-31,15,3
2025-07-31 16:00:00+00:00,,,,2025-07-31,16,3
2025-07-31 17:00:00+00:00,,,,2025-07-31,17,3
2025-07-31 18:00:00+00:00,,,,2025-07-31,18,3
2025-07-31 19:00:00+00:00,,,,2025-07-31,19,3
2025-07-31 20:00:00+00:00,,,,2025-07-31,20,3
2025-07-31 21:00:00+00:00,,,,2025-07-31,21,3
2025-07-31 22:00:00+00:00,,,,2025-07-31,22,3
2025-07-31 23:00:00+00:00,,,,2025-07-31,23,3
2025-08-01 00:00:00+00:00,,,,2025-08-01,0,4
2025-08-01 01:00:00+00:00,,,,2025-08-01,1,4
2025-08-01 02:00:00+00:00,,,,2025-08-01,2,4
2025-08-01 03:00:00+00:00,,,,2025-08-01,3,4
2025-08-01 04:00:00+00:00,,,,2025-08-01,4,4
2025-08-01 05:00:00+00:00,,,,2025-08-01,5,4
2025-08-01 06:00:00+00:00,,,,2025-08-01,6,4
2025-08-01 07:00:00+00:00,,,,2025-08-01,7,4
2025-08-01 08:00:00+00:00,,,,2025-08-01,8,4
2025-08-01 09:00:00+00:00,,,,2025-08-01,9,4
2025-08-01 10:00:00+00:00,,,,2025-08-01,10,4
2025-08-01 11:00:00+00:00,,,,2025-08-01,11,4
2025-08-01 12:00:00+00:00,,,,2025-08-01,12,4
2025-08-01 13:00:00+00:00,,,,2025-08-01,13,4
2025-08-01 14:00:00+00:00,,,,2025-08-01,14,4
2025-08-01 15:00:00+00:00,,,,2025-08-01,15,4
2025-08-01 16:00:00+00:00,,,,2025-08-01,16,4
2025-08-01 17:00:00+00:00,,,,2025-08-01,17,4
2025-08-01 18:00:00+00:00,,,,2025-08-01,18,4
2025-08-01 19:00:00+00:00,,,,2025-08-01,19,4
2025-08-01 20:00:00+00:00,,,,2025-08-01,20,4
2025-08-01 21:00:00+00:00,,,,2025-08-01,21,4
2025-08-01 22:00:00+00:00,,,,2025-08-01,22,4
2025-08-01 23:00:00+00:00,,,,2025-08-01,23,4
2025-08-02 00:00:00+00:00,,,,2025-08-02,0,5
2025-08-02 01:00:00+00:00,,,,2025-08-02,1,5
2025-08-02 02:00:00+00:00,,,,2025-08-02,2,5
2025-08-02 03:00:00+00:00,,,,2025-08-02,3,5
2025-08-02 04:00:00+00:00,,,,2025-08-02,4,5
2025-08-02 05:00:00+00:00,,,,2025-08-02,5,5
2025-08-02 06:00:00+00:00,,,,2025-08-02,6,5
2025-08-02 07:00:00+00:00,,,,2025-08-02,7,5
2025-08-02 08:00:00+00:00,,,,2025-08-02,8,5
2025-08-02 09:00:00+00:00,,,,2025-08-02,9,5
2025-08-02 10:00:00+00:00,,,,2025-08-02,10,5
2025-08-02 11:00:00+00:00,,,,2025-08-02,11,5
2025-08-02 12:00:00+00:00,,,,2025-08-02,12,5
2025-08-02 13:00:00+00:00,,,,2025-08-02,13,5
2025-08-02 14:00:00+00:00,,,,2025-08-02,14,5
2025-08-02 15:00:00+00:00,,,,2025-08-02,15,5
2025-08-02 16:00:00+00:00,,,,2025-08-02,16,5
2025-08-02 17:00:00+00:00,,,,2025-08-02,17,5
2025-08-02 18:00:00+00:00,,,,2025-08-02,18,5
2025-08-02 19:00:00+00:00,,,,2025-08-02,19,5
2025-08-02 20:00:00+00:00,,,,2025-08-02,20,5
2025-08-02 21:00:00+00:00,,,,2025-08-02,21,5
2025-08-02 22:00:00+00:00,,,,2025-08-02,22,5
2025-08-02 23:00:00+00:00,,,,2025-08-02,23,5
2025-08-03 00:00:00+00:00,,,,2025-08-03,0,6
2025-08-03 01:00:00+00:00,,,,2025-08-03,1,6
2025-08-03 02:00:00+00:00,,,,2025-08-03,2,6
2025-08-03 03:00:00+00:00,,,,2025-08-03,3,6
2025-08-03 04:00:00+00:00,,,,2025-08-03,4,6
2025-08-03 05:00:00+00:00,,,,2025-08-03,5,6
2025-08-03 06:00:00+00:00,,,,2025-08-03,6,6
2025-08-03 07:00:00+00:00,,,,2025-08-03,7,6
2025-08-03 08:00:00+00:00,,,,2025-08-03,8,6
2025-08-03 09:00:00+00:00,,,,2025-08-03,9,6
2025-08-03 10:00:00+00:00,,,,2025-08-03,10,6
2025-08-03 11:00:00+00:00,,,,2025-08-03,11,6
2025-08-03 12:00:00+00:00,,,,2025-08-03,12,6
2025-08-03 13:00:00+00:00,,,,2025-08-03,13,6
2025-08-03 14:00:00+00:00,,,,2025-08-03,14,6
2025-08-03 15:00:00+00:00,,,,2025-08-03,15,6
2025-08-03 16:00:00+00:00,,,,2025-08-03,16,6
2025-08-03 17:00:00+00:00,,,,2025-08-03,17,6
2025-08-03 18:00:00+00:00,,,,2025-08-03,18,6
2025-08-03 19:00:00+00:00,,,,2025-08-03,19,6
2025-08-03 20:00:00+00:00,,,,2025-08-03,20,6
2025-08-03 21:00:00+00:00,,,,2025-08-03,21,6
2025-08-03 22:00:00+00:00,,,,2025-08-03,22,6
2025-08-03 23:00:00+00:00,,,,2025-08-03,23,6
2025-08-04 00:00:00+00:00,,,,2025-08-04,0,0
2025-08-04 01:00:00+00:00,,,,2025-08-04,1,0
2025-08-04 02:00:00+00:00,,,,2025-08-04,2,0
2025-08-04 03:00:00+00:00,,,,2025-08-04,3,0
2025-08-04 04:00:00+00:00,,,,2025-08-04,4,0
2025-08-04 05:00:00+00:00,,,,2025-08-04,5,0
2025-08-04 06:00:00+00:00,,,,2025-08-04,6,0
2025-08-04 07:00:00+00:00,,,,2025-08-04,7,0
2025-08-04 08:00:00+00:00,,,,2025-08-04,8,0
2025-08-04 09:00:00+00:00,,,,2025-08-04,9,0
2025-08-04 10:00:00+00:00,,,,2025-08-04,10,0
2025-08-04 11:00:00+00:00,,,,2025-08-04,11,0
2025-08-04 12:00:00+00:00,,,,2025-08-04,12,0
2025-08-04 13:00:00+00:00,,,,2025-08-04,13,0
2025-08-04 14:00:00+00:00,,,,2025-08-04,14,0
2025-08-04 15:00:00+00:00,,,,2025-08-04,15,0
2025-08-04 16:00:00+00:00,,,,2025-08-04,16,0
2025-08-04 17:00:00+00:00,,,,2025-08-04,17,0
2025-08-04 18:00:00+00:00,,,,2025-08-04,18,0
2025-08-04 19:00:00+00:00,,,,2025-08-04,19,0
2025-08-04 20:00:00+00:00,,,,2025-08-04,20,0
2025-08-04 21:00:00+00:00,,,,2025-08-04,21,0
2025-08-04 22:00:00+00:00,,,,2025-08-04,22,0
2025-08-04 23:00:00+00:00,,,,2025-08-04,23,0
2025-08-05 00:00:00+00:00,,,,2025-08-05,0,1
2025-08-05 01:00:00+00:00,,,,2025-08-05,1,1
2025-08-05 02:00:00+00:00,,,,2025-08-05,2,1
2025-08-05 03:00:00+00:00,,,,2025-08-05,3,1
2025-08-05 04:00:00+00:00,,,,2025-08-05,4,1
2025-08-05 05:00:00+00:00,,,,2025-08-05,5,1
2025-08-05 06:00:00+00:00,,,,2025-08-05,6,1
2025-08-05 07:00:00+00:00,,,,2025-08-05,7,1
2025-08-05 08:00:00+00:00,,,,2025-08-05,8,1
2025-08-05 09:00:00+00:00,,,,2025-08-05,9,1
2025-08-05 10:00:00+00:00,,,,2025-08-05,10,1
2025-08-05 11:00:00+00:00,,,,2025-08-05,11,1
2025-08-05 12:00:00+00:00,,,,2025-08-05,12,1
2025-08-05 13:00:00+00:00,,,,2025-08-05,13,1
2025-08-05 14:00:00+00:00,,,,2025-08-05,14,1
2025-08-05 15:00:00+00:00,,,,2025-08-05,15,1
2025-08-05 16:00:00+00:00,,,,2025-08-05,16,1
2025-08-05 17:00:00+00:00,,,,2025-08-05,17,1
2025-08-05 18:00:00+00:00,,,,2025-08-05,18,1
2025-08-05 19:00:00+00:00,,,,2025-08-05,19,1
2025-08-05 20:00:00+00:00,,,,2025-08-05,20,1
2025-08-05 21:00:00+00:00,,,,2025-08-05,21,1
2025-08-05 22:00:00+00:00,,,,2025-08-05,22,1
2025-08-05 23:00:00+00:00,,,,2025-08-05,23,1
2025-08-06 00:00:00+00:00,,,,2025-08-06,0,2
2025-08-06 01:00:00+00:00,,,,2025-08-06,1,2
2025-08-06 02:00:00+00:00,,,,2025-08-06,2,2
2025-08-06 03:00:00+00:00,,,,2025-08-06,3,2
2025-08-06 04:00:00+00:00,,,,2025-08-06,4,2
2025-08-06 05:00:00+00:00,,,,2025-08-06,5,2
2025-08-06 06:00:00+00:00,,,,2025-08-06,6,2
2025-08-06 07:00:00+00:00,,,,2025-08-06,7,2
2025-08-06 08:00:00+00:00,,,,2025-08-06,8,2
2025-08-06 09:00:00+00:00,,,,2025-08-06,9,2
2025-08-06 10:00:00+00:00,,,,2025-08-06,10,2
2025-08-06 11:00:00+00:00,,,,2025-08-06,11,2
2025-08-06 12:00:00+00:00,,,,2025-08-06,12,2
2025-08-06 13:00:00+00:00,,,,2025-08-06,13,2
2025-08-06 14:00:00+00:00,,,,2025-08-06,14,2
2025-08-06 15:00:00+00:00,,,,2025-08-06,15,2
2025-08-06 16:00:00+00:00,,,,2025-08-06,16,2
2025-08-06 17:00:00+00:00,,,,2025-08-06,17,2
2025-08-06 18:00:00+00:00,,,,2025-08-06,18,2
2025-08-06 19:00:00+00:00,,,,2025-08-06,19,2
2025-08-06 20:00:00+00:00,,,,2025-08-06,20,2
2025-08-06 21:00:00+00:00,,,,2025-08-06,21,2
2025-08-06 22:00:00+00:00,,,,2025-08-06,22,2
2025-08-06 23:00:00+00:00,,,,2025-08-06,23,2
2025-08-07 00:00:00+00:00,,,,2025-08-07,0,3
2025-08-07 01:00:00+00:00,,,,2025-08-07,1,3
2025-08-07 02:00:00+00:00,,,,2025-08-07,2,3
2025-08-07 03:00:00+00:00,,,,2025-08-07,3,3
2025-08-07 04:00:00+00:00,,,,2025-08-07,4,3
2025-08-07 05:00:00+00:00,,,,2025-08-07,5,3
2025-08-07 06:00:00+00:00,,,,2025-08-07,6,3
2025-08-07 07:00:00+00:00,,,,2025-08-07,7,3
2025-08-07 08:00:00+00:00,,,,2025-08-07,8,3
2025-08-07 09:00:00+00:00,,,,2025-08-07,9,3
2025-08-07 10:00:00+00:00,,,,2025-08-07,10,3
2025-08-07 11:00:00+00:00,,,,2025-08-07,11,3
2025-08-07 12:00:00+00:00,,,,2025-08-07,12,3
2025-08-07 13:00:00+00:00,,,,2025-08-07,13,3
2025-08-07 14:00:00+00:00,,,,2025-08-07,14,3
2025-08-07 15:00:00+00:00,,,,2025-08-07,15,3
2025-08-07 16:00:00+00:00,,,,2025-08-07,16,3
2025-08-07 17:00:00+00:00,,,,2025-08-07,17,3
2025-08-07 18:00:00+00:00,,,,2025-08-07,18,3
2025-08-07 19:00:00+00:00,,,,2025-08-07,19,3
2025-08-07 20:00:00+00:00,,,,2025-08-07,20,3
2025-08-07 21:00:00+00:00,,,,2025-08-07,21,3
2025-08-07 22:00:00+00:00,,,,2025-08-07,22,3
2025-08-07 23:00:00+00:00,,,,2025-08-07,23,3
2025-08-08 00:00:00+00:00,,,,2025-08-08,0,4
2025-08-08 01:00:00+00:00,,,,2025-08-08,1,4
2025-08-08 02:00:00+00:00,,,,2025-08-08,2,4
2025-08-08 03:00:00+00:00,,,,2025-08-08,3,4
2025-08-08 04:00:00+00:00,,,,2025-08-08,4,4
2025-08-08 05:00:00+00:00,,,,2025-08-08,5,4
2025-08-08 06:00:00+00:00,,,,2025-08-08,6,4
2025-08-08 07:00:00+00:00,,,,2025-08-08,7,4
2025-08-08 08:00:00+00:00,,,,2025-08-08,8,4
2025-08-08 09:00:00+00:00,,,,2025-08-08,9,4
2025-08-08 10:00:00+00:00,,,,2025-08-08,10,4
2025-08-08 11:00:00+00:00,,,,2025-08-08,11,4
2025-08-08 12:00:00+00:00,,,,2025-08-08,12,4
2025-08-08 13:00:00+00:00,,,,2025-08-08,13,4
2025-08-08 14:00:00+00:00,,,,2025-08-08,14,4
2025-08-08 15:00:00+00:00,,,,2025-08-08,15,4
2025-08-08 16:00:00+00:00,,,,2025-08-08,16,4
2025-08-08 17:00:00+00:00,,,,2025-08-08,17,4
2025-08-08 18:00:00+00:00,,,,2025-08-08,18,4
2025-08-08 19:00:00+00:00,,,,2025-08-08,19,4
2025-08-08 20:00:00+00:00,,,,2025-08-08,20,4
2025-08-08 21:00:00+00:00,,,,2025-08-08,21,4
2025-08-08 22:00:00+00:00,,,,2025-08-08,22,4
2025-08-08 23:00:00+00:00,,,,2025-08-08,23,4
2025-08-09 00:00:00+00:00,,,,2025-08-09,0,5
2025-08-09 01:00:00+00:00,,,,2025-08-09,1,5
2025-08-09 02:00:00+00:00,,,,2025-08-09,2,5
2025-08-09 03:00:00+00:00,,,,2025-08-09,3,5
2025-08-09 04:00:00+00:00,,,,2025-08-09,4,5
2025-08-09 05:00:00+00:00,,,,2025-08-09,5,5
2025-08-09 06:00:00+00:00,,,,2025-08-09,6,5
2025-08-09 07:00:00+00:00,,,,2025-08-09,7,5
2025-08-09 08:00:00+00:00,,,,2025-08-09,8,5
2025-08-09 09:00:00+00:00,,,,2025-08-09,9,5
2025-08-09 10:00:00+00:00,,,,2025-08-09,10,5
2025-08-09 11:00:00+00:00,,,,2025-08-09,11,5
2025-08-09 12:00:00+00:00,,,,2025-08-09,12,5
2025-08-09 13:00:00+00:00,,,,2025-08-09,13,5
2025-08-09 14:00:00+00:00,,,,2025-08-09,14,5
2025-08-09 15:00:00+00:00,,,,2025-08-09,15,5
2025-08-09 16:00:00+00:00,,,,2025-08-09,16,5
2025-08-09 17:00:00+00:00,,,,2025-08-09,17,5
2025-08-09 18:00:00+00:00,,,,2025-08-09,18,5
2025-08-09 19:00:00+00:00,,,,2025-08-09,19,5
2025-08-09 20:00:00+00:00,,,,2025-08-09,20,5
2025-08-09 21:00:00+00:00,,,,2025-08-09,21,5
2025-08-09 22:00:00+00:00,,,,2025-08-09,22,5
2025-08-09 23:00:00+00:00,,,,2025-08-09,23,5
2025-08-10 00:00:00+00:00,,,,2025-08-10,0,6
2025-08-10 01:00:00+00:00,,,,2025-08-10,1,6
2025-08-10 02:00:00+00:00,,,,2025-08-10,2,6
2025-08-10 03:00:00+00:00,,,,2025-08-10,3,6
2025-08-10 04:00:00+00:00,,,,2025-08-10,4,6
2025-08-10 05:00:00+00:00,,,,2025-08-10,5,6
2025-08-10 06:00:00+00:00,,,,2025-08-10,6,6
2025-08-10 07:00:00+00:00,,,,2025-08-10,7,6
2025-08-10 08:00:00+00:00,,,,2025-08-10,8,6
2025-08-10 09:00:00+00:00,,,,2025-08-10,9,6
2025-08-10 10:00:00+00:00,,,,2025-08-10,10,6
2025-08-10 11:00:00+00:00,,,,2025-08-10,11,6
2025-08-10 12:00:00+00:00,,,,2025-08-10,12,6
2025-08-10 13:00:00+00:00,,,,2025-08-10,13,6
2025-08-10 14:00:00+00:00,,,,2025-08-10,14,6
2025-08-10 15:00:00+00:00,,,,2025-08-10,15,6
2025-08-10 16:00:00+00:00,,,,2025-08-10,16,6
2025-08-10 17:00:00+00:00,,,,2025-08-10,17,6
2025-08-10 18:00:00+00:00,,,,2025-08-10,18,6
2025-08-10 19:00:00+00:00,,,,2025-08-10,19,6
2025-08-10 20:00:00+00:00,,,,2025-08-10,20,6
2025-08-10 21:00:00+00:00,,,,2025-08-10,21,6
2025-08-10 22:00:00+00:00,,,,2025-08-10,22,6
2025-08-10 23:00:00+00:00,,,,2025-08-10,23,6
2025-08-11 00:00:00+00:00,,,,2025-08-11,0,0
2025-08-11 01:00:00+00:00,,,,2025-08-11,1,0
2025-08-11 02:00:00+00:00,,,,2025-08-11,2,0
2025-08-11 03:00:00+00:00,,,,2025-08-11,3,0
2025-08-11 04:00:00+00:00,,,,2025-08-11,4,0
2025-08-11 05:00:00+00:00,,,,2025-08-11,5,0
2025-08-11 06:00:00+00:00,,,,2025-08-11,6,0
2025-08-11 07:00:00+00:00,,,,2025-08-11,7,0
2025-08-11 08:00:00+00:00,,,,2025-08-11,8,0
2025-08-11 09:00:00+00:00,,,,2025-08-11,9,0
2025-08-11 10:00:00+00:00,,,,2025-08-11,10,0
2025-08-11 11:00:00+00:00,,,,2025-08-11,11,0
2025-08-11 12:00:00+00:00,,,,2025-08-11,12,0
2025-08-11 13:00:00+00:00,,,,2025-08-11,13,0
2025-08-11 14:00:00+00:00,,,,2025-08-11,14,0
2025-08-11 15:00:00+00:00,,,,2025-08-11,15,0
2025-08-11 16:00:00+00:00,,,,2025-08-11,16,0
2025-08-11 17:00:00+00:00,,,,2025-08-11,17,0
2025-08-11 18:00:00+00:00,,,,2025-08-11,18,0
2025-08-11 19:00:00+00:00,,,,2025-08-11,19,0
2025-08-11 20:00:00+00:00,,,,2025-08-11,20,0
2025-08-11 21:00:00+00:00,,,,2025-08-11,21,0
2025-08-11 22:00:00+00:00,,,,2025-08-11,22,0
2025-08-11 23:00:00+00:00,,,,2025-08-11,23,0
2025-08-12 00:00:00+00:00,,,,2025-08-12,0,1
2025-08-12 01:00:00+00:00,,,,2025-08-12,1,1
2025-08-12 02:00:00+00:00,,,,2025-08-12,2,1
2025-08-12 03:00:00+00:00,,,,2025-08-12,3,1
2025-08-12 04:00:00+00:00,,,,2025-08-12,4,1
2025-08-12 05:00:00+00:00,,,,2025-08-12,5,1
2025-08-12 06:00:00+00:00,,,,2025-08-12,6,1
2025-08-12 07:00:00+00:00,,,,2025-08-12,7,1
2025-08-12 08:00:00+00:00,,,,2025-08-12,8,1
2025-08-12 09:00:00+00:00,,,,2025-08-12,9,1
2025-08-12 10:00:00+00:00,,,,2025-08-12,10,1
2025-08-12 11:00:00+00:00,,,,2025-08-12,11,1
2025-08-12 12:00:00+00:00,,,,2025-08-12,12,1
2025-08-12 13:00:00+00:00,,,,2025-08-12,13,1
2025-08-12 14:00:00+00:00,,,,2025-08-12,14,1
2025-08-12 15:00:00+00:00,,,,2025-08-12,15,1
2025-08-12 16:00:00+00:00,,,,2025-08-12,16,1
2025-08-12 17:00:00+00:00,,,,2025-08-12,17,1
2025-08-12 18:00:00+00:00,,,,2025-08-12,18,1
2025-08-12 19:00:00+00:00,,,,2025-08-12,19,1
2025-08-12 20:00:00+00:00,,,,2025-08-12,20,1
2025-08-12 21:00:00+00:00,,,,2025-08-12,21,1
2025-08-12 22:00:00+00:00,,,,2025-08-12,22,1
2025-08-12 23:00:00+00:00,,,,2025-08-12,23,1
2025-08-13 00:00:00+00:00,,,,2025-08-13,0,2
2025-08-13 01:00:00+00:00,,,,2025-08-13,1,2
2025-08-13 02:00:00+00:00,,,,2025-08-13,2,2
2025-08-13 03:00:00+00:00,,,,2025-08-13,3,2
2025-08-13 04:00:00+00:00,,,,2025-08-13,4,2
2025-08-13 05:00:00+00:00,,,,2025-08-13,5,2
2025-08-13 06:00:00+00:00,,,,2025-08-13,6,2
2025-08-13 07:00:00+00:00,,,,2025-08-13,7,2
2025-08-13 08:00:00+00:00,,,,2025-08-13,8,2
2025-08-13 09:00:00+00:00,,,,2025-08-13,9,2
2025-08-13 10:00:00+00:00,,,,2025-08-13,10,2
2025-08-13 11:00:00+00:00,,,,2025-08-13,11,2
2025-08-13 12:00:00+00:00,,,,2025-08-13,12,2
2025-08-13 13:00:00+00:00,,,,2025-08-13,13,2
2025-08-13 14:00:00+00:00,,,,2025-08-13,14,2
2025-08-13 15:00:00+00:00,,,,2025-08-13,15,2
2025-08-13 16:00:00+00:00,,,,2025-08-13,16,2
2025-08-13 17:00:00+00:00,,,,2025-08-13,17,2
2025-08-13 18:00:00+00:00,,,,2025-08-13,18,2
2025-08-13 19:00:00+00:00,,,,2025-08-13,19,2
2025-08-13 20:00:00+00:00,,,,2025-08-13,20,2
2025-08-13 21:00:00+00:00,,,,2025-08-13,21,2
2025-08-13 22:00:00+00:00,,,,2025-08-13,22,2
2025-08-13 23:00:00+00:00,,,,2025-08-13,23,2
2025-08-14 00:00:00+00:00,,,,2025-08-14,0,3
2025-08-14 01:00:00+00:00,,,,2025-08-14,1,3
2025-08-14 02:00:00+00:00,,,,2025-08-14,2,3
2025-08-14 03:00:00+00:00,,,,2025-08-14,3,3
2025-08-14 04:00:00+00:00,,,,2025-08-14,4,3
2025-08-14 05:00:00+00:00,,,,2025-08-14,5,3
2025-08-14 06:00:00+00:00,,,,2025-08-14,6,3
2025-08-14 07:00:00+00:00,,,,2025-08-14,7,3
2025-08-14 08:00:00+00:00,,,,2025-08-14,8,3
2025-08-14 09:00:00+00:00,,,,2025-08-14,9,3
2025-08-14 10:00:00+00:00,,,,2025-08-14,10,3
2025-08-14 11:00:00+00:00,,,,2025-08-14,11,3
2025-08-14 12:00:00+00:00,,,,2025-08-14,12,3
2025-08-14 13:00:00+00:00,,,,2025-08-14,13,3
2025-08-14 14:00:00+00:00,,,,2025-08-14,14,3
2025-08-14 15:00:00+00:00,,,,2025-08-14,15,3
2025-08-14 16:00:00+00:00,,,,2025-08-14,16,3
2025-08-14 17:00:00+00:00,,,,2025-08-14,17,3
2025-08-14 18:00:00+00:00,,,,2025-08-14,18,3
2025-08-14 19:00:00+00:00,,,,2025-08-14,19,3
2025-08-14 20:00:00+00:00,,,,2025-08-14,20,3
2025-08-14 21:00:00+00:00,,,,2025-08-14,21,3
2025-08-14 22:00:00+00:00,,,,2025-08-14,22,3
2025-08-14 23:00:00+00:00,,,,2025-08-14,23,3
2025-08-15 00:00:00+00:00,,,,2025-08-15,0,4
2025-08-15 01:00:00+00:00,,,,2025-08-15,1,4
2025-08-15 02:00:00+00:00,,,,2025-08-15,2,4
2025-08-15 03:00:00+00:00,,,,2025-08-15,3,4
2025-08-15 04:00:00+00:00,,,,2025-08-15,4,4
2025-08-15 05:00:00+00:00,,,,2025-08-15,5,4
2025-08-15 06:00:00+00:00,,,,2025-08-15,6,4
2025-08-15 07:00:00+00:00,,,,2025-08-15,7,4
2025-08-15 08:00:00+00:00,,,,2025-08-15,8,4
2025-08-15 09:00:00+00:00,,,,2025-08-15,9,4
2025-08-15 10:00:00+00:00,,,,2025-08-15,10,4
2025-08-15 11:00:00+00:00,,,,2025-08-15,11,4
2025-08-15 12:00:00+00:00,,,,2025-08-15,12,4
2025-08-15 13:00:00+00:00,,,,2025-08-15,13,4
2025-08-15 14:00:00+00:00,,,,2025-08-15,14,4
2025-08-15 15:00:00+00:00,,,,2025-08-15,15,4
2025-08-15 16:00:00+00:00,,,,2025-08-15,16,4
2025-08-15 17:00:00+00:00,,,,2025-08-15,17,4
2025-08-15 18:00:00+00:00,,,,2025-08-15,18,4
2025-08-15 19:00:00+00:00,,,,2025-08-15,19,4
2025-08-15 20:00:00+00:00,,,,2025-08-15,20,4
2025-08-15 21:00:00+00:00,,,,2025-08-15,21,4
2025-08-15 22:00:00+00:00,,,,2025-08-15,22,4
2025-08-15 23:00:00+00:00,,,,2025-08-15,23,4
2025-08-16 00:00:00+00:00,,,,2025-08-16,0,5
2025-08-16 01:00:00+00:00,,,,2025-08-16,1,5
2025-08-16 02:00:00+00:00,,,,2025-08-16,2,5
2025-08-16 03:00:00+00:00,,,,2025-08-16,3,5
2025-08-16 04:00:00+00:00,,,,2025-08-16,4,5
2025-08-16 05:00:00+00:00,,,,2025-08-16,5,5
2025-08-16 06:00:00+00:00,,,,2025-08-16,6,5
2025-08-16 07:00:00+00:00,,,,2025-08-16,7,5
2025-08-16 08:00:00+00:00,,,,2025-08-16,8,5
2025-08-16 09:00:00+00:00,,,,2025-08-16,9,5
2025-08-16 10:00:00+00:00,,,,2025-08-16,10,5
2025-08-16 11:00:00+00:00,,,,2025-08-16,11,5
2025-08-16 12:00:00+00:00,,,,2025-08-16,12,5
2025-08-16 13:00:00+00:00,,,,2025-08-16,13,5
2025-08-16 14:00:00+00:00,,,,2025-08-16,14,5
2025-08-16 15:00:00+00:00,,,,2025-08-16,15,5
2025-08-16 16:00:00+00:00,,,,2025-08-16,16,5
2025-08-16 17:00:00+00:00,,,,2025-08-16,17,5
2025-08-16 18:00:00+00:00,,,,2025-08-16,18,5
2025-08-16 19:00:00+00:00,,,,2025-08-16,19,5
2025-08-16 20:00:00+00:00,,,,2025-08-16,20,5
2025-08-16 21:00:00+00:00,,,,2025-08-16,21,5
2025-08-16 22:00:00+00:00,,,,2025-08-16,22,5
2025-08-16 23:00:00+00:00,,,,2025-08-16,23,5
2025-08-17 00:00:00+00:00,,,,2025-08-17,0,6
2025-08-17 01:00:00+00:00,,,,2025-08-17,1,6
2025-08-17 02:00:00+00:00,,,,2025-08-17,2,6
2025-08-17 03:00:00+00:00,,,,2025-08-17,3,6
2025-08-17 04:00:00+00:00,,,,2025-08-17,4,6
2025-08-17 05:00:00+00:00,,,,2025-08-17,5,6
2025-08-17 06:00:00+00:00,,,,2025-08-17,6,6
2025-08-17 07:00:00+00:00,,,,2025-08-17,7,6
2025-08-17 08:00:00+00:00,,,,2025-08-17,8,6
2025-08-17 09:00:00+00:00,,,,2025-08-17,9,6
2025-08-17 10:00:00+00:00,,,,2025-08-17,10,6
2025-08-17 11:00:00+00:00,,,,2025-08-17,11,6
2025-08-17 12:00:00+00:00,,,,2025-08-17,12,6
2025-08-17 13:00:00+00:00,,,,2025-08-17,13,6
2025-08-17 14:00:00+00:00,,,,2025-08-17,14,6
2025-08-17 15:00:00+00:00,,,,2025-08-17,15,6
2025-08-17 16:00:00+00:00,,,,2025-08-17,16,6
2025-08-17 17:00:00+00:00,,,,2025-08-17,17,6
2025-08-17 18:00:00+00:00,,,,2025-08-17,18,6
2025-08-17 19:00:00+00:00,,,,2025-08-17,19,6
2025-08-17 20:00:00+00:00,,,,2025-08-17,20,6
2025-08-17 21:00:00+00:00,,,,2025-08-17,21,6
2025-08-17 22:00:00+00:00,,,,2025-08-17,22,6
2025-08-17 23:00:00+00:00,,,,2025-08-17,23,6
2025-08-18 00:00:00+00:00,,,,2025-08-18,0,0
2025-08-18 01:00:00+00:00,,,,2025-08-18,1,0
2025-08-18 02:00:00+00:00,,,,2025-08-18,2,0
2025-08-18 03:00:00+00:00,,,,2025-08-18,3,0
2025-08-18 04:00:00+00:00,,,,2025-08-18,4,0
2025-08-18 05:00:00+00:00,,,,2025-08-18,5,0
2025-08-18 06:00:00+00:00,,,,2025-08-18,6,0
2025-08-18 07:00:00+00:00,,,,2025-08-18,7,0
2025-08-18 08:00:00+00:00,,,,2025-08-18,8,0
2025-08-18 09:00:00+00:00,,,,2025-08-18,9,0
2025-08-18 10:00:00+00:00,,,,2025-08-18,10,0
2025-08-18 11:00:00+00:00,,,,2025-08-18,11,0
2025-08-18 12:00:00+00:00,,,,2025-08-18,12,0
2025-08-18 13:00:00+00:00,,,,2025-08-18,13,0
2025-08-18 14:00:00+00:00,,,,2025-08-18,14,0
2025-08-18 15:00:00+00:00,,,,2025-08-18,15,0
2025-08-18 16:00:00+00:00,,,,2025-08-18,16,0
2025-08-18 17:00:00+00:00,,,,2025-08-18,17,0
2025-08-18 18:00:00+00:00,,,,2025-08-18,18,0
2025-08-18 19:00:00+00:00,,,,2025-08-18,19,0
2025-08-18 20:00:00+00:00,,,,2025-08-18,20,0
2025-08-18 21:00:00+00:00,,,,2025-08-18,21,0
2025-08-18 22:00:00+00:00,,,,2025-08-18,22,0
2025-08-18 23:00:00+00:00,,,,2025-08-18,23,0
2025-08-19 00:00:00+00:00,,,,2025-08-19,0,1
2025-08-19 01:00:00+00:00,,,,2025-08-19,1,1
2025-08-19 02:00:00+00:00,,,,2025-08-19,2,1
2025-08-19 03:00:00+00:00,,,,2025-08-19,3,1
2025-08-19 04:00:00+00:00,,,,2025-08-19,4,1
2025-08-19 05:00:00+00:00,,,,2025-08-19,5,1
2025-08-19 06:00:00+00:00,,,,2025-08-19,6,1
2025-08-19 07:00:00+00:00,,,,2025-08-19,7,1
2025-08-19 08:00:00+00:00,,,,2025-08-19,8,1
2025-08-19 09:00:00+00:00,,,,2025-08-19,9,1
2025-08-19 10:00:00+00:00,,,,2025-08-19,10,1
2025-08-19 11:00:00+00:00,,,,2025-08-19,11,1
2025-08-19 12:00:00+00:00,,,,2025-08-19,12,1
2025-08-19 13:00:00+00:00,,,,2025-08-19,13,1
2025-08-19 14:00:00+00:00,,,,2025-08-19,14,1
2025-08-19 15:00:00+00:00,,,,2025-08-19,15,1
2025-08-19 16:00:00+00:00,,,,2025-08-19,16,1
2025-08-19 17:00:00+00:00,,,,2025-08-19,17,1
2025-08-19 18:00:00+00:00,,,,2025-08-19,18,1
2025-08-19 19:00:00+00:00,,,,2025-08-19,19,1
2025-08-19 20:00:00+00:00,,,,2025-08-19,20,1
2025-08-19 21:00:00+00:00,,,,2025-08-19,21,1
2025-08-19 22:00:00+00:00,,,,2025-08-19,22,1
2025-08-19 23:00:00+00:00,,,,2025-08-19,23,1
2025-08-20 00:00:00+00:00,,,,2025-08-20,0,2
2025-08-20 01:00:00+00:00,,,,2025-08-20,1,2
2025-08-20 02:00:00+00:00,,,,2025-08-20,2,2
2025-08-20 03:00:00+00:00,,,,2025-08-20,3,2
2025-08-20 04:00:00+00:00,,,,2025-08-20,4,2
2025-08-20 05:00:00+00:00,,,,2025-08-20,5,2
2025-08-20 06:00:00+00:00,,,,2025-08-20,6,2
2025-08-20 07:00:00+00:00,,,,2025-08-20,7,2
2025-08-20 08:00:00+00:00,,,,2025-08-20,8,2
2025-08-20 09:00:00+00:00,,,,2025-08-20,9,2
2025-08-20 10:00:00+00:00,,,,2025-08-20,10,2
2025-08-20 11:00:00+00:00,,,,2025-08-20,11,2
2025-08-20 12:00:00+00:00,,,,2025-08-20,12,2
2025-08-20 13:00:00+00:00,,,,2025-08-20,13,2
2025-08-20 14:00:00+00:00,,,,2025-08-20,14,2
2025-08-20 15:00:00+00:00,,,,2025-08-20,15,2
2025-08-20 16:00:00+00:00,,,,2025-08-20,16,2
2025-08-20 17:00:00+00:00,,,,2025-08-20,17,2
2025-08-20 18:00:00+00:00,,,,2025-08-20,18,2
2025-08-20 19:00:00+00:00,,,,2025-08-20,19,2
2025-08-20 20:00:00+00:00,,,,2025-08-20,20,2
2025-08-20 21:00:00+00:00,,,,2025-08-20,21,2
2025-08-20 22:00:00+00:00,,,,2025-08-20,22,2
2025-08-20 23:00:00+00:00,,,,2025-08-20,23,2
2025-08-21 00:00:00+00:00,,,,2025-08-21,0,3
2025-08-21 01:00:00+00:00,,,,2025-08-21,1,3
2025-08-21 02:00:00+00:00,,,,2025-08-21,2,3
2025-08-21 03:00:00+00:00,,,,2025-08-21,3,3
2025-08-21 04:00:00+00:00,,,,2025-08-21,4,3
2025-08-21 05:00:00+00:00,,,,2025-08-21,5,3
2025-08-21 06:00:00+00:00,,,,2025-08-21,6,3
2025-08-21 07:00:00+00:00,,,,2025-08-21,7,3
2025-08-21 08:00:00+00:00,,,,2025-08-21,8,3
2025-08-21 09:00:00+00:00,,,,2025-08-21,9,3
2025-08-21 10:00:00+00:00,,,,2025-08-21,10,3
2025-08-21 11:00:00+00:00,,,,2025-08-21,11,3
2025-08-21 12:00:00+00:00,,,,2025-08-21,12,3
2025-08-21 13:00:00+00:00,,,,2025-08-21,13,3
2025-08-21 14:00:00+00:00,,,,2025-08-21,14,3
2025-08-21 15:00:00+00:00,,,,2025-08-21,15,3
2025-08-21 16:00:00+00:00,,,,2025-08-21,16,3
2025-08-21 17:00:00+00:00,,,,2025-08-21,17,3
2025-08-21 18:00:00+00:00,,,,2025-08-21,18,3
2025-08-21 19:00:00+00:00,,,,2025-08-21,19,3
2025-08-21 20:00:00+00:00,,,,2025-08-21,20,3
2025-08-21 21:00:00+00:00,,,,2025-08-21,21,3
2025-08-21 22:00:00+00:00,,,,2025-08-21,22,3
2025-08-21 23:00:00+00:00,,,,2025-08-21,23,3
2025-08-22 00:00:00+00:00,,,,2025-08-22,0,4
2025-08-22 01:00:00+00:00,,,,2025-08-22,1,4
2025-08-22 02:00:00+00:00,,,,2025-08-22,2,4
2025-08-22 03:00:00+00:00,,,,2025-08-22,3,4
2025-08-22 04:00:00+00:00,,,,2025-08-22,4,4
2025-08-22 05:00:00+00:00,,,,2025-08-22,5,4
2025-08-22 06:00:00+00:00,,,,2025-08-22,6,4
2025-08-22 07:00:00+00:00,,,,2025-08-22,7,4
2025-08-22 08:00:00+00:00,,,,2025-08-22,8,4
2025-08-22 09:00:00+00:00,,,,2025-08-22,9,4
2025-08-22 10:00:00+00:00,,,,2025-08-22,10,4
2025-08-22 11:00:00+00:00,,,,2025-08-22,11,4
2025-08-22 12:00:00+00:00,,,,2025-08-22,12,4
2025-08-22 13:00:00+00:00,,,,2025-08-22,13,4
2025-08-22 14:00:00+00:00,,,,2025-08-22,14,4
2025-08-22 15:00:00+00:00,,,,2025-08-22,15,4
2025-08-22 16:00:00+00:00,,,,2025-08-22,16,4
2025-08-22 17:00:00+00:00,,,,2025-08-22,17,4
2025-08-22 18:00:00+00:00,,,,2025-08-22,18,4
2025-08-22 19:00:00+00:00,,,,2025-08-22,19,4
2025-08-22 20:00:00+00:00,,,,2025-08-22,20,4
2025-08-22 21:00:00+00:00,,,,2025-08-22,21,4
2025-08-22 22:00:00+00:00,,,,2025-08-22,22,4
2025-08-22 23:00:00+00:00,,,,2025-08-22,23,4
2025-08-23 00:00:00+00:00,,,,2025-08-23,0,5
2025-08-23 01:00:00+00:00,,,,2025-08-23,1,5
2025-08-23 02:00:00+00:00,,,,2025-08-23,2,5
2025-08-23 03:00:00+00:00,,,,2025-08-23,3,5
2025-08-23 04:00:00+00:00,,,,2025-08-23,4,5
2025-08-23 05:00:00+00:00,,,,2025-08-23,5,5
2025-08-23 06:00:00+00:00,,,,2025-08-23,6,5
2025-08-23 07:00:00+00:00,,,,2025-08-23,7,5
2025-08-23 08:00:00+00:00,,,,2025-08-23,8,5
2025-08-23 09:00:00+00:00,,,,2025-08-23,9,5
2025-08-23 10:00:00+00:00,,,,2025-08-23,10,5
2025-08-23 11:00:00+00:00,,,,2025-08-23,11,5
2025-08-23 12:00:00+00:00,,,,2025-08-23,12,5
2025-08-23 13:00:00+00:00,,,,2025-08-23,13,5
2025-08-23 14:00:00+00:00,,,,2025-08-23,14,5
2025-08-23 15:00:00+00:00,,,,2025-08-23,15,5
2025-08-23 16:00:00+00:00,,,,2025-08-23,16,5
2025-08-23 17:00:00+00:00,,,,2025-08-23,17,5
2025-08-23 18:00:00+00:00,,,,2025-08-23,18,5
2025-08-23 19:00:00+00:00,,,,2025-08-23,19,5
2025-08-23 20:00:00+00:00,,,,2025-08-23,20,5
2025-08-23 21:00:00+00:00,,,,2025-08-23,21,5
2025-08-23 22:00:00+00:00,,,,2025-08-23,22,5
2025-08-23 23:00:00+00:00,,,,2025-08-23,23,5
2025-08-24 00:00:00+00:00,,,,2025-08-24,0,6
2025-08-24 01:00:00+00:00,,,,2025-08-24,1,6
2025-08-24 02:00:00+00:00,,,,2025-08-24,2,6
2025-08-24 03:00:00+00:00,,,,2025-08-24,3,6
2025-08-24 04:00:00+00:00,,,,2025-08-24,4,6
2025-08-24 05:00:00+00:00,,,,2025-08-24,5,6
2025-08-24 06:00:00+00:00,,,,2025-08-24,6,6
2025-08-24 07:00:00+00:00,,,,2025-08-24,7,6
2025-08-24 08:00:00+00:00,,,,2025-08-24,8,6
2025-08-24 09:00:00+00:00,,,,2025-08-24,9,6
2025-08-24 10:00:00+00:00,,,,2025-08-24,10,6
2025-08-24 11:00:00+00:00,,,,2025-08-24,11,6
2025-08-24 12:00:00+00:00,,,,2025-08-24,12,6
2025-08-24 13:00:00+00:00,,,,2025-08-24,13,6
2025-08-24 14:00:00+00:00,,,,2025-08-24,14,6
2025-08-24 15:00:00+00:00,,,,2025-08-24,15,6
2025-08-24 16:00:00+00:00,,,,2025-08-24,16,6
2025-08-24 17:00:00+00:00,,,,2025-08-24,17,6
2025-08-24 18:00:00+00:00,,,,2025-08-24,18,6
2025-08-24 19:00:00+00:00,,,,2025-08-24,19,6
2025-08-24 20:00:00+00:00,,,,2025-08-24,20,6
2025-08-24 21:00:00+00:00,,,,2025-08-24,21,6
2025-08-24 22:00:00+00:00,,,,2025-08-24,22,6
2025-08-24 23:00:00+00:00,,,,2025-08-24,23,6
2025-08-25 00:00:00+00:00,,,,2025-08-25,0,0
2025-08-25 01:00:00+00:00,,,,2025-08-25,1,0
2025-08-25 02:00:00+00:00,,,,2025-08-25,2,0
2025-08-25 03:00:00+00:00,,,,2025-08-25,3,0
2025-08-25 04:00:00+00:00,,,,2025-08-25,4,0
2025-08-25 05:00:00+00:00,,,,2025-08-25,5,0
2025-08-25 06:00:00+00:00,,,,2025-08-25,6,0
2025-08-25 07:00:00+00:00,,,,2025-08-25,7,0
2025-08-25 08:00:00+00:00,,,,2025-08-25,8,0
2025-08-25 09:00:00+00:00,,,,2025-08-25,9,0
2025-08-25 10:00:00+00:00,,,,2025-08-25,10,0
2025-08-25 11:00:00+00:00,,,,2025-08-25,11,0
2025-08-25 12:00:00+00:00,,,,2025-08-25,12,0
2025-08-25 13:00:00+00:00,,,,2025-08-25,13,0
2025-08-25 14:00:00+00:00,,,,2025-08-25,14,0
2025-08-25 15:00:00+00:00,,,,2025-08-25,15,0
2025-08-25 16:00:00+00:00,,,,2025-08-25,16,0
2025-08-25 17:00:00+00:00,,,,2025-08-25,17,0
2025-08-25 18:00:00+00:00,,,,2025-08-25,18,0
2025-08-25 19:00:00+00:00,,,,2025-08-25,19,0
2025-08-25 20:00:00+00:00,,,,2025-08-25,20,0
2025-08-25 21:00:00+00:00,,,,2025-08-25,21,0
2025-08-25 22:00:00+00:00,,,,2025-08-25,22,0
2025-08-25 23:00:00+00:00,,,,2025-08-25,23,0
2025-08-26 00:00:00+00:00,,,,2025-08-26,0,1
2025-08-26 01:00:00+00:00,,,,2025-08-26,1,1
2025-08-26 02:00:00+00:00,,,,2025-08-26,2,1
2025-08-26 03:00:00+00:00,,,,2025-08-26,3,1
2025-08-26 04:00:00+00:00,,,,2025-08-26,4,1
2025-08-26 05:00:00+00:00,,,,2025-08-26,5,1
2025-08-26 06:00:00+00:00,,,,2025-08-26,6,1
2025-08-26 07:00:00+00:00,,,,2025-08-26,7,1
2025-08-26 08:00:00+00:00,,,,2025-08-26,8,1
2025-08-26 09:00:00+00:00,,,,2025-08-26,9,1
2025-08-26 10:00:00+00:00,,,,2025-08-26,10,1
2025-08-26 11:00:00+00:00,,,,2025-08-26,11,1
2025-08-26 12:00:00+00:00,,,,2025-08-26,12,1
2025-08-26 13:00:00+00:00,,,,2025-08-26,13,1
2025-08-26 14:00:00+00:00,,,,2025-08-26,14,1
2025-08-26 15:00:00+00:00,,,,2025-08-26,15,1
2025-08-26 16:00:00+00:00,,,,2025-08-26,16,1
2025-08-26 17:00:00+00:00,,,,2025-08-26,17,1
2025-08-26 18:00:00+00:00,,,,2025-08-26,18,1
2025-08-26 19:00:00+00:00,,,,2025-08-26,19,1
2025-08-26 20:00:00+00:00,,,,2025-08-26,20,1
2025-08-26 21:00:00+00:00,,,,2025-08-26,21,1
2025-08-26 22:00:00+00:00,,,,2025-08-26,22,1
2025-08-26 23:00:00+00:00,,,,2025-08-26,23,1
2025-08-27 00:00:00+00:00,,,,2025-08-27,0,2
2025-08-27 01:00:00+00:00,,,,2025-08-27,1,2
2025-08-27 02:00:00+00:00,,,,2025-08-27,2,2
2025-08-27 03:00:00+00:00,,,,2025-08-27,3,2
2025-08-27 04:00:00+00:00,,,,2025-08-27,4,2
2025-08-27 05:00:00+00:00,,,,2025-08-27,5,2
2025-08-27 06:00:00+00:00,,,,2025-08-27,6,2
2025-08-27 07:00:00+00:00,,,,2025-08-27,7,2
2025-08-27 08:00:00+00:00,,,,2025-08-27,8,2
2025-08-27 09:00:00+00:00,,,,2025-08-27,9,2
2025-08-27 10:00:00+00:00,,,,2025-08-27,10,2
2025-08-27 11:00:00+00:00,,,,2025-08-27,11,2
2025-08-27 12:00:00+00:00,,,,2025-08-27,12,2
2025-08-27 13:00:00+00:00,,,,2025-08-27,13,2
2025-08-27 14:00:00+00:00,,,,2025-08-27,14,2
2025-08-27 15:00:00+00:00,,,,2025-08-27,15,2
2025-08-27 16:00:00+00:00,,,,2025-08-27,16,2
2025-08-27 17:00:00+00:00,,,,2025-08-27,17,2
2025-08-27 18:00:00+00:00,,,,2025-08-27,18,2
2025-08-27 19:00:00+00:00,,,,2025-08-27,19,2
2025-08-27 20:00:00+00:00,,,,2025-08-27,20,2
2025-08-27 21:00:00+00:00,,,,2025-08-27,21,2
2025-08-27 22:00:00+00:00,,,,2025-08-27,22,2
2025-08-27 23:00:00+00:00,,,,2025-08-27,23,2
2025-08-28 00:00:00+00:00,,,,2025-08-28,0,3
2025-08-28 01:00:00+00:00,,,,2025-08-28,1,3
2025-08-28 02:00:00+00:00,,,,2025-08-28,2,3
2025-08-28 03:00:00+00:00,,,,2025-08-28,3,3
2025-08-28 04:00:00+00:00,,,,2025-08-28,4,3
2025-08-28 05:00:00+00:00,,,,2025-08-28,5,3
2025-08-28 06:00:00+00:00,,,,2025-08-28,6,3
2025-08-28 07:00:00+00:00,,,,2025-08-28,7,3
2025-08-28 08:00:00+00:00,,,,2025-08-28,8,3
2025-08-28 09:00:00+00:00,,,,2025-08-28,9,3
2025-08-28 10:00:00+00:00,,,,2025-08-28,10,3
2025-08-28 11:00:00+00:00,,,,2025-08-28,11,3
2025-08-28 12:00:00+00:00,,,,2025-08-28,12,3
2025-08-28 13:00:00+00:00,,,,2025-08-28,13,3
2025-08-28 14:00:00+00:00,,,,2025-08-28,14,3
2025-08-28 15:00:00+00:00,,,,2025-08-28,15,3
2025-08-28 16:00:00+00:00,,,,2025-08-28,16,3
2025-08-28 17:00:00+00:00,,,,2025-08-28,17,3
2025-08-28 18:00:00+00:00,,,,2025-08-28,18,3
2025-08-28 19:00:00+00:00,,,,2025-08-28,19,3
2025-08-28 20:00:00+00:00,,,,2025-08-28,20,3
2025-08-28 21:00:00+00:00,,,,2025-08-28,21,3
2025-08-28 22:00:00+00:00,,,,2025-08-28,22,3
2025-08-28 23:00:00+00:00,,,,2025-08-28,23,3
2025-08-29 00:00:00+00:00,,,,2025-08-29,0,4
2025-08-29 01:00:00+00:00,,,,2025-08-29,1,4
2025-08-29 02:00:00+00:00,,,,2025-08-29,2,4
2025-08-29 03:00:00+00:00,,,,2025-08-29,3,4
2025-08-29 04:00:00+00:00,,,,2025-08-29,4,4
2025-08-29 05:00:00+00:00,,,,2025-08-29,5,4
2025-08-29 06:00:00+00:00,,,,2025-08-29,6,4
2025-08-29 07:00:00+00:00,,,,2025-08-29,7,4
2025-08-29 08:00:00+00:00,,,,2025-08-29,8,4
2025-08-29 09:00:00+00:00,,,,2025-08-29,9,4
2025-08-29 10:00:00+00:00,,,,2025-08-29,10,4
2025-08-29 11:00:00+00:00,,,,2025-08-29,11,4
2025-08-29 12:00:00+00:00,,,,2025-08-29,12,4
2025-08-29 13:00:00+00:00,,,,2025-08-29,13,4
2025-08-29 14:00:00+00:00,,,,2025-08-29,14,4
2025-08-29 15:00:00+00:00,,,,2025-08-29,15,4
2025-08-29 16:00:00+00:00,,,,2025-08-29,16,4
2025-08-29 17:00:00+00:00,,,,2025-08-29,17,4
2025-08-29 18:00:00+00:00,,,,2025-08-29,18,4
2025-08-29 19:00:00+00:00,,,,2025-08-29,19,4
2025-08-29 20:00:00+00:00,,,,2025-08-29,20,4
2025-08-29 21:00:00+00:00,,,,2025-08-29,21,4
2025-08-29 22:00:00+00:00,,,,2025-08-29,22,4
2025-08-29 23:00:00+00:00,,,,2025-08-29,23,4
2025-08-30 00:00:00+00:00,,,,2025-08-30,0,5
2025-08-30 01:00:00+00:00,,,,2025-08-30,1,5
2025-08-30 02:00:00+00:00,,,,2025-08-30,2,5
2025-08-30 03:00:00+00:00,,,,2025-08-30,3,5
2025-08-30 04:00:00+00:00,,,,2025-08-30,4,5
2025-08-30 05:00:00+00:00,,,,2025-08-30,5,5
2025-08-30 06:00:00+00:00,,,,2025-08-30,6,5
2025-08-30 07:00:00+00:00,,,,2025-08-30,7,5
2025-08-30 08:00:00+00:00,,,,2025-08-30,8,5
2025-08-30 09:00:00+00:00,,,,2025-08-30,9,5
2025-08-30 10:00:00+00:00,,,,2025-08-30,10,5
2025-08-30 11:00:00+00:00,,,,2025-08-30,11,5
2025-08-30 12:00:00+00:00,,,,2025-08-30,12,5
2025-08-30 13:00:00+00:00,,,,2025-08-30,13,5
2025-08-30 14:00:00+00:00,,,,2025-08-30,14,5
2025-08-30 15:00:00+00:00,,,,2025-08-30,15,5
2025-08-30 16:00:00+00:00,,,,2025-08-30,16,5
2025-08-30 17:00:00+00:00,,,,2025-08-30,17,5
2025-08-30 18:00:00+00:00,,,,2025-08-30,18,5
2025-08-30 19:00:00+00:00,,,,2025-08-30,19,5
2025-08-30 20:00:00+00:00,,,,2025-08-30,20,5
2025-08-30 21:00:00+00:00,,,,2025-08-30,21,5
2025-08-30 22:00:00+00:00,,,,2025-08-30,22,5
2025-08-30 23:00:00+00:00,,,,2025-08-30,23,5
2025-08-31 00:00:00+00:00,,,,2025-08-31,0,6
2025-08-31 01:00:00+00:00,,,,2025-08-31,1,6
2025-08-31 02:00:00+00:00,,,,2025-08-31,2,6
2025-08-31 03:00:00+00:00,,,,2025-08-31,3,6
2025-08-31 04:00:00+00:00,,,,2025-08-31,4,6
2025-08-31 05:00:00+00:00,,,,2025-08-31,5,6
2025-08-31 06:00:00+00:00,,,,2025-08-31,6,6
2025-08-31 07:00:00+00:00,,,,2025-08-31,7,6
2025-08-31 08:00:00+00:00,,,,2025-08-31,8,6
2025-08-31 09:00:00+00:00,,,,2025-08-31,9,6
2025-08-31 10:00:00+00:00,,,,2025-08-31,10,6
2025-08-31 11:00:00+00:00,,,,2025-08-31,11,6
2025-08-31 12:00:00+00:00,,,,2025-08-31,12,6
2025-08-31 13:00:00+00:00,,,,2025-08-31,13,6
2025-08-31 14:00:00+00:00,,,,2025-08-31,14,6
2025-08-31 15:00:00+00:00,,,,2025-08-31,15,6
2025-08-31 16:00:00+00:00,,,,2025-08-31,16,6
2025-08-31 17:00:00+00:00,,,,2025-08-31,17,6
2025-08-31 18:00:00+00:00,,,,2025-08-31,18,6
2025-08-31 19:00:00+00:00,,,,2025-08-31,19,6
2025-08-31 20:00:00+00:00,,,,2025-08-31,20,6
2025-08-31 21:00:00+00:00,,,,2025-08-31,21,6
2025-08-31 22:00:00+00:00,,,,2025-08-31,22,6
2025-08-31 23:00:00+00:00,,,,2025-08-31,23,6
2025-09-01 00:00:00+00:00,,,,2025-09-01,0,0
2025-09-01 01:00:00+00:00,,,,2025-09-01,1,0
2025-09-01 02:00:00+00:00,,,,2025-09-01,2,0
2025-09-01 03:00:00+00:00,,,,2025-09-01,3,0
2025-09-01 04:00:00+00:00,,,,2025-09-01,4,0
2025-09-01 05:00:00+00:00,,,,2025-09-01,5,0
2025-09-01 06:00:00+00:00,,,,2025-09-01,6,0
2025-09-01 07:00:00+00:00,,,,2025-09-01,7,0
2025-09-01 08:00:00+00:00,,,,2025-09-01,8,0
2025-09-01 09:00:00+00:00,,,,2025-09-01,9,0
2025-09-01 10:00:00+00:00,,,,2025-09-01,10,0
2025-09-01 11:00:00+00:00,,,,2025-09-01,11,0
2025-09-01 12:00:00+00:00,,,,2025-09-01,12,0
2025-09-01 13:00:00+00:00,,,,2025-09-01,13,0
2025-09-01 14:00:00+00:00,,,,2025-09-01,14,0
2025-09-01 15:00:00+00:00,,,,2025-09-01,15,0
2025-09-01 16:00:00+00:00,,,,2025-09-01,16,0
2025-09-01 17:00:00+00:00,,,,2025-09-01,17,0
2025-09-01 18:00:00+00:00,,,,2025-09-01,18,0
2025-09-01 19:00:00+00:00,,,,2025-09-01,19,0
2025-09-01 20:00:00+00:00,,,,2025-09-01,20,0
2025-09-01 21:00:00+00:00,,,,2025-09-01,21,0
2025-09-01 22:00:00+00:00,,,,2025-09-01,22,0
2025-09-01 23:00:00+00:00,,,,2025-09-01,23,0
2025-09-02 00:00:00+00:00,,,,2025-09-02,0,1
2025-09-02 01:00:00+00:00,,,,2025-09-02,1,1
2025-09-02 02:00:00+00:00,,,,2025-09-02,2,1
2025-09-02 03:00:00+00:00,,,,2025-09-02,3,1
2025-09-02 04:00:00+00:00,,,,2025-09-02,4,1
2025-09-02 05:00:00+00:00,,,,2025-09-02,5,1
2025-09-02 06:00:00+00:00,,,,2025-09-02,6,1
2025-09-02 07:00:00+00:00,,,,2025-09-02,7,1
2025-09-02 08:00:00+00:00,,,,2025-09-02,8,1
2025-09-02 09:00:00+00:00,,,,2025-09-02,9,1
2025-09-02 10:00:00+00:00,,,,2025-09-02,10,1
2025-09-02 11:00:00+00:00,,,,2025-09-02,11,1
2025-09-02 12:00:00+00:00,,,,2025-09-02,12,1
2025-09-02 13:00:00+00:00,,,,2025-09-02,13,1
2025-09-02 14:00:00+00:00,,,,2025-09-02,14,1
2025-09-02 15:00:00+00:00,,,,2025-09-02,15,1
2025-09-02 16:00:00+00:00,,,,2025-09-02,16,1
2025-09-02 17:00:00+00:00,,,,2025-09-02,17,1
2025-09-02 18:00:00+00:00,,,,2025-09-02,18,1
2025-09-02 19:00:00+00:00,,,,2025-09-02,19,1
2025-09-02 20:00:00+00:00,,,,2025-09-02,20,1
2025-09-02 21:00:00+00:00,,,,2025-09-02,21,1
2025-09-02 22:00:00+00:00,,,,2025-09-02,22,1
2025-09-02 23:00:00+00:00,,,,2025-09-02,23,1
2025-09-03 00:00:00+00:00,,,,2025-09-03,0,2
2025-09-03 01:00:00+00:00,,,,2025-09-03,1,2
2025-09-03 02:00:00+00:00,,,,2025-09-03,2,2
2025-09-03 03:00:00+00:00,,,,2025-09-03,3,2
2025-09-03 04:00:00+00:00,,,,2025-09-03,4,2
2025-09-03 05:00:00+00:00,,,,2025-09-03,5,2
2025-09-03 06:00:00+00:00,,,,2025-09-03,6,2
2025-09-03 07:00:00+00:00,,,,2025-09-03,7,2
2025-09-03 08:00:00+00:00,,,,2025-09-03,8,2
2025-09-03 09:00:00+00:00,,,,2025-09-03,9,2
2025-09-03 10:00:00+00:00,,,,2025-09-03,10,2
2025-09-03 11:00:00+00:00,,,,2025-09-03,11,2
2025-09-03 12:00:00+00:00,,,,2025-09-03,12,2
2025-09-03 13:00:00+00:00,,,,2025-09-03,13,2
2025-09-03 14:00:00+00:00,,,,2025-09-03,14,2
2025-09-03 15:00:00+00:00,,,,2025-09-03,15,2
2025-09-03 16:00:00+00:00,,,,2025-09-03,16,2
2025-09-03 17:00:00+00:00,,,,2025-09-03,17,2
2025-09-03 18:00:00+00:00,,,,2025-09-03,18,2
2025-09-03 19:00:00+00:00,,,,2025-09-03,19,2
2025-09-03 20:00:00+00:00,,,,2025-09-03,20,2
2025-09-03 21:00:00+00:00,,,,2025-09-03,21,2
2025-09-03 22:00:00+00:00,,,,2025-09-03,22,2
2025-09-03 23:00:00+00:00,,,,2025-09-03,23,2
2025-09-04 00:00:00+00:00,,,,2025-09-04,0,3
2025-09-04 01:00:00+00:00,,,,2025-09-04,1,3
2025-09-04 02:00:00+00:00,,,,2025-09-04,2,3
2025-09-04 03:00:00+00:00,,,,2025-09-04,3,3
2025-09-04 04:00:00+00:00,,,,2025-09-04,4,3
2025-09-04 05:00:00+00:00,,,,2025-09-04,5,3
2025-09-04 06:00:00+00:00,,,,2025-09-04,6,3
2025-09-04 07:00:00+00:00,,,,2025-09-04,7,3
2025-09-04 08:00:00+00:00,,,,2025-09-04,8,3
2025-09-04 09:00:00+00:00,,,,2025-09-04,9,3
2025-09-04 10:00:00+00:00,,,,2025-09-04,10,3
2025-09-04 11:00:00+00:00,,,,2025-09-04,11,3
2025-09-04 12:00:00+00:00,,,,2025-09-04,12,3
2025-09-04 13:00:00+00:00,,,,2025-09-04,13,3
2025-09-04 14:00:00+00:00,,,,2025-09-04,14,3
2025-09-04 15:00:00+00:00,,,,2025-09-04,15,3
2025-09-04 16:00:00+00:00,,,,2025-09-04,16,3
2025-09-04 17:00:00+00:00,,,,2025-09-04,17,3
2025-09-04 18:00:00+00:00,,,,2025-09-04,18,3
2025-09-04 19:00:00+00:00,,,,2025-09-04,19,3
2025-09-04 20:00:00+00:00,,,,2025-09-04,20,3
2025-09-04 21:00:00+00:00,,,,2025-09-04,21,3
2025-09-04 22:00:00+00:00,,,,2025-09-04,22,3
2025-09-04 23:00:00+00:00,,,,2025-09-04,23,3
2025-09-05 00:00:00+00:00,,,,2025-09-05,0,4
2025-09-05 01:00:00+00:00,,,,2025-09-05,1,4
2025-09-05 02:00:00+00:00,,,,2025-09-05,2,4
2025-09-05 03:00:00+00:00,,,,2025-09-05,3,4
2025-09-05 04:00:00+00:00,,,,2025-09-05,4,4
2025-09-05 05:00:00+00:00,,,,2025-09-05,5,4
2025-09-05 06:00:00+00:00,,,,2025-09-05,6,4
2025-09-05 07:00:00+00:00,,,,2025-09-05,7,4
2025-09-05 08:00:00+00:00,,,,2025-09-05,8,4
2025-09-05 09:00:00+00:00,,,,2025-09-05,9,4
2025-09-05 10:00:00+00:00,,,,2025-09-05,10,4
2025-09-05 11:00:00+00:00,,,,2025-09-05,11,4
2025-09-05 12:00:00+00:00,,,,2025-09-05,12,4
2025-09-05 13:00:00+00:00,,,,2025-09-05,13,4
2025-09-05 14:00:00+00:00,,,,2025-09-05,14,4
2025-09-05 15:00:00+00:00,,,,2025-09-05,15,4
2025-09-05 16:00:00+00:00,,,,2025-09-05,16,4
2025-09-05 17:00:00+00:00,,,,2025-09-05,17,4
2025-09-05 18:00:00+00:00,,,,2025-09-05,18,4
2025-09-05 19:00:00+00:00,,,,2025-09-05,19,4
2025-09-05 20:00:00+00:00,,,,2025-09-05,20,4
2025-09-05 21:00:00+00:00,,,,2025-09-05,21,4
2025-09-05 22:00:00+00:00,,,,2025-09-05,22,4
2025-09-05 23:00:00+00:00,,,,2025-09-05,23,4
2025-09-06 00:00:00+00:00,,,,2025-09-06,0,5
2025-09-06 01:00:00+00:00,,,,2025-09-06,1,5
2025-09-06 02:00:00+00:00,,,,2025-09-06,2,5
2025-09-06 03:00:00+00:00,,,,2025-09-06,3,5
2025-09-06 04:00:00+00:00,,,,2025-09-06,4,5
2025-09-06 05:00:00+00:00,,,,2025-09-06,5,5
2025-09-06 06:00:00+00:00,,,,2025-09-06,6,5
2025-09-06 07:00:00+00:00,,,,2025-09-06,7,5
2025-09-06 08:00:00+00:00,,,,2025-09-06,8,5
2025-09-06 09:00:00+00:00,,,,2025-09-06,9,5
2025-09-06 10:00:00+00:00,,,,2025-09-06,10,5
2025-09-06 11:00:00+00:00,,,,2025-09-06,11,5
2025-09-06 12:00:00+00:00,,,,2025-09-06,12,5
2025-09-06 13:00:00+00:00,,,,2025-09-06,13,5
2025-09-06 14:00:00+00:00,,,,2025-09-06,14,5
2025-09-06 15:00:00+00:00,,,,2025-09-06,15,5
2025-09-06 16:00:00+00:00,,,,2025-09-06,16,5
2025-09-06 17:00:00+00:00,,,,2025-09-06,17,5
2025-09-06 18:00:00+00:00,,,,2025-09-06,18,5
2025-09-06 19:00:00+00:00,,,,2025-09-06,19,5
2025-09-06 20:00:00+00:00,,,,2025-09-06,20,5
2025-09-06 21:00:00+00:00,,,,2025-09-06,21,5
2025-09-06 22:00:00+00:00,,,,2025-09-06,22,5
2025-09-06 23:00:00+00:00,,,,2025-09-06,23,5
2025-09-07 00:00:00+00:00,,,,2025-09-07,0,6
2025-09-07 01:00:00+00:00,,,,2025-09-07,1,6
2025-09-07 02:00:00+00:00,,,,2025-09-07,2,6
2025-09-07 03:00:00+00:00,,,,2025-09-07,3,6
2025-09-07 04:00:00+00:00,,,,2025-09-07,4,6
2025-09-07 05:00:00+00:00,,,,2025-09-07,5,6
2025-09-07 06:00:00+00:00,,,,2025-09-07,6,6
2025-09-07 07:00:00+00:00,,,,2025-09-07,7,6
2025-09-07 08:00:00+00:00,,,,2025-09-07,8,6
2025-09-07 09:00:00+00:00,,,,2025-09-07,9,6
2025-09-07 10:00:00+00:00,,,,2025-09-07,10,6
2025-09-07 11:00:00+00:00,,,,2025-09-07,11,6
2025-09-07 12:00:00+00:00,,,,2025-09-07,12,6
2025-09-07 13:00:00+00:00,,,,2025-09-07,13,6
2025-09-07 14:00:00+00:00,,,,2025-09-07,14,6
2025-09-07 15:00:00+00:00,,,,2025-09-07,15,6
2025-09-07 16:00:00+00:00,,,,2025-09-07,16,6
2025-09-07 17:00:00+00:00,,,,2025-09-07,17,6
2025-09-07 18:00:00+00:00,,,,2025-09-07,18,6
2025-09-07 19:00:00+00:00,,,,2025-09-07,19,6
2025-09-07 20:00:00+00:00,,,,2025-09-07,20,6
2025-09-07 21:00:00+00:00,,,,2025-09-07,21,6
2025-09-07 22:00:00+00:00,,,,2025-09-07,22,6
2025-09-07 23:00:00+00:00,,,,2025-09-07,23,6
2025-09-08 00:00:00+00:00,,,,2025-09-08,0,0
2025-09-08 01:00:00+00:00,,,,2025-09-08,1,0
2025-09-08 02:00:00+00:00,,,,2025-09-08,2,0
2025-09-08 03:00:00+00:00,,,,2025-09-08,3,0
2025-09-08 04:00:00+00:00,,,,2025-09-08,4,0
2025-09-08 05:00:00+00:00,,,,2025-09-08,5,0
2025-09-08 06:00:00+00:00,,,,2025-09-08,6,0
2025-09-08 07:00:00+00:00,,,,2025-09-08,7,0
2025-09-08 08:00:00+00:00,,,,2025-09-08,8,0
2025-09-08 09:00:00+00:00,,,,2025-09-08,9,0
2025-09-08 10:00:00+00:00,,,,2025-09-08,10,0
2025-09-08 11:00:00+00:00,,,,2025-09-08,11,0
2025-09-08 12:00:00+00:00,,,,2025-09-08,12,0
2025-09-08 13:00:00+00:00,,,,2025-09-08,13,0
2025-09-08 14:00:00+00:00,,,,2025-09-08,14,0
2025-09-08 15:00:00+00:00,,,,2025-09-08,15,0
2025-09-08 16:00:00+00:00,,,,2025-09-08,16,0
2025-09-08 17:00:00+00:00,,,,2025-09-08,17,0
2025-09-08 18:00:00+00:00,,,,2025-09-08,18,0
2025-09-08 19:00:00+00:00,,,,2025-09-08,19,0
2025-09-08 20:00:00+00:00,,,,2025-09-08,20,0
2025-09-08 21:00:00+00:00,,,,2025-09-08,21,0
2025-09-08 22:00:00+00:00,,,,2025-09-08,22,0
2025-09-08 23:00:00+00:00,,,,2025-09-08,23,0
2025-09-09 00:00:00+00:00,,,,2025-09-09,0,1
2025-09-09 01:00:00+00:00,,,,2025-09-09,1,1
2025-09-09 02:00:00+00:00,,,,2025-09-09,2,1
2025-09-09 03:00:00+00:00,,,,2025-09-09,3,1
2025-09-09 04:00:00+00:00,,,,2025-09-09,4,1
2025-09-09 05:00:00+00:00,,,,2025-09-09,5,1
2025-09-09 06:00:00+00:00,,,,2025-09-09,6,1
2025-09-09 07:00:00+00:00,,,,2025-09-09,7,1
2025-09-09 08:00:00+00:00,,,,2025-09-09,8,1
2025-09-09 09:00:00+00:00,,,,2025-09-09,9,1
2025-09-09 10:00:00+00:00,,,,2025-09-09,10,1
2025-09-09 11:00:00+00:00,,,,2025-09-09,11,1
2025-09-09 12:00:00+00:00,,,,2025-09-09,12,1
2025-09-09 13:00:00+00:00,,,,2025-09-09,13,1
2025-09-09 14:00:00+00:00,,,,2025-09-09,14,1
2025-09-09 15:00:00+00:00,,,,2025-09-09,15,1
2025-09-09 16:00:00+00:00,,,,2025-09-09,16,1
2025-09-09 17:00:00+00:00,,,,2025-09-09,17,1
2025-09-09 18:00:00+00:00,,,,2025-09-09,18,1
2025-09-09 19:00:00+00:00,,,,2025-09-09,19,1
2025-09-09 20:00:00+00:00,,,,2025-09-09,20,1
2025-09-09 21:00:00+00:00,,,,2025-09-09,21,1
2025-09-09 22:00:00+00:00,,,,2025-09-09,22,1
2025-09-09 23:00:00+00:00,,,,2025-09-09,23,1
2025-09-10 00:00:00+00:00,,,,2025-09-10,0,2
2025-09-10 01:00:00+00:00,,,,2025-09-10,1,2
2025-09-10 02:00:00+00:00,,,,2025-09-10,2,2
2025-09-10 03:00:00+00:00,,,,2025-09-10,3,2
2025-09-10 04:00:00+00:00,,,,2025-09-10,4,2
2025-09-10 05:00:00+00:00,,,,2025-09-10,5,2
2025-09-10 06:00:00+00:00,,,,2025-09-10,6,2
2025-09-10 07:00:00+00:00,,,,2025-09-10,7,2
2025-09-10 08:00:00+00:00,,,,2025-09-10,8,2
2025-09-10 09:00:00+00:00,,,,2025-09-10,9,2
2025-09-10 10:00:00+00:00,,,,2025-09-10,10,2
2025-09-10 11:00:00+00:00,,,,2025-09-10,11,2
2025-09-10 12:00:00+00:00,,,,2025-09-10,12,2
2025-09-10 13:00:00+00:00,,,,2025-09-10,13,2
2025-09-10 14:00:00+00:00,,,,2025-09-10,14,2
2025-09-10 15:00:00+00:00,,,,2025-09-10,15,2
2025-09-10 16:00:00+00:00,,,,2025-09-10,16,2
2025-09-10 17:00:00+00:00,,,,2025-09-10,17,2
2025-09-10 18:00:00+00:00,,,,2025-09-10,18,2
2025-09-10 19:00:00+00:00,,,,2025-09-10,19,2
2025-09-10 20:00:00+00:00,,,,2025-09-10,20,2
2025-09-10 21:00:00+00:00,,,,2025-09-10,21,2
2025-09-10 22:00:00+00:00,,,,2025-09-10,22,2
2025-09-10 23:00:00+00:00,,,,2025-09-10,23,2
2025-09-11 00:00:00+00:00,,,,2025-09-11,0,3
2025-09-11 01:00:00+00:00,,,,2025-09-11,1,3
2025-09-11 02:00:00+00:00,,,,2025-09-11,2,3
2025-09-11 03:00:00+00:00,,,,2025-09-11,3,3
2025-09-11 04:00:00+00:00,,,,2025-09-11,4,3
2025-09-11 05:00:00+00:00,,,,2025-09-11,5,3
2025-09-11 06:00:00+00:00,,,,2025-09-11,6,3
2025-09-11 07:00:00+00:00,,,,2025-09-11,7,3
2025-09-11 08:00:00+00:00,,,,2025-09-11,8,3
2025-09-11 09:00:00+00:00,,,,2025-09-11,9,3
2025-09-11 10:00:00+00:00,,,,2025-09-11,10,3
2025-09-11 11:00:00+00:00,,,,2025-09-11,11,3
2025-09-11 12:00:00+00:00,,,,2025-09-11,12,3
2025-09-11 13:00:00+00:00,,,,2025-09-11,13,3
2025-09-11 14:00:00+00:00,,,,2025-09-11,14,3
2025-09-11 15:00:00+00:00,,,,2025-09-11,15,3
2025-09-11 16:00:00+00:00,,,,2025-09-11,16,3
2025-09-11 17:00:00+00:00,,,,2025-09-11,17,3
2025-09-11 18:00:00+00:00,,,,2025-09-11,18,3
2025-09-11 19:00:00+00:00,,,,2025-09-11,19,3
2025-09-11 20:00:00+00:00,,,,2025-09-11,20,3
2025-09-11 21:00:00+00:00,,,,2025-09-11,21,3
2025-09-11 22:00:00+00:00,,,,2025-09-11,22,3
2025-09-11 23:00:00+00:00,,,,2025-09-11,23,3
2025-09-12 00:00:00+00:00,,,,2025-09-12,0,4
2025-09-12 01:00:00+00:00,,,,2025-09-12,1,4
2025-09-12 02:00:00+00:00,,,,2025-09-12,2,4
2025-09-12 03:00:00+00:00,,,,2025-09-12,3,4
2025-09-12 04:00:00+00:00,,,,2025-09-12,4,4
2025-09-12 05:00:00+00:00,,,,2025-09-12,5,4
2025-09-12 06:00:00+00:00,,,,2025-09-12,6,4
2025-09-12 07:00:00+00:00,,,,2025-09-12,7,4
2025-09-12 08:00:00+00:00,,,,2025-09-12,8,4
2025-09-12 09:00:00+00:00,,,,2025-09-12,9,4
2025-09-12 10:00:00+00:00,,,,2025-09-12,10,4
2025-09-12 11:00:00+00:00,,,,2025-09-12,11,4
2025-09-12 12:00:00+00:00,,,,2025-09-12,12,4
2025-09-12 13:00:00+00:00,,,,2025-09-12,13,4
2025-09-12 14:00:00+00:00,,,,2025-09-12,14,4
2025-09-12 15:00:00+00:00,,,,2025-09-12,15,4
2025-09-12 16:00:00+00:00,,,,2025-09-12,16,4
2025-09-12 17:00:00+00:00,,,,2025-09-12,17,4
2025-09-12 18:00:00+00:00,,,,2025-09-12,18,4
2025-09-12 19:00:00+00:00,,,,2025-09-12,19,4
2025-09-12 20:00:00+00:00,,,,2025-09-12,20,4
2025-09-12 21:00:00+00:00,,,,2025-09-12,21,4
2025-09-12 22:00:00+00:00,,,,2025-09-12,22,4
2025-09-12 23:00:00+00:00,,,,2025-09-12,23,4
2025-09-13 00:00:00+00:00,,,,2025-09-13,0,5
2025-09-13 01:00:00+00:00,,,,2025-09-13,1,5
2025-09-13 02:00:00+00:00,,,,2025-09-13,2,5
2025-09-13 03:00:00+00:00,,,,2025-09-13,3,5
2025-09-13 04:00:00+00:00,,,,2025-09-13,4,5
2025-09-13 05:00:00+00:00,,,,2025-09-13,5,5
2025-09-13 06:00:00+00:00,,,,2025-09-13,6,5
2025-09-13 07:00:00+00:00,,,,2025-09-13,7,5
2025-09-13 08:00:00+00:00,,,,2025-09-13,8,5
2025-09-13 09:00:00+00:00,,,,2025-09-13,9,5
2025-09-13 10:00:00+00:00,,,,2025-09-13,10,5
2025-09-13 11:00:00+00:00,,,,2025-09-13,11,5
2025-09-13 12:00:00+00:00,,,,2025-09-13,12,5
2025-09-13 13:00:00+00:00,,,,2025-09-13,13,5
2025-09-13 14:00:00+00:00,,,,2025-09-13,14,5
2025-09-13 15:00:00+00:00,,,,2025-09-13,15,5
2025-09-13 16:00:00+00:00,,,,2025-09-13,16,5
2025-09-13 17:00:00+00:00,,,,2025-09-13,17,5
2025-09-13 18:00:00+00:00,,,,2025-09-13,18,5
2025-09-13 19:00:00+00:00,,,,2025-09-13,19,5
2025-09-13 20:00:00+00:00,,,,2025-09-13,20,5
2025-09-13 21:00:00+00:00,,,,2025-09-13,21,5
2025-09-13 22:00:00+00:00,,,,2025-09-13,22,5
2025-09-13 23:00:00+00:00,,,,2025-09-13,23,5
2025-09-14 00:00:00+00:00,,,,2025-09-14,0,6
2025-09-14 01:00:00+00:00,,,,2025-09-14,1,6
2025-09-14 02:00:00+00:00,,,,2025-09-14,2,6
2025-09-14 03:00:00+00:00,,,,2025-09-14,3,6
2025-09-14 04:00:00+00:00,,,,2025-09-14,4,6
2025-09-14 05:00:00+00:00,,,,2025-09-14,5,6
2025-09-14 06:00:00+00:00,,,,2025-09-14,6,6
2025-09-14 07:00:00+00:00,,,,2025-09-14,7,6
2025-09-14 08:00:00+00:00,,,,2025-09-14,8,6
2025-09-14 09:00:00+00:00,,,,2025-09-14,9,6
2025-09-14 10:00:00+00:00,,,,2025-09-14,10,6
2025-09-14 11:00:00+00:00,,,,2025-09-14,11,6
2025-09-14 12:00:00+00:00,,,,2025-09-14,12,6
2025-09-14 13:00:00+00:00,,,,2025-09-14,13,6
2025-09-14 14:00:00+00:00,,,,2025-09-14,14,6
2025-09-14 15:00:00+00:00,,,,2025-09-14,15,6
2025-09-14 16:00:00+00:00,,,,2025-09-14,16,6
2025-09-14 17:00:00+00:00,,,,2025-09-14,17,6
2025-09-14 18:00:00+00:00,,,,2025-09-14,18,6
2025-09-14 19:00:00+00:00,,,,2025-09-14,19,6
2025-09-14 20:00:00+00:00,,,,2025-09-14,20,6
2025-09-14 21:00:00+00:00,,,,2025-09-14,21,6
2025-09-14 22:00:00+00:00,,,,2025-09-14,22,6
2025-09-14 23:00:00+00:00,,,,2025-09-14,23,6
2025-09-15 00:00:00+00:00,,,,2025-09-15,0,0
2025-09-15 01:00:00+00:00,,,,2025-09-15,1,0
2025-09-15 02:00:00+00:00,,,,2025-09-15,2,0
2025-09-15 03:00:00+00:00,,,,2025-09-15,3,0
2025-09-15 04:00:00+00:00,,,,2025-09-15,4,0
2025-09-15 05:00:00+00:00,,,,2025-09-15,5,0
2025-09-15 06:00:00+00:00,,,,2025-09-15,6,0
2025-09-15 07:00:00+00:00,,,,2025-09-15,7,0
2025-09-15 08:00:00+00:00,,,,2025-09-15,8,0
2025-09-15 09:00:00+00:00,,,,2025-09-15,9,0
2025-09-15 10:00:00+00:00,,,,2025-09-15,10,0
2025-09-15 11:00:00+00:00,,,,2025-09-15,11,0
2025-09-15 12:00:00+00:00,,,,2025-09-15,12,0
2025-09-15 13:00:00+00:00,,,,2025-09-15,13,0
2025-09-15 14:00:00+00:00,,,,2025-09-15,14,0
2025-09-15 15:00:00+00:00,,,,2025-09-15,15,0
2025-09-15 16:00:00+00:00,,,,2025-09-15,16,0
2025-09-15 17:00:00+00:00,,,,2025-09-15,17,0
2025-09-15 18:00:00+00:00,,,,2025-09-15,18,0
2025-09-15 19:00:00+00:00,,,,2025-09-15,19,0
2025-09-15 20:00:00+00:00,,,,2025-09-15,20,0
2025-09-15 21:00:00+00:00,,,,2025-09-15,21,0
2025-09-15 22:00:00+00:00,,,,2025-09-15,22,0
2025-09-15 23:00:00+00:00,,,,2025-09-15,23,0
2025-09-16 00:00:00+00:00,,,,2025-09-16,0,1
2025-09-16 01:00:00+00:00,,,,2025-09-16,1,1
2025-09-16 02:00:00+00:00,,,,2025-09-16,2,1
2025-09-16 03:00:00+00:00,,,,2025-09-16,3,1
2025-09-16 04:00:00+00:00,,,,2025-09-16,4,1
2025-09-16 05:00:00+00:00,,,,2025-09-16,5,1
2025-09-16 06:00:00+00:00,,,,2025-09-16,6,1
2025-09-16 07:00:00+00:00,,,,2025-09-16,7,1
2025-09-16 08:00:00+00:00,,,,2025-09-16,8,1
2025-09-16 09:00:00+00:00,,,,2025-09-16,9,1
2025-09-16 10:00:00+00:00,,,,2025-09-16,10,1
2025-09-16 11:00:00+00:00,,,,2025-09-16,11,1
2025-09-16 12:00:00+00:00,,,,2025-09-16,12,1
2025-09-16 13:00:00+00:00,,,,2025-09-16,13,1
2025-09-16 14:00:00+00:00,,,,2025-09-16,14,1
2025-09-16 15:00:00+00:00,,,,2025-09-16,15,1
2025-09-16 16:00:00+00:00,,,,2025-09-16,16,1
2025-09-16 17:00:00+00:00,,,,2025-09-16,17,1
2025-09-16 18:00:00+00:00,,,,2025-09-16,18,1
2025-09-16 19:00:00+00:00,,,,2025-09-16,19,1
2025-09-16 20:00:00+00:00,,,,2025-09-16,20,1
2025-09-16 21:00:00+00:00,,,,2025-09-16,21,1
2025-09-16 22:00:00+00:00,,,,2025-09-16,22,1
2025-09-16 23:00:00+00:00,,,,2025-09-16,23,1
2025-09-17 00:00:00+00:00,,,,2025-09-17,0,2
2025-09-17 01:00:00+00:00,,,,2025-09-17,1,2
2025-09-17 02:00:00+00:00,,,,2025-09-17,2,2
2025-09-17 03:00:00+00:00,,,,2025-09-17,3,2
2025-09-17 04:00:00+00:00,,,,2025-09-17,4,2
2025-09-17 05:00:00+00:00,,,,2025-09-17,5,2
2025-09-17 06:00:00+00:00,,,,2025-09-17,6,2
2025-09-17 07:00:00+00:00,,,,2025-09-17,7,2
2025-09-17 08:00:00+00:00,,,,2025-09-17,8,2
2025-09-17 09:00:00+00:00,,,,2025-09-17,9,2
2025-09-17 10:00:00+00:00,,,,2025-09-17,10,2
2025-09-17 11:00:00+00:00,1,176.53,52.5,2025-09-17,11,2
2025-09-17 12:00:00+00:00,1,192.98,51.66,2025-09-17,12,2
2025-09-17 13:00:00+00:00,1,214.91,46.93,2025-09-17,13,2
2025-09-17 14:00:00+00:00,1,232.38,38.92,2025-09-17,14,2
2025-09-17 15:00:00+00:00,1,245.99,28.99,2025-09-17,15,2
2025-09-17 16:00:00+00:00,1,257.19,18.04,2025-09-17,16,2
2025-09-17 17:00:00+00:00,1,267.64,6.09,2025-09-17,17,2
2025-09-17 18:00:00+00:00,1,275.82,-3.76,2025-09-17,18,2
2025-09-17 19:00:00+00:00,0,286.54,-16.1,2025-09-17,19,2
2025-09-17 20:00:00+00:00,0,299.97,-28.54,2025-09-17,20,2
2025-09-17 21:00:00+00:00,0,314.14,-37.78,2025-09-17,21,2
2025-09-17 22:00:00+00:00,0,331.87,-44.77,2025-09-17,22,2
2025-09-17 23:00:00+00:00,0,352.87,-48.27,2025-09-17,23,2
2025-09-18 00:00:00+00:00,0,14.79,-47.52,2025-09-18,0,3
2025-09-18 01:00:00+00:00,0,34.93,-42.66,2025-09-18,1,3
2025-09-18 02:00:00+00:00,0,51.34,-34.76,2025-09-18,2,3
2025-09-18 03:00:00+00:00,0,64.5,-24.97,2025-09-18,3,3
2025-09-18 04:00:00+00:00,0,75.4,-14.27,2025-09-18,4,3
2025-09-18 05:00:00+00:00,1,85.84,-2.01,2025-09-18,5,3
2025-09-18 06:00:00+00:00,1,93.58,7.19,2025-09-18,6,3
2025-09-18 07:00:00+00:00,1,104.1,19.05,2025-09-18,7,3
2025-09-18 08:00:00+00:00,1,115.51,29.89,2025-09-18,8,3
2025-09-18 09:00:00+00:00,1,129.47,39.61,2025-09-18,9,3
2025-09-18 10:00:00+00:00,1,147.32,47.28,2025-09-18,10,3
2025-09-18 11:00:00+00:00,1,170.19,51.57,2025-09-18,11,3
2025-09-18 12:00:00+00:00,1,194.43,51.1,2025-09-18,12,3
2025-09-18 13:00:00+00:00,1,215.91,46.16,2025-09-18,13,3
2025-09-18 14:00:00+00:00,1,233.01,38.05,2025-09-18,14,3
2025-09-18 15:00:00+00:00,1,246.43,28.07,2025-09-18,15,3
2025-09-18 16:00:00+00:00,1,257.52,17.09,2025-09-18,16,3
2025-09-18 17:00:00+00:00,1,267.49,5.67,2025-09-18,17,3
2025-09-18 18:00:00+00:00,1,275.59,-4.11,2025-09-18,18,3
2025-09-18 19:00:00+00:00,0,286.0,-16.11,2025-09-18,19,3
2025-09-18 20:00:00+00:00,0,299.37,-28.59,2025-09-18,20,3
2025-09-18 21:00:00+00:00,0,313.5,-37.91,2025-09-18,21,3
2025-09-18 22:00:00+00:00,0,331.2,-44.99,2025-09-18,22,3
2025-09-18 23:00:00+00:00,0,352.46,-48.62,2025-09-18,23,3
2025-09-19 00:00:00+00:00,0,14.9,-47.89,2025-09-19,0,4
2025-09-19 01:00:00+00:00,0,35.16,-43.01,2025-09-19,1,4
2025-09-19 02:00:00+00:00,0,51.62,-35.06,2025-09-19,2,4
2025-09-19 03:00:00+00:00,0,64.8,-25.25,2025-09-19,3,4
2025-09-19 04:00:00+00:00,0,75.95,-14.26,2025-09-19,4,4
2025-09-19 05:00:00+00:00,1,86.13,-2.28,2025-09-19,5,4
2025-09-19 06:00:00+00:00,1,93.92,7.0,2025-09-19,6,4
2025-09-19 07:00:00+00:00,1,104.63,19.03,2025-09-19,7,4
2025-09-19 08:00:00+00:00,1,116.09,29.83,2025-09-19,8,4
2025-09-19 09:00:00+00:00,1,130.11,39.49,2025-09-19,9,4
2025-09-19 10:00:00+00:00,1,147.98,47.06,2025-09-19,10,4
2025-09-19 11:00:00+00:00,1,170.72,51.23,2025-09-19,11,4
2025-09-19 12:00:00+00:00,1,194.31,50.72,2025-09-19,12,4
2025-09-19 13:00:00+00:00,1,215.67,45.82,2025-09-19,13,4
2025-09-19 14:00:00+00:00,1,232.71,37.74,2025-09-19,14,4
2025-09-19 15:00:00+00:00,1,246.12,27.79,2025-09-19,15,4
2025-09-19 16:00:00+00:00,1,257.21,16.84,2025-09-19,16,4
2025-09-19 17:00:00+00:00,1,267.3,5.31,2025-09-19,17,4
2025-09-19 18:00:00+00:00,1,275.37,-4.48,2025-09-19,18,4
2025-09-19 19:00:00+00:00,0,285.46,-16.11,2025-09-19,19,4
2025-09-19 20:00:00+00:00,0,298.77,-28.63,2025-09-19,20,4
2025-09-19 21:00:00+00:00,0,312.85,-38.03,2025-09-19,21,4
2025-09-19 22:00:00+00:00,0,330.53,-45.22,2025-09-19,22,4
2025-09-19 23:00:00+00:00,0,352.05,-48.97,2025-09-19,23,4
2025-09-20 00:00:00+00:00,0,15.01,-48.27,2025-09-20,0,5
2025-09-20 01:00:00+00:00,0,35.4,-43.35,2025-09-20,1,5
2025-09-20 02:00:00+00:00,0,51.91,-35.37,2025-09-20,2,5
2025-09-20 03:00:00+00:00,0,65.1,-25.52,2025-09-20,3,5
2025-09-20 04:00:00+00:00,0,76.48,-14.26,2025-09-20,4,5
2025-09-20 05:00:00+00:00,1,86.64,-2.27,2025-09-20,5,5
2025-09-20 06:00:00+00:00,1,94.43,7.0,2025-09-20,6,5
2025-09-20 07:00:00+00:00,1,105.17,19.02,2025-09-20,7,5
2025-09-20 08:00:00+00:00,1,116.67,29.78,2025-09-20,8,5
2025-09-20 09:00:00+00:00,1,130.75,39.37,2025-09-20,9,5
2025-09-20 10:00:00+00:00,1,148.65,46.84,2025-09-20,10,5
2025-09-20 11:00:00+00:00,1,170.64,50.85,2025-09-20,11,5
2025-09-20 12:00:00+00:00,1,194.2,50.35,2025-09-20,12,5
2025-09-20 13:00:00+00:00,1,215.41,45.47,2025-09-20,13,5
2025-09-20 14:00:00+00:00,1,232.4,37.44,2025-09-20,14,5
2025-09-20 15:00:00+00:00,1,245.81,27.52,2025-09-20,15,5
2025-09-20 16:00:00+00:00,1,256.91,16.58,2025-09-20,16,5
2025-09-20 17:00:00+00:00,1,266.8,5.31,2025-09-20,17,5
2025-09-20 18:00:00+00:00,1,274.86,-4.48,2025-09-20,18,5
2025-09-20 19:00:00+00:00,0,284.92,-16.12,2025-09-20,19,5
2025-09-20 20:00:00+00:00,0,298.18,-28.68,2025-09-20,20,5
2025-09-20 21:00:00+00:00,0,312.19,-38.14,2025-09-20,21,5
2025-09-20 22:00:00+00:00,0,329.86,-45.44,2025-09-20,22,5
2025-09-20 23:00:00+00:00,0,351.63,-49.32,2025-09-20,23,5
2025-09-21 00:00:00+00:00,0,15.13,-48.65,2025-09-21,0,6
2025-09-21 01:00:00+00:00,0,35.64,-43.7,2025-09-21,1,6
2025-09-21 02:00:00+00:00,0,52.2,-35.68,2025-09-21,2,6
2025-09-21 03:00:00+00:00,0,65.4,-25.8,2025-09-21,3,6
2025-09-21 04:00:00+00:00,0,77.02,-14.26,2025-09-21,4,6
2025-09-21 05:00:00+00:00,1,86.92,-2.55,2025-09-21,5,6
2025-09-21 06:00:00+00:00,1,94.57,6.56,2025-09-21,6,6
2025-09-21 07:00:00+00:00,1,105.0,18.26,2025-09-21,7,6
2025-09-21 08:00:00+00:00,1,116.42,29.03,2025-09-21,8,6
2025-09-21 09:00:00+00:00,1,130.33,38.66,2025-09-21,9,6
2025-09-21 10:00:00+00:00,1,147.98,46.21,2025-09-21,10,6
2025-09-21 11:00:00+00:00,1,170.4,50.42,2025-09-21,11,6
2025-09-21 12:00:00+00:00,1,194.08,49.96,2025-09-21,12,6
2025-09-21 13:00:00+00:00,1,215.17,45.12,2025-09-21,13,6
2025-09-21 14:00:00+00:00,1,232.11,37.13,2025-09-21,14,6
2025-09-21 15:00:00+00:00,1,245.5,27.24,2025-09-21,15,6
2025-09-21 16:00:00+00:00,1,256.6,16.33,2025-09-21,16,6
2025-09-21 17:00:00+00:00,1,266.45,5.12,2025-09-21,17,6
2025-09-21 18:00:00+00:00,1,275.17,-5.49,2025-09-21,18,6
2025-09-21 19:00:00+00:00,0,285.14,-16.95,2025-09-21,19,6
2025-09-21 20:00:00+00:00,0,297.58,-28.72,2025-09-21,20,6
2025-09-21 21:00:00+00:00,0,311.54,-38.26,2025-09-21,21,6
2025-09-21 22:00:00+00:00,0,329.18,-45.66,2025-09-21,22,6
2025-09-21 23:00:00+00:00,0,351.21,-49.66,2025-09-21,23,6
2025-09-22 00:00:00+00:00,0,15.25,-49.03,2025-09-22,0,0
2025-09-22 01:00:00+00:00,0,35.88,-44.05,2025-09-22,1,0
2025-09-22 02:00:00+00:00,0,52.49,-35.99,2025-09-22,2,0
2025-09-22 03:00:00+00:00,0,65.71,-26.08,2025-09-22,3,0
2025-09-22 04:00:00+00:00,0,77.56,-14.25,2025-09-22,4,0
2025-09-22 05:00:00+00:00,1,87.43,-2.54,2025-09-22,5,0
2025-09-22 06:00:00+00:00,1,95.08,6.56,2025-09-22,6,0
2025-09-22 07:00:00+00:00,1,105.53,18.24,2025-09-22,7,0
2025-09-22 08:00:00+00:00,1,117.0,28.97,2025-09-22,8,0
2025-09-22 09:00:00+00:00,1,130.96,38.54,2025-09-22,9,0
2025-09-22 10:00:00+00:00,1,148.64,45.99,2025-09-22,10,0
2025-09-22 11:00:00+00:00,1,170.91,50.08,2025-09-22,11,0
2025-09-22 12:00:00+00:00,1,193.98,49.58,2025-09-22,12,0
2025-09-22 13:00:00+00:00,1,214.93,44.77,2025-09-22,13,0
2025-09-22 14:00:00+00:00,1,231.81,36.82,2025-09-22,14,0
2025-09-22 15:00:00+00:00,1,245.2,26.96,2025-09-22,15,0
2025-09-22 16:00:00+00:00,1,256.3,16.07,2025-09-22,16,0
2025-09-22 17:00:00+00:00,1,266.26,4.76,2025-09-22,17,0
2025-09-22 18:00:00+00:00,0,275.02,-5.96,2025-09-22,18,0
2025-09-22 19:00:00+00:00,0,284.6,-16.96,2025-09-22,19,0
2025-09-22 20:00:00+00:00,0,296.99,-28.77,2025-09-22,20,0
2025-09-22 21:00:00+00:00,0,310.89,-38.37,2025-09-22,21,0
2025-09-22 22:00:00+00:00,0,328.5,-45.88,2025-09-22,22,0
2025-09-22 23:00:00+00:00,0,352.54,-50.15,2025-09-22,23,0
2025-09-23 00:00:00+00:00,0,15.37,-49.41,2025-09-23,0,1
2025-09-23 01:00:00+00:00,0,36.13,-44.39,2025-09-23,1,1
2025-09-23 02:00:00+00:00,0,52.79,-36.29,2025-09-23,2,1
2025-09-23 03:00:00+00:00,0,66.02,-26.35,2025-09-23,3,1
2025-09-23 04:00:00+00:00,0,76.79,-15.69,2025-09-23,4,1
2025-09-23 05:00:00+00:00,1,87.29,-3.34,2025-09-23,5,1
2025-09-23 06:00:00+00:00,1,95.42,6.37,2025-09-23,6,1
2025-09-23 07:00:00+00:00,1,106.07,18.22,2025-09-23,7,1
2025-09-23 08:00:00+00:00,1,117.58,28.92,2025-09-23,8,1
2025-09-23 09:00:00+00:00,1,131.6,38.41,2025-09-23,9,1
2025-09-23 10:00:00+00:00,1,149.29,45.76,2025-09-23,10,1
2025-09-23 11:00:00+00:00,1,170.84,49.7,2025-09-23,11,1
2025-09-23 12:00:00+00:00,1,193.87,49.2,2025-09-23,12,1
2025-09-23 13:00:00+00:00,1,214.69,44.42,2025-09-23,13,1
2025-09-23 14:00:00+00:00,1,231.52,36.51,2025-09-23,14,1
2025-09-23 15:00:00+00:00,1,244.89,26.69,2025-09-23,15,1
2025-09-23 16:00:00+00:00,1,256.0,15.81,2025-09-23,16,1
2025-09-23 17:00:00+00:00,1,265.75,4.76,2025-09-23,17,1
2025-09-23 18:00:00+00:00,0,274.51,-5.96,2025-09-23,18,1
2025-09-23 19:00:00+00:00,0,284.06,-16.96,2025-09-23,19,1
2025-09-23 20:00:00+00:00,0,296.39,-28.81,2025-09-23,20,1
2025-09-23 21:00:00+00:00,0,310.24,-38.49,2025-09-23,21,1
2025-09-23 22:00:00+00:00,0,327.81,-46.09,2025-09-23,22,1
2025-09-23 23:00:00+00:00,0,352.08,-50.5,2025-09-23,23,1
2025-09-24 00:00:00+00:00,0,15.49,-49.79,2025-09-24,0,2
2025-09-24 01:00:00+00:00,0,36.37,-44.73,2025-09-24,1,2
2025-09-24 02:00:00+00:00,0,53.09,-36.6,2025-09-24,2,2
2025-09-24 03:00:00+00:00,0,66.32,-26.63,2025-09-24,3,2
2025-09-24 04:00:00+00:00,0,77.29,-15.73,2025-09-24,4,2
2025-09-24 05:00:00+00:00,1,87.8,-3.34,2025-09-24,5,2
2025-09-24 06:00:00+00:00,1,95.93,6.37,2025-09-24,6,2
2025-09-24 07:00:00+00:00,1,106.61,18.2,2025-09-24,7,2
2025-09-24 08:00:00+00:00,1,118.15,28.85,2025-09-24,8,2
2025-09-24 09:00:00+00:00,1,132.22,38.28,2025-09-24,9,2
2025-09-24 10:00:00+00:00,1,149.94,45.53,2025-09-24,10,2
2025-09-24 11:00:00+00:00,1,171.35,49.35,2025-09-24,11,2
2025-09-24 12:00:00+00:00,1,193.76,48.82,2025-09-24,12,2
2025-09-24 13:00:00+00:00,1,214.46,44.08,2025-09-24,13,2
2025-09-24 14:00:00+00:00,1,231.23,36.2,2025-09-24,14,2
2025-09-24 15:00:00+00:00,1,244.59,26.41,2025-09-24,15,2
2025-09-24 16:00:00+00:00,1,256.01,15.21,2025-09-24,16,2
2025-09-24 17:00:00+00:00,1,265.56,4.37,2025-09-24,17,2
2025-09-24 18:00:00+00:00,0,274.38,-6.42,2025-09-24,18,2
2025-09-24 19:00:00+00:00,0,283.52,-16.97,2025-09-24,19,2
2025-09-24 20:00:00+00:00,0,295.8,-28.85,2025-09-24,20,2
2025-09-24 21:00:00+00:00,0,309.59,-38.6,2025-09-24,21,2
2025-09-24 22:00:00+00:00,0,327.12,-46.3,2025-09-24,22,2
2025-09-24 23:00:00+00:00,0,351.61,-50.84,2025-09-24,23,2
2025-09-25 00:00:00+00:00,0,15.61,-50.17,2025-09-25,0,3
2025-09-25 01:00:00+00:00,0,36.62,-45.08,2025-09-25,1,3
2025-09-25 02:00:00+00:00,0,53.39,-36.91,2025-09-25,2,3
2025-09-25 03:00:00+00:00,0,66.63,-26.91,2025-09-25,3,3
2025-09-25 04:00:00+00:00,0,77.79,-15.77,2025-09-25,4,3
2025-09-25 05:00:00+00:00,1,88.05,-3.66,2025-09-25,5,3
2025-09-25 06:00:00+00:00,1,96.08,5.96,2025-09-25,6,3
2025-09-25 07:00:00+00:00,1,106.44,17.45,2025-09-25,7,3
2025-09-25 08:00:00+00:00,1,117.9,28.12,2025-09-25,8,3
2025-09-25 09:00:00+00:00,1,131.81,37.58,2025-09-25,9,3
2025-09-25 10:00:00+00:00,1,149.28,44.92,2025-09-25,10,3
2025-09-25 11:00:00+00:00,1,171.11,48.92,2025-09-25,11,3
2025-09-25 12:00:00+00:00,1,193.65,48.44,2025-09-25,12,3
2025-09-25 13:00:00+00:00,1,214.22,43.73,2025-09-25,13,3
2025-09-25 14:00:00+00:00,1,230.94,35.89,2025-09-25,14,3
2025-09-25 15:00:00+00:00,1,244.28,26.13,2025-09-25,15,3
2025-09-25 16:00:00+00:00,1,255.72,14.94,2025-09-25,16,3
2025-09-25 17:00:00+00:00,1,265.21,4.19,2025-09-25,17,3
2025-09-25 18:00:00+00:00,0,274.41,-7.07,2025-09-25,18,3
2025-09-25 19:00:00+00:00,0,283.76,-17.83,2025-09-25,19,3
2025-09-25 20:00:00+00:00,0,295.2,-28.88,2025-09-25,20,3
2025-09-25 21:00:00+00:00,0,308.93,-38.7,2025-09-25,21,3
2025-09-25 22:00:00+00:00,0,326.43,-46.51,2025-09-25,22,3
2025-09-25 23:00:00+00:00,0,351.14,-51.19,2025-09-25,23,3
2025-09-26 00:00:00+00:00,0,15.75,-50.55,2025-09-26,0,4
2025-09-26 01:00:00+00:00,0,36.88,-45.43,2025-09-26,1,4
2025-09-26 02:00:00+00:00,0,53.69,-37.21,2025-09-26,2,4
2025-09-26 03:00:00+00:00,0,66.94,-27.18,2025-09-26,3,4
2025-09-26 04:00:00+00:00,0,78.29,-15.81,2025-09-26,4,4
2025-09-26 05:00:00+00:00,1,88.56,-3.66,2025-09-26,5,4
2025-09-26 06:00:00+00:00,1,96.59,5.95,2025-09-26,6,4
2025-09-26 07:00:00+00:00,1,106.97,17.43,2025-09-26,7,4
2025-09-26 08:00:00+00:00,1,118.47,28.06,2025-09-26,8,4
2025-09-26 09:00:00+00:00,1,132.43,37.45,2025-09-26,9,4
2025-09-26 10:00:00+00:00,1,149.93,44.69,2025-09-26,10,4
2025-09-26 11:00:00+00:00,1,171.05,48.54,2025-09-26,11,4
2025-09-26 12:00:00+00:00,1,193.54,48.06,2025-09-26,12,4
2025-09-26 13:00:00+00:00,1,213.99,43.38,2025-09-26,13,4
2025-09-26 14:00:00+00:00,1,230.65,35.58,2025-09-26,14,4
2025-09-26 15:00:00+00:00,1,243.98,25.85,2025-09-26,15,4
2025-09-26 16:00:00+00:00,1,255.39,14.72,2025-09-26,16,4
2025-09-26 17:00:00+00:00,1,264.88,3.98,2025-09-26,17,4
2025-09-26 18:00:00+00:00,0,274.3,-7.56,2025-09-26,18,4
2025-09-26 19:00:00+00:00,0,283.23,-17.84,2025-09-26,19,4
2025-09-26 20:00:00+00:00,0,294.61,-28.92,2025-09-26,20,4
2025-09-26 21:00:00+00:00,0,308.28,-38.8,2025-09-26,21,4
2025-09-26 22:00:00+00:00,0,325.74,-46.71,2025-09-26,22,4
2025-09-26 23:00:00+00:00,0,350.66,-51.53,2025-09-26,23,4
2025-09-27 00:00:00+00:00,0,15.87,-50.93,2025-09-27,0,5
2025-09-27 01:00:00+00:00,0,37.13,-45.77,2025-09-27,1,5
2025-09-27 02:00:00+00:00,0,53.99,-37.52,2025-09-27,2,5
2025-09-27 03:00:00+00:00,0,67.25,-27.45,2025-09-27,3,5
2025-09-27 04:00:00+00:00,0,78.79,-15.85,2025-09-27,4,5
2025-09-27 05:00:00+00:00,1,88.8,-4.0,2025-09-27,5,5
2025-09-27 06:00:00+00:00,1,96.94,5.76,2025-09-27,6,5
2025-09-27 07:00:00+00:00,1,107.51,17.42,2025-09-27,7,5
2025-09-27 08:00:00+00:00,1,119.05,28.0,2025-09-27,8,5
2025-09-27 09:00:00+00:00,1,133.06,37.32,2025-09-27,9,5
2025-09-27 10:00:00+00:00,1,150.57,44.46,2025-09-27,10,5
2025-09-27 11:00:00+00:00,1,171.55,48.2,2025-09-27,11,5
2025-09-27 12:00:00+00:00,1,193.44,47.68,2025-09-27,12,5
2025-09-27 13:00:00+00:00,1,213.76,43.03,2025-09-27,13,5
2025-09-27 14:00:00+00:00,1,230.37,35.27,2025-09-27,14,5
2025-09-27 15:00:00+00:00,1,243.68,25.57,2025-09-27,15,5
2025-09-27 16:00:00+00:00,1,255.34,14.18,2025-09-27,16,5
2025-09-27 17:00:00+00:00,1,264.53,3.79,2025-09-27,17,5
2025-09-27 18:00:00+00:00,0,273.79,-7.56,2025-09-27,18,5
2025-09-27 19:00:00+00:00,0,282.68,-17.84,2025-09-27,19,5
2025-09-27 20:00:00+00:00,0,294.02,-28.96,2025-09-27,20,5
2025-09-27 21:00:00+00:00,0,307.63,-38.9,2025-09-27,21,5
2025-09-27 22:00:00+00:00,0,325.05,-46.91,2025-09-27,22,5
2025-09-27 23:00:00+00:00,0,350.18,-51.87,2025-09-27,23,5
2025-09-28 00:00:00+00:00,0,16.0,-51.31,2025-09-28,0,6
2025-09-28 01:00:00+00:00,0,37.4,-46.12,2025-09-28,1,6
2025-09-28 02:00:00+00:00,0,54.3,-37.82,2025-09-28,2,6
2025-09-28 03:00:00+00:00,0,67.57,-27.73,2025-09-28,3,6
2025-09-28 04:00:00+00:00,0,79.28,-15.89,2025-09-28,4,6
2025-09-28 05:00:00+00:00,1,89.31,-4.0,2025-09-28,5,6
2025-09-28 06:00:00+00:00,1,97.45,5.76,2025-09-28,6,6
2025-09-28 07:00:00+00:00,1,108.05,17.4,2025-09-28,7,6
2025-09-28 08:00:00+00:00,1,119.63,27.93,2025-09-28,8,6
2025-09-28 09:00:00+00:00,1,133.68,37.19,2025-09-28,9,6
2025-09-28 10:00:00+00:00,1,151.2,44.22,2025-09-28,10,6
2025-09-28 11:00:00+00:00,1,172.04,47.85,2025-09-28,11,6
2025-09-28 12:00:00+00:00,1,193.34,47.3,2025-09-28,12,6
2025-09-28 13:00:00+00:00,1,213.54,42.68,2025-09-28,13,6
2025-09-28 14:00:00+00:00,1,230.09,34.96,2025-09-28,14,6
2025-09-28 15:00:00+00:00,1,243.38,25.29,2025-09-28,15,6
2025-09-28 16:00:00+00:00,1,255.06,13.9,2025-09-28,16,6
2025-09-28 17:00:00+00:00,1,264.18,3.61,2025-09-28,17,6
2025-09-28 18:00:00+00:00,0,273.28,-7.56,2025-09-28,18,6
2025-09-28 19:00:00+00:00,0,283.61,-19.37,2025-09-28,19,6
2025-09-28 20:00:00+00:00,0,297.62,-32.48,2025-09-28,20,6
2025-09-28 21:00:00+00:00,0,312.28,-41.97,2025-09-28,21,6
2025-09-28 22:00:00+00:00,0,331.18,-49.16,2025-09-28,22,6
2025-09-28 23:00:00+00:00,0,353.47,-52.63,2025-09-28,23,6
2025-09-29 00:00:00+00:00,0,16.13,-51.69,2025-09-29,0,0
2025-09-29 01:00:00+00:00,0,37.66,-46.45,2025-09-29,1,0
2025-09-29 02:00:00+00:00,0,54.61,-38.12,2025-09-29,2,0
2025-09-29 03:00:00+00:00,0,67.88,-28.0,2025-09-29,3,0
2025-09-29 04:00:00+00:00,0,79.78,-15.93,2025-09-29,4,0
2025-09-29 05:00:00+00:00,1,89.53,-4.37,2025-09-29,5,0
2025-09-29 06:00:00+00:00,1,97.61,5.36,2025-09-29,6,0
2025-09-29 07:00:00+00:00,1,107.87,16.65,2025-09-29,7,0
2025-09-29 08:00:00+00:00,1,119.37,27.2,2025-09-29,8,0
2025-09-29 09:00:00+00:00,1,133.26,36.49,2025-09-29,9,0
2025-09-29 10:00:00+00:00,1,150.55,43.61,2025-09-29,10,0
2025-09-29 11:00:00+00:00,1,171.25,47.39,2025-09-29,11,0
2025-09-29 12:00:00+00:00,1,193.24,46.92,2025-09-29,12,0
2025-09-29 13:00:00+00:00,1,213.31,42.32,2025-09-29,13,0
2025-09-29 14:00:00+00:00,1,229.81,34.64,2025-09-29,14,0
2025-09-29 15:00:00+00:00,1,243.09,25.01,2025-09-29,15,0
2025-09-29 16:00:00+00:00,1,254.97,13.41,2025-09-29,16,0
2025-09-29 17:00:00+00:00,1,264.02,3.19,2025-09-29,17,0
2025-09-29 18:00:00+00:00,0,273.19,-8.07,2025-09-29,18,0
2025-09-29 19:00:00+00:00,0,283.06,-19.37,2025-09-29,19,0
2025-09-29 20:00:00+00:00,0,297.01,-32.53,2025-09-29,20,0
2025-09-29 21:00:00+00:00,0,311.61,-42.1,2025-09-29,21,0
2025-09-29 22:00:00+00:00,0,330.47,-49.39,2025-09-29,22,0
2025-09-29 23:00:00+00:00,0,353.05,-52.98,2025-09-29,23,0
2025-09-30 00:00:00+00:00,0,16.26,-52.07,2025-09-30,0,1
2025-09-30 01:00:00+00:00,0,37.93,-46.8,2025-09-30,1,1
2025-09-30 02:00:00+00:00,0,54.92,-38.43,2025-09-30,2,1
2025-09-30 03:00:00+00:00,0,68.2,-28.27,2025-09-30,3,1
2025-09-30 04:00:00+00:00,0,80.27,-15.98,2025-09-30,4,1
2025-09-30 05:00:00+00:00,1,90.04,-4.37,2025-09-30,5,1
2025-09-30 06:00:00+00:00,1,98.12,5.36,2025-09-30,6,1
2025-09-30 07:00:00+00:00,1,108.41,16.63,2025-09-30,7,1
2025-09-30 08:00:00+00:00,1,119.94,27.14,2025-09-30,8,1
2025-09-30 09:00:00+00:00,1,133.88,36.36,2025-09-30,9,1
2025-09-30 10:00:00+00:00,1,151.18,43.38,2025-09-30,10,1
2025-09-30 11:00:00+00:00,1,172.45,47.07,2025-09-30,11,1
2025-09-30 12:00:00+00:00,1,194.56,46.35,2025-09-30,12,1
2025-09-30 13:00:00+00:00,1,214.3,41.55,2025-09-30,13,1
2025-09-30 14:00:00+00:00,1,230.5,33.74,2025-09-30,14,1
2025-09-30 15:00:00+00:00,1,243.59,24.04,2025-09-30,15,1
2025-09-30 16:00:00+00:00,1,255.18,12.61,2025-09-30,16,1
2025-09-30 17:00:00+00:00,1,263.67,3.01,2025-09-30,17,1
2025-09-30 18:00:00+00:00,0,273.27,-8.76,2025-09-30,18,1
2025-09-30 19:00:00+00:00,0,283.51,-20.46,2025-09-30,19,1
2025-09-30 20:00:00+00:00,0,296.4,-32.58,2025-09-30,20,1
2025-09-30 21:00:00+00:00,0,310.94,-42.22,2025-09-30,21,1
2025-09-30 22:00:00+00:00,0,329.77,-49.62,2025-09-30,22,1
2025-09-30 23:00:00+00:00,0,352.62,-53.34,2025-09-30,23,1
2025-10-01 00:00:00+00:00,0,16.4,-52.44,2025-10-01,0,2
2025-10-01 01:00:00+00:00,0,38.19,-47.14,2025-10-01,1,2
2025-10-01 02:00:00+00:00,0,55.23,-38.73,2025-10-01,2,2
2025-10-01 03:00:00+00:00,0,68.51,-28.54,2025-10-01,3,2
2025-10-01 04:00:00+00:00,0,80.76,-16.01,2025-10-01,4,2
2025-10-01 05:00:00+00:00,1,90.23,-4.78,2025-10-01,5,2
2025-10-01 06:00:00+00:00,1,98.46,5.17,2025-10-01,6,2
2025-10-01 07:00:00+00:00,1,108.95,16.61,2025-10-01,7,2
2025-10-01 08:00:00+00:00,1,120.52,27.07,2025-10-01,8,2
2025-10-01 09:00:00+00:00,1,134.49,36.22,2025-10-01,9,2
2025-10-01 10:00:00+00:00,1,151.8,43.15,2025-10-01,10,2
2025-10-01 11:00:00+00:00,1,172.9,46.72,2025-10-01,11,2
2025-10-01 12:00:00+00:00,1,194.45,45.97,2025-10-01,12,2
2025-10-01 13:00:00+00:00,1,214.08,41.2,2025-10-01,13,2
2025-10-01 14:00:00+00:00,1,230.23,33.43,2025-10-01,14,2
2025-10-01 15:00:00+00:00,1,243.29,23.76,2025-10-01,15,2
2025-10-01 16:00:00+00:00,1,254.93,12.31,2025-10-01,16,2
2025-10-01 17:00:00+00:00,1,263.53,2.57,2025-10-01,17,2
2025-10-01 18:00:00+00:00,0,273.21,-9.32,2025-10-01,18,2
2025-10-01 19:00:00+00:00,0,282.97,-20.46,2025-10-01,19,2
2025-10-01 20:00:00+00:00,0,295.8,-32.63,2025-10-01,20,2
2025-10-01 21:00:00+00:00,0,310.27,-42.34,2025-10-01,21,2
2025-10-01 22:00:00+00:00,0,329.07,-49.85,2025-10-01,22,2
2025-10-01 23:00:00+00:00,0,352.19,-53.68,2025-10-01,23,2
2025-10-02 00:00:00+00:00,0,16.54,-52.82,2025-10-02,0,3
2025-10-02 01:00:00+00:00,0,38.47,-47.48,2025-10-02,1,3
2025-10-02 02:00:00+00:00,0,55.55,-39.02,2025-10-02,2,3
2025-10-02 03:00:00+00:00,0,68.83,-28.81,2025-10-02,3,3
2025-10-02 04:00:00+00:00,0,80.55,-16.87,2025-10-02,4,3
2025-10-02 05:00:00+00:00,1,90.24,-5.38,2025-10-02,5,3
2025-10-02 06:00:00+00:00,1,98.96,5.17,2025-10-02,6,3
2025-10-02 07:00:00+00:00,1,109.49,16.6,2025-10-02,7,3
2025-10-02 08:00:00+00:00,1,121.09,27.01,2025-10-02,8,3
2025-10-02 09:00:00+00:00,1,135.11,36.09,2025-10-02,9,3
2025-10-02 10:00:00+00:00,1,152.43,42.91,2025-10-02,10,3
2025-10-02 11:00:00+00:00,1,172.9,46.34,2025-10-02,11,3
2025-10-02 12:00:00+00:00,1,194.34,45.6,2025-10-02,12,3
2025-10-02 13:00:00+00:00,1,213.86,40.85,2025-10-02,13,3
2025-10-02 14:00:00+00:00,1,229.95,33.12,2025-10-02,14,3
2025-10-02 15:00:00+00:00,1,243.0,23.48,2025-10-02,15,3
2025-10-02 16:00:00+00:00,1,254.54,12.16,2025-10-02,16,3
2025-10-02 17:00:00+00:00,1,263.02,2.58,2025-10-02,17,3
2025-10-02 18:00:00+00:00,0,272.7,-9.32,2025-10-02,18,3
2025-10-02 19:00:00+00:00,0,282.42,-20.48,2025-10-02,19,3
2025-10-02 20:00:00+00:00,0,295.2,-32.68,2025-10-02,20,3
2025-10-02 21:00:00+00:00,0,309.6,-42.46,2025-10-02,21,3
2025-10-02 22:00:00+00:00,0,328.36,-50.07,2025-10-02,22,3
2025-10-02 23:00:00+00:00,0,351.76,-54.03,2025-10-02,23,3
2025-10-03 00:00:00+00:00,0,16.68,-53.19,2025-10-03,0,4
2025-10-03 01:00:00+00:00,0,38.74,-47.82,2025-10-03,1,4
2025-10-03 02:00:00+00:00,0,55.87,-39.32,2025-10-03,2,4
2025-10-03 03:00:00+00:00,0,69.15,-29.08,2025-10-03,3,4
2025-10-03 04:00:00+00:00,0,81.03,-16.91,2025-10-03,4,4
2025-10-03 05:00:00+00:00,0,90.39,-5.83,2025-10-03,5,4
2025-10-03 06:00:00+00:00,1,99.13,4.78,2025-10-03,6,4
2025-10-03 07:00:00+00:00,1,109.31,15.85,2025-10-03,7,4
2025-10-03 08:00:00+00:00,1,120.82,26.29,2025-10-03,8,4
2025-10-03 09:00:00+00:00,1,134.68,35.4,2025-10-03,9,4
2025-10-03 10:00:00+00:00,1,151.78,42.31,2025-10-03,10,4
2025-10-03 11:00:00+00:00,1,172.63,45.92,2025-10-03,11,4
2025-10-03 12:00:00+00:00,1,194.24,45.22,2025-10-03,12,4
2025-10-03 13:00:00+00:00,1,213.64,40.5,2025-10-03,13,4
2025-10-03 14:00:00+00:00,1,229.68,32.81,2025-10-03,14,4
2025-10-03 15:00:00+00:00,1,242.71,23.2,2025-10-03,15,4
2025-10-03 16:00:00+00:00,1,254.38,11.76,2025-10-03,16,4
2025-10-03 17:00:00+00:00,1,262.67,2.4,2025-10-03,17,4
2025-10-03 18:00:00+00:00,0,272.2,-9.32,2025-10-03,18,4
2025-10-03 19:00:00+00:00,0,281.88,-20.48,2025-10-03,19,4
2025-10-03 20:00:00+00:00,0,294.59,-32.72,2025-10-03,20,4
2025-10-03 21:00:00+00:00,0,308.93,-42.57,2025-10-03,21,4
2025-10-03 22:00:00+00:00,0,327.65,-50.29,2025-10-03,22,4
2025-10-03 23:00:00+00:00,0,351.32,-54.38,2025-10-03,23,4
2025-10-04 00:00:00+00:00,0,16.83,-53.57,2025-10-04,0,5
2025-10-04 01:00:00+00:00,0,39.02,-48.15,2025-10-04,1,5
2025-10-04 02:00:00+00:00,0,56.19,-39.62,2025-10-04,2,5
2025-10-04 03:00:00+00:00,0,69.47,-29.34,2025-10-04,3,5
2025-10-04 04:00:00+00:00,0,81.52,-16.96,2025-10-04,4,5
2025-10-04 05:00:00+00:00,0,90.9,-5.83,2025-10-04,5,5
2025-10-04 06:00:00+00:00,1,99.63,4.77,2025-10-04,6,5
2025-10-04 07:00:00+00:00,1,109.84,15.84,2025-10-04,7,5
2025-10-04 08:00:00+00:00,1,121.39,26.22,2025-10-04,8,5
2025-10-04 09:00:00+00:00,1,135.29,35.26,2025-10-04,9,5
2025-10-04 10:00:00+00:00,1,152.39,42.07,2025-10-04,10,5
2025-10-04 11:00:00+00:00,1,173.07,45.57,2025-10-04,11,5
2025-10-04 12:00:00+00:00,1,194.13,44.84,2025-10-04,12,5
2025-10-04 13:00:00+00:00,1,213.42,40.16,2025-10-04,13,5
2025-10-04 14:00:00+00:00,1,229.41,32.5,2025-10-04,14,5
2025-10-04 15:00:00+00:00,1,242.42,22.92,2025-10-04,15,5
2025-10-04 16:00:00+00:00,1,254.13,11.45,2025-10-04,16,5
2025-10-04 17:00:00+00:00,1,262.54,1.94,2025-10-04,17,5
2025-10-04 18:00:00+00:00,0,272.18,-9.91,2025-10-04,18,5
2025-10-04 19:00:00+00:00,0,281.35,-20.49,2025-10-04,19,5
2025-10-04 20:00:00+00:00,0,294.0,-32.77,2025-10-04,20,5
2025-10-04 21:00:00+00:00,0,308.26,-42.68,2025-10-04,21,5
2025-10-04 22:00:00+00:00,0,326.93,-50.5,2025-10-04,22,5
2025-10-04 23:00:00+00:00,0,350.87,-54.72,2025-10-04,23,5
2025-10-05 00:00:00+00:00,0,16.97,-53.94,2025-10-05,0,6
2025-10-05 01:00:00+00:00,0,39.3,-48.49,2025-10-05,1,6
2025-10-05 02:00:00+00:00,0,56.52,-39.91,2025-10-05,2,6
2025-10-05 03:00:00+00:00,0,69.79,-29.61,2025-10-05,3,6
2025-10-05 04:00:00+00:00,0,82.0,-17.01,2025-10-05,4,6
2025-10-05 05:00:00+00:00,0,91.4,-5.83,2025-10-05,5,6
2025-10-05 06:00:00+00:00,1,100.14,4.77,2025-10-05,6,6
2025-10-05 07:00:00+00:00,1,110.38,15.82,2025-10-05,7,6
2025-10-05 08:00:00+00:00,1,121.96,26.15,2025-10-05,8,6
2025-10-05 09:00:00+00:00,1,135.9,35.12,2025-10-05,9,6
2025-10-05 10:00:00+00:00,1,153.0,41.84,2025-10-05,10,6
2025-10-05 11:00:00+00:00,1,173.07,45.2,2025-10-05,11,6
2025-10-05 12:00:00+00:00,1,194.03,44.46,2025-10-05,12,6
2025-10-05 13:00:00+00:00,1,213.21,39.81,2025-10-05,13,6
2025-10-05 14:00:00+00:00,1,229.15,32.18,2025-10-05,14,6
2025-10-05 15:00:00+00:00,1,242.14,22.64,2025-10-05,15,6
2025-10-05 16:00:00+00:00,1,253.95,11.08,2025-10-05,16,6
2025-10-05 17:00:00+00:00,1,262.2,1.76,2025-10-05,17,6
2025-10-05 18:00:00+00:00,0,272.3,-10.66,2025-10-05,18,6
2025-10-05 19:00:00+00:00,0,281.98,-21.79,2025-10-05,19,6
2025-10-05 20:00:00+00:00,0,293.4,-32.81,2025-10-05,20,6
2025-10-05 21:00:00+00:00,0,307.59,-42.79,2025-10-05,21,6
2025-10-05 22:00:00+00:00,0,326.22,-50.71,2025-10-05,22,6
2025-10-05 23:00:00+00:00,0,350.43,-55.06,2025-10-05,23,6
2025-10-06 00:00:00+00:00,0,17.12,-54.31,2025-10-06,0,0
2025-10-06 01:00:00+00:00,0,39.59,-48.82,2025-10-06,1,0
2025-10-06 02:00:00+00:00,0,56.84,-40.2,2025-10-06,2,0
2025-10-06 03:00:00+00:00,0,70.12,-29.87,2025-10-06,3,0
2025-10-06 04:00:00+00:00,0,82.48,-17.06,2025-10-06,4,0
2025-10-06 05:00:00+00:00,0,91.9,-5.83,2025-10-06,5,0
2025-10-06 06:00:00+00:00,1,100.79,4.93,2025-10-06,6,0
2025-10-06 07:00:00+00:00,1,110.91,15.8,2025-10-06,7,0
2025-10-06 08:00:00+00:00,1,122.53,26.09,2025-10-06,8,0
2025-10-06 09:00:00+00:00,1,136.5,34.98,2025-10-06,9,0
2025-10-06 10:00:00+00:00,1,153.61,41.59,2025-10-06,10,0
2025-10-06 11:00:00+00:00,1,173.5,44.85,2025-10-06,11,0
2025-10-06 12:00:00+00:00,1,193.94,44.09,2025-10-06,12,0
2025-10-06 13:00:00+00:00,1,213.0,39.46,2025-10-06,13,0
2025-10-06 14:00:00+00:00,1,228.88,31.87,2025-10-06,14,0
2025-10-06 15:00:00+00:00,1,241.86,22.37,2025-10-06,15,0
2025-10-06 16:00:00+00:00,1,253.75,10.73,2025-10-06,16,0
2025-10-06 17:00:00+00:00,1,262.1,1.28,2025-10-06,17,0
2025-10-06 18:00:00+00:00,0,272.34,-11.32,2025-10-06,18,0
2025-10-06 19:00:00+00:00,0,281.44,-21.79,2025-10-06,19,0
2025-10-06 20:00:00+00:00,0,292.81,-32.85,2025-10-06,20,0
2025-10-06 21:00:00+00:00,0,306.93,-42.89,2025-10-06,21,0
2025-10-06 22:00:00+00:00,0,325.5,-50.92,2025-10-06,22,0
2025-10-06 23:00:00+00:00,0,349.98,-55.4,2025-10-06,23,0
2025-10-07 00:00:00+00:00,0,17.27,-54.69,2025-10-07,0,1
2025-10-07 01:00:00+00:00,0,39.88,-49.15,2025-10-07,1,1
2025-10-07 02:00:00+00:00,0,57.17,-40.5,2025-10-07,2,1
2025-10-07 03:00:00+00:00,0,70.44,-30.13,2025-10-07,3,1
2025-10-07 04:00:00+00:00,0,82.96,-17.11,2025-10-07,4,1
2025-10-07 05:00:00+00:00,0,92.03,-6.3,2025-10-07,5,1
2025-10-07 06:00:00+00:00,1,100.97,4.55,2025-10-07,6,1
2025-10-07 07:00:00+00:00,1,110.73,15.07,2025-10-07,7,1
2025-10-07 08:00:00+00:00,1,122.25,25.37,2025-10-07,8,1
2025-10-07 09:00:00+00:00,1,136.07,34.31,2025-10-07,9,1
2025-10-07 10:00:00+00:00,1,152.97,41.01,2025-10-07,10,1
2025-10-07 11:00:00+00:00,1,172.82,44.41,2025-10-07,11,1
2025-10-07 12:00:00+00:00,1,193.83,43.71,2025-10-07,12,1
2025-10-07 13:00:00+00:00,1,212.79,39.12,2025-10-07,13,1
2025-10-07 14:00:00+00:00,1,228.62,31.57,2025-10-07,14,1
2025-10-07 15:00:00+00:00,1,241.57,22.09,2025-10-07,15,1
2025-10-07 16:00:00+00:00,1,253.51,10.42,2025-10-07,16,1
2025-10-07 17:00:00+00:00,1,261.82,1.03,2025-10-07,17,1
2025-10-07 18:00:00+00:00,0,271.84,-11.32,2025-10-07,18,1
2025-10-07 19:00:00+00:00,0,280.91,-21.8,2025-10-07,19,1
2025-10-07 20:00:00+00:00,0,292.22,-32.89,2025-10-07,20,1
2025-10-07 21:00:00+00:00,0,306.26,-42.99,2025-10-07,21,1
2025-10-07 22:00:00+00:00,0,324.78,-51.12,2025-10-07,22,1
2025-10-07 23:00:00+00:00,0,351.52,-55.89,2025-10-07,23,1
2025-10-08 00:00:00+00:00,0,17.42,-55.06,2025-10-08,0,2
2025-10-08 01:00:00+00:00,0,40.17,-49.48,2025-10-08,1,2
2025-10-08 02:00:00+00:00,0,57.5,-40.78,2025-10-08,2,2
2025-10-08 03:00:00+00:00,0,70.76,-30.39,2025-10-08,3,2
2025-10-08 04:00:00+00:00,0,83.15,-17.5,2025-10-08,4,2
2025-10-08 05:00:00+00:00,0,92.52,-6.3,2025-10-08,5,2
2025-10-08 06:00:00+00:00,1,101.3,4.36,2025-10-08,6,2
2025-10-08 07:00:00+00:00,1,110.94,14.73,2025-10-08,7,2
2025-10-08 08:00:00+00:00,1,122.81,25.3,2025-10-08,8,2
2025-10-08 09:00:00+00:00,1,136.67,34.17,2025-10-08,9,2
2025-10-08 10:00:00+00:00,1,153.56,40.77,2025-10-08,10,2
2025-10-08 11:00:00+00:00,1,173.25,44.06,2025-10-08,11,2
2025-10-08 12:00:00+00:00,1,193.74,43.34,2025-10-08,12,2
2025-10-08 13:00:00+00:00,1,212.59,38.77,2025-10-08,13,2
2025-10-08 14:00:00+00:00,1,228.36,31.26,2025-10-08,14,2
2025-10-08 15:00:00+00:00,1,241.29,21.81,2025-10-08,15,2
2025-10-08 16:00:00+00:00,1,253.09,10.31,2025-10-08,16,2
2025-10-08 17:00:00+00:00,1,261.31,1.05,2025-10-08,17,2
2025-10-08 18:00:00+00:00,0,271.33,-11.32,2025-10-08,18,2
2025-10-08 19:00:00+00:00,0,280.37,-21.81,2025-10-08,19,2
2025-10-08 20:00:00+00:00,0,291.63,-32.93,2025-10-08,20,2
2025-10-08 21:00:00+00:00,0,305.6,-43.09,2025-10-08,21,2
2025-10-08 22:00:00+00:00,0,324.06,-51.31,2025-10-08,22,2
2025-10-08 23:00:00+00:00,0,351.02,-56.23,2025-10-08,23,2
2025-10-09 00:00:00+00:00,0,17.57,-55.43,2025-10-09,0,3
2025-10-09 01:00:00+00:00,0,40.46,-49.81,2025-10-09,1,3
2025-10-09 02:00:00+00:00,0,57.82,-41.07,2025-10-09,2,3
2025-10-09 03:00:00+00:00,0,71.09,-30.65,2025-10-09,3,3
2025-10-09 04:00:00+00:00,0,82.87,-18.41,2025-10-09,4,3
2025-10-09 05:00:00+00:00,0,92.49,-6.94,2025-10-09,5,3
2025-10-09 06:00:00+00:00,1,101.8,4.35,2025-10-09,6,3
2025-10-09 07:00:00+00:00,1,111.47,14.71,2025-10-09,7,3
2025-10-09 08:00:00+00:00,1,123.38,25.24,2025-10-09,8,3
2025-10-09 09:00:00+00:00,1,137.26,34.03,2025-10-09,9,3
2025-10-09 10:00:00+00:00,1,154.16,40.53,2025-10-09,10,3
2025-10-09 11:00:00+00:00,1,173.67,43.72,2025-10-09,11,3
2025-10-09 12:00:00+00:00,1,193.64,42.97,2025-10-09,12,3
2025-10-09 13:00:00+00:00,1,212.38,38.43,2025-10-09,13,3
2025-10-09 14:00:00+00:00,1,228.1,30.95,2025-10-09,14,3
2025-10-09 15:00:00+00:00,1,241.01,21.53,2025-10-09,15,3
2025-10-09 16:00:00+00:00,1,252.87,9.99,2025-10-09,16,3
2025-10-09 17:00:00+00:00,1,261.2,0.57,2025-10-09,17,3
2025-10-09 18:00:00+00:00,0,271.46,-12.08,2025-10-09,18,3
2025-10-09 19:00:00+00:00,0,279.84,-21.81,2025-10-09,19,3
2025-10-09 20:00:00+00:00,0,291.05,-32.96,2025-10-09,20,3
2025-10-09 21:00:00+00:00,0,304.94,-43.18,2025-10-09,21,3
2025-10-09 22:00:00+00:00,0,323.34,-51.51,2025-10-09,22,3
2025-10-09 23:00:00+00:00,0,350.52,-56.57,2025-10-09,23,3
2025-10-10 00:00:00+00:00,0,17.73,-55.79,2025-10-10,0,4
2025-10-10 01:00:00+00:00,0,40.76,-50.14,2025-10-10,1,4
2025-10-10 02:00:00+00:00,0,58.16,-41.35,2025-10-10,2,4
2025-10-10 03:00:00+00:00,0,71.41,-30.91,2025-10-10,3,4
2025-10-10 04:00:00+00:00,0,83.3,-18.51,2025-10-10,4,4
2025-10-10 05:00:00+00:00,0,92.98,-6.94,2025-10-10,5,4
2025-10-10 06:00:00+00:00,1,102.13,4.16,2025-10-10,6,4
2025-10-10 07:00:00+00:00,1,111.7,14.38,2025-10-10,7,4
2025-10-10 08:00:00+00:00,1,123.93,25.17,2025-10-10,8,4
2025-10-10 09:00:00+00:00,1,137.85,33.89,2025-10-10,9,4
2025-10-10 10:00:00+00:00,1,154.74,40.29,2025-10-10,10,4
2025-10-10 11:00:00+00:00,1,173.68,43.35,2025-10-10,11,4
2025-10-10 12:00:00+00:00,1,193.54,42.6,2025-10-10,12,4
2025-10-10 13:00:00+00:00,1,212.18,38.09,2025-10-10,13,4
2025-10-10 14:00:00+00:00,1,227.84,30.64,2025-10-10,14,4
2025-10-10 15:00:00+00:00,1,240.73,21.26,2025-10-10,15,4
2025-10-10 16:00:00+00:00,1,252.64,9.67,2025-10-10,16,4
2025-10-10 17:00:00+00:00,1,260.87,0.39,2025-10-10,17,4
2025-10-10 18:00:00+00:00,0,271.58,-12.82,2025-10-10,18,4
2025-10-10 19:00:00+00:00,0,282.83,-25.61,2025-10-10,19,4
2025-10-10 20:00:00+00:00,0,294.69,-36.56,2025-10-10,20,4
2025-10-10 21:00:00+00:00,0,309.79,-46.35,2025-10-10,21,4
2025-10-10 22:00:00+00:00,0,330.02,-53.83,2025-10-10,22,4
2025-10-10 23:00:00+00:00,0,354.07,-57.3,2025-10-10,23,4
2025-10-11 00:00:00+00:00,0,17.9,-56.16,2025-10-11,0,5
2025-10-11 01:00:00+00:00,0,41.06,-50.46,2025-10-11,1,5
2025-10-11 02:00:00+00:00,0,58.49,-41.64,2025-10-11,2,5
2025-10-11 03:00:00+00:00,0,71.74,-31.16,2025-10-11,3,5
2025-10-11 04:00:00+00:00,0,83.73,-18.6,2025-10-11,4,5
2025-10-11 05:00:00+00:00,0,93.08,-7.43,2025-10-11,5,5
2025-10-11 06:00:00+00:00,1,102.44,3.94,2025-10-11,6,5
2025-10-11 07:00:00+00:00,1,111.86,14.02,2025-10-11,7,5
2025-10-11 08:00:00+00:00,1,123.65,24.46,2025-10-11,8,5
2025-10-11 09:00:00+00:00,1,137.42,33.23,2025-10-11,9,5
2025-10-11 10:00:00+00:00,1,154.11,39.72,2025-10-11,10,5
2025-10-11 11:00:00+00:00,1,173.42,42.94,2025-10-11,11,5
2025-10-11 12:00:00+00:00,1,193.45,42.23,2025-10-11,12,5
2025-10-11 13:00:00+00:00,1,211.98,37.75,2025-10-11,13,5
2025-10-11 14:00:00+00:00,1,227.59,30.33,2025-10-11,14,5
2025-10-11 15:00:00+00:00,1,240.46,20.98,2025-10-11,15,5
2025-10-11 16:00:00+00:00,1,252.4,9.38,2025-10-11,16,5
2025-10-11 17:00:00+00:00,1,260.55,0.19,2025-10-11,17,5
2025-10-11 18:00:00+00:00,0,271.08,-12.82,2025-10-11,18,5
2025-10-11 19:00:00+00:00,0,282.29,-25.62,2025-10-11,19,5
2025-10-11 20:00:00+00:00,0,294.09,-36.61,2025-10-11,20,5
2025-10-11 21:00:00+00:00,0,309.1,-46.47,2025-10-11,21,5
2025-10-11 22:00:00+00:00,0,329.29,-54.06,2025-10-11,22,5
2025-10-11 23:00:00+00:00,0,353.63,-57.65,2025-10-11,23,5
2025-10-12 00:00:00+00:00,0,18.05,-56.52,2025-10-12,0,6
2025-10-12 01:00:00+00:00,0,41.36,-50.78,2025-10-12,1,6
2025-10-12 02:00:00+00:00,0,58.83,-41.92,2025-10-12,2,6
2025-10-12 03:00:00+00:00,0,72.06,-31.42,2025-10-12,3,6
2025-10-12 04:00:00+00:00,0,84.16,-18.7,2025-10-12,4,6
2025-10-12 05:00:00+00:00,0,93.57,-7.43,2025-10-12,5,6
2025-10-12 06:00:00+00:00,1,102.76,3.75,2025-10-12,6,6
2025-10-12 07:00:00+00:00,1,112.1,13.71,2025-10-12,7,6
2025-10-12 08:00:00+00:00,1,124.21,24.4,2025-10-12,8,6
2025-10-12 09:00:00+00:00,1,138.0,33.09,2025-10-12,9,6
2025-10-12 10:00:00+00:00,1,154.69,39.48,2025-10-12,10,6
2025-10-12 11:00:00+00:00,1,173.84,42.6,2025-10-12,11,6
2025-10-12 12:00:00+00:00,1,193.36,41.86,2025-10-12,12,6
2025-10-12 13:00:00+00:00,1,211.79,37.4,2025-10-12,13,6
2025-10-12 14:00:00+00:00,1,227.34,30.03,2025-10-12,14,6
2025-10-12 15:00:00+00:00,1,240.19,20.71,2025-10-12,15,6
2025-10-12 16:00:00+00:00,1,252.15,9.1,2025-10-12,16,6
2025-10-12 17:00:00+00:00,1,260.22,0.0,2025-10-12,17,6
2025-10-12 18:00:00+00:00,0,270.58,-12.82,2025-10-12,18,6
2025-10-12 19:00:00+00:00,0,281.75,-25.63,2025-10-12,19,6
2025-10-12 20:00:00+00:00,0,293.48,-36.65,2025-10-12,20,6
2025-10-12 21:00:00+00:00,0,308.41,-46.58,2025-10-12,21,6
2025-10-12 22:00:00+00:00,0,328.56,-54.27,2025-10-12,22,6
2025-10-12 23:00:00+00:00,0,353.2,-57.99,2025-10-12,23,6
2025-10-13 00:00:00+00:00,0,18.22,-56.88,2025-10-13,0,0
2025-10-13 01:00:00+00:00,0,41.67,-51.1,2025-10-13,1,0
2025-10-13 02:00:00+00:00,0,59.16,-42.2,2025-10-13,2,0
2025-10-13 03:00:00+00:00,0,72.39,-31.67,2025-10-13,3,0
2025-10-13 04:00:00+00:00,0,84.59,-18.79,2025-10-13,4,0
2025-10-13 05:00:00+00:00,0,94.06,-7.43,2025-10-13,5,0
2025-10-13 06:00:00+00:00,1,103.25,3.74,2025-10-13,6,0
2025-10-13 07:00:00+00:00,1,112.62,13.7,2025-10-13,7,0
2025-10-13 08:00:00+00:00,1,124.76,24.33,2025-10-13,8,0
2025-10-13 09:00:00+00:00,1,138.59,32.94,2025-10-13,9,0
2025-10-13 10:00:00+00:00,1,155.27,39.24,2025-10-13,10,0
2025-10-13 11:00:00+00:00,1,174.53,42.25,2025-10-13,11,0
2025-10-13 12:00:00+00:00,1,194.56,41.31,2025-10-13,12,0
2025-10-13 13:00:00+00:00,1,212.72,36.66,2025-10-13,13,0
2025-10-13 14:00:00+00:00,1,228.03,29.15,2025-10-13,14,0
2025-10-13 15:00:00+00:00,1,240.7,19.77,2025-10-13,15,0
2025-10-13 16:00:00+00:00,1,252.2,8.5,2025-10-13,16,0
2025-10-13 17:00:00+00:00,1,259.9,-0.2,2025-10-13,17,0
2025-10-13 18:00:00+00:00,0,270.09,-12.82,2025-10-13,18,0
2025-10-13 19:00:00+00:00,0,281.22,-25.64,2025-10-13,19,0
2025-10-13 20:00:00+00:00,0,292.89,-36.7,2025-10-13,20,0
2025-10-13 21:00:00+00:00,0,307.73,-46.69,2025-10-13,21,0
2025-10-13 22:00:00+00:00,0,327.82,-54.49,2025-10-13,22,0
2025-10-13 23:00:00+00:00,0,352.75,-58.33,2025-10-13,23,0
2025-10-14 00:00:00+00:00,0,18.39,-57.24,2025-10-14,0,1
2025-10-14 01:00:00+00:00,0,41.98,-51.42,2025-10-14,1,1
2025-10-14 02:00:00+00:00,0,59.5,-42.47,2025-10-14,2,1
2025-10-14 03:00:00+00:00,0,72.72,-31.91,2025-10-14,3,1
2025-10-14 04:00:00+00:00,0,85.01,-18.89,2025-10-14,4,1
2025-10-14 05:00:00+00:00,0,94.54,-7.43,2025-10-14,5,1
2025-10-14 06:00:00+00:00,1,103.57,3.55,2025-10-14,6,1
2025-10-14 07:00:00+00:00,1,112.51,13.06,2025-10-14,7,1
2025-10-14 08:00:00+00:00,1,124.47,23.63,2025-10-14,8,1
2025-10-14 09:00:00+00:00,1,138.15,32.29,2025-10-14,9,1
2025-10-14 10:00:00+00:00,1,154.63,38.68,2025-10-14,10,1
2025-10-14 11:00:00+00:00,1,174.24,41.85,2025-10-14,11,1
2025-10-14 12:00:00+00:00,1,194.47,40.95,2025-10-14,12,1
2025-10-14 13:00:00+00:00,1,212.53,36.32,2025-10-14,13,1
2025-10-14 14:00:00+00:00,1,227.78,28.85,2025-10-14,14,1
2025-10-14 15:00:00+00:00,1,240.43,19.49,2025-10-14,15,1
2025-10-14 16:00:00+00:00,1,251.75,8.44,2025-10-14,16,1
2025-10-14 17:00:00+00:00,1,259.69,-0.53,2025-10-14,17,1
2025-10-14 18:00:00+00:00,0,270.22,-13.58,2025-10-14,18,1
2025-10-14 19:00:00+00:00,0,280.7,-25.65,2025-10-14,19,1
2025-10-14 20:00:00+00:00,0,292.3,-36.74,2025-10-14,20,1
2025-10-14 21:00:00+00:00,0,307.06,-46.8,2025-10-14,21,1
2025-10-14 22:00:00+00:00,0,327.09,-54.7,2025-10-14,22,1
2025-10-14 23:00:00+00:00,0,352.31,-58.67,2025-10-14,23,1
2025-10-15 00:00:00+00:00,0,18.56,-57.6,2025-10-15,0,2
2025-10-15 01:00:00+00:00,0,42.29,-51.73,2025-10-15,1,2
2025-10-15 02:00:00+00:00,0,59.84,-42.75,2025-10-15,2,2
2025-10-15 03:00:00+00:00,0,73.04,-32.16,2025-10-15,3,2
2025-10-15 04:00:00+00:00,0,85.44,-18.98,2025-10-15,4,2
2025-10-15 05:00:00+00:00,0,94.61,-7.94,2025-10-15,5,2
2025-10-15 06:00:00+00:00,1,103.86,3.31,2025-10-15,6,2
2025-10-15 07:00:00+00:00,1,113.03,13.05,2025-10-15,7,2
2025-10-15 08:00:00+00:00,1,125.02,23.57,2025-10-15,8,2
2025-10-15 09:00:00+00:00,1,138.73,32.15,2025-10-15,9,2
2025-10-15 10:00:00+00:00,1,155.2,38.44,2025-10-15,10,2
2025-10-15 11:00:00+00:00,1,174.62,41.51,2025-10-15,11,2
2025-10-15 12:00:00+00:00,1,194.37,40.59,2025-10-15,12,2
2025-10-15 13:00:00+00:00,1,212.34,35.98,2025-10-15,13,2
2025-10-15 14:00:00+00:00,1,227.54,28.55,2025-10-15,14,2
2025-10-15 15:00:00+00:00,1,240.16,19.22,2025-10-15,15,2
2025-10-15 16:00:00+00:00,1,251.48,8.19,2025-10-15,16,2
2025-10-15 17:00:00+00:00,1,259.38,-0.74,2025-10-15,17,2
2025-10-15 18:00:00+00:00,0,269.73,-13.57,2025-10-15,18,2
2025-10-15 19:00:00+00:00,0,280.16,-25.66,2025-10-15,19,2
2025-10-15 20:00:00+00:00,0,291.7,-36.78,2025-10-15,20,2
2025-10-15 21:00:00+00:00,0,306.38,-46.9,2025-10-15,21,2
2025-10-15 22:00:00+00:00,0,326.35,-54.91,2025-10-15,22,2
2025-10-15 23:00:00+00:00,0,351.86,-59.0,2025-10-15,23,2
2025-10-16 00:00:00+00:00,0,18.73,-57.95,2025-10-16,0,3
2025-10-16 01:00:00+00:00,0,42.6,-52.05,2025-10-16,1,3
2025-10-16 02:00:00+00:00,0,60.18,-43.02,2025-10-16,2,3
2025-10-16 03:00:00+00:00,0,73.37,-32.41,2025-10-16,3,3
2025-10-16 04:00:00+00:00,0,85.86,-19.08,2025-10-16,4,3
2025-10-16 05:00:00+00:00,0,95.09,-7.94,2025-10-16,5,3
2025-10-16 06:00:00+00:00,1,104.18,3.12,2025-10-16,6,3
2025-10-16 07:00:00+00:00,1,113.28,12.76,2025-10-16,7,3
2025-10-16 08:00:00+00:00,1,125.56,23.5,2025-10-16,8,3
2025-10-16 09:00:00+00:00,1,139.3,32.01,2025-10-16,9,3
2025-10-16 10:00:00+00:00,1,155.77,38.21,2025-10-16,10,3
2025-10-16 11:00:00+00:00,1,174.67,41.15,2025-10-16,11,3
2025-10-16 12:00:00+00:00,1,194.27,40.23,2025-10-16,12,3
2025-10-16 13:00:00+00:00,1,212.14,35.65,2025-10-16,13,3
2025-10-16 14:00:00+00:00,1,227.29,28.25,2025-10-16,14,3
2025-10-16 15:00:00+00:00,1,239.89,18.96,2025-10-16,15,3
2025-10-16 16:00:00+00:00,1,251.28,7.87,2025-10-16,16,3
2025-10-16 17:00:00+00:00,1,259.08,-0.95,2025-10-16,17,3
2025-10-16 18:00:00+00:00,0,269.25,-13.57,2025-10-16,18,3
2025-10-16 19:00:00+00:00,0,279.64,-25.67,2025-10-16,19,3
2025-10-16 20:00:00+00:00,0,291.12,-36.82,2025-10-16,20,3
2025-10-16 21:00:00+00:00,0,305.7,-47.0,2025-10-16,21,3
2025-10-16 22:00:00+00:00,0,325.61,-55.11,2025-10-16,22,3
2025-10-16 23:00:00+00:00,0,351.41,-59.33,2025-10-16,23,3
2025-10-17 00:00:00+00:00,0,18.9,-58.31,2025-10-17,0,4
2025-10-17 01:00:00+00:00,0,42.92,-52.36,2025-10-17,1,4
2025-10-17 02:00:00+00:00,0,60.52,-43.29,2025-10-17,2,4
2025-10-17 03:00:00+00:00,0,73.7,-32.65,2025-10-17,3,4
2025-10-17 04:00:00+00:00,0,85.37,-20.23,2025-10-17,4,4
2025-10-17 05:00:00+00:00,0,95.0,-8.64,2025-10-17,5,4
2025-10-17 06:00:00+00:00,1,104.49,2.93,2025-10-17,6,4
2025-10-17 07:00:00+00:00,1,113.53,12.49,2025-10-17,7,4
2025-10-17 08:00:00+00:00,1,126.11,23.43,2025-10-17,8,4
2025-10-17 09:00:00+00:00,1,139.86,31.87,2025-10-17,9,4
2025-10-17 10:00:00+00:00,1,156.32,37.97,2025-10-17,10,4
2025-10-17 11:00:00+00:00,1,175.03,40.81,2025-10-17,11,4
2025-10-17 12:00:00+00:00,1,194.19,39.87,2025-10-17,12,4
2025-10-17 13:00:00+00:00,1,211.96,35.32,2025-10-17,13,4
2025-10-17 14:00:00+00:00,1,227.06,27.95,2025-10-17,14,4
2025-10-17 15:00:00+00:00,1,239.64,18.69,2025-10-17,15,4
2025-10-17 16:00:00+00:00,1,251.0,7.64,2025-10-17,16,4
2025-10-17 17:00:00+00:00,1,258.79,-1.17,2025-10-17,17,4
2025-10-17 18:00:00+00:00,0,268.76,-13.57,2025-10-17,18,4
2025-10-17 19:00:00+00:00,0,279.13,-25.68,2025-10-17,19,4
2025-10-17 20:00:00+00:00,0,290.53,-36.86,2025-10-17,20,4
2025-10-17 21:00:00+00:00,0,305.03,-47.1,2025-10-17,21,4
2025-10-17 22:00:00+00:00,0,324.87,-55.31,2025-10-17,22,4
2025-10-17 23:00:00+00:00,0,350.95,-59.66,2025-10-17,23,4
2025-10-18 00:00:00+00:00,0,19.08,-58.66,2025-10-18,0,5
2025-10-18 01:00:00+00:00,0,43.24,-52.67,2025-10-18,1,5
2025-10-18 02:00:00+00:00,0,60.87,-43.55,2025-10-18,2,5
2025-10-18 03:00:00+00:00,0,74.02,-32.89,2025-10-18,3,5
2025-10-18 04:00:00+00:00,0,85.77,-20.34,2025-10-18,4,5
2025-10-18 05:00:00+00:00,0,95.47,-8.64,2025-10-18,5,5
2025-10-18 06:00:00+00:00,1,104.97,2.92,2025-10-18,6,5
2025-10-18 07:00:00+00:00,1,113.69,12.15,2025-10-18,7,5
2025-10-18 08:00:00+00:00,1,125.81,22.75,2025-10-18,8,5
2025-10-18 09:00:00+00:00,1,139.42,31.23,2025-10-18,9,5
2025-10-18 10:00:00+00:00,1,155.69,37.42,2025-10-18,10,5
2025-10-18 11:00:00+00:00,1,174.76,40.42,2025-10-18,11,5
2025-10-18 12:00:00+00:00,1,194.09,39.52,2025-10-18,12,5
2025-10-18 13:00:00+00:00,1,211.77,34.99,2025-10-18,13,5
2025-10-18 14:00:00+00:00,1,226.82,27.66,2025-10-18,14,5
2025-10-18 15:00:00+00:00,1,239.37,18.42,2025-10-18,15,5
2025-10-18 16:00:00+00:00,1,250.71,7.42,2025-10-18,16,5
2025-10-18 17:00:00+00:00,1,258.5,-1.39,2025-10-18,17,5
2025-10-18 18:00:00+00:00,0,268.28,-13.57,2025-10-18,18,5
2025-10-18 19:00:00+00:00,0,278.61,-25.68,2025-10-18,19,5
2025-10-18 20:00:00+00:00,0,289.96,-36.89,2025-10-18,20,5
2025-10-18 21:00:00+00:00,0,304.37,-47.19,2025-10-18,21,5
2025-10-18 22:00:00+00:00,0,324.13,-55.5,2025-10-18,22,5
2025-10-18 23:00:00+00:00,0,350.49,-59.98,2025-10-18,23,5
2025-10-19 00:00:00+00:00,0,19.25,-59.01,2025-10-19,0,6
2025-10-19 01:00:00+00:00,0,43.56,-52.97,2025-10-19,1,6
2025-10-19 02:00:00+00:00,0,61.21,-43.82,2025-10-19,2,6
2025-10-19 03:00:00+00:00,0,74.34,-33.13,2025-10-19,3,6
2025-10-19 04:00:00+00:00,0,86.16,-20.46,2025-10-19,4,6
2025-10-19 05:00:00+00:00,0,95.49,-9.19,2025-10-19,5,6
2025-10-19 06:00:00+00:00,1,105.07,2.48,2025-10-19,6,6
2025-10-19 07:00:00+00:00,1,113.95,11.88,2025-10-19,7,6
2025-10-19 08:00:00+00:00,1,126.35,22.68,2025-10-19,8,6
2025-10-19 09:00:00+00:00,1,139.98,31.09,2025-10-19,9,6
2025-10-19 10:00:00+00:00,1,156.24,37.19,2025-10-19,10,6
2025-10-19 11:00:00+00:00,1,174.8,40.07,2025-10-19,11,6
2025-10-19 12:00:00+00:00,1,194.0,39.16,2025-10-19,12,6
2025-10-19 13:00:00+00:00,1,211.59,34.66,2025-10-19,13,6
2025-10-19 14:00:00+00:00,1,226.59,27.36,2025-10-19,14,6
2025-10-19 15:00:00+00:00,1,239.12,18.16,2025-10-19,15,6
2025-10-19 16:00:00+00:00,1,250.35,7.27,2025-10-19,16,6
2025-10-19 17:00:00+00:00,1,258.02,-1.38,2025-10-19,17,6
2025-10-19 18:00:00+00:00,0,267.81,-13.57,2025-10-19,18,6
2025-10-19 19:00:00+00:00,0,278.1,-25.69,2025-10-19,19,6
2025-10-19 20:00:00+00:00,0,289.38,-36.92,2025-10-19,20,6
2025-10-19 21:00:00+00:00,0,303.7,-47.28,2025-10-19,21,6
2025-10-19 22:00:00+00:00,0,323.39,-55.68,2025-10-19,22,6
2025-10-19 23:00:00+00:00,0,350.02,-60.29,2025-10-19,23,6
2025-10-20 00:00:00+00:00,0,19.44,-59.35,2025-10-20,0,0
2025-10-20 01:00:00+00:00,0,43.89,-53.27,2025-10-20,1,0
2025-10-20 02:00:00+00:00,0,61.56,-44.08,2025-10-20,2,0
2025-10-20 03:00:00+00:00,0,74.67,-33.36,2025-10-20,3,0
2025-10-20 04:00:00+00:00,0,86.56,-20.57,2025-10-20,4,0
2025-10-20 05:00:00+00:00,0,95.96,-9.19,2025-10-20,5,0
2025-10-20 06:00:00+00:00,1,105.54,2.47,2025-10-20,6,0
2025-10-20 07:00:00+00:00,1,114.45,11.87,2025-10-20,7,0
2025-10-20 08:00:00+00:00,1,126.88,22.62,2025-10-20,8,0
2025-10-20 09:00:00+00:00,1,140.53,30.95,2025-10-20,9,0
2025-10-20 10:00:00+00:00,1,156.79,36.95,2025-10-20,10,0
2025-10-20 11:00:00+00:00,1,175.16,39.74,2025-10-20,11,0
2025-10-20 12:00:00+00:00,1,193.92,38.81,2025-10-20,12,0
2025-10-20 13:00:00+00:00,1,211.42,34.34,2025-10-20,13,0
2025-10-20 14:00:00+00:00,1,226.36,27.07,2025-10-20,14,0
2025-10-20 15:00:00+00:00,1,238.86,17.89,2025-10-20,15,0
2025-10-20 16:00:00+00:00,1,250.06,7.06,2025-10-20,16,0
2025-10-20 17:00:00+00:00,1,258.09,-2.05,2025-10-20,17,0
2025-10-20 18:00:00+00:00,0,267.94,-14.32,2025-10-20,18,0
2025-10-20 19:00:00+00:00,0,277.59,-25.69,2025-10-20,19,0
2025-10-20 20:00:00+00:00,0,288.81,-36.96,2025-10-20,20,0
2025-10-20 21:00:00+00:00,0,303.04,-47.36,2025-10-20,21,0
2025-10-20 22:00:00+00:00,0,322.65,-55.86,2025-10-20,22,0
2025-10-20 23:00:00+00:00,0,349.55,-60.61,2025-10-20,23,0
2025-10-21 00:00:00+00:00,0,19.62,-59.69,2025-10-21,0,1
2025-10-21 01:00:00+00:00,0,44.21,-53.57,2025-10-21,1,1
2025-10-21 02:00:00+00:00,0,61.9,-44.33,2025-10-21,2,1
2025-10-21 03:00:00+00:00,0,75.0,-33.6,2025-10-21,3,1
2025-10-21 04:00:00+00:00,0,86.95,-20.68,2025-10-21,4,1
2025-10-21 05:00:00+00:00,0,96.42,-9.19,2025-10-21,5,1
2025-10-21 06:00:00+00:00,1,105.84,2.28,2025-10-21,6,1
2025-10-21 07:00:00+00:00,1,114.38,11.3,2025-10-21,7,1
2025-10-21 08:00:00+00:00,1,126.58,21.94,2025-10-21,8,1
2025-10-21 09:00:00+00:00,1,140.09,30.32,2025-10-21,9,1
2025-10-21 10:00:00+00:00,1,156.16,36.42,2025-10-21,10,1
2025-10-21 11:00:00+00:00,1,174.89,39.35,2025-10-21,11,1
2025-10-21 12:00:00+00:00,1,193.83,38.46,2025-10-21,12,1
2025-10-21 13:00:00+00:00,1,211.24,34.02,2025-10-21,13,1
2025-10-21 14:00:00+00:00,1,226.13,26.78,2025-10-21,14,1
2025-10-21 15:00:00+00:00,1,238.61,17.63,2025-10-21,15,1
2025-10-21 16:00:00+00:00,1,249.89,6.73,2025-10-21,16,1
2025-10-21 17:00:00+00:00,1,257.83,-2.3,2025-10-21,17,1
2025-10-21 18:00:00+00:00,0,267.48,-14.32,2025-10-21,18,1
2025-10-21 19:00:00+00:00,0,277.09,-25.7,2025-10-21,19,1
2025-10-21 20:00:00+00:00,0,288.25,-36.98,2025-10-21,20,1
2025-10-21 21:00:00+00:00,0,302.38,-47.44,2025-10-21,21,1
2025-10-21 22:00:00+00:00,0,321.91,-56.04,2025-10-21,22,1
2025-10-21 23:00:00+00:00,0,349.09,-60.92,2025-10-21,23,1
2025-10-22 00:00:00+00:00,0,19.81,-60.03,2025-10-22,0,2
2025-10-22 01:00:00+00:00,0,44.54,-53.86,2025-10-22,1,2
2025-10-22 02:00:00+00:00,0,62.25,-44.59,2025-10-22,2,2
2025-10-22 03:00:00+00:00,0,75.33,-33.82,2025-10-22,3,2
2025-10-22 04:00:00+00:00,0,87.34,-20.79,2025-10-22,4,2
2025-10-22 05:00:00+00:00,0,96.88,-9.19,2025-10-22,5,2
2025-10-22 06:00:00+00:00,1,106.3,2.27,2025-10-22,6,2
2025-10-22 07:00:00+00:00,1,114.79,11.21,2025-10-22,7,2
2025-10-22 08:00:00+00:00,1,127.1,21.87,2025-10-22,8,2
2025-10-22 09:00:00+00:00,1,140.63,30.18,2025-10-22,9,2
2025-10-22 10:00:00+00:00,1,156.7,36.19,2025-10-22,10,2
2025-10-22 11:00:00+00:00,1,174.93,39.01,2025-10-22,11,2
2025-10-22 12:00:00+00:00,1,193.74,38.12,2025-10-22,12,2
2025-10-22 13:00:00+00:00,1,211.06,33.69,2025-10-22,13,2
2025-10-22 14:00:00+00:00,1,225.91,26.49,2025-10-22,14,2
2025-10-22 15:00:00+00:00,1,238.36,17.37,2025-10-22,15,2
2025-10-22 16:00:00+00:00,1,249.59,6.53,2025-10-22,16,2
2025-10-22 17:00:00+00:00,1,257.48,-2.42,2025-10-22,17,2
2025-10-22 18:00:00+00:00,0,267.01,-14.31,2025-10-22,18,2
2025-10-22 19:00:00+00:00,0,276.59,-25.7,2025-10-22,19,2
2025-10-22 20:00:00+00:00,0,287.68,-37.01,2025-10-22,20,2
2025-10-22 21:00:00+00:00,0,301.73,-47.52,2025-10-22,21,2
2025-10-22 22:00:00+00:00,0,321.17,-56.21,2025-10-22,22,2
2025-10-22 23:00:00+00:00,0,348.61,-61.22,2025-10-22,23,2
2025-10-23 00:00:00+00:00,0,20.0,-60.37,2025-10-23,0,3
2025-10-23 01:00:00+00:00,0,44.87,-54.16,2025-10-23,1,3
2025-10-23 02:00:00+00:00,0,62.59,-44.84,2025-10-23,2,3
2025-10-23 03:00:00+00:00,0,75.65,-34.05,2025-10-23,3,3
2025-10-23 04:00:00+00:00,0,87.72,-20.9,2025-10-23,4,3
2025-10-23 05:00:00+00:00,0,96.86,-9.79,2025-10-23,5,3
2025-10-23 06:00:00+00:00,1,106.38,1.82,2025-10-23,6,3
2025-10-23 07:00:00+00:00,1,115.06,10.98,2025-10-23,7,3
2025-10-23 08:00:00+00:00,1,127.62,21.81,2025-10-23,8,3
2025-10-23 09:00:00+00:00,1,141.17,30.05,2025-10-23,9,3
2025-10-23 10:00:00+00:00,1,157.23,35.96,2025-10-23,10,3
2025-10-23 11:00:00+00:00,1,175.27,38.68,2025-10-23,11,3
2025-10-23 12:00:00+00:00,1,193.66,37.78,2025-10-23,12,3
2025-10-23 13:00:00+00:00,1,210.89,33.38,2025-10-23,13,3
2025-10-23 14:00:00+00:00,1,225.69,26.2,2025-10-23,14,3
2025-10-23 15:00:00+00:00,1,238.12,17.11,2025-10-23,15,3
2025-10-23 16:00:00+00:00,1,249.13,6.52,2025-10-23,16,3
2025-10-23 17:00:00+00:00,1,257.02,-2.4,2025-10-23,17,3
2025-10-23 18:00:00+00:00,0,266.55,-14.31,2025-10-23,18,3
2025-10-23 19:00:00+00:00,0,276.1,-25.71,2025-10-23,19,3
2025-10-23 20:00:00+00:00,0,287.13,-37.03,2025-10-23,20,3
2025-10-23 21:00:00+00:00,0,301.08,-47.6,2025-10-23,21,3
2025-10-23 22:00:00+00:00,0,320.43,-56.38,2025-10-23,22,3
2025-10-23 23:00:00+00:00,0,348.13,-61.52,2025-10-23,23,3
2025-10-24 00:00:00+00:00,0,20.19,-60.7,2025-10-24,0,4
2025-10-24 01:00:00+00:00,0,45.2,-54.44,2025-10-24,1,4
2025-10-24 02:00:00+00:00,0,62.94,-45.09,2025-10-24,2,4
2025-10-24 03:00:00+00:00,0,75.97,-34.28,2025-10-24,3,4
2025-10-24 04:00:00+00:00,0,88.45,-20.61,2025-10-24,4,4
2025-10-24 05:00:00+00:00,0,97.32,-9.79,2025-10-24,5,4
2025-10-24 06:00:00+00:00,1,106.83,1.81,2025-10-24,6,4
2025-10-24 07:00:00+00:00,1,115.23,10.67,2025-10-24,7,4
2025-10-24 08:00:00+00:00,1,127.31,21.14,2025-10-24,8,4
2025-10-24 09:00:00+00:00,1,140.73,29.43,2025-10-24,9,4
2025-10-24 10:00:00+00:00,1,156.61,35.43,2025-10-24,10,4
2025-10-24 11:00:00+00:00,1,175.01,38.31,2025-10-24,11,4
2025-10-24 12:00:00+00:00,1,193.58,37.44,2025-10-24,12,4
2025-10-24 13:00:00+00:00,1,210.73,33.06,2025-10-24,13,4
2025-10-24 14:00:00+00:00,1,225.47,25.92,2025-10-24,14,4
2025-10-24 15:00:00+00:00,1,237.87,16.86,2025-10-24,15,4
2025-10-24 16:00:00+00:00,1,248.97,6.18,2025-10-24,16,4
2025-10-24 17:00:00+00:00,1,256.77,-2.65,2025-10-24,17,4
2025-10-24 18:00:00+00:00,0,266.98,-15.39,2025-10-24,18,4
2025-10-24 19:00:00+00:00,0,279.05,-29.54,2025-10-24,19,4
2025-10-24 20:00:00+00:00,0,290.77,-40.72,2025-10-24,20,4
2025-10-24 21:00:00+00:00,0,306.1,-50.89,2025-10-24,21,4
2025-10-24 22:00:00+00:00,0,327.8,-58.81,2025-10-24,22,4
2025-10-24 23:00:00+00:00,0,354.44,-62.41,2025-10-24,23,4
2025-10-25 00:00:00+00:00,0,20.38,-61.03,2025-10-25,0,5
2025-10-25 01:00:00+00:00,0,45.54,-54.73,2025-10-25,1,5
2025-10-25 02:00:00+00:00,0,63.29,-45.33,2025-10-25,2,5
2025-10-25 03:00:00+00:00,0,76.29,-34.5,2025-10-25,3,5
2025-10-25 04:00:00+00:00,0,87.92,-21.8,2025-10-25,4,5
2025-10-25 05:00:00+00:00,0,97.16,-10.53,2025-10-25,5,5
2025-10-25 06:00:00+00:00,1,107.11,1.62,2025-10-25,6,5
2025-10-25 07:00:00+00:00,1,115.5,10.44,2025-10-25,7,5
2025-10-25 08:00:00+00:00,1,127.83,21.08,2025-10-25,8,5
2025-10-25 09:00:00+00:00,1,141.26,29.3,2025-10-25,9,5
2025-10-25 10:00:00+00:00,1,157.13,35.21,2025-10-25,10,5
2025-10-25 11:00:00+00:00,1,175.05,37.98,2025-10-25,11,5
2025-10-25 12:00:00+00:00,1,193.5,37.1,2025-10-25,12,5
2025-10-25 13:00:00+00:00,1,210.56,32.74,2025-10-25,13,5
2025-10-25 14:00:00+00:00,1,225.25,25.63,2025-10-25,14,5
2025-10-25 15:00:00+00:00,1,237.63,16.6,2025-10-25,15,5
2025-10-25 16:00:00+00:00,1,248.67,6.0,2025-10-25,16,5
2025-10-25 17:00:00+00:00,1,256.54,-2.92,2025-10-25,17,5
2025-10-25 18:00:00+00:00,0,266.52,-15.39,2025-10-25,18,5
2025-10-25 19:00:00+00:00,0,278.56,-29.55,2025-10-25,19,5
2025-10-25 20:00:00+00:00,0,290.2,-40.75,2025-10-25,20,5
2025-10-25 21:00:00+00:00,0,305.43,-50.98,2025-10-25,21,5
2025-10-25 22:00:00+00:00,0,327.06,-59.01,2025-10-25,22,5
2025-10-25 23:00:00+00:00,0,354.01,-62.73,2025-10-25,23,5
2025-10-26 00:00:00+00:00,0,20.58,-61.36,2025-10-26,0,6
2025-10-26 01:00:00+00:00,0,45.88,-55.01,2025-10-26,1,6
2025-10-26 02:00:00+00:00,0,63.63,-45.57,2025-10-26,2,6
2025-10-26 03:00:00+00:00,0,76.61,-34.72,2025-10-26,3,6
2025-10-26 04:00:00+00:00,0,88.26,-21.96,2025-10-26,4,6
2025-10-26 05:00:00+00:00,0,97.61,-10.53,2025-10-26,5,6
2025-10-26 06:00:00+00:00,1,107.56,1.61,2025-10-26,6,6
2025-10-26 07:00:00+00:00,1,115.98,10.42,2025-10-26,7,6
2025-10-26 08:00:00+00:00,1,128.34,21.02,2025-10-26,8,6
2025-10-26 09:00:00+00:00,1,141.78,29.16,2025-10-26,9,6
2025-10-26 10:00:00+00:00,1,157.64,34.98,2025-10-26,10,6
2025-10-26 11:00:00+00:00,1,175.38,37.66,2025-10-26,11,6
2025-10-26 12:00:00+00:00,1,193.42,36.76,2025-10-26,12,6
2025-10-26 13:00:00+00:00,1,210.4,32.43,2025-10-26,13,6
2025-10-26 14:00:00+00:00,1,225.04,25.35,2025-10-26,14,6
2025-10-26 15:00:00+00:00,1,237.39,16.35,2025-10-26,15,6
2025-10-26 16:00:00+00:00,1,248.38,5.83,2025-10-26,16,6
2025-10-26 17:00:00+00:00,1,256.74,-3.74,2025-10-26,17,6
2025-10-26 18:00:00+00:00,0,266.72,-16.18,2025-10-26,18,6
2025-10-26 19:00:00+00:00,0,278.06,-29.55,2025-10-26,19,6
2025-10-26 20:00:00+00:00,0,289.63,-40.78,2025-10-26,20,6
2025-10-26 21:00:00+00:00,0,304.76,-51.07,2025-10-26,21,6
2025-10-26 22:00:00+00:00,0,326.31,-59.2,2025-10-26,22,6
2025-10-26 23:00:00+00:00,0,353.56,-63.05,2025-10-26,23,6
2025-10-27 00:00:00+00:00,0,20.77,-61.69,2025-10-27,0,0
2025-10-27 01:00:00+00:00,0,46.21,-55.29,2025-10-27,1,0
2025-10-27 02:00:00+00:00,0,63.98,-45.81,2025-10-27,2,0
2025-10-27 03:00:00+00:00,0,76.93,-34.93,2025-10-27,3,0
2025-10-27 04:00:00+00:00,0,88.59,-22.12,2025-10-27,4,0
2025-10-27 05:00:00+00:00,0,97.51,-11.2,2025-10-27,5,0
2025-10-27 06:00:00+00:00,1,107.61,1.14,2025-10-27,6,0
2025-10-27 07:00:00+00:00,1,115.94,9.92,2025-10-27,7,0
2025-10-27 08:00:00+00:00,1,128.02,20.36,2025-10-27,8,0
2025-10-27 09:00:00+00:00,1,141.33,28.56,2025-10-27,9,0
2025-10-27 10:00:00+00:00,1,157.02,34.47,2025-10-27,10,0
2025-10-27 11:00:00+00:00,1,175.12,37.3,2025-10-27,11,0
2025-10-27 12:00:00+00:00,1,193.34,36.43,2025-10-27,12,0
2025-10-27 13:00:00+00:00,1,210.24,32.13,2025-10-27,13,0
2025-10-27 14:00:00+00:00,1,224.83,25.07,2025-10-27,14,0
2025-10-27 15:00:00+00:00,1,237.16,16.1,2025-10-27,15,0
2025-10-27 16:00:00+00:00,1,248.07,5.67,2025-10-27,16,0
2025-10-27 17:00:00+00:00,1,256.29,-3.72,2025-10-27,17,0
2025-10-27 18:00:00+00:00,0,266.27,-16.18,2025-10-27,18,0
2025-10-27 19:00:00+00:00,0,277.57,-29.56,2025-10-27,19,0
2025-10-27 20:00:00+00:00,0,289.07,-40.81,2025-10-27,20,0
2025-10-27 21:00:00+00:00,0,304.09,-51.16,2025-10-27,21,0
2025-10-27 22:00:00+00:00,0,325.56,-59.39,2025-10-27,22,0
2025-10-27 23:00:00+00:00,0,353.12,-63.36,2025-10-27,23,0
2025-10-28 00:00:00+00:00,0,20.97,-62.0,2025-10-28,0,1
2025-10-28 01:00:00+00:00,0,46.55,-55.56,2025-10-28,1,1
2025-10-28 02:00:00+00:00,0,64.32,-46.05,2025-10-28,2,1
2025-10-28 03:00:00+00:00,0,77.25,-35.15,2025-10-28,3,1
2025-10-28 04:00:00+00:00,0,88.92,-22.27,2025-10-28,4,1
2025-10-28 05:00:00+00:00,0,97.95,-11.2,2025-10-28,5,1
2025-10-28 06:00:00+00:00,1,108.05,1.13,2025-10-28,6,1
2025-10-28 07:00:00+00:00,1,116.4,9.9,2025-10-28,7,1
2025-10-28 08:00:00+00:00,1,128.52,20.3,2025-10-28,8,1
2025-10-28 09:00:00+00:00,1,141.85,28.43,2025-10-28,9,1
2025-10-28 10:00:00+00:00,1,157.53,34.25,2025-10-28,10,1
2025-10-28 11:00:00+00:00,1,175.15,36.97,2025-10-28,11,1
2025-10-28 12:00:00+00:00,1,193.26,36.11,2025-10-28,12,1
2025-10-28 13:00:00+00:00,1,210.08,31.82,2025-10-28,13,1
2025-10-28 14:00:00+00:00,1,224.63,24.8,2025-10-28,14,1
2025-10-28 15:00:00+00:00,1,236.93,15.85,2025-10-28,15,1
2025-10-28 16:00:00+00:00,1,247.76,5.51,2025-10-28,16,1
2025-10-28 17:00:00+00:00,1,256.12,-4.06,2025-10-28,17,1
2025-10-28 18:00:00+00:00,0,265.83,-16.18,2025-10-28,18,1
2025-10-28 19:00:00+00:00,0,277.08,-29.56,2025-10-28,19,1
2025-10-28 20:00:00+00:00,0,288.51,-40.84,2025-10-28,20,1
2025-10-28 21:00:00+00:00,0,303.43,-51.24,2025-10-28,21,1
2025-10-28 22:00:00+00:00,0,324.82,-59.57,2025-10-28,22,1
2025-10-28 23:00:00+00:00,0,352.67,-63.66,2025-10-28,23,1
2025-10-29 00:00:00+00:00,0,21.18,-62.32,2025-10-29,0,2
2025-10-29 01:00:00+00:00,0,46.89,-55.83,2025-10-29,1,2
2025-10-29 02:00:00+00:00,0,64.67,-46.28,2025-10-29,2,2
2025-10-29 03:00:00+00:00,0,77.56,-35.35,2025-10-29,3,2
2025-10-29 04:00:00+00:00,0,89.24,-22.42,2025-10-29,4,2
2025-10-29 05:00:00+00:00,0,98.38,-11.2,2025-10-29,5,2
2025-10-29 06:00:00+00:00,1,108.31,0.93,2025-10-29,6,2
2025-10-29 07:00:00+00:00,1,116.66,9.69,2025-10-29,7,2
2025-10-29 08:00:00+00:00,1,129.02,20.25,2025-10-29,8,2
2025-10-29 09:00:00+00:00,1,142.36,28.3,2025-10-29,9,2
2025-10-29 10:00:00+00:00,1,158.03,34.03,2025-10-29,10,2
2025-10-29 11:00:00+00:00,1,175.48,36.66,2025-10-29,11,2
2025-10-29 12:00:00+00:00,1,193.18,35.78,2025-10-29,12,2
2025-10-29 13:00:00+00:00,1,209.92,31.52,2025-10-29,13,2
2025-10-29 14:00:00+00:00,1,224.42,24.53,2025-10-29,14,2
2025-10-29 15:00:00+00:00,1,236.7,15.61,2025-10-29,15,2
2025-10-29 16:00:00+00:00,1,247.47,5.34,2025-10-29,16,2
2025-10-29 17:00:00+00:00,1,255.97,-4.42,2025-10-29,17,2
2025-10-29 18:00:00+00:00,0,265.39,-16.18,2025-10-29,18,2
2025-10-29 19:00:00+00:00,0,276.61,-29.57,2025-10-29,19,2
2025-10-29 20:00:00+00:00,0,287.96,-40.86,2025-10-29,20,2
2025-10-29 21:00:00+00:00,0,302.78,-51.32,2025-10-29,21,2
2025-10-29 22:00:00+00:00,0,324.08,-59.74,2025-10-29,22,2
2025-10-29 23:00:00+00:00,0,352.22,-63.96,2025-10-29,23,2
2025-10-30 00:00:00+00:00,0,21.38,-62.63,2025-10-30,0,3
2025-10-30 01:00:00+00:00,0,47.24,-56.1,2025-10-30,1,3
2025-10-30 02:00:00+00:00,0,65.01,-46.51,2025-10-30,2,3
2025-10-30 03:00:00+00:00,0,77.88,-35.56,2025-10-30,3,3
2025-10-30 04:00:00+00:00,0,89.57,-22.57,2025-10-30,4,3
2025-10-30 05:00:00+00:00,0,98.81,-11.2,2025-10-30,5,3
2025-10-30 06:00:00+00:00,1,108.74,0.93,2025-10-30,6,3
2025-10-30 07:00:00+00:00,1,116.83,9.4,2025-10-30,7,3
2025-10-30 08:00:00+00:00,1,128.7,19.59,2025-10-30,8,3
2025-10-30 09:00:00+00:00,1,141.91,27.7,2025-10-30,9,3
2025-10-30 10:00:00+00:00,1,157.41,33.53,2025-10-30,10,3
2025-10-30 11:00:00+00:00,1,175.22,36.31,2025-10-30,11,3
2025-10-30 12:00:00+00:00,1,193.11,35.46,2025-10-30,12,3
2025-10-30 13:00:00+00:00,1,209.77,31.22,2025-10-30,13,3
2025-10-30 14:00:00+00:00,1,224.22,24.26,2025-10-30,14,3
2025-10-30 15:00:00+00:00,1,236.47,15.37,2025-10-30,15,3
2025-10-30 16:00:00+00:00,1,247.17,5.19,2025-10-30,16,3
2025-10-30 17:00:00+00:00,1,255.54,-4.42,2025-10-30,17,3
2025-10-30 18:00:00+00:00,0,264.96,-16.18,2025-10-30,18,3
2025-10-30 19:00:00+00:00,0,276.13,-29.57,2025-10-30,19,3
2025-10-30 20:00:00+00:00,0,287.42,-40.89,2025-10-30,20,3
2025-10-30 21:00:00+00:00,0,302.13,-51.39,2025-10-30,21,3
2025-10-30 22:00:00+00:00,0,323.33,-59.91,2025-10-30,22,3
2025-10-30 23:00:00+00:00,0,351.76,-64.26,2025-10-30,23,3
2025-10-31 00:00:00+00:00,0,21.58,-62.95,2025-10-31,0,4
2025-10-31 01:00:00+00:00,0,47.58,-56.36,2025-10-31,1,4
2025-10-31 02:00:00+00:00,0,65.35,-46.73,2025-10-31,2,4
2025-10-31 03:00:00+00:00,0,78.19,-35.76,2025-10-31,3,4
2025-10-31 04:00:00+00:00,0,89.89,-22.72,2025-10-31,4,4
2025-10-31 05:00:00+00:00,0,98.63,-11.95,2025-10-31,5,4
2025-10-31 06:00:00+00:00,1,108.75,0.43,2025-10-31,6,4
2025-10-31 07:00:00+00:00,1,117.08,9.19,2025-10-31,7,4
2025-10-31 08:00:00+00:00,1,129.18,19.54,2025-10-31,8,4
2025-10-31 09:00:00+00:00,1,142.41,27.58,2025-10-31,9,4
2025-10-31 10:00:00+00:00,1,157.9,33.32,2025-10-31,10,4
2025-10-31 11:00:00+00:00,1,175.24,35.99,2025-10-31,11,4
2025-10-31 12:00:00+00:00,1,193.04,35.14,2025-10-31,12,4
2025-10-31 13:00:00+00:00,1,209.62,30.93,2025-10-31,13,4
2025-10-31 14:00:00+00:00,1,224.02,23.99,2025-10-31,14,4
2025-10-31 15:00:00+00:00,1,236.24,15.13,2025-10-31,15,4
2025-10-31 16:00:00+00:00,1,246.88,5.04,2025-10-31,16,4
2025-10-31 17:00:00+00:00,1,255.43,-4.82,2025-10-31,17,4
2025-10-31 18:00:00+00:00,0,264.54,-16.18,2025-10-31,18,4
2025-10-31 19:00:00+00:00,0,275.66,-29.57,2025-10-31,19,4
2025-10-31 20:00:00+00:00,0,286.88,-40.91,2025-10-31,20,4
2025-10-31 21:00:00+00:00,0,301.48,-51.46,2025-10-31,21,4
2025-10-31 22:00:00+00:00,0,322.59,-60.08,2025-10-31,22,4
2025-10-31 23:00:00+00:00,0,351.3,-64.54,2025-10-31,23,4
2025-11-01 00:00:00+00:00,0,21.79,-63.25,2025-11-01,0,5
2025-11-01 01:00:00+00:00,0,47.92,-56.62,2025-11-01,1,5
2025-11-01 02:00:00+00:00,0,65.69,-46.95,2025-11-01,2,5
2025-11-01 03:00:00+00:00,0,78.5,-35.97,2025-11-01,3,5
2025-11-01 04:00:00+00:00,0,90.2,-22.87,2025-11-01,4,5
2025-11-01 05:00:00+00:00,0,99.04,-11.95,2025-11-01,5,5
2025-11-01 06:00:00+00:00,1,108.99,0.23,2025-11-01,6,5
2025-11-01 07:00:00+00:00,1,117.33,8.98,2025-11-01,7,5
2025-11-01 08:00:00+00:00,1,129.66,19.49,2025-11-01,8,5
2025-11-01 09:00:00+00:00,1,142.9,27.45,2025-11-01,9,5
2025-11-01 10:00:00+00:00,1,158.38,33.11,2025-11-01,10,5
2025-11-01 11:00:00+00:00,1,175.56,35.7,2025-11-01,11,5
2025-11-01 12:00:00+00:00,1,192.96,34.83,2025-11-01,12,5
2025-11-01 13:00:00+00:00,1,209.47,30.63,2025-11-01,13,5
2025-11-01 14:00:00+00:00,1,223.83,23.72,2025-11-01,14,5
2025-11-01 15:00:00+00:00,1,236.37,14.58,2025-11-01,15,5
2025-11-01 16:00:00+00:00,1,246.75,4.71,2025-11-01,16,5
2025-11-01 17:00:00+00:00,0,255.85,-5.88,2025-11-01,17,5
2025-11-01 18:00:00+00:00,0,264.78,-17.01,2025-11-01,18,5
2025-11-01 19:00:00+00:00,0,275.2,-29.57,2025-11-01,19,5
2025-11-01 20:00:00+00:00,0,286.35,-40.93,2025-11-01,20,5
2025-11-01 21:00:00+00:00,0,300.85,-51.53,2025-11-01,21,5
2025-11-01 22:00:00+00:00,0,321.86,-60.23,2025-11-01,22,5
2025-11-01 23:00:00+00:00,0,230.85,-64.83,2025-11-01,23,5
2025-11-02 00:00:00+00:00,0,22.0,-63.55,2025-11-02,0,6
2025-11-02 01:00:00+00:00,0,48.27,-56.88,2025-11-02,1,6
2025-11-02 02:00:00+00:00,0,66.04,-47.17,2025-11-02,2,6
2025-11-02 03:00:00+00:00,0,78.81,-36.16,2025-11-02,3,6
2025-11-02 04:00:00+00:00,0,90.52,-23.01,2025-11-02,4,6
2025-11-02 05:00:00+00:00,0,99.46,-11.95,2025-11-02,5,6
2025-11-02 06:00:00+00:00,1,109.41,0.22,2025-11-02,6,6
2025-11-02 07:00:00+00:00,1,117.8,9.0,2025-11-02,7,6
2025-11-02 08:00:00+00:00,1,130.14,19.43,2025-11-02,8,6
2025-11-02 09:00:00+00:00,1,143.39,27.33,2025-11-02,9,6
2025-11-02 10:00:00+00:00,1,158.86,32.9,2025-11-02,10,6
2025-11-02 11:00:00+00:00,1,175.87,35.4,2025-11-02,11,6
2025-11-02 12:00:00+00:00,1,192.9,34.52,2025-11-02,12,6
2025-11-02 13:00:00+00:00,1,209.33,30.34,2025-11-02,13,6
2025-11-02 14:00:00+00:00,1,223.64,23.46,2025-11-02,14,6
2025-11-02 15:00:00+00:00,1,236.17,14.34,2025-11-02,15,6
2025-11-02 16:00:00+00:00,1,246.62,4.4,2025-11-02,16,6
2025-11-02 17:00:00+00:00,0,255.44,-5.87,2025-11-02,17,6
2025-11-02 18:00:00+00:00,0,264.36,-17.01,2025-11-02,18,6
2025-11-02 19:00:00+00:00,0,274.74,-29.57,2025-11-02,19,6
2025-11-02 20:00:00+00:00,0,285.82,-40.95,2025-11-02,20,6
2025-11-02 21:00:00+00:00,0,300.21,-51.59,2025-11-02,21,6
2025-11-02 22:00:00+00:00,0,321.11,-60.38,2025-11-02,22,6
2025-11-02 23:00:00+00:00,0,230.38,-65.11,2025-11-02,23,6
2025-11-03 00:00:00+00:00,0,22.21,-63.85,2025-11-03,0,0
2025-11-03 01:00:00+00:00,0,48.61,-57.13,2025-11-03,1,0
2025-11-03 02:00:00+00:00,0,66.37,-47.38,2025-11-03,2,0
2025-11-03 03:00:00+00:00,0,79.12,-36.36,2025-11-03,3,0
2025-11-03 04:00:00+00:00,0,89.43,-24.87,2025-11-03,4,0
2025-11-03 05:00:00+00:00,0,99.26,-12.71,2025-11-03,5,0
2025-11-03 06:00:00+00:00,1,109.64,0.02,2025-11-03,6,0
2025-11-03 07:00:00+00:00,1,117.79,8.56,2025-11-03,7,0
2025-11-03 08:00:00+00:00,1,129.8,18.79,2025-11-03,8,0
2025-11-03 09:00:00+00:00,1,142.92,26.75,2025-11-03,9,0
2025-11-03 10:00:00+00:00,1,158.23,32.42,2025-11-03,10,0
2025-11-03 11:00:00+00:00,1,175.32,35.05,2025-11-03,11,0
2025-11-03 12:00:00+00:00,1,192.83,34.22,2025-11-03,12,0
2025-11-03 13:00:00+00:00,1,209.18,30.06,2025-11-03,13,0
2025-11-03 14:00:00+00:00,1,223.44,23.2,2025-11-03,14,0
2025-11-03 15:00:00+00:00,1,235.92,14.14,2025-11-03,15,0
2025-11-03 16:00:00+00:00,1,246.18,4.42,2025-11-03,16,0
2025-11-03 17:00:00+00:00,0,255.02,-5.87,2025-11-03,17,0
2025-11-03 18:00:00+00:00,0,263.95,-17.01,2025-11-03,18,0
2025-11-03 19:00:00+00:00,0,274.3,-29.57,2025-11-03,19,0
2025-11-03 20:00:00+00:00,0,285.3,-40.97,2025-11-03,20,0
2025-11-03 21:00:00+00:00,0,299.59,-51.65,2025-11-03,21,0
2025-11-03 22:00:00+00:00,0,320.39,-60.54,2025-11-03,22,0
2025-11-03 23:00:00+00:00,0,229.93,-65.38,2025-11-03,23,0
2025-11-04 00:00:00+00:00,0,22.42,-64.14,2025-11-04,0,1
2025-11-04 01:00:00+00:00,0,48.96,-57.37,2025-11-04,1,1
2025-11-04 02:00:00+00:00,0,66.71,-47.59,2025-11-04,2,1
2025-11-04 03:00:00+00:00,0,79.42,-36.55,2025-11-04,3,1
2025-11-04 04:00:00+00:00,0,89.7,-25.05,2025-11-04,4,1
2025-11-04 05:00:00+00:00,0,99.66,-12.72,2025-11-04,5,1
2025-11-04 06:00:00+00:00,1,110.04,0.01,2025-11-04,6,1
2025-11-04 07:00:00+00:00,1,118.21,8.54,2025-11-04,7,1
2025-11-04 08:00:00+00:00,1,130.27,18.75,2025-11-04,8,1
2025-11-04 09:00:00+00:00,1,143.4,26.63,2025-11-04,9,1
2025-11-04 10:00:00+00:00,1,158.7,32.21,2025-11-04,10,1
2025-11-04 11:00:00+00:00,1,175.62,34.77,2025-11-04,11,1
2025-11-04 12:00:00+00:00,1,192.76,33.91,2025-11-04,12,1
2025-11-04 13:00:00+00:00,1,209.05,29.77,2025-11-04,13,1
2025-11-04 14:00:00+00:00,1,223.26,22.95,2025-11-04,14,1
2025-11-04 15:00:00+00:00,1,235.99,13.66,2025-11-04,15,1
2025-11-04 16:00:00+00:00,1,245.9,4.27,2025-11-04,16,1
2025-11-04 17:00:00+00:00,0,254.62,-5.86,2025-11-04,17,1
2025-11-04 18:00:00+00:00,0,263.54,-17.0,2025-11-04,18,1
2025-11-04 19:00:00+00:00,0,273.85,-29.57,2025-11-04,19,1
2025-11-04 20:00:00+00:00,0,284.79,-40.98,2025-11-04,20,1
2025-11-04 21:00:00+00:00,0,298.98,-51.71,2025-11-04,21,1
2025-11-04 22:00:00+00:00,0,319.66,-60.68,2025-11-04,22,1
2025-11-04 23:00:00+00:00,0,229.46,-65.65,2025-11-04,23,1
2025-11-05 00:00:00+00:00,0,22.64,-64.43,2025-11-05,0,2
2025-11-05 01:00:00+00:00,0,49.3,-57.62,2025-11-05,1,2
2025-11-05 02:00:00+00:00,0,67.05,-47.8,2025-11-05,2,2
2025-11-05 03:00:00+00:00,0,79.73,-36.73,2025-11-05,3,2
2025-11-05 04:00:00+00:00,0,89.98,-25.24,2025-11-05,4,2
2025-11-05 05:00:00+00:00,0,100.05,-12.72,2025-11-05,5,2
2025-11-05 06:00:00+00:00,1,110.26,-0.2,2025-11-05,6,2
2025-11-05 07:00:00+00:00,1,118.45,8.34,2025-11-05,7,2
2025-11-05 08:00:00+00:00,1,130.73,18.7,2025-11-05,8,2
2025-11-05 09:00:00+00:00,1,143.87,26.51,2025-11-05,9,2
2025-11-05 10:00:00+00:00,1,159.16,32.02,2025-11-05,10,2
2025-11-05 11:00:00+00:00,1,175.92,34.48,2025-11-05,11,2
2025-11-05 12:00:00+00:00,1,192.69,33.62,2025-11-05,12,2
2025-11-05 13:00:00+00:00,1,208.91,29.5,2025-11-05,13,2
2025-11-05 14:00:00+00:00,1,223.08,22.7,2025-11-05,14,2
2025-11-05 15:00:00+00:00,1,235.5,13.68,2025-11-05,15,2
2025-11-05 16:00:00+00:00,1,245.64,4.11,2025-11-05,16,2
2025-11-05 17:00:00+00:00,0,254.59,-6.31,2025-11-05,17,2
2025-11-05 18:00:00+00:00,0,263.14,-17.0,2025-11-05,18,2
2025-11-05 19:00:00+00:00,0,273.42,-29.57,2025-11-05,19,2
2025-11-05 20:00:00+00:00,0,284.29,-40.99,2025-11-05,20,2
2025-11-05 21:00:00+00:00,0,298.37,-51.76,2025-11-05,21,2
2025-11-05 22:00:00+00:00,0,318.94,-60.82,2025-11-05,22,2
2025-11-05 23:00:00+00:00,0,229.0,-65.91,2025-11-05,23,2
2025-11-06 00:00:00+00:00,0,22.85,-64.72,2025-11-06,0,3
2025-11-06 01:00:00+00:00,0,49.64,-57.85,2025-11-06,1,3
2025-11-06 02:00:00+00:00,0,67.38,-48.0,2025-11-06,2,3
2025-11-06 03:00:00+00:00,0,80.02,-36.92,2025-11-06,3,3
2025-11-06 04:00:00+00:00,0,90.25,-25.42,2025-11-06,4,3
2025-11-06 05:00:00+00:00,0,100.44,-12.72,2025-11-06,5,3
2025-11-06 06:00:00+00:00,1,110.66,-0.2,2025-11-06,6,3
2025-11-06 07:00:00+00:00,1,118.61,8.09,2025-11-06,7,3
2025-11-06 08:00:00+00:00,1,130.37,18.06,2025-11-06,8,3
2025-11-06 09:00:00+00:00,1,143.39,25.94,2025-11-06,9,3
2025-11-06 10:00:00+00:00,1,158.53,31.54,2025-11-06,10,3
2025-11-06 11:00:00+00:00,1,175.37,34.14,2025-11-06,11,3
2025-11-06 12:00:00+00:00,1,192.63,33.32,2025-11-06,12,3
2025-11-06 13:00:00+00:00,1,208.77,29.22,2025-11-06,13,3
2025-11-06 14:00:00+00:00,1,222.9,22.45,2025-11-06,14,3
2025-11-06 15:00:00+00:00,1,235.56,13.24,2025-11-06,15,3
2025-11-06 16:00:00+00:00,1,245.37,3.96,2025-11-06,16,3
2025-11-06 17:00:00+00:00,0,254.2,-6.31,2025-11-06,17,3
2025-11-06 18:00:00+00:00,0,262.75,-17.0,2025-11-06,18,3
2025-11-06 19:00:00+00:00,0,272.98,-29.57,2025-11-06,19,3
2025-11-06 20:00:00+00:00,0,283.79,-41.0,2025-11-06,20,3
2025-11-06 21:00:00+00:00,0,297.77,-51.81,2025-11-06,21,3
2025-11-06 22:00:00+00:00,0,318.22,-60.95,2025-11-06,22,3
2025-11-06 23:00:00+00:00,0,228.53,-66.17,2025-11-06,23,3
2025-11-07 00:00:00+00:00,0,23.08,-64.99,2025-11-07,0,4
2025-11-07 01:00:00+00:00,0,49.99,-58.09,2025-11-07,1,4
2025-11-07 02:00:00+00:00,0,67.72,-48.2,2025-11-07,2,4
2025-11-07 03:00:00+00:00,0,80.32,-37.1,2025-11-07,3,4
2025-11-07 04:00:00+00:00,0,90.51,-25.59,2025-11-07,4,4
2025-11-07 05:00:00+00:00,0,100.23,-13.47,2025-11-07,5,4
2025-11-07 06:00:00+00:00,1,110.57,-0.76,2025-11-07,6,4
2025-11-07 07:00:00+00:00,1,118.84,7.89,2025-11-07,7,4
2025-11-07 08:00:00+00:00,1,130.82,18.02,2025-11-07,8,4
2025-11-07 09:00:00+00:00,1,143.85,25.83,2025-11-07,9,4
2025-11-07 10:00:00+00:00,1,158.98,31.35,2025-11-07,10,4
2025-11-07 11:00:00+00:00,1,175.67,33.87,2025-11-07,11,4
2025-11-07 12:00:00+00:00,1,192.57,33.03,2025-11-07,12,4
2025-11-07 13:00:00+00:00,1,208.64,28.95,2025-11-07,13,4
2025-11-07 14:00:00+00:00,1,222.73,22.2,2025-11-07,14,4
2025-11-07 15:00:00+00:00,1,235.58,12.83,2025-11-07,15,4
2025-11-07 16:00:00+00:00,1,245.12,3.81,2025-11-07,16,4
2025-11-07 17:00:00+00:00,0,253.81,-6.3,2025-11-07,17,4
2025-11-07 18:00:00+00:00,0,262.36,-17.0,2025-11-07,18,4
2025-11-07 19:00:00+00:00,0,272.57,-29.57,2025-11-07,19,4
2025-11-07 20:00:00+00:00,0,283.31,-41.02,2025-11-07,20,4
2025-11-07 21:00:00+00:00,0,297.18,-51.86,2025-11-07,21,4
2025-11-07 22:00:00+00:00,0,317.52,-61.08,2025-11-07,22,4
2025-11-07 23:00:00+00:00,0,228.07,-66.42,2025-11-07,23,4
2025-11-08 00:00:00+00:00,0,23.3,-65.27,2025-11-08,0,5
2025-11-08 01:00:00+00:00,0,50.33,-58.32,2025-11-08,1,5
2025-11-08 02:00:00+00:00,0,68.05,-48.39,2025-11-08,2,5
2025-11-08 03:00:00+00:00,0,80.61,-37.28,2025-11-08,3,5
2025-11-08 04:00:00+00:00,0,90.77,-25.76,2025-11-08,4,5
2025-11-08 05:00:00+00:00,0,100.61,-13.47,2025-11-08,5,5
2025-11-08 06:00:00+00:00,1,110.76,-0.99,2025-11-08,6,5
2025-11-08 07:00:00+00:00,1,119.06,7.7,2025-11-08,7,5
2025-11-08 08:00:00+00:00,1,131.26,17.97,2025-11-08,8,5
2025-11-08 09:00:00+00:00,1,144.3,25.72,2025-11-08,9,5
2025-11-08 10:00:00+00:00,1,159.41,31.16,2025-11-08,10,5
2025-11-08 11:00:00+00:00,1,175.95,33.6,2025-11-08,11,5
2025-11-08 12:00:00+00:00,1,192.51,32.75,2025-11-08,12,5
2025-11-08 13:00:00+00:00,1,208.52,28.68,2025-11-08,13,5
2025-11-08 14:00:00+00:00,1,222.55,21.96,2025-11-08,14,5
2025-11-08 15:00:00+00:00,1,235.32,12.67,2025-11-08,15,5
2025-11-08 16:00:00+00:00,1,244.7,3.83,2025-11-08,16,5
2025-11-08 17:00:00+00:00,0,253.43,-6.3,2025-11-08,17,5
2025-11-08 18:00:00+00:00,0,261.98,-16.99,2025-11-08,18,5
2025-11-08 19:00:00+00:00,0,272.15,-29.56,2025-11-08,19,5
2025-11-08 20:00:00+00:00,0,282.83,-41.02,2025-11-08,20,5
2025-11-08 21:00:00+00:00,0,296.6,-51.91,2025-11-08,21,5
2025-11-08 22:00:00+00:00,0,316.81,-61.2,2025-11-08,22,5
2025-11-08 23:00:00+00:00,0,227.61,-66.66,2025-11-08,23,5
2025-11-09 00:00:00+00:00,0,23.51,-65.54,2025-11-09,0,6
2025-11-09 01:00:00+00:00,0,50.68,-58.54,2025-11-09,1,6
2025-11-09 02:00:00+00:00,0,68.37,-48.58,2025-11-09,2,6
2025-11-09 03:00:00+00:00,0,80.9,-37.45,2025-11-09,3,6
2025-11-09 04:00:00+00:00,0,91.03,-25.93,2025-11-09,4,6
2025-11-09 05:00:00+00:00,0,100.98,-13.48,2025-11-09,5,6
2025-11-09 06:00:00+00:00,1,111.14,-0.99,2025-11-09,6,6
2025-11-09 07:00:00+00:00,1,119.22,7.46,2025-11-09,7,6
2025-11-09 08:00:00+00:00,1,130.9,17.35,2025-11-09,8,6
2025-11-09 09:00:00+00:00,1,143.81,25.16,2025-11-09,9,6
2025-11-09 10:00:00+00:00,1,158.78,30.7,2025-11-09,10,6
2025-11-09 11:00:00+00:00,1,175.4,33.27,2025-11-09,11,6
2025-11-09 12:00:00+00:00,1,192.44,32.47,2025-11-09,12,6
2025-11-09 13:00:00+00:00,1,208.39,28.42,2025-11-09,13,6
2025-11-09 14:00:00+00:00,1,222.39,21.73,2025-11-09,14,6
2025-11-09 15:00:00+00:00,1,235.16,12.43,2025-11-09,15,6
2025-11-09 16:00:00+00:00,1,244.63,3.48,2025-11-09,16,6
2025-11-09 17:00:00+00:00,0,253.44,-6.76,2025-11-09,17,6
2025-11-09 18:00:00+00:00,0,261.61,-16.99,2025-11-09,18,6
2025-11-09 19:00:00+00:00,0,271.74,-29.56,2025-11-09,19,6
2025-11-09 20:00:00+00:00,0,282.36,-41.03,2025-11-09,20,6
2025-11-09 21:00:00+00:00,0,296.03,-51.95,2025-11-09,21,6
2025-11-09 22:00:00+00:00,0,316.12,-61.32,2025-11-09,22,6
2025-11-09 23:00:00+00:00,0,227.15,-66.9,2025-11-09,23,6
2025-11-10 00:00:00+00:00,0,23.74,-65.8,2025-11-10,0,0
2025-11-10 01:00:00+00:00,0,51.02,-58.76,2025-11-10,1,0
2025-11-10 02:00:00+00:00,0,68.7,-48.77,2025-11-10,2,0
2025-11-10 03:00:00+00:00,0,81.19,-37.62,2025-11-10,3,0
2025-11-10 04:00:00+00:00,0,91.28,-26.1,2025-11-10,4,0
2025-11-10 05:00:00+00:00,0,101.34,-13.48,2025-11-10,5,0
2025-11-10 06:00:00+00:00,1,111.33,-1.19,2025-11-10,6,0
2025-11-10 07:00:00+00:00,1,119.43,7.27,2025-11-10,7,0
2025-11-10 08:00:00+00:00,1,131.33,17.31,2025-11-10,8,0
2025-11-10 09:00:00+00:00,1,144.25,25.05,2025-11-10,9,0
2025-11-10 10:00:00+00:00,1,159.21,30.52,2025-11-10,10,0
2025-11-10 11:00:00+00:00,1,175.69,33.01,2025-11-10,11,0
2025-11-10 12:00:00+00:00,1,192.39,32.19,2025-11-10,12,0
2025-11-10 13:00:00+00:00,1,208.27,28.17,2025-11-10,13,0
2025-11-10 14:00:00+00:00,1,222.22,21.49,2025-11-10,14,0
2025-11-10 15:00:00+00:00,1,234.89,12.29,2025-11-10,15,0
2025-11-10 16:00:00+00:00,1,244.23,3.5,2025-11-10,16,0
2025-11-10 17:00:00+00:00,0,253.61,-7.43,2025-11-10,17,0
2025-11-10 18:00:00+00:00,0,261.92,-17.86,2025-11-10,18,0
2025-11-10 19:00:00+00:00,0,271.33,-29.55,2025-11-10,19,0
2025-11-10 20:00:00+00:00,0,281.89,-41.04,2025-11-10,20,0
2025-11-10 21:00:00+00:00,0,295.46,-51.99,2025-11-10,21,0
2025-11-10 22:00:00+00:00,0,315.43,-61.43,2025-11-10,22,0
2025-11-10 23:00:00+00:00,0,226.68,-67.13,2025-11-10,23,0
2025-11-11 00:00:00+00:00,0,23.95,-66.07,2025-11-11,0,1
2025-11-11 01:00:00+00:00,0,51.35,-58.98,2025-11-11,1,1
2025-11-11 02:00:00+00:00,0,69.02,-48.95,2025-11-11,2,1
2025-11-11 03:00:00+00:00,0,81.47,-37.79,2025-11-11,3,1
2025-11-11 04:00:00+00:00,0,91.53,-26.26,2025-11-11,4,1
2025-11-11 05:00:00+00:00,0,101.7,-13.48,2025-11-11,5,1
2025-11-11 06:00:00+00:00,1,111.69,-1.19,2025-11-11,6,1
2025-11-11 07:00:00+00:00,1,119.69,7.15,2025-11-11,7,1
2025-11-11 08:00:00+00:00,1,130.96,16.7,2025-11-11,8,1
2025-11-11 09:00:00+00:00,1,143.76,24.5,2025-11-11,9,1
2025-11-11 10:00:00+00:00,1,158.57,30.06,2025-11-11,10,1
2025-11-11 11:00:00+00:00,1,175.41,32.71,2025-11-11,11,1
2025-11-11 12:00:00+00:00,1,192.33,31.92,2025-11-11,12,1
2025-11-11 13:00:00+00:00,1,208.14,27.91,2025-11-11,13,1
2025-11-11 14:00:00+00:00,1,222.06,21.26,2025-11-11,14,1
2025-11-11 15:00:00+00:00,1,234.88,11.94,2025-11-11,15,1
2025-11-11 16:00:00+00:00,1,244.13,3.22,2025-11-11,16,1
2025-11-11 17:00:00+00:00,0,253.13,-7.28,2025-11-11,17,1
2025-11-11 18:00:00+00:00,0,261.56,-17.85,2025-11-11,18,1
2025-11-11 19:00:00+00:00,0,270.94,-29.55,2025-11-11,19,1
2025-11-11 20:00:00+00:00,0,281.44,-41.04,2025-11-11,20,1
2025-11-11 21:00:00+00:00,0,294.91,-52.03,2025-11-11,21,1
2025-11-11 22:00:00+00:00,0,314.75,-61.54,2025-11-11,22,1
2025-11-11 23:00:00+00:00,0,226.22,-67.36,2025-11-11,23,1
2025-11-12 00:00:00+00:00,0,24.18,-66.32,2025-11-12,0,2
2025-11-12 01:00:00+00:00,0,51.69,-59.18,2025-11-12,1,2
2025-11-12 02:00:00+00:00,0,69.33,-49.13,2025-11-12,2,2
2025-11-12 03:00:00+00:00,0,81.75,-37.95,2025-11-12,3,2
2025-11-12 04:00:00+00:00,0,91.78,-26.42,2025-11-12,4,2
2025-11-12 05:00:00+00:00,0,102.05,-13.48,2025-11-12,5,2
2025-11-12 06:00:00+00:00,1,111.86,-1.41,2025-11-12,6,2
2025-11-12 07:00:00+00:00,1,119.9,6.96,2025-11-12,7,2
2025-11-12 08:00:00+00:00,1,131.37,16.66,2025-11-12,8,2
2025-11-12 09:00:00+00:00,1,144.18,24.4,2025-11-12,9,2
2025-11-12 10:00:00+00:00,1,158.99,29.89,2025-11-12,10,2
2025-11-12 11:00:00+00:00,1,175.41,32.44,2025-11-12,11,2
2025-11-12 12:00:00+00:00,1,192.27,31.66,2025-11-12,12,2
2025-11-12 13:00:00+00:00,1,208.03,27.66,2025-11-12,13,2
2025-11-12 14:00:00+00:00,1,221.9,21.04,2025-11-12,14,2
2025-11-12 15:00:00+00:00,1,234.74,11.69,2025-11-12,15,2
2025-11-12 16:00:00+00:00,1,243.9,3.08,2025-11-12,16,2
2025-11-12 17:00:00+00:00,0,252.78,-7.27,2025-11-12,17,2
2025-11-12 18:00:00+00:00,0,261.2,-17.85,2025-11-12,18,2
2025-11-12 19:00:00+00:00,0,270.55,-29.55,2025-11-12,19,2
2025-11-12 20:00:00+00:00,0,280.99,-41.05,2025-11-12,20,2
2025-11-12 21:00:00+00:00,0,294.36,-52.06,2025-11-12,21,2
2025-11-12 22:00:00+00:00,0,314.08,-61.64,2025-11-12,22,2
2025-11-12 23:00:00+00:00,0,225.76,-67.58,2025-11-12,23,2
2025-11-13 00:00:00+00:00,0,24.39,-66.57,2025-11-13,0,3
2025-11-13 01:00:00+00:00,0,52.02,-59.39,2025-11-13,1,3
2025-11-13 02:00:00+00:00,0,69.65,-49.3,2025-11-13,2,3
2025-11-13 03:00:00+00:00,0,82.02,-38.11,2025-11-13,3,3
2025-11-13 04:00:00+00:00,0,92.02,-26.58,2025-11-13,4,3
2025-11-13 05:00:00+00:00,0,102.4,-13.49,2025-11-13,5,3
2025-11-13 06:00:00+00:00,1,112.21,-1.41,2025-11-13,6,3
2025-11-13 07:00:00+00:00,1,120.26,6.95,2025-11-13,7,3
2025-11-13 08:00:00+00:00,1,131.78,16.62,2025-11-13,8,3
2025-11-13 09:00:00+00:00,1,144.6,24.3,2025-11-13,9,3
2025-11-13 10:00:00+00:00,1,159.39,29.72,2025-11-13,10,3
2025-11-13 11:00:00+00:00,1,175.67,32.2,2025-11-13,11,3
2025-11-13 12:00:00+00:00,1,192.21,31.4,2025-11-13,12,3
2025-11-13 13:00:00+00:00,1,207.91,27.42,2025-11-13,13,3
2025-11-13 14:00:00+00:00,1,221.75,20.81,2025-11-13,14,3
2025-11-13 15:00:00+00:00,1,234.48,11.57,2025-11-13,15,3
2025-11-13 16:00:00+00:00,1,243.7,2.89,2025-11-13,16,3
2025-11-13 17:00:00+00:00,0,252.79,-7.71,2025-11-13,17,3
2025-11-13 18:00:00+00:00,0,260.85,-17.85,2025-11-13,18,3
2025-11-13 19:00:00+00:00,0,270.17,-29.54,2025-11-13,19,3
2025-11-13 20:00:00+00:00,0,280.55,-41.05,2025-11-13,20,3
2025-11-13 21:00:00+00:00,0,293.82,-52.09,2025-11-13,21,3
2025-11-13 22:00:00+00:00,0,313.42,-61.74,2025-11-13,22,3
2025-11-13 23:00:00+00:00,0,258.13,-68.03,2025-11-13,23,3
2025-11-14 00:00:00+00:00,0,24.62,-66.82,2025-11-14,0,4
2025-11-14 01:00:00+00:00,0,52.36,-59.59,2025-11-14,1,4
2025-11-14 02:00:00+00:00,0,69.96,-49.47,2025-11-14,2,4
2025-11-14 03:00:00+00:00,0,82.29,-38.26,2025-11-14,3,4
2025-11-14 04:00:00+00:00,0,92.27,-26.73,2025-11-14,4,4
2025-11-14 05:00:00+00:00,0,102.19,-14.18,2025-11-14,5,4
2025-11-14 06:00:00+00:00,1,112.37,-1.64,2025-11-14,6,4
2025-11-14 07:00:00+00:00,1,120.24,6.57,2025-11-14,7,4
2025-11-14 08:00:00+00:00,1,131.4,16.01,2025-11-14,8,4
2025-11-14 09:00:00+00:00,1,144.09,23.76,2025-11-14,9,4
2025-11-14 10:00:00+00:00,1,158.75,29.28,2025-11-14,10,4
2025-11-14 11:00:00+00:00,1,175.39,31.91,2025-11-14,11,4
2025-11-14 12:00:00+00:00,1,192.16,31.14,2025-11-14,12,4
2025-11-14 13:00:00+00:00,1,207.8,27.18,2025-11-14,13,4
2025-11-14 14:00:00+00:00,1,221.59,20.6,2025-11-14,14,4
2025-11-14 15:00:00+00:00,1,234.44,11.26,2025-11-14,15,4
2025-11-14 16:00:00+00:00,1,243.49,2.74,2025-11-14,16,4
2025-11-14 17:00:00+00:00,0,252.45,-7.7,2025-11-14,17,4
2025-11-14 18:00:00+00:00,0,260.51,-17.84,2025-11-14,18,4
2025-11-14 19:00:00+00:00,0,269.8,-29.54,2025-11-14,19,4
2025-11-14 20:00:00+00:00,0,280.12,-41.05,2025-11-14,20,4
2025-11-14 21:00:00+00:00,0,293.3,-52.12,2025-11-14,21,4
2025-11-14 22:00:00+00:00,0,312.77,-61.83,2025-11-14,22,4
2025-11-14 23:00:00+00:00,0,257.65,-68.24,2025-11-14,23,4
2025-11-15 00:00:00+00:00,0,24.84,-67.06,2025-11-15,0,5
2025-11-15 01:00:00+00:00,0,52.69,-59.78,2025-11-15,1,5
2025-11-15 02:00:00+00:00,0,70.26,-49.64,2025-11-15,2,5
2025-11-15 03:00:00+00:00,0,82.56,-38.42,2025-11-15,3,5
2025-11-15 04:00:00+00:00,0,92.5,-26.88,2025-11-15,4,5
2025-11-15 05:00:00+00:00,0,101.92,-14.95,2025-11-15,5,5
2025-11-15 06:00:00+00:00,1,112.16,-2.29,2025-11-15,6,5
2025-11-15 07:00:00+00:00,1,120.42,6.39,2025-11-15,7,5
2025-11-15 08:00:00+00:00,1,131.79,15.98,2025-11-15,8,5
2025-11-15 09:00:00+00:00,1,144.49,23.67,2025-11-15,9,5
2025-11-15 10:00:00+00:00,1,159.14,29.12,2025-11-15,10,5
2025-11-15 11:00:00+00:00,1,175.38,31.66,2025-11-15,11,5
2025-11-15 12:00:00+00:00,1,192.11,30.89,2025-11-15,12,5
2025-11-15 13:00:00+00:00,1,207.69,26.95,2025-11-15,13,5
2025-11-15 14:00:00+00:00,1,221.45,20.38,2025-11-15,14,5
2025-11-15 15:00:00+00:00,1,234.11,11.21,2025-11-15,15,5
2025-11-15 16:00:00+00:00,1,243.12,2.76,2025-11-15,16,5
2025-11-15 17:00:00+00:00,0,252.11,-7.7,2025-11-15,17,5
2025-11-15 18:00:00+00:00,0,261.4,-19.41,2025-11-15,18,5
2025-11-15 19:00:00+00:00,0,272.67,-33.39,2025-11-15,19,5
2025-11-15 20:00:00+00:00,0,283.63,-44.83,2025-11-15,20,5
2025-11-15 21:00:00+00:00,0,298.28,-55.62,2025-11-15,21,5
2025-11-15 22:00:00+00:00,0,320.91,-64.56,2025-11-15,22,5
2025-11-15 23:00:00+00:00,0,232.66,-68.97,2025-11-15,23,5
2025-11-16 00:00:00+00:00,0,25.06,-67.29,2025-11-16,0,6
2025-11-16 01:00:00+00:00,0,53.02,-59.98,2025-11-16,1,6
2025-11-16 02:00:00+00:00,0,70.56,-49.79,2025-11-16,2,6
2025-11-16 03:00:00+00:00,0,82.82,-38.56,2025-11-16,3,6
2025-11-16 04:00:00+00:00,0,92.73,-27.02,2025-11-16,4,6
2025-11-16 05:00:00+00:00,0,102.23,-14.97,2025-11-16,5,6
2025-11-16 06:00:00+00:00,1,112.49,-2.29,2025-11-16,6,6
2025-11-16 07:00:00+00:00,1,120.77,6.38,2025-11-16,7,6
2025-11-16 08:00:00+00:00,1,132.18,15.95,2025-11-16,8,6
2025-11-16 09:00:00+00:00,1,144.89,23.58,2025-11-16,9,6
2025-11-16 10:00:00+00:00,1,159.52,28.96,2025-11-16,10,6
2025-11-16 11:00:00+00:00,1,175.63,31.43,2025-11-16,11,6
2025-11-16 12:00:00+00:00,1,192.05,30.65,2025-11-16,12,6
2025-11-16 13:00:00+00:00,1,207.58,26.72,2025-11-16,13,6
2025-11-16 14:00:00+00:00,1,221.3,20.18,2025-11-16,14,6
2025-11-16 15:00:00+00:00,1,234.07,10.92,2025-11-16,15,6
2025-11-16 16:00:00+00:00,1,242.92,2.62,2025-11-16,16,6
2025-11-16 17:00:00+00:00,0,251.78,-7.69,2025-11-16,17,6
2025-11-16 18:00:00+00:00,0,261.07,-19.4,2025-11-16,18,6
2025-11-16 19:00:00+00:00,0,272.3,-33.38,2025-11-16,19,6
2025-11-16 20:00:00+00:00,0,283.19,-44.83,2025-11-16,20,6
2025-11-16 21:00:00+00:00,0,297.74,-55.66,2025-11-16,21,6
2025-11-16 22:00:00+00:00,0,320.24,-64.68,2025-11-16,22,6
2025-11-16 23:00:00+00:00,0,232.26,-69.2,2025-11-16,23,6
2025-11-17 00:00:00+00:00,0,25.28,-67.52,2025-11-17,0,0
2025-11-17 01:00:00+00:00,0,53.34,-60.16,2025-11-17,1,0
2025-11-17 02:00:00+00:00,0,70.86,-49.95,2025-11-17,2,0
2025-11-17 03:00:00+00:00,0,83.07,-38.71,2025-11-17,3,0
2025-11-17 04:00:00+00:00,0,92.96,-27.16,2025-11-17,4,0
2025-11-17 05:00:00+00:00,0,102.53,-14.99,2025-11-17,5,0
2025-11-17 06:00:00+00:00,1,112.6,-2.54,2025-11-17,6,0
2025-11-17 07:00:00+00:00,1,120.74,6.01,2025-11-17,7,0
2025-11-17 08:00:00+00:00,1,131.77,15.35,2025-11-17,8,0
2025-11-17 09:00:00+00:00,1,144.36,23.05,2025-11-17,9,0
2025-11-17 10:00:00+00:00,1,158.87,28.53,2025-11-17,10,0
2025-11-17 11:00:00+00:00,1,175.34,31.16,2025-11-17,11,0
2025-11-17 12:00:00+00:00,1,192.01,30.41,2025-11-17,12,0
2025-11-17 13:00:00+00:00,1,207.48,26.49,2025-11-17,13,0
2025-11-17 14:00:00+00:00,1,221.16,19.97,2025-11-17,14,0
2025-11-17 15:00:00+00:00,1,233.81,10.83,2025-11-17,15,0
2025-11-17 16:00:00+00:00,1,242.56,2.64,2025-11-17,16,0
2025-11-17 17:00:00+00:00,0,251.46,-7.69,2025-11-17,17,0
2025-11-17 18:00:00+00:00,0,260.75,-19.4,2025-11-17,18,0
2025-11-17 19:00:00+00:00,0,271.94,-33.37,2025-11-17,19,0
2025-11-17 20:00:00+00:00,0,282.76,-44.83,2025-11-17,20,0
2025-11-17 21:00:00+00:00,0,297.21,-55.7,2025-11-17,21,0
2025-11-17 22:00:00+00:00,0,319.59,-64.78,2025-11-17,22,0
2025-11-17 23:00:00+00:00,0,231.85,-69.41,2025-11-17,23,0
2025-11-18 00:00:00+00:00,0,25.5,-67.74,2025-11-18,0,1
2025-11-18 01:00:00+00:00,0,53.66,-60.34,2025-11-18,1,1
2025-11-18 02:00:00+00:00,0,71.15,-50.11,2025-11-18,2,1
2025-11-18 03:00:00+00:00,0,83.32,-38.85,2025-11-18,3,1
2025-11-18 04:00:00+00:00,0,93.17,-27.31,2025-11-18,4,1
2025-11-18 05:00:00+00:00,0,102.83,-15.01,2025-11-18,5,1
2025-11-18 06:00:00+00:00,1,112.92,-2.55,2025-11-18,6,1
2025-11-18 07:00:00+00:00,1,121.06,6.0,2025-11-18,7,1
2025-11-18 08:00:00+00:00,1,132.14,15.32,2025-11-18,8,1
2025-11-18 09:00:00+00:00,1,144.74,22.96,2025-11-18,9,1
2025-11-18 10:00:00+00:00,1,159.24,28.38,2025-11-18,10,1
2025-11-18 11:00:00+00:00,1,175.59,30.94,2025-11-18,11,1
2025-11-18 12:00:00+00:00,1,191.96,30.18,2025-11-18,12,1
2025-11-18 13:00:00+00:00,1,207.37,26.27,2025-11-18,13,1
2025-11-18 14:00:00+00:00,1,221.02,19.77,2025-11-18,14,1
2025-11-18 15:00:00+00:00,1,233.76,10.55,2025-11-18,15,1
2025-11-18 16:00:00+00:00,1,242.38,2.49,2025-11-18,16,1
2025-11-18 17:00:00+00:00,0,251.15,-7.68,2025-11-18,17,1
2025-11-18 18:00:00+00:00,0,260.43,-19.39,2025-11-18,18,1
2025-11-18 19:00:00+00:00,0,271.59,-33.37,2025-11-18,19,1
2025-11-18 20:00:00+00:00,0,282.35,-44.84,2025-11-18,20,1
2025-11-18 21:00:00+00:00,0,296.69,-55.73,2025-11-18,21,1
2025-11-18 22:00:00+00:00,0,318.95,-64.89,2025-11-18,22,1
2025-11-18 23:00:00+00:00,0,231.45,-69.63,2025-11-18,23,1
2025-11-19 00:00:00+00:00,0,25.72,-67.96,2025-11-19,0,2
2025-11-19 01:00:00+00:00,0,53.98,-60.52,2025-11-19,1,2
2025-11-19 02:00:00+00:00,0,71.43,-50.25,2025-11-19,2,2
2025-11-19 03:00:00+00:00,0,83.57,-38.98,2025-11-19,3,2
2025-11-19 04:00:00+00:00,0,93.39,-27.44,2025-11-19,4,2
2025-11-19 05:00:00+00:00,0,103.12,-15.03,2025-11-19,5,2
2025-11-19 06:00:00+00:00,1,113.0,-2.81,2025-11-19,6,2
2025-11-19 07:00:00+00:00,1,121.21,5.82,2025-11-19,7,2
2025-11-19 08:00:00+00:00,1,132.51,15.29,2025-11-19,8,2
2025-11-19 09:00:00+00:00,1,145.11,22.88,2025-11-19,9,2
2025-11-19 10:00:00+00:00,1,159.6,28.23,2025-11-19,10,2
2025-11-19 11:00:00+00:00,1,175.56,30.71,2025-11-19,11,2
2025-11-19 12:00:00+00:00,1,191.91,29.95,2025-11-19,12,2
2025-11-19 13:00:00+00:00,1,207.28,26.06,2025-11-19,13,2
2025-11-19 14:00:00+00:00,1,220.89,19.58,2025-11-19,14,2
2025-11-19 15:00:00+00:00,1,233.47,10.5,2025-11-19,15,2
2025-11-19 16:00:00+00:00,1,242.25,2.28,2025-11-19,16,2
2025-11-19 17:00:00+00:00,0,251.22,-8.14,2025-11-19,17,2
2025-11-19 18:00:00+00:00,0,260.12,-19.39,2025-11-19,18,2
2025-11-19 19:00:00+00:00,0,271.24,-33.36,2025-11-19,19,2
2025-11-19 20:00:00+00:00,0,281.94,-44.84,2025-11-19,20,2
2025-11-19 21:00:00+00:00,0,296.18,-55.76,2025-11-19,21,2
2025-11-19 22:00:00+00:00,0,318.31,-64.99,2025-11-19,22,2
2025-11-19 23:00:00+00:00,0,231.05,-69.83,2025-11-19,23,2
2025-11-20 00:00:00+00:00,0,25.93,-68.17,2025-11-20,0,3
2025-11-20 01:00:00+00:00,0,54.28,-60.69,2025-11-20,1,3
2025-11-20 02:00:00+00:00,0,71.71,-50.4,2025-11-20,2,3
2025-11-20 03:00:00+00:00,0,83.81,-39.11,2025-11-20,3,3
2025-11-20 04:00:00+00:00,0,93.6,-27.57,2025-11-20,4,3
2025-11-20 05:00:00+00:00,0,103.4,-15.05,2025-11-20,5,3
2025-11-20 06:00:00+00:00,1,113.3,-2.81,2025-11-20,6,3
2025-11-20 07:00:00+00:00,1,121.5,5.78,2025-11-20,7,3
2025-11-20 08:00:00+00:00,1,132.08,14.7,2025-11-20,8,3
2025-11-20 09:00:00+00:00,1,144.57,22.36,2025-11-20,9,3
2025-11-20 10:00:00+00:00,1,158.93,27.82,2025-11-20,10,3
2025-11-20 11:00:00+00:00,1,175.26,30.46,2025-11-20,11,3
2025-11-20 12:00:00+00:00,1,191.87,29.73,2025-11-20,12,3
2025-11-20 13:00:00+00:00,1,207.18,25.85,2025-11-20,13,3
2025-11-20 14:00:00+00:00,1,220.76,19.39,2025-11-20,14,3
2025-11-20 15:00:00+00:00,1,233.22,10.42,2025-11-20,15,3
2025-11-20 16:00:00+00:00,1,242.01,2.21,2025-11-20,16,3
2025-11-20 17:00:00+00:00,0,250.92,-8.13,2025-11-20,17,3
2025-11-20 18:00:00+00:00,0,259.82,-19.39,2025-11-20,18,3
2025-11-20 19:00:00+00:00,0,270.91,-33.35,2025-11-20,19,3
2025-11-20 20:00:00+00:00,0,281.54,-44.84,2025-11-20,20,3
2025-11-20 21:00:00+00:00,0,295.68,-55.79,2025-11-20,21,3
2025-11-20 22:00:00+00:00,0,317.69,-65.09,2025-11-20,22,3
2025-11-20 23:00:00+00:00,0,230.65,-70.03,2025-11-20,23,3
2025-11-21 00:00:00+00:00,0,26.14,-68.38,2025-11-21,0,4
2025-11-21 01:00:00+00:00,0,54.59,-60.86,2025-11-21,1,4
2025-11-21 02:00:00+00:00,0,71.99,-50.54,2025-11-21,2,4
2025-11-21 03:00:00+00:00,0,84.04,-39.24,2025-11-21,3,4
2025-11-21 04:00:00+00:00,0,93.81,-27.7,2025-11-21,4,4
2025-11-21 05:00:00+00:00,0,103.67,-15.07,2025-11-21,5,4
2025-11-21 06:00:00+00:00,1,113.36,-3.09,2025-11-21,6,4
2025-11-21 07:00:00+00:00,1,121.63,5.6,2025-11-21,7,4
2025-11-21 08:00:00+00:00,1,132.43,14.68,2025-11-21,8,4
2025-11-21 09:00:00+00:00,1,144.93,22.28,2025-11-21,9,4
2025-11-21 10:00:00+00:00,1,159.27,27.68,2025-11-21,10,4
2025-11-21 11:00:00+00:00,1,175.49,30.25,2025-11-21,11,4
2025-11-21 12:00:00+00:00,1,191.82,29.51,2025-11-21,12,4
2025-11-21 13:00:00+00:00,1,207.09,25.65,2025-11-21,13,4
2025-11-21 14:00:00+00:00,1,220.63,19.21,2025-11-21,14,4
2025-11-21 15:00:00+00:00,1,233.17,10.17,2025-11-21,15,4
2025-11-21 16:00:00+00:00,1,241.85,2.06,2025-11-21,16,4
2025-11-21 17:00:00+00:00,0,250.63,-8.13,2025-11-21,17,4
2025-11-21 18:00:00+00:00,0,259.53,-19.38,2025-11-21,18,4
2025-11-21 19:00:00+00:00,0,270.58,-33.35,2025-11-21,19,4
2025-11-21 20:00:00+00:00,0,281.16,-44.84,2025-11-21,20,4
2025-11-21 21:00:00+00:00,0,295.2,-55.82,2025-11-21,21,4
2025-11-21 22:00:00+00:00,0,317.09,-65.18,2025-11-21,22,4
2025-11-21 23:00:00+00:00,0,230.27,-70.22,2025-11-21,23,4
2025-11-22 00:00:00+00:00,0,26.36,-68.58,2025-11-22,0,5
2025-11-22 01:00:00+00:00,0,54.89,-61.01,2025-11-22,1,5
2025-11-22 02:00:00+00:00,0,72.25,-50.67,2025-11-22,2,5
2025-11-22 03:00:00+00:00,0,84.27,-39.37,2025-11-22,3,5
2025-11-22 04:00:00+00:00,0,94.01,-27.82,2025-11-22,4,5
2025-11-22 05:00:00+00:00,0,103.94,-15.09,2025-11-22,5,5
2025-11-22 06:00:00+00:00,1,113.65,-3.1,2025-11-22,6,5
2025-11-22 07:00:00+00:00,1,121.92,5.59,2025-11-22,7,5
2025-11-22 08:00:00+00:00,1,132.77,14.65,2025-11-22,8,5
2025-11-22 09:00:00+00:00,1,145.27,22.21,2025-11-22,9,5
2025-11-22 10:00:00+00:00,1,159.6,27.54,2025-11-22,10,5
2025-11-22 11:00:00+00:00,1,175.45,30.04,2025-11-22,11,5
2025-11-22 12:00:00+00:00,1,191.78,29.3,2025-11-22,12,5
2025-11-22 13:00:00+00:00,1,207.0,25.45,2025-11-22,13,5
2025-11-22 14:00:00+00:00,1,220.51,19.03,2025-11-22,14,5
2025-11-22 15:00:00+00:00,1,232.92,10.1,2025-11-22,15,5
2025-11-22 16:00:00+00:00,1,241.54,2.09,2025-11-22,16,5
2025-11-22 17:00:00+00:00,0,250.35,-8.12,2025-11-22,17,5
2025-11-22 18:00:00+00:00,0,259.25,-19.38,2025-11-22,18,5
2025-11-22 19:00:00+00:00,0,270.27,-33.34,2025-11-22,19,5
2025-11-22 20:00:00+00:00,0,280.79,-44.84,2025-11-22,20,5
2025-11-22 21:00:00+00:00,0,294.73,-55.85,2025-11-22,21,5
2025-11-22 22:00:00+00:00,0,316.5,-65.27,2025-11-22,22,5
2025-11-22 23:00:00+00:00,0,229.89,-70.41,2025-11-22,23,5
2025-11-23 00:00:00+00:00,0,26.57,-68.78,2025-11-23,0,6
2025-11-23 01:00:00+00:00,0,55.19,-61.17,2025-11-23,1,6
2025-11-23 02:00:00+00:00,0,72.52,-50.8,2025-11-23,2,6
2025-11-23 03:00:00+00:00,0,84.5,-39.49,2025-11-23,3,6
2025-11-23 04:00:00+00:00,0,94.21,-27.94,2025-11-23,4,6
2025-11-23 05:00:00+00:00,0,103.59,-15.88,2025-11-23,5,6
2025-11-23 06:00:00+00:00,1,113.26,-3.9,2025-11-23,6,6
2025-11-23 07:00:00+00:00,1,121.88,5.26,2025-11-23,7,6
2025-11-23 08:00:00+00:00,1,132.32,14.07,2025-11-23,8,6
2025-11-23 09:00:00+00:00,1,144.71,21.7,2025-11-23,9,6
2025-11-23 10:00:00+00:00,1,158.92,27.14,2025-11-23,10,6
2025-11-23 11:00:00+00:00,1,175.13,29.8,2025-11-23,11,6
2025-11-23 12:00:00+00:00,1,191.73,29.09,2025-11-23,12,6
2025-11-23 13:00:00+00:00,1,206.91,25.26,2025-11-23,13,6
2025-11-23 14:00:00+00:00,1,220.39,18.86,2025-11-23,14,6
2025-11-23 15:00:00+00:00,1,232.88,9.86,2025-11-23,15,6
2025-11-23 16:00:00+00:00,1,241.4,1.94,2025-11-23,16,6
2025-11-23 17:00:00+00:00,0,250.63,-8.8,2025-11-23,17,6
2025-11-23 18:00:00+00:00,0,259.82,-20.48,2025-11-23,18,6
2025-11-23 19:00:00+00:00,0,269.96,-33.33,2025-11-23,19,6
2025-11-23 20:00:00+00:00,0,280.43,-44.84,2025-11-23,20,6
2025-11-23 21:00:00+00:00,0,294.27,-55.87,2025-11-23,21,6
2025-11-23 22:00:00+00:00,0,315.91,-65.35,2025-11-23,22,6
2025-11-23 23:00:00+00:00,0,229.51,-70.59,2025-11-23,23,6
2025-11-24 00:00:00+00:00,0,26.77,-68.96,2025-11-24,0,0
2025-11-24 01:00:00+00:00,0,55.48,-61.32,2025-11-24,1,0
2025-11-24 02:00:00+00:00,0,72.77,-50.93,2025-11-24,2,0
2025-11-24 03:00:00+00:00,0,84.72,-39.6,2025-11-24,3,0
2025-11-24 04:00:00+00:00,0,94.4,-28.05,2025-11-24,4,0
2025-11-24 05:00:00+00:00,0,103.84,-15.9,2025-11-24,5,0
2025-11-24 06:00:00+00:00,1,113.53,-3.91,2025-11-24,6,0
2025-11-24 07:00:00+00:00,1,122.15,5.24,2025-11-24,7,0
2025-11-24 08:00:00+00:00,1,132.64,14.05,2025-11-24,8,0
2025-11-24 09:00:00+00:00,1,145.03,21.63,2025-11-24,9,0
2025-11-24 10:00:00+00:00,1,159.24,27.02,2025-11-24,10,0
2025-11-24 11:00:00+00:00,1,174.82,29.6,2025-11-24,11,0
2025-11-24 12:00:00+00:00,1,190.65,29.05,2025-11-24,12,0
2025-11-24 13:00:00+00:00,1,205.87,25.42,2025-11-24,13,0
2025-11-24 14:00:00+00:00,1,219.44,19.18,2025-11-24,14,0
2025-11-24 15:00:00+00:00,1,232.34,10.05,2025-11-24,15,0
2025-11-24 16:00:00+00:00,1,241.1,1.96,2025-11-24,16,0
2025-11-24 17:00:00+00:00,0,250.36,-8.8,2025-11-24,17,0
2025-11-24 18:00:00+00:00,0,259.56,-20.47,2025-11-24,18,0
2025-11-24 19:00:00+00:00,0,269.66,-33.32,2025-11-24,19,0
2025-11-24 20:00:00+00:00,0,280.08,-44.84,2025-11-24,20,0
2025-11-24 21:00:00+00:00,0,293.83,-55.89,2025-11-24,21,0
2025-11-24 22:00:00+00:00,0,315.35,-65.43,2025-11-24,22,0
2025-11-24 23:00:00+00:00,0,229.14,-70.76,2025-11-24,23,0
2025-11-25 00:00:00+00:00,0,26.98,-69.15,2025-11-25,0,1
2025-11-25 01:00:00+00:00,0,55.76,-61.46,2025-11-25,1,1
2025-11-25 02:00:00+00:00,0,73.03,-51.05,2025-11-25,2,1
2025-11-25 03:00:00+00:00,0,84.93,-39.71,2025-11-25,3,1
2025-11-25 04:00:00+00:00,0,94.58,-28.16,2025-11-25,4,1
2025-11-25 05:00:00+00:00,0,104.08,-15.92,2025-11-25,5,1
2025-11-25 06:00:00+00:00,1,113.52,-4.24,2025-11-25,6,1
2025-11-25 07:00:00+00:00,1,122.09,4.92,2025-11-25,7,1
2025-11-25 08:00:00+00:00,1,132.6,13.76,2025-11-25,8,1
2025-11-25 09:00:00+00:00,1,145.35,21.56,2025-11-25,9,1
2025-11-25 10:00:00+00:00,1,159.55,26.9,2025-11-25,10,1
2025-11-25 11:00:00+00:00,1,175.05,29.42,2025-11-25,11,1
2025-11-25 12:00:00+00:00,1,190.6,28.85,2025-11-25,12,1
2025-11-25 13:00:00+00:00,1,205.78,25.24,2025-11-25,13,1
2025-11-25 14:00:00+00:00,1,219.33,19.02,2025-11-25,14,1
2025-11-25 15:00:00+00:00,1,232.11,9.99,2025-11-25,15,1
2025-11-25 16:00:00+00:00,1,240.81,1.98,2025-11-25,16,1
2025-11-25 17:00:00+00:00,0,250.1,-8.79,2025-11-25,17,1
2025-11-25 18:00:00+00:00,0,259.3,-20.47,2025-11-25,18,1
2025-11-25 19:00:00+00:00,0,269.37,-33.31,2025-11-25,19,1
2025-11-25 20:00:00+00:00,0,279.74,-44.83,2025-11-25,20,1
2025-11-25 21:00:00+00:00,0,293.4,-55.91,2025-11-25,21,1
2025-11-25 22:00:00+00:00,0,314.8,-65.5,2025-11-25,22,1
2025-11-25 23:00:00+00:00,0,228.77,-70.92,2025-11-25,23,1
2025-11-26 00:00:00+00:00,0,27.19,-69.32,2025-11-26,0,2
2025-11-26 01:00:00+00:00,0,56.04,-61.6,2025-11-26,1,2
2025-11-26 02:00:00+00:00,0,73.27,-51.16,2025-11-26,2,2
2025-11-26 03:00:00+00:00,0,85.14,-39.82,2025-11-26,3,2
2025-11-26 04:00:00+00:00,0,94.76,-28.27,2025-11-26,4,2
2025-11-26 05:00:00+00:00,0,104.32,-15.94,2025-11-26,5,2
2025-11-26 06:00:00+00:00,1,113.48,-4.61,2025-11-26,6,2
2025-11-26 07:00:00+00:00,1,122.01,4.59,2025-11-26,7,2
2025-11-26 08:00:00+00:00,1,132.57,13.49,2025-11-26,8,2
2025-11-26 09:00:00+00:00,1,145.66,21.5,2025-11-26,9,2
2025-11-26 10:00:00+00:00,1,159.85,26.78,2025-11-26,10,2
2025-11-26 11:00:00+00:00,1,174.95,29.23,2025-11-26,11,2
2025-11-26 12:00:00+00:00,1,190.57,28.67,2025-11-26,12,2
2025-11-26 13:00:00+00:00,1,205.71,25.06,2025-11-26,13,2
2025-11-26 14:00:00+00:00,1,219.22,18.86,2025-11-26,14,2
2025-11-26 15:00:00+00:00,1,232.09,9.76,2025-11-26,15,2
2025-11-26 16:00:00+00:00,1,240.91,1.59,2025-11-26,16,2
2025-11-26 17:00:00+00:00,0,250.28,-9.3,2025-11-26,17,2
2025-11-26 18:00:00+00:00,0,259.05,-20.46,2025-11-26,18,2
2025-11-26 19:00:00+00:00,0,269.1,-33.31,2025-11-26,19,2
2025-11-26 20:00:00+00:00,0,279.41,-44.83,2025-11-26,20,2
2025-11-26 21:00:00+00:00,0,292.99,-55.93,2025-11-26,21,2
2025-11-26 22:00:00+00:00,0,314.27,-65.57,2025-11-26,22,2
2025-11-26 23:00:00+00:00,0,228.41,-71.08,2025-11-26,23,2
2025-11-27 00:00:00+00:00,0,27.38,-69.49,2025-11-27,0,3
2025-11-27 01:00:00+00:00,0,56.3,-61.74,2025-11-27,1,3
2025-11-27 02:00:00+00:00,0,73.5,-51.28,2025-11-27,2,3
2025-11-27 03:00:00+00:00,0,85.34,-39.93,2025-11-27,3,3
2025-11-27 04:00:00+00:00,0,94.94,-28.38,2025-11-27,4,3
2025-11-27 05:00:00+00:00,0,104.54,-15.96,2025-11-27,5,3
2025-11-27 06:00:00+00:00,1,113.72,-4.61,2025-11-27,6,3
2025-11-27 07:00:00+00:00,1,122.26,4.58,2025-11-27,7,3
2025-11-27 08:00:00+00:00,1,132.47,13.2,2025-11-27,8,3
2025-11-27 09:00:00+00:00,1,145.06,21.0,2025-11-27,9,3
2025-11-27 10:00:00+00:00,1,159.13,26.4,2025-11-27,10,3
2025-11-27 11:00:00+00:00,1,174.62,29.02,2025-11-27,11,3
2025-11-27 12:00:00+00:00,1,190.54,28.49,2025-11-27,12,3
2025-11-27 13:00:00+00:00,1,205.63,24.89,2025-11-27,13,3
2025-11-27 14:00:00+00:00,1,219.12,18.7,2025-11-27,14,3
2025-11-27 15:00:00+00:00,1,231.88,9.7,2025-11-27,15,3
2025-11-27 16:00:00+00:00,1,240.64,1.61,2025-11-27,16,3
2025-11-27 17:00:00+00:00,0,250.04,-9.29,2025-11-27,17,3
2025-11-27 18:00:00+00:00,0,258.81,-20.46,2025-11-27,18,3
2025-11-27 19:00:00+00:00,0,268.83,-33.3,2025-11-27,19,3
2025-11-27 20:00:00+00:00,0,279.09,-44.83,2025-11-27,20,3
2025-11-27 21:00:00+00:00,0,292.58,-55.94,2025-11-27,21,3
2025-11-27 22:00:00+00:00,0,313.75,-65.63,2025-11-27,22,3
2025-11-27 23:00:00+00:00,0,228.06,-71.23,2025-11-27,23,3
2025-11-28 00:00:00+00:00,0,27.57,-69.65,2025-11-28,0,4
2025-11-28 01:00:00+00:00,0,56.57,-61.86,2025-11-28,1,4
2025-11-28 02:00:00+00:00,0,73.73,-51.38,2025-11-28,2,4
2025-11-28 03:00:00+00:00,0,85.53,-40.03,2025-11-28,3,4
2025-11-28 04:00:00+00:00,0,95.1,-28.48,2025-11-28,4,4
2025-11-28 05:00:00+00:00,0,104.76,-15.98,2025-11-28,5,4
2025-11-28 06:00:00+00:00,0,113.64,-5.0,2025-11-28,6,4
2025-11-28 07:00:00+00:00,1,122.17,4.25,2025-11-28,7,4
2025-11-28 08:00:00+00:00,1,132.43,12.94,2025-11-28,8,4
2025-11-28 09:00:00+00:00,1,145.35,20.94,2025-11-28,9,4
2025-11-28 10:00:00+00:00,1,159.41,26.29,2025-11-28,10,4
2025-11-28 11:00:00+00:00,1,174.82,28.86,2025-11-28,11,4
2025-11-28 12:00:00+00:00,1,190.51,28.32,2025-11-28,12,4
2025-11-28 13:00:00+00:00,1,205.56,24.73,2025-11-28,13,4
2025-11-28 14:00:00+00:00,1,219.02,18.56,2025-11-28,14,4
2025-11-28 15:00:00+00:00,1,231.67,9.65,2025-11-28,15,4
2025-11-28 16:00:00+00:00,1,240.38,1.63,2025-11-28,16,4
2025-11-28 17:00:00+00:00,0,249.8,-9.29,2025-11-28,17,4
2025-11-28 18:00:00+00:00,0,258.58,-20.45,2025-11-28,18,4
2025-11-28 19:00:00+00:00,0,268.57,-33.29,2025-11-28,19,4
2025-11-28 20:00:00+00:00,0,278.78,-44.82,2025-11-28,20,4
2025-11-28 21:00:00+00:00,0,292.2,-55.95,2025-11-28,21,4
2025-11-28 22:00:00+00:00,0,313.25,-65.69,2025-11-28,22,4
2025-11-28 23:00:00+00:00,0,227.72,-71.38,2025-11-28,23,4
2025-11-29 00:00:00+00:00,0,27.76,-69.81,2025-11-29,0,5
2025-11-29 01:00:00+00:00,0,56.83,-61.99,2025-11-29,1,5
2025-11-29 02:00:00+00:00,0,73.96,-51.49,2025-11-29,2,5
2025-11-29 03:00:00+00:00,0,85.72,-40.13,2025-11-29,3,5
2025-11-29 04:00:00+00:00,0,95.27,-28.58,2025-11-29,4,5
2025-11-29 05:00:00+00:00,0,104.97,-16.0,2025-11-29,5,5
2025-11-29 06:00:00+00:00,0,113.86,-5.01,2025-11-29,6,5
2025-11-29 07:00:00+00:00,1,122.4,4.24,2025-11-29,7,5
2025-11-29 08:00:00+00:00,1,132.7,12.92,2025-11-29,8,5
2025-11-29 09:00:00+00:00,1,145.62,20.89,2025-11-29,9,5
2025-11-29 10:00:00+00:00,1,159.68,26.19,2025-11-29,10,5
2025-11-29 11:00:00+00:00,1,175.02,28.71,2025-11-29,11,5
2025-11-29 12:00:00+00:00,1,190.48,28.15,2025-11-29,12,5
2025-11-29 13:00:00+00:00,1,205.5,24.57,2025-11-29,13,5
2025-11-29 14:00:00+00:00,1,218.93,18.41,2025-11-29,14,5
2025-11-29 15:00:00+00:00,1,231.46,9.61,2025-11-29,15,5
2025-11-29 16:00:00+00:00,1,240.13,1.64,2025-11-29,16,5
2025-11-29 17:00:00+00:00,0,249.58,-9.29,2025-11-29,17,5
2025-11-29 18:00:00+00:00,0,258.35,-20.45,2025-11-29,18,5
2025-11-29 19:00:00+00:00,0,268.32,-33.28,2025-11-29,19,5
2025-11-29 20:00:00+00:00,0,278.49,-44.82,2025-11-29,20,5
2025-11-29 21:00:00+00:00,0,291.83,-55.97,2025-11-29,21,5
2025-11-29 22:00:00+00:00,0,312.77,-65.75,2025-11-29,22,5
2025-11-29 23:00:00+00:00,0,227.39,-71.52,2025-11-29,23,5
2025-11-30 00:00:00+00:00,0,27.95,-69.96,2025-11-30,0,6
2025-11-30 01:00:00+00:00,0,57.07,-62.11,2025-11-30,1,6
2025-11-30 02:00:00+00:00,0,74.17,-51.58,2025-11-30,2,6
2025-11-30 03:00:00+00:00,0,85.9,-40.22,2025-11-30,3,6
2025-11-30 04:00:00+00:00,0,95.42,-28.67,2025-11-30,4,6
2025-11-30 05:00:00+00:00,0,105.17,-16.01,2025-11-30,5,6
2025-11-30 06:00:00+00:00,0,114.07,-5.01,2025-11-30,6,6
2025-11-30 07:00:00+00:00,1,122.45,4.08,2025-11-30,7,6
2025-11-30 08:00:00+00:00,1,132.09,12.27,2025-11-30,8,6
2025-11-30 09:00:00+00:00,1,145.01,20.4,2025-11-30,9,6
2025-11-30 10:00:00+00:00,1,158.95,25.82,2025-11-30,10,6
2025-11-30 11:00:00+00:00,1,174.69,28.51,2025-11-30,11,6
2025-11-30 12:00:00+00:00,1,190.45,27.99,2025-11-30,12,6
2025-11-30 13:00:00+00:00,1,205.43,24.42,2025-11-30,13,6
2025-11-30 14:00:00+00:00,1,218.84,18.28,2025-11-30,14,6
2025-11-30 15:00:00+00:00,1,231.46,9.4,2025-11-30,15,6
2025-11-30 16:00:00+00:00,1,240.14,1.42,2025-11-30,16,6
2025-11-30 17:00:00+00:00,0,249.37,-9.28,2025-11-30,17,6
2025-11-30 18:00:00+00:00,0,258.14,-20.45,2025-11-30,18,6
2025-11-30 19:00:00+00:00,0,268.08,-33.27,2025-11-30,19,6
2025-11-30 20:00:00+00:00,0,278.21,-44.81,2025-11-30,20,6
2025-11-30 21:00:00+00:00,0,291.48,-55.98,2025-11-30,21,6
2025-11-30 22:00:00+00:00,0,312.3,-65.81,2025-11-30,22,6
2025-11-30 23:00:00+00:00,0,227.07,-71.66,2025-11-30,23,6
2025-12-01 00:00:00+00:00,0,28.12,-70.11,2025-12-01,0,0
2025-12-01 01:00:00+00:00,0,57.31,-62.22,2025-12-01,1,0
2025-12-01 02:00:00+00:00,0,74.37,-51.68,2025-12-01,2,0
2025-12-01 03:00:00+00:00,0,86.07,-40.31,2025-12-01,3,0
2025-12-01 04:00:00+00:00,0,95.57,-28.76,2025-12-01,4,0
2025-12-01 05:00:00+00:00,0,105.36,-16.03,2025-12-01,5,0
2025-12-01 06:00:00+00:00,0,113.93,-5.43,2025-12-01,6,0
2025-12-01 07:00:00+00:00,1,122.5,3.9,2025-12-01,7,0
2025-12-01 08:00:00+00:00,1,132.33,12.26,2025-12-01,8,0
2025-12-01 09:00:00+00:00,1,145.27,20.35,2025-12-01,9,0
2025-12-01 10:00:00+00:00,1,159.2,25.72,2025-12-01,10,0
2025-12-01 11:00:00+00:00,1,174.55,28.35,2025-12-01,11,0
2025-12-01 12:00:00+00:00,1,190.42,27.84,2025-12-01,12,0
2025-12-01 13:00:00+00:00,1,205.37,24.28,2025-12-01,13,0
2025-12-01 14:00:00+00:00,1,218.75,18.15,2025-12-01,14,0
2025-12-01 15:00:00+00:00,1,231.31,9.33,2025-12-01,15,0
2025-12-01 16:00:00+00:00,1,239.9,1.44,2025-12-01,16,0
2025-12-01 17:00:00+00:00,0,249.16,-9.28,2025-12-01,17,0
2025-12-01 18:00:00+00:00,0,257.93,-20.45,2025-12-01,18,0
2025-12-01 19:00:00+00:00,0,267.85,-33.26,2025-12-01,19,0
2025-12-01 20:00:00+00:00,0,277.94,-44.81,2025-12-01,20,0
2025-12-01 21:00:00+00:00,0,291.14,-55.99,2025-12-01,21,0
2025-12-01 22:00:00+00:00,0,311.85,-65.86,2025-12-01,22,0
2025-12-01 23:00:00+00:00,0,226.76,-71.78,2025-12-01,23,0
2025-12-02 00:00:00+00:00,0,28.29,-70.25,2025-12-02,0,1
2025-12-02 01:00:00+00:00,0,57.53,-62.33,2025-12-02,1,1
2025-12-02 02:00:00+00:00,0,74.57,-51.77,2025-12-02,2,1
2025-12-02 03:00:00+00:00,0,86.23,-40.39,2025-12-02,3,1
2025-12-02 04:00:00+00:00,0,95.71,-28.84,2025-12-02,4,1
2025-12-02 05:00:00+00:00,0,104.91,-16.86,2025-12-02,5,1
2025-12-02 06:00:00+00:00,0,113.63,-6.03,2025-12-02,6,1
2025-12-02 07:00:00+00:00,1,122.54,3.74,2025-12-02,7,1
2025-12-02 08:00:00+00:00,1,132.3,12.04,2025-12-02,8,1
2025-12-02 09:00:00+00:00,1,145.51,20.3,2025-12-02,9,1
2025-12-02 10:00:00+00:00,1,159.44,25.63,2025-12-02,10,1
2025-12-02 11:00:00+00:00,1,174.72,28.21,2025-12-02,11,1
2025-12-02 12:00:00+00:00,1,190.39,27.69,2025-12-02,12,1
2025-12-02 13:00:00+00:00,1,205.31,24.14,2025-12-02,13,1
2025-12-02 14:00:00+00:00,1,218.67,18.02,2025-12-02,14,1
2025-12-02 15:00:00+00:00,1,231.12,9.3,2025-12-02,15,1
2025-12-02 16:00:00+00:00,1,239.68,1.46,2025-12-02,16,1
2025-12-02 17:00:00+00:00,0,248.97,-9.28,2025-12-02,17,1
2025-12-02 18:00:00+00:00,0,257.74,-20.44,2025-12-02,18,1
2025-12-02 19:00:00+00:00,0,267.64,-33.26,2025-12-02,19,1
2025-12-02 20:00:00+00:00,0,277.69,-44.8,2025-12-02,20,1
2025-12-02 21:00:00+00:00,0,290.81,-56.0,2025-12-02,21,1
2025-12-02 22:00:00+00:00,0,311.43,-65.91,2025-12-02,22,1
2025-12-02 23:00:00+00:00,0,226.46,-71.9,2025-12-02,23,1
2025-12-03 00:00:00+00:00,0,28.46,-70.38,2025-12-03,0,2
2025-12-03 01:00:00+00:00,0,57.76,-62.43,2025-12-03,1,2
2025-12-03 02:00:00+00:00,0,74.76,-51.85,2025-12-03,2,2
2025-12-03 03:00:00+00:00,0,86.39,-40.47,2025-12-03,3,2
2025-12-03 04:00:00+00:00,0,95.85,-28.92,2025-12-03,4,2
2025-12-03 05:00:00+00:00,0,105.08,-16.87,2025-12-03,5,2
2025-12-03 06:00:00+00:00,0,113.82,-6.03,2025-12-03,6,2
2025-12-03 07:00:00+00:00,1,122.73,3.73,2025-12-03,7,2
2025-12-03 08:00:00+00:00,1,132.16,11.77,2025-12-03,8,2
2025-12-03 09:00:00+00:00,1,144.87,19.82,2025-12-03,9,2
2025-12-03 10:00:00+00:00,1,158.68,25.28,2025-12-03,10,2
2025-12-03 11:00:00+00:00,1,174.38,28.03,2025-12-03,11,2
2025-12-03 12:00:00+00:00,1,190.37,27.55,2025-12-03,12,2
2025-12-03 13:00:00+00:00,1,205.25,24.01,2025-12-03,13,2
2025-12-03 14:00:00+00:00,1,218.59,17.9,2025-12-03,14,2
2025-12-03 15:00:00+00:00,1,230.94,9.27,2025-12-03,15,2
2025-12-03 16:00:00+00:00,1,239.47,1.47,2025-12-03,16,2
2025-12-03 17:00:00+00:00,0,248.78,-9.27,2025-12-03,17,2
2025-12-03 18:00:00+00:00,0,257.55,-20.44,2025-12-03,18,2
2025-12-03 19:00:00+00:00,0,267.43,-33.25,2025-12-03,19,2
2025-12-03 20:00:00+00:00,0,277.44,-44.79,2025-12-03,20,2
2025-12-03 21:00:00+00:00,0,290.5,-56.0,2025-12-03,21,2
2025-12-03 22:00:00+00:00,0,311.02,-65.95,2025-12-03,22,2
2025-12-03 23:00:00+00:00,0,226.17,-72.02,2025-12-03,23,2
2025-12-04 00:00:00+00:00,0,28.62,-70.5,2025-12-04,0,3
2025-12-04 01:00:00+00:00,0,57.97,-62.53,2025-12-04,1,3
2025-12-04 02:00:00+00:00,0,74.94,-51.94,2025-12-04,2,3
2025-12-04 03:00:00+00:00,0,86.54,-40.54,2025-12-04,3,3
2025-12-04 04:00:00+00:00,0,95.98,-29.0,2025-12-04,4,3
2025-12-04 05:00:00+00:00,0,105.25,-16.89,2025-12-04,5,3
2025-12-04 06:00:00+00:00,0,114.0,-6.03,2025-12-04,6,3
2025-12-04 07:00:00+00:00,1,122.75,3.56,2025-12-04,7,3
2025-12-04 08:00:00+00:00,1,132.12,11.56,2025-12-04,8,3
2025-12-04 09:00:00+00:00,1,145.09,19.78,2025-12-04,9,3
2025-12-04 10:00:00+00:00,1,158.9,25.2,2025-12-04,10,3
2025-12-04 11:00:00+00:00,1,174.53,27.91,2025-12-04,11,3
2025-12-04 12:00:00+00:00,1,190.35,27.42,2025-12-04,12,3
2025-12-04 13:00:00+00:00,1,205.2,23.89,2025-12-04,13,3
2025-12-04 14:00:00+00:00,1,218.52,17.79,2025-12-04,14,3
2025-12-04 15:00:00+00:00,1,230.77,9.24,2025-12-04,15,3
2025-12-04 16:00:00+00:00,1,239.27,1.49,2025-12-04,16,3
2025-12-04 17:00:00+00:00,0,248.61,-9.27,2025-12-04,17,3
2025-12-04 18:00:00+00:00,0,257.38,-20.44,2025-12-04,18,3
2025-12-04 19:00:00+00:00,0,267.23,-33.24,2025-12-04,19,3
2025-12-04 20:00:00+00:00,0,277.21,-44.79,2025-12-04,20,3
2025-12-04 21:00:00+00:00,0,290.2,-56.01,2025-12-04,21,3
2025-12-04 22:00:00+00:00,0,310.63,-65.99,2025-12-04,22,3
2025-12-04 23:00:00+00:00,0,225.9,-72.13,2025-12-04,23,3
2025-12-05 00:00:00+00:00,0,28.78,-70.62,2025-12-05,0,4
2025-12-05 01:00:00+00:00,0,58.17,-62.62,2025-12-05,1,4
2025-12-05 02:00:00+00:00,0,75.11,-52.02,2025-12-05,2,4
2025-12-05 03:00:00+00:00,0,86.69,-40.61,2025-12-05,3,4
2025-12-05 04:00:00+00:00,0,96.1,-29.07,2025-12-05,4,4
2025-12-05 05:00:00+00:00,0,105.4,-16.91,2025-12-05,5,4
2025-12-05 06:00:00+00:00,0,113.8,-6.47,2025-12-05,6,4
2025-12-05 07:00:00+00:00,1,122.75,3.38,2025-12-05,7,4
2025-12-05 08:00:00+00:00,1,132.31,11.54,2025-12-05,8,4
2025-12-05 09:00:00+00:00,1,145.3,19.74,2025-12-05,9,4
2025-12-05 10:00:00+00:00,1,159.11,25.12,2025-12-05,10,4
2025-12-05 11:00:00+00:00,1,174.19,27.78,2025-12-05,11,4
2025-12-05 12:00:00+00:00,1,189.29,27.43,2025-12-05,12,4
2025-12-05 13:00:00+00:00,1,204.21,24.09,2025-12-05,13,4
2025-12-05 14:00:00+00:00,1,217.61,18.16,2025-12-05,14,4
2025-12-05 15:00:00+00:00,1,230.33,9.43,2025-12-05,15,4
2025-12-05 16:00:00+00:00,1,239.08,1.5,2025-12-05,16,4
2025-12-05 17:00:00+00:00,0,248.44,-9.26,2025-12-05,17,4
2025-12-05 18:00:00+00:00,0,257.21,-20.44,2025-12-05,18,4
2025-12-05 19:00:00+00:00,0,267.05,-33.24,2025-12-05,19,4
2025-12-05 20:00:00+00:00,0,276.99,-44.78,2025-12-05,20,4
2025-12-05 21:00:00+00:00,0,289.93,-56.02,2025-12-05,21,4
2025-12-05 22:00:00+00:00,0,310.26,-66.03,2025-12-05,22,4
2025-12-05 23:00:00+00:00,0,225.63,-72.23,2025-12-05,23,4
2025-12-06 00:00:00+00:00,0,28.92,-70.73,2025-12-06,0,5
2025-12-06 01:00:00+00:00,0,58.36,-62.71,2025-12-06,1,5
2025-12-06 02:00:00+00:00,0,75.27,-52.09,2025-12-06,2,5
2025-12-06 03:00:00+00:00,0,86.82,-40.68,2025-12-06,3,5
2025-12-06 04:00:00+00:00,0,96.22,-29.14,2025-12-06,4,5
2025-12-06 05:00:00+00:00,0,105.55,-16.92,2025-12-06,5,5
2025-12-06 06:00:00+00:00,0,113.96,-6.47,2025-12-06,6,5
2025-12-06 07:00:00+00:00,1,122.91,3.37,2025-12-06,7,5
2025-12-06 08:00:00+00:00,1,132.5,11.53,2025-12-06,8,5
2025-12-06 09:00:00+00:00,1,145.5,19.7,2025-12-06,9,5
2025-12-06 10:00:00+00:00,1,159.3,25.05,2025-12-06,10,5
2025-12-06 11:00:00+00:00,1,174.35,27.67,2025-12-06,11,5
2025-12-06 12:00:00+00:00,1,189.27,27.31,2025-12-06,12,5
2025-12-06 13:00:00+00:00,1,204.16,23.98,2025-12-06,13,5
2025-12-06 14:00:00+00:00,1,217.55,18.05,2025-12-06,14,5
2025-12-06 15:00:00+00:00,1,230.37,9.24,2025-12-06,15,5
2025-12-06 16:00:00+00:00,1,239.07,1.35,2025-12-06,16,5
2025-12-06 17:00:00+00:00,0,248.28,-9.26,2025-12-06,17,5
2025-12-06 18:00:00+00:00,0,257.06,-20.43,2025-12-06,18,5
2025-12-06 19:00:00+00:00,0,266.88,-33.23,2025-12-06,19,5
2025-12-06 20:00:00+00:00,0,276.79,-44.78,2025-12-06,20,5
2025-12-06 21:00:00+00:00,0,289.67,-56.02,2025-12-06,21,5
2025-12-06 22:00:00+00:00,0,309.91,-66.06,2025-12-06,22,5
2025-12-06 23:00:00+00:00,0,225.38,-72.32,2025-12-06,23,5
2025-12-07 00:00:00+00:00,0,29.06,-70.84,2025-12-07,0,6
2025-12-07 01:00:00+00:00,0,58.54,-62.78,2025-12-07,1,6
2025-12-07 02:00:00+00:00,0,75.42,-52.15,2025-12-07,2,6
2025-12-07 03:00:00+00:00,0,86.95,-40.74,2025-12-07,3,6
2025-12-07 04:00:00+00:00,0,96.33,-29.2,2025-12-07,4,6
2025-12-07 05:00:00+00:00,0,105.69,-16.94,2025-12-07,5,6
2025-12-07 06:00:00+00:00,0,114.11,-6.47,2025-12-07,6,6
2025-12-07 07:00:00+00:00,1,122.9,3.21,2025-12-07,7,6
2025-12-07 08:00:00+00:00,1,132.08,11.08,2025-12-07,8,6
2025-12-07 09:00:00+00:00,1,144.83,19.23,2025-12-07,9,6
2025-12-07 10:00:00+00:00,1,158.51,24.71,2025-12-07,10,6
2025-12-07 11:00:00+00:00,1,173.6,27.49,2025-12-07,11,6
2025-12-07 12:00:00+00:00,1,189.26,27.2,2025-12-07,12,6
2025-12-07 13:00:00+00:00,1,204.12,23.87,2025-12-07,13,6
2025-12-07 14:00:00+00:00,1,217.49,17.96,2025-12-07,14,6
2025-12-07 15:00:00+00:00,1,230.27,9.17,2025-12-07,15,6
2025-12-07 16:00:00+00:00,1,238.9,1.36,2025-12-07,16,6
2025-12-07 17:00:00+00:00,0,248.14,-9.26,2025-12-07,17,6
2025-12-07 18:00:00+00:00,0,256.91,-20.43,2025-12-07,18,6
2025-12-07 19:00:00+00:00,0,266.71,-33.22,2025-12-07,19,6
2025-12-07 20:00:00+00:00,0,276.6,-44.77,2025-12-07,20,6
2025-12-07 21:00:00+00:00,0,289.43,-56.02,2025-12-07,21,6
2025-12-07 22:00:00+00:00,0,309.59,-66.1,2025-12-07,22,6
2025-12-07 23:00:00+00:00,0,225.14,-72.4,2025-12-07,23,6
2025-12-08 00:00:00+00:00,0,29.19,-70.93,2025-12-08,0,0
2025-12-08 01:00:00+00:00,0,58.71,-62.86,2025-12-08,1,0
2025-12-08 02:00:00+00:00,0,75.57,-52.22,2025-12-08,2,0
2025-12-08 03:00:00+00:00,0,87.07,-40.8,2025-12-08,3,0
2025-12-08 04:00:00+00:00,0,96.43,-29.26,2025-12-08,4,0
2025-12-08 05:00:00+00:00,0,105.81,-16.95,2025-12-08,5,0
2025-12-08 06:00:00+00:00,0,114.25,-6.48,2025-12-08,6,0
2025-12-08 07:00:00+00:00,1,123.05,3.2,2025-12-08,7,0
2025-12-08 08:00:00+00:00,1,132.24,11.07,2025-12-08,8,0
2025-12-08 09:00:00+00:00,1,145.0,19.2,2025-12-08,9,0
2025-12-08 10:00:00+00:00,1,158.68,24.65,2025-12-08,10,0
2025-12-08 11:00:00+00:00,1,173.73,27.4,2025-12-08,11,0
2025-12-08 12:00:00+00:00,1,189.24,27.09,2025-12-08,12,0
2025-12-08 13:00:00+00:00,1,204.08,23.78,2025-12-08,13,0
2025-12-08 14:00:00+00:00,1,217.43,17.87,2025-12-08,14,0
2025-12-08 15:00:00+00:00,1,230.14,9.15,2025-12-08,15,0
2025-12-08 16:00:00+00:00,1,238.74,1.38,2025-12-08,16,0
2025-12-08 17:00:00+00:00,0,248.0,-9.26,2025-12-08,17,0
2025-12-08 18:00:00+00:00,0,256.77,-20.42,2025-12-08,18,0
2025-12-08 19:00:00+00:00,0,266.56,-33.22,2025-12-08,19,0
2025-12-08 20:00:00+00:00,0,276.42,-44.77,2025-12-08,20,0
2025-12-08 21:00:00+00:00,0,289.2,-56.03,2025-12-08,21,0
2025-12-08 22:00:00+00:00,0,309.28,-66.12,2025-12-08,22,0
2025-12-08 23:00:00+00:00,0,224.93,-72.49,2025-12-08,23,0
2025-12-09 00:00:00+00:00,0,29.32,-71.02,2025-12-09,0,1
2025-12-09 01:00:00+00:00,0,58.87,-62.93,2025-12-09,1,1
2025-12-09 02:00:00+00:00,0,75.7,-52.28,2025-12-09,2,1
2025-12-09 03:00:00+00:00,0,87.18,-40.86,2025-12-09,3,1
2025-12-09 04:00:00+00:00,0,96.53,-29.32,2025-12-09,4,1
2025-12-09 05:00:00+00:00,0,105.93,-16.96,2025-12-09,5,1
2025-12-09 06:00:00+00:00,0,114.37,-6.48,2025-12-09,6,1
2025-12-09 07:00:00+00:00,1,123.01,3.04,2025-12-09,7,1
2025-12-09 08:00:00+00:00,1,132.16,10.88,2025-12-09,8,1
2025-12-09 09:00:00+00:00,1,145.16,19.17,2025-12-09,9,1
2025-12-09 10:00:00+00:00,1,158.84,24.59,2025-12-09,10,1
2025-12-09 11:00:00+00:00,1,173.86,27.31,2025-12-09,11,1
2025-12-09 12:00:00+00:00,1,189.23,27.0,2025-12-09,12,1
2025-12-09 13:00:00+00:00,1,204.04,23.69,2025-12-09,13,1
2025-12-09 14:00:00+00:00,1,217.38,17.79,2025-12-09,14,1
2025-12-09 15:00:00+00:00,1,230.02,9.13,2025-12-09,15,1
2025-12-09 16:00:00+00:00,1,238.6,1.38,2025-12-09,16,1
2025-12-09 17:00:00+00:00,0,247.87,-9.25,2025-12-09,17,1
2025-12-09 18:00:00+00:00,0,256.64,-20.42,2025-12-09,18,1
2025-12-09 19:00:00+00:00,0,266.42,-33.21,2025-12-09,19,1
2025-12-09 20:00:00+00:00,0,276.25,-44.76,2025-12-09,20,1
2025-12-09 21:00:00+00:00,0,288.98,-56.03,2025-12-09,21,1
2025-12-09 22:00:00+00:00,0,309.0,-66.15,2025-12-09,22,1
2025-12-09 23:00:00+00:00,0,224.72,-72.56,2025-12-09,23,1
2025-12-10 00:00:00+00:00,0,29.43,-71.11,2025-12-10,0,2
2025-12-10 01:00:00+00:00,0,59.02,-63.0,2025-12-10,1,2
2025-12-10 02:00:00+00:00,0,75.82,-52.33,2025-12-10,2,2
2025-12-10 03:00:00+00:00,0,87.28,-40.91,2025-12-10,3,2
2025-12-10 04:00:00+00:00,0,96.62,-29.37,2025-12-10,4,2
2025-12-10 05:00:00+00:00,0,106.05,-16.98,2025-12-10,5,2
2025-12-10 06:00:00+00:00,0,114.12,-6.92,2025-12-10,6,2
2025-12-10 07:00:00+00:00,1,122.95,2.84,2025-12-10,7,2
2025-12-10 08:00:00+00:00,1,132.3,10.87,2025-12-10,8,2
2025-12-10 09:00:00+00:00,1,145.31,19.15,2025-12-10,9,2
2025-12-10 10:00:00+00:00,1,158.99,24.54,2025-12-10,10,2
2025-12-10 11:00:00+00:00,1,173.97,27.23,2025-12-10,11,2
2025-12-10 12:00:00+00:00,1,189.21,26.91,2025-12-10,12,2
2025-12-10 13:00:00+00:00,1,204.01,23.6,2025-12-10,13,2
2025-12-10 14:00:00+00:00,1,217.34,17.71,2025-12-10,14,2
2025-12-10 15:00:00+00:00,1,229.9,9.11,2025-12-10,15,2
2025-12-10 16:00:00+00:00,1,238.46,1.4,2025-12-10,16,2
2025-12-10 17:00:00+00:00,0,247.75,-9.25,2025-12-10,17,2
2025-12-10 18:00:00+00:00,0,256.52,-20.42,2025-12-10,18,2
2025-12-10 19:00:00+00:00,0,266.29,-33.21,2025-12-10,19,2
2025-12-10 20:00:00+00:00,0,276.1,-44.76,2025-12-10,20,2
2025-12-10 21:00:00+00:00,0,288.79,-56.03,2025-12-10,21,2
2025-12-10 22:00:00+00:00,0,308.73,-66.18,2025-12-10,22,2
2025-12-10 23:00:00+00:00,0,224.52,-72.63,2025-12-10,23,2
2025-12-11 00:00:00+00:00,0,29.55,-71.19,2025-12-11,0,3
2025-12-11 01:00:00+00:00,0,59.16,-63.05,2025-12-11,1,3
2025-12-11 02:00:00+00:00,0,75.94,-52.38,2025-12-11,2,3
2025-12-11 03:00:00+00:00,0,87.38,-40.95,2025-12-11,3,3
2025-12-11 04:00:00+00:00,0,96.7,-29.41,2025-12-11,4,3
2025-12-11 05:00:00+00:00,0,106.15,-16.99,2025-12-11,5,3
2025-12-11 06:00:00+00:00,0,114.23,-6.92,2025-12-11,6,3
2025-12-11 07:00:00+00:00,1,122.9,2.68,2025-12-11,7,3
2025-12-11 08:00:00+00:00,1,131.87,10.44,2025-12-11,8,3
2025-12-11 09:00:00+00:00,1,144.59,18.68,2025-12-11,9,3
2025-12-11 10:00:00+00:00,1,158.16,24.21,2025-12-11,10,3
2025-12-11 11:00:00+00:00,1,173.57,27.1,2025-12-11,11,3
2025-12-11 12:00:00+00:00,1,189.2,26.83,2025-12-11,12,3
2025-12-11 13:00:00+00:00,1,203.98,23.53,2025-12-11,13,3
2025-12-11 14:00:00+00:00,1,217.29,17.64,2025-12-11,14,3
2025-12-11 15:00:00+00:00,1,229.79,9.1,2025-12-11,15,3
2025-12-11 16:00:00+00:00,1,238.34,1.41,2025-12-11,16,3
2025-12-11 17:00:00+00:00,0,247.65,-9.25,2025-12-11,17,3
2025-12-11 18:00:00+00:00,0,256.42,-20.42,2025-12-11,18,3
2025-12-11 19:00:00+00:00,0,266.17,-33.2,2025-12-11,19,3
2025-12-11 20:00:00+00:00,0,275.96,-44.75,2025-12-11,20,3
2025-12-11 21:00:00+00:00,0,288.61,-56.03,2025-12-11,21,3
2025-12-11 22:00:00+00:00,0,308.5,-66.2,2025-12-11,22,3
2025-12-11 23:00:00+00:00,0,224.35,-72.69,2025-12-11,23,3
2025-12-12 00:00:00+00:00,0,29.65,-71.25,2025-12-12,0,4
2025-12-12 01:00:00+00:00,0,59.28,-63.11,2025-12-12,1,4
2025-12-12 02:00:00+00:00,0,76.05,-52.42,2025-12-12,2,4
2025-12-12 03:00:00+00:00,0,87.46,-41.0,2025-12-12,3,4
2025-12-12 04:00:00+00:00,0,96.77,-29.45,2025-12-12,4,4
2025-12-12 05:00:00+00:00,0,105.58,-17.85,2025-12-12,5,4
2025-12-12 06:00:00+00:00,0,113.78,-7.59,2025-12-12,6,4
2025-12-12 07:00:00+00:00,1,123.0,2.67,2025-12-12,7,4
2025-12-12 08:00:00+00:00,1,131.98,10.43,2025-12-12,8,4
2025-12-12 09:00:00+00:00,1,144.72,18.66,2025-12-12,9,4
2025-12-12 10:00:00+00:00,1,158.28,24.17,2025-12-12,10,4
2025-12-12 11:00:00+00:00,1,173.67,27.04,2025-12-12,11,4
2025-12-12 12:00:00+00:00,1,189.19,26.76,2025-12-12,12,4
2025-12-12 13:00:00+00:00,1,203.95,23.46,2025-12-12,13,4
2025-12-12 14:00:00+00:00,1,217.25,17.58,2025-12-12,14,4
2025-12-12 15:00:00+00:00,1,229.7,9.08,2025-12-12,15,4
2025-12-12 16:00:00+00:00,1,238.23,1.42,2025-12-12,16,4
2025-12-12 17:00:00+00:00,0,247.55,-9.25,2025-12-12,17,4
2025-12-12 18:00:00+00:00,0,256.32,-20.42,2025-12-12,18,4
2025-12-12 19:00:00+00:00,0,266.06,-33.2,2025-12-12,19,4
2025-12-12 20:00:00+00:00,0,275.83,-44.75,2025-12-12,20,4
2025-12-12 21:00:00+00:00,0,288.45,-56.04,2025-12-12,21,4
2025-12-12 22:00:00+00:00,0,308.28,-66.22,2025-12-12,22,4
2025-12-12 23:00:00+00:00,0,224.19,-72.75,2025-12-12,23,4
2025-12-13 00:00:00+00:00,0,29.73,-71.32,2025-12-13,0,5
2025-12-13 01:00:00+00:00,0,59.39,-63.16,2025-12-13,1,5
2025-12-13 02:00:00+00:00,0,76.14,-52.47,2025-12-13,2,5
2025-12-13 03:00:00+00:00,0,87.54,-41.04,2025-12-13,3,5
2025-12-13 04:00:00+00:00,0,96.84,-29.49,2025-12-13,4,5
2025-12-13 05:00:00+00:00,0,105.66,-17.86,2025-12-13,5,5
2025-12-13 06:00:00+00:00,0,113.87,-7.59,2025-12-13,6,5
2025-12-13 07:00:00+00:00,1,123.09,2.67,2025-12-13,7,5
2025-12-13 08:00:00+00:00,1,132.08,10.42,2025-12-13,8,5
2025-12-13 09:00:00+00:00,1,144.83,18.64,2025-12-13,9,5
2025-12-13 10:00:00+00:00,1,158.39,24.13,2025-12-13,10,5
2025-12-13 11:00:00+00:00,1,173.76,26.98,2025-12-13,11,5
2025-12-13 12:00:00+00:00,1,189.18,26.69,2025-12-13,12,5
2025-12-13 13:00:00+00:00,1,203.92,23.39,2025-12-13,13,5
2025-12-13 14:00:00+00:00,1,217.21,17.52,2025-12-13,14,5
2025-12-13 15:00:00+00:00,1,229.61,9.07,2025-12-13,15,5
2025-12-13 16:00:00+00:00,1,238.12,1.42,2025-12-13,16,5
2025-12-13 17:00:00+00:00,0,247.46,-9.24,2025-12-13,17,5
2025-12-13 18:00:00+00:00,0,256.24,-20.42,2025-12-13,18,5
2025-12-13 19:00:00+00:00,0,265.97,-33.19,2025-12-13,19,5
2025-12-13 20:00:00+00:00,0,275.72,-44.74,2025-12-13,20,5
2025-12-13 21:00:00+00:00,0,288.31,-56.04,2025-12-13,21,5
2025-12-13 22:00:00+00:00,0,308.09,-66.23,2025-12-13,22,5
2025-12-13 23:00:00+00:00,0,224.05,-72.8,2025-12-13,23,5
2025-12-14 00:00:00+00:00,0,29.82,-71.37,2025-12-14,0,6
2025-12-14 01:00:00+00:00,0,59.5,-63.2,2025-12-14,1,6
2025-12-14 02:00:00+00:00,0,76.23,-52.5,2025-12-14,2,6
2025-12-14 03:00:00+00:00,0,87.61,-41.07,2025-12-14,3,6
2025-12-14 04:00:00+00:00,0,96.9,-29.53,2025-12-14,4,6
2025-12-14 05:00:00+00:00,0,105.74,-17.87,2025-12-14,5,6
2025-12-14 06:00:00+00:00,0,113.95,-7.6,2025-12-14,6,6
2025-12-14 07:00:00+00:00,1,123.01,2.51,2025-12-14,7,6
2025-12-14 08:00:00+00:00,1,131.95,10.24,2025-12-14,8,6
2025-12-14 09:00:00+00:00,1,144.93,18.62,2025-12-14,9,6
2025-12-14 10:00:00+00:00,1,158.49,24.09,2025-12-14,10,6
2025-12-14 11:00:00+00:00,1,173.37,26.9,2025-12-14,11,6
2025-12-14 12:00:00+00:00,1,188.15,26.75,2025-12-14,12,6
2025-12-14 13:00:00+00:00,1,202.96,23.65,2025-12-14,13,6
2025-12-14 14:00:00+00:00,1,216.35,17.93,2025-12-14,14,6
2025-12-14 15:00:00+00:00,1,229.06,9.43,2025-12-14,15,6
2025-12-14 16:00:00+00:00,1,237.86,1.6,2025-12-14,16,6
2025-12-14 17:00:00+00:00,0,247.39,-9.24,2025-12-14,17,6
2025-12-14 18:00:00+00:00,0,256.16,-20.41,2025-12-14,18,6
2025-12-14 19:00:00+00:00,0,265.88,-33.19,2025-12-14,19,6
2025-12-14 20:00:00+00:00,0,275.62,-44.73,2025-12-14,20,6
2025-12-14 21:00:00+00:00,0,288.18,-56.04,2025-12-14,21,6
2025-12-14 22:00:00+00:00,0,307.91,-66.24,2025-12-14,22,6
2025-12-14 23:00:00+00:00,0,223.91,-72.84,2025-12-14,23,6
2025-12-15 00:00:00+00:00,0,29.88,-71.43,2025-12-15,0,0
2025-12-15 01:00:00+00:00,0,59.58,-63.24,2025-12-15,1,0
2025-12-15 02:00:00+00:00,0,76.3,-52.53,2025-12-15,2,0
2025-12-15 03:00:00+00:00,0,87.67,-41.1,2025-12-15,3,0
2025-12-15 04:00:00+00:00,0,96.95,-29.56,2025-12-15,4,0
2025-12-15 05:00:00+00:00,0,105.8,-17.88,2025-12-15,5,0
2025-12-15 06:00:00+00:00,0,113.61,-8.08,2025-12-15,6,0
2025-12-15 07:00:00+00:00,1,122.88,2.3,2025-12-15,7,0
2025-12-15 08:00:00+00:00,1,132.03,10.23,2025-12-15,8,0
2025-12-15 09:00:00+00:00,1,145.02,18.61,2025-12-15,9,0
2025-12-15 10:00:00+00:00,1,158.57,24.07,2025-12-15,10,0
2025-12-15 11:00:00+00:00,1,173.43,26.85,2025-12-15,11,0
2025-12-15 12:00:00+00:00,1,188.14,26.7,2025-12-15,12,0
2025-12-15 13:00:00+00:00,1,202.94,23.6,2025-12-15,13,0
2025-12-15 14:00:00+00:00,1,216.32,17.89,2025-12-15,14,0
2025-12-15 15:00:00+00:00,1,229.0,9.42,2025-12-15,15,0
2025-12-15 16:00:00+00:00,1,237.79,1.6,2025-12-15,16,0
2025-12-15 17:00:00+00:00,0,247.32,-9.24,2025-12-15,17,0
2025-12-15 18:00:00+00:00,0,256.09,-20.41,2025-12-15,18,0
2025-12-15 19:00:00+00:00,0,265.81,-33.18,2025-12-15,19,0
2025-12-15 20:00:00+00:00,0,275.53,-44.73,2025-12-15,20,0
2025-12-15 21:00:00+00:00,0,288.07,-56.04,2025-12-15,21,0
2025-12-15 22:00:00+00:00,0,307.77,-66.26,2025-12-15,22,0
2025-12-15 23:00:00+00:00,0,223.81,-72.88,2025-12-15,23,0
2025-12-16 00:00:00+00:00,0,29.94,-71.47,2025-12-16,0,1
2025-12-16 01:00:00+00:00,0,59.66,-63.27,2025-12-16,1,1
2025-12-16 02:00:00+00:00,0,76.36,-52.56,2025-12-16,2,1
2025-12-16 03:00:00+00:00,0,87.72,-41.13,2025-12-16,3,1
2025-12-16 04:00:00+00:00,0,97.0,-29.58,2025-12-16,4,1
2025-12-16 05:00:00+00:00,0,105.85,-17.88,2025-12-16,5,1
2025-12-16 06:00:00+00:00,0,113.67,-8.08,2025-12-16,6,1
2025-12-16 07:00:00+00:00,1,122.95,2.29,2025-12-16,7,1
2025-12-16 08:00:00+00:00,1,131.78,10.0,2025-12-16,8,1
2025-12-16 09:00:00+00:00,1,144.25,18.16,2025-12-16,9,1
2025-12-16 10:00:00+00:00,1,157.7,23.75,2025-12-16,10,1
2025-12-16 11:00:00+00:00,1,172.55,26.72,2025-12-16,11,1
2025-12-16 12:00:00+00:00,1,188.14,26.65,2025-12-16,12,1
2025-12-16 13:00:00+00:00,1,202.92,23.56,2025-12-16,13,1
2025-12-16 14:00:00+00:00,1,216.3,17.85,2025-12-16,14,1
2025-12-16 15:00:00+00:00,1,228.94,9.4,2025-12-16,15,1
2025-12-16 16:00:00+00:00,1,237.72,1.6,2025-12-16,16,1
2025-12-16 17:00:00+00:00,0,247.26,-9.24,2025-12-16,17,1
2025-12-16 18:00:00+00:00,0,256.03,-20.41,2025-12-16,18,1
2025-12-16 19:00:00+00:00,0,265.75,-33.18,2025-12-16,19,1
2025-12-16 20:00:00+00:00,0,275.46,-44.73,2025-12-16,20,1
2025-12-16 21:00:00+00:00,0,287.98,-56.04,2025-12-16,21,1
2025-12-16 22:00:00+00:00,0,307.64,-66.27,2025-12-16,22,1
2025-12-16 23:00:00+00:00,0,223.71,-72.91,2025-12-16,23,1
2025-12-17 00:00:00+00:00,0,30.0,-71.5,2025-12-17,0,2
2025-12-17 01:00:00+00:00,0,59.73,-63.29,2025-12-17,1,2
2025-12-17 02:00:00+00:00,0,76.41,-52.58,2025-12-17,2,2
2025-12-17 03:00:00+00:00,0,87.77,-41.14,2025-12-17,3,2
2025-12-17 04:00:00+00:00,0,97.04,-29.6,2025-12-17,4,2
2025-12-17 05:00:00+00:00,0,105.9,-17.89,2025-12-17,5,2
2025-12-17 06:00:00+00:00,0,113.71,-8.09,2025-12-17,6,2
2025-12-17 07:00:00+00:00,1,122.83,2.14,2025-12-17,7,2
2025-12-17 08:00:00+00:00,1,131.63,9.83,2025-12-17,8,2
2025-12-17 09:00:00+00:00,1,144.31,18.14,2025-12-17,9,2
2025-12-17 10:00:00+00:00,1,157.76,23.73,2025-12-17,10,2
2025-12-17 11:00:00+00:00,1,172.6,26.69,2025-12-17,11,2
2025-12-17 12:00:00+00:00,1,188.13,26.62,2025-12-17,12,2
2025-12-17 13:00:00+00:00,1,202.91,23.52,2025-12-17,13,2
2025-12-17 14:00:00+00:00,1,216.28,17.82,2025-12-17,14,2
2025-12-17 15:00:00+00:00,1,228.9,9.4,2025-12-17,15,2
2025-12-17 16:00:00+00:00,1,237.75,1.54,2025-12-17,16,2
2025-12-17 17:00:00+00:00,0,247.22,-9.24,2025-12-17,17,2
2025-12-17 18:00:00+00:00,0,255.99,-20.41,2025-12-17,18,2
2025-12-17 19:00:00+00:00,0,265.7,-33.18,2025-12-17,19,2
2025-12-17 20:00:00+00:00,0,275.4,-44.73,2025-12-17,20,2
2025-12-17 21:00:00+00:00,0,287.91,-56.04,2025-12-17,21,2
2025-12-17 22:00:00+00:00,0,307.54,-66.28,2025-12-17,22,2
2025-12-17 23:00:00+00:00,0,223.64,-72.94,2025-12-17,23,2
2025-12-18 00:00:00+00:00,0,30.04,-71.53,2025-12-18,0,3
2025-12-18 01:00:00+00:00,0,59.78,-63.32,2025-12-18,1,3
2025-12-18 02:00:00+00:00,0,76.46,-52.6,2025-12-18,2,3
2025-12-18 03:00:00+00:00,0,87.8,-41.16,2025-12-18,3,3
2025-12-18 04:00:00+00:00,0,97.06,-29.62,2025-12-18,4,3
2025-12-18 05:00:00+00:00,0,105.94,-17.9,2025-12-18,5,3
2025-12-18 06:00:00+00:00,0,113.75,-8.09,2025-12-18,6,3
2025-12-18 07:00:00+00:00,1,122.87,2.13,2025-12-18,7,3
2025-12-18 08:00:00+00:00,1,131.67,9.82,2025-12-18,8,3
2025-12-18 09:00:00+00:00,1,144.35,18.14,2025-12-18,9,3
2025-12-18 10:00:00+00:00,1,157.8,23.72,2025-12-18,10,3
2025-12-18 11:00:00+00:00,1,172.64,26.67,2025-12-18,11,3
2025-12-18 12:00:00+00:00,1,188.12,26.59,2025-12-18,12,3
2025-12-18 13:00:00+00:00,1,202.9,23.5,2025-12-18,13,3
2025-12-18 14:00:00+00:00,1,216.26,17.8,2025-12-18,14,3
2025-12-18 15:00:00+00:00,1,228.9,9.36,2025-12-18,15,3
2025-12-18 16:00:00+00:00,1,237.7,1.54,2025-12-18,16,3
2025-12-18 17:00:00+00:00,0,246.61,-8.53,2025-12-18,17,3
2025-12-18 18:00:00+00:00,0,255.12,-19.31,2025-12-18,18,3
2025-12-18 19:00:00+00:00,0,265.66,-33.17,2025-12-18,19,3
2025-12-18 20:00:00+00:00,0,275.36,-44.72,2025-12-18,20,3
2025-12-18 21:00:00+00:00,0,287.84,-56.04,2025-12-18,21,3
2025-12-18 22:00:00+00:00,0,307.46,-66.28,2025-12-18,22,3
2025-12-18 23:00:00+00:00,0,223.58,-72.96,2025-12-18,23,3
2025-12-19 00:00:00+00:00,0,30.08,-71.56,2025-12-19,0,4
2025-12-19 01:00:00+00:00,0,59.82,-63.33,2025-12-19,1,4
2025-12-19 02:00:00+00:00,0,76.49,-52.61,2025-12-19,2,4
2025-12-19 03:00:00+00:00,0,87.83,-41.17,2025-12-19,3,4
2025-12-19 04:00:00+00:00,0,97.09,-29.63,2025-12-19,4,4
2025-12-19 05:00:00+00:00,0,105.96,-17.9,2025-12-19,5,4
2025-12-19 06:00:00+00:00,0,113.78,-8.09,2025-12-19,6,4
2025-12-19 07:00:00+00:00,1,122.9,2.13,2025-12-19,7,4
2025-12-19 08:00:00+00:00,1,131.7,9.82,2025-12-19,8,4
2025-12-19 09:00:00+00:00,1,144.39,18.13,2025-12-19,9,4
2025-12-19 10:00:00+00:00,1,157.84,23.71,2025-12-19,10,4
2025-12-19 11:00:00+00:00,1,172.67,26.65,2025-12-19,11,4
2025-12-19 12:00:00+00:00,1,188.12,26.57,2025-12-19,12,4
2025-12-19 13:00:00+00:00,1,202.89,23.48,2025-12-19,13,4
2025-12-19 14:00:00+00:00,1,216.26,17.78,2025-12-19,14,4
2025-12-19 15:00:00+00:00,1,228.88,9.35,2025-12-19,15,4
2025-12-19 16:00:00+00:00,1,237.47,1.77,2025-12-19,16,4
2025-12-19 17:00:00+00:00,0,246.17,-8.04,2025-12-19,17,4
2025-12-19 18:00:00+00:00,0,255.09,-19.31,2025-12-19,18,4
2025-12-19 19:00:00+00:00,0,265.63,-33.17,2025-12-19,19,4
2025-12-19 20:00:00+00:00,0,275.32,-44.72,2025-12-19,20,4
2025-12-19 21:00:00+00:00,0,287.81,-56.04,2025-12-19,21,4
2025-12-19 22:00:00+00:00,0,307.41,-66.28,2025-12-19,22,4
2025-12-19 23:00:00+00:00,0,223.53,-72.97,2025-12-19,23,4
2025-12-20 00:00:00+00:00,0,30.09,-71.57,2025-12-20,0,5
2025-12-20 01:00:00+00:00,0,59.84,-63.35,2025-12-20,1,5
2025-12-20 02:00:00+00:00,0,76.51,-52.62,2025-12-20,2,5
2025-12-20 03:00:00+00:00,0,87.85,-41.18,2025-12-20,3,5
2025-12-20 04:00:00+00:00,0,97.1,-29.64,2025-12-20,4,5
2025-12-20 05:00:00+00:00,0,105.98,-17.9,2025-12-20,5,5
2025-12-20 06:00:00+00:00,0,113.8,-8.09,2025-12-20,6,5
2025-12-20 07:00:00+00:00,1,122.75,1.97,2025-12-20,7,5
2025-12-20 08:00:00+00:00,1,131.52,9.66,2025-12-20,8,5
2025-12-20 09:00:00+00:00,1,144.41,18.13,2025-12-20,9,5
2025-12-20 10:00:00+00:00,1,157.86,23.7,2025-12-20,10,5
2025-12-20 11:00:00+00:00,1,172.69,26.64,2025-12-20,11,5
2025-12-20 12:00:00+00:00,1,188.12,26.56,2025-12-20,12,5
2025-12-20 13:00:00+00:00,1,202.88,23.47,2025-12-20,13,5
2025-12-20 14:00:00+00:00,1,216.25,17.77,2025-12-20,14,5
2025-12-20 15:00:00+00:00,1,228.86,9.35,2025-12-20,15,5
2025-12-20 16:00:00+00:00,1,237.45,1.77,2025-12-20,16,5
2025-12-20 17:00:00+00:00,0,246.15,-8.04,2025-12-20,17,5
2025-12-20 18:00:00+00:00,0,255.08,-19.31,2025-12-20,18,5
2025-12-20 19:00:00+00:00,0,265.61,-33.17,2025-12-20,19,5
2025-12-20 20:00:00+00:00,0,275.3,-44.72,2025-12-20,20,5
2025-12-20 21:00:00+00:00,0,287.79,-56.04,2025-12-20,21,5
2025-12-20 22:00:00+00:00,0,307.38,-66.29,2025-12-20,22,5
2025-12-20 23:00:00+00:00,0,223.52,-72.97,2025-12-20,23,5
2025-12-21 00:00:00+00:00,0,30.11,-71.58,2025-12-21,0,6
2025-12-21 01:00:00+00:00,0,59.86,-63.35,2025-12-21,1,6
2025-12-21 02:00:00+00:00,0,76.52,-52.62,2025-12-21,2,6
2025-12-21 03:00:00+00:00,0,87.86,-41.19,2025-12-21,3,6
2025-12-21 04:00:00+00:00,0,97.11,-29.65,2025-12-21,4,6
2025-12-21 05:00:00+00:00,0,105.99,-17.9,2025-12-21,5,6
2025-12-21 06:00:00+00:00,0,113.81,-8.09,2025-12-21,6,6
2025-12-21 07:00:00+00:00,1,122.76,1.97,2025-12-21,7,6
2025-12-21 08:00:00+00:00,1,131.54,9.66,2025-12-21,8,6
2025-12-21 09:00:00+00:00,1,144.43,18.13,2025-12-21,9,6
2025-12-21 10:00:00+00:00,1,157.87,23.7,2025-12-21,10,6
2025-12-21 11:00:00+00:00,1,172.7,26.63,2025-12-21,11,6
2025-12-21 12:00:00+00:00,1,188.12,26.55,2025-12-21,12,6
2025-12-21 13:00:00+00:00,1,202.88,23.46,2025-12-21,13,6
2025-12-21 14:00:00+00:00,1,216.25,17.77,2025-12-21,14,6
2025-12-21 15:00:00+00:00,1,228.66,9.51,2025-12-21,15,6
2025-12-21 16:00:00+00:00,1,237.28,1.93,2025-12-21,16,6
2025-12-21 17:00:00+00:00,0,246.15,-8.04,2025-12-21,17,6
2025-12-21 18:00:00+00:00,0,255.08,-19.31,2025-12-21,18,6
2025-12-21 19:00:00+00:00,0,265.61,-33.17,2025-12-21,19,6
2025-12-21 20:00:00+00:00,0,275.3,-44.72,2025-12-21,20,6
2025-12-21 21:00:00+00:00,0,287.78,-56.04,2025-12-21,21,6
2025-12-21 22:00:00+00:00,0,307.37,-66.29,2025-12-21,22,6
2025-12-21 23:00:00+00:00,0,335.16,-72.48,2025-12-21,23,6
2025-12-22 00:00:00+00:00,0,15.86,-73.06,2025-12-22,0,0
2025-12-22 01:00:00+00:00,0,51.93,-66.53,2025-12-22,1,0
2025-12-22 02:00:00+00:00,0,71.82,-56.33,2025-12-22,2,0
2025-12-22 03:00:00+00:00,0,84.41,-45.03,2025-12-22,3,0
2025-12-22 04:00:00+00:00,0,94.15,-33.48,2025-12-22,4,0
2025-12-22 05:00:00+00:00,0,104.79,-19.49,2025-12-22,5,0
2025-12-22 06:00:00+00:00,0,113.37,-8.61,2025-12-22,6,0
2025-12-22 07:00:00+00:00,1,122.55,1.75,2025-12-22,7,0
2025-12-22 08:00:00+00:00,1,131.53,9.66,2025-12-22,8,0
2025-12-22 09:00:00+00:00,1,144.42,18.13,2025-12-22,9,0
2025-12-22 10:00:00+00:00,1,157.87,23.7,2025-12-22,10,0
2025-12-22 11:00:00+00:00,1,172.18,26.6,2025-12-22,11,0
2025-12-22 12:00:00+00:00,1,187.1,26.66,2025-12-22,12,0
2025-12-22 13:00:00+00:00,1,201.94,23.76,2025-12-22,13,0
2025-12-22 14:00:00+00:00,1,215.41,18.22,2025-12-22,14,0
2025-12-22 15:00:00+00:00,1,228.36,9.74,2025-12-22,15,0
2025-12-22 16:00:00+00:00,1,237.28,1.93,2025-12-22,16,0
2025-12-22 17:00:00+00:00,0,246.15,-8.04,2025-12-22,17,0
2025-12-22 18:00:00+00:00,0,255.08,-19.31,2025-12-22,18,0
2025-12-22 19:00:00+00:00,0,265.62,-33.17,2025-12-22,19,0
2025-12-22 20:00:00+00:00,0,275.31,-44.72,2025-12-22,20,0
2025-12-22 21:00:00+00:00,0,287.79,-56.04,2025-12-22,21,0
2025-12-22 22:00:00+00:00,0,307.39,-66.28,2025-12-22,22,0
2025-12-22 23:00:00+00:00,0,335.18,-72.48,2025-12-22,23,0
2025-12-23 00:00:00+00:00,0,15.84,-73.06,2025-12-23,0,1
2025-12-23 01:00:00+00:00,0,51.91,-66.53,2025-12-23,1,1
2025-12-23 02:00:00+00:00,0,71.8,-56.33,2025-12-23,2,1
2025-12-23 03:00:00+00:00,0,84.4,-45.03,2025-12-23,3,1
2025-12-23 04:00:00+00:00,0,94.14,-33.48,2025-12-23,4,1
2025-12-23 05:00:00+00:00,0,104.78,-19.49,2025-12-23,5,1
2025-12-23 06:00:00+00:00,0,113.36,-8.61,2025-12-23,6,1
2025-12-23 07:00:00+00:00,1,122.54,1.75,2025-12-23,7,1
2025-12-23 08:00:00+00:00,1,131.23,9.44,2025-12-23,8,1
2025-12-23 09:00:00+00:00,1,143.57,17.68,2025-12-23,9,1
2025-12-23 10:00:00+00:00,1,156.91,23.41,2025-12-23,10,1
2025-12-23 11:00:00+00:00,1,171.66,26.54,2025-12-23,11,1
2025-12-23 12:00:00+00:00,1,187.11,26.67,2025-12-23,12,1
2025-12-23 13:00:00+00:00,1,201.94,23.77,2025-12-23,13,1
2025-12-23 14:00:00+00:00,1,215.42,18.23,2025-12-23,14,1
2025-12-23 15:00:00+00:00,1,228.37,9.74,2025-12-23,15,1
2025-12-23 16:00:00+00:00,1,237.3,1.93,2025-12-23,16,1
2025-12-23 17:00:00+00:00,0,246.17,-8.04,2025-12-23,17,1
2025-12-23 18:00:00+00:00,0,255.1,-19.31,2025-12-23,18,1
2025-12-23 19:00:00+00:00,0,265.64,-33.17,2025-12-23,19,1
2025-12-23 20:00:00+00:00,0,275.33,-44.72,2025-12-23,20,1
2025-12-23 21:00:00+00:00,0,287.82,-56.04,2025-12-23,21,1
2025-12-23 22:00:00+00:00,0,307.43,-66.28,2025-12-23,22,1
2025-12-23 23:00:00+00:00,0,335.22,-72.47,2025-12-23,23,1
2025-12-24 00:00:00+00:00,0,15.84,-73.04,2025-12-24,0,2
2025-12-24 01:00:00+00:00,0,51.88,-66.51,2025-12-24,1,2
2025-12-24 02:00:00+00:00,0,71.78,-56.32,2025-12-24,2,2
2025-12-24 03:00:00+00:00,0,84.38,-45.02,2025-12-24,3,2
2025-12-24 04:00:00+00:00,0,94.12,-33.47,2025-12-24,4,2
2025-12-24 05:00:00+00:00,0,104.76,-19.48,2025-12-24,5,2
2025-12-24 06:00:00+00:00,0,113.34,-8.61,2025-12-24,6,2
2025-12-24 07:00:00+00:00,1,122.34,1.59,2025-12-24,7,2
2025-12-24 08:00:00+00:00,1,131.01,9.29,2025-12-24,8,2
2025-12-24 09:00:00+00:00,1,143.54,17.68,2025-12-24,9,2
2025-12-24 10:00:00+00:00,1,156.88,23.42,2025-12-24,10,2
2025-12-24 11:00:00+00:00,1,171.64,26.56,2025-12-24,11,2
2025-12-24 12:00:00+00:00,1,187.1,26.69,2025-12-24,12,2
2025-12-24 13:00:00+00:00,1,201.95,23.79,2025-12-24,13,2
2025-12-24 14:00:00+00:00,1,215.42,18.25,2025-12-24,14,2
2025-12-24 15:00:00+00:00,1,228.19,9.92,2025-12-24,15,2
2025-12-24 16:00:00+00:00,1,237.17,2.08,2025-12-24,16,2
2025-12-24 17:00:00+00:00,0,246.2,-8.04,2025-12-24,17,2
2025-12-24 18:00:00+00:00,0,255.13,-19.31,2025-12-24,18,2
2025-12-24 19:00:00+00:00,0,265.67,-33.18,2025-12-24,19,2
2025-12-24 20:00:00+00:00,0,275.38,-44.72,2025-12-24,20,2
2025-12-24 21:00:00+00:00,0,287.87,-56.04,2025-12-24,21,2
2025-12-24 22:00:00+00:00,0,307.5,-66.28,2025-12-24,22,2
2025-12-24 23:00:00+00:00,0,335.29,-72.46,2025-12-24,23,2
2025-12-25 00:00:00+00:00,0,15.83,-73.02,2025-12-25,0,3
2025-12-25 01:00:00+00:00,0,51.85,-66.5,2025-12-25,1,3
2025-12-25 02:00:00+00:00,0,71.75,-56.3,2025-12-25,2,3
2025-12-25 03:00:00+00:00,0,84.35,-45.01,2025-12-25,3,3
2025-12-25 04:00:00+00:00,0,94.1,-33.46,2025-12-25,4,3
2025-12-25 05:00:00+00:00,0,104.73,-19.47,2025-12-25,5,3
2025-12-25 06:00:00+00:00,0,113.3,-8.61,2025-12-25,6,3
2025-12-25 07:00:00+00:00,1,122.31,1.59,2025-12-25,7,3
2025-12-25 08:00:00+00:00,1,130.98,9.29,2025-12-25,8,3
2025-12-25 09:00:00+00:00,1,143.5,17.69,2025-12-25,9,3
2025-12-25 10:00:00+00:00,1,156.84,23.43,2025-12-25,10,3
2025-12-25 11:00:00+00:00,1,171.6,26.58,2025-12-25,11,3
2025-12-25 12:00:00+00:00,1,187.11,26.71,2025-12-25,12,3
2025-12-25 13:00:00+00:00,1,201.96,23.81,2025-12-25,13,3
2025-12-25 14:00:00+00:00,1,215.44,18.27,2025-12-25,14,3
2025-12-25 15:00:00+00:00,1,228.21,9.94,2025-12-25,15,3
2025-12-25 16:00:00+00:00,1,237.21,2.08,2025-12-25,16,3
2025-12-25 17:00:00+00:00,0,246.24,-8.04,2025-12-25,17,3
2025-12-25 18:00:00+00:00,0,253.99,-17.76,2025-12-25,18,3
2025-12-25 19:00:00+00:00,0,262.76,-29.34,2025-12-25,19,3
2025-12-25 20:00:00+00:00,0,271.99,-40.88,2025-12-25,20,3
2025-12-25 21:00:00+00:00,0,283.27,-52.33,2025-12-25,21,3
2025-12-25 22:00:00+00:00,0,299.77,-63.07,2025-12-25,22,3
2025-12-25 23:00:00+00:00,0,329.09,-71.38,2025-12-25,23,3
2025-12-26 00:00:00+00:00,0,15.79,-72.99,2025-12-26,0,4
2025-12-26 01:00:00+00:00,0,51.79,-66.48,2025-12-26,1,4
2025-12-26 02:00:00+00:00,0,71.7,-56.29,2025-12-26,2,4
2025-12-26 03:00:00+00:00,0,84.31,-44.99,2025-12-26,3,4
2025-12-26 04:00:00+00:00,0,94.06,-33.44,2025-12-26,4,4
2025-12-26 05:00:00+00:00,0,104.7,-19.47,2025-12-26,5,4
2025-12-26 06:00:00+00:00,0,113.26,-8.61,2025-12-26,6,4
2025-12-26 07:00:00+00:00,1,122.26,1.59,2025-12-26,7,4
2025-12-26 08:00:00+00:00,1,130.9,9.26,2025-12-26,8,4
2025-12-26 09:00:00+00:00,1,143.44,17.7,2025-12-26,9,4
2025-12-26 10:00:00+00:00,1,156.78,23.45,2025-12-26,10,4
2025-12-26 11:00:00+00:00,1,171.55,26.61,2025-12-26,11,4
2025-12-26 12:00:00+00:00,1,187.12,26.75,2025-12-26,12,4
2025-12-26 13:00:00+00:00,1,201.97,23.85,2025-12-26,13,4
2025-12-26 14:00:00+00:00,1,215.46,18.3,2025-12-26,14,4
2025-12-26 15:00:00+00:00,1,228.26,9.95,2025-12-26,15,4
2025-12-26 16:00:00+00:00,1,237.17,2.16,2025-12-26,16,4
2025-12-26 17:00:00+00:00,0,246.29,-8.04,2025-12-26,17,4
2025-12-26 18:00:00+00:00,0,254.04,-17.76,2025-12-26,18,4
2025-12-26 19:00:00+00:00,0,262.81,-29.34,2025-12-26,19,4
2025-12-26 20:00:00+00:00,0,272.05,-40.89,2025-12-26,20,4
2025-12-26 21:00:00+00:00,0,283.35,-52.33,2025-12-26,21,4
2025-12-26 22:00:00+00:00,0,299.87,-63.06,2025-12-26,22,4
2025-12-26 23:00:00+00:00,0,329.2,-71.36,2025-12-26,23,4
2025-12-27 00:00:00+00:00,0,15.77,-72.95,2025-12-27,0,5
2025-12-27 01:00:00+00:00,0,51.73,-66.45,2025-12-27,1,5
2025-12-27 02:00:00+00:00,0,71.65,-56.26,2025-12-27,2,5
2025-12-27 03:00:00+00:00,0,84.27,-44.97,2025-12-27,3,5
2025-12-27 04:00:00+00:00,0,94.02,-33.42,2025-12-27,4,5
2025-12-27 05:00:00+00:00,0,103.81,-20.56,2025-12-27,5,5
2025-12-27 06:00:00+00:00,0,112.63,-9.32,2025-12-27,6,5
2025-12-27 07:00:00+00:00,1,122.21,1.59,2025-12-27,7,5
2025-12-27 08:00:00+00:00,1,130.84,9.27,2025-12-27,8,5
2025-12-27 09:00:00+00:00,1,143.37,17.71,2025-12-27,9,5
2025-12-27 10:00:00+00:00,1,156.71,23.47,2025-12-27,10,5
2025-12-27 11:00:00+00:00,1,171.48,26.64,2025-12-27,11,5
2025-12-27 12:00:00+00:00,1,187.12,26.79,2025-12-27,12,5
2025-12-27 13:00:00+00:00,1,201.99,23.89,2025-12-27,13,5
2025-12-27 14:00:00+00:00,1,215.48,18.34,2025-12-27,14,5
2025-12-27 15:00:00+00:00,1,228.1,10.13,2025-12-27,15,5
2025-12-27 16:00:00+00:00,1,236.86,2.54,2025-12-27,16,5
2025-12-27 17:00:00+00:00,0,245.95,-7.58,2025-12-27,17,5
2025-12-27 18:00:00+00:00,0,254.1,-17.76,2025-12-27,18,5
2025-12-27 19:00:00+00:00,0,262.87,-29.35,2025-12-27,19,5
2025-12-27 20:00:00+00:00,0,272.13,-40.89,2025-12-27,20,5
2025-12-27 21:00:00+00:00,0,283.44,-52.33,2025-12-27,21,5
2025-12-27 22:00:00+00:00,0,299.99,-63.06,2025-12-27,22,5
2025-12-27 23:00:00+00:00,0,329.36,-71.33,2025-12-27,23,5
2025-12-28 00:00:00+00:00,0,15.73,-72.91,2025-12-28,0,6
2025-12-28 01:00:00+00:00,0,51.66,-66.41,2025-12-28,1,6
2025-12-28 02:00:00+00:00,0,71.58,-56.24,2025-12-28,2,6
2025-12-28 03:00:00+00:00,0,84.21,-44.94,2025-12-28,3,6
2025-12-28 04:00:00+00:00,0,93.97,-33.39,2025-12-28,4,6
2025-12-28 05:00:00+00:00,0,103.76,-20.55,2025-12-28,5,6
2025-12-28 06:00:00+00:00,0,112.57,-9.32,2025-12-28,6,6
2025-12-28 07:00:00+00:00,1,122.14,1.59,2025-12-28,7,6
2025-12-28 08:00:00+00:00,1,130.77,9.27,2025-12-28,8,6
2025-12-28 09:00:00+00:00,1,143.3,17.72,2025-12-28,9,6
2025-12-28 10:00:00+00:00,1,156.64,23.5,2025-12-28,10,6
2025-12-28 11:00:00+00:00,1,171.41,26.68,2025-12-28,11,6
2025-12-28 12:00:00+00:00,1,186.65,26.87,2025-12-28,12,6
2025-12-28 13:00:00+00:00,1,202.0,23.93,2025-12-28,13,6
2025-12-28 14:00:00+00:00,1,215.5,18.38,2025-12-28,14,6
2025-12-28 15:00:00+00:00,1,228.16,10.14,2025-12-28,15,6
2025-12-28 16:00:00+00:00,1,236.94,2.53,2025-12-28,16,6
2025-12-28 17:00:00+00:00,0,246.02,-7.58,2025-12-28,17,6
2025-12-28 18:00:00+00:00,0,254.16,-17.76,2025-12-28,18,6
2025-12-28 19:00:00+00:00,0,262.94,-29.35,2025-12-28,19,6
2025-12-28 20:00:00+00:00,0,272.21,-40.89,2025-12-28,20,6
2025-12-28 21:00:00+00:00,0,283.54,-52.33,2025-12-28,21,6
2025-12-28 22:00:00+00:00,0,300.13,-63.05,2025-12-28,22,6
2025-12-28 23:00:00+00:00,0,329.54,-71.3,2025-12-28,23,6
2025-12-29 00:00:00+00:00,0,15.69,-72.86,2025-12-29,0,0
2025-12-29 01:00:00+00:00,0,51.57,-66.37,2025-12-29,1,0
2025-12-29 02:00:00+00:00,0,71.5,-56.2,2025-12-29,2,0
2025-12-29 03:00:00+00:00,0,84.15,-44.91,2025-12-29,3,0
2025-12-29 04:00:00+00:00,0,93.92,-33.36,2025-12-29,4,0
2025-12-29 05:00:00+00:00,0,103.7,-20.53,2025-12-29,5,0
2025-12-29 06:00:00+00:00,0,112.5,-9.32,2025-12-29,6,0
2025-12-29 07:00:00+00:00,1,122.06,1.6,2025-12-29,7,0
2025-12-29 08:00:00+00:00,1,130.68,9.28,2025-12-29,8,0
2025-12-29 09:00:00+00:00,1,143.2,17.74,2025-12-29,9,0
2025-12-29 10:00:00+00:00,1,156.55,23.53,2025-12-29,10,0
2025-12-29 11:00:00+00:00,1,171.33,26.73,2025-12-29,11,0
2025-12-29 12:00:00+00:00,1,186.66,26.92,2025-12-29,12,0
2025-12-29 13:00:00+00:00,1,202.03,23.99,2025-12-29,13,0
2025-12-29 14:00:00+00:00,1,215.54,18.43,2025-12-29,14,0
2025-12-29 15:00:00+00:00,1,228.23,10.16,2025-12-29,15,0
2025-12-29 16:00:00+00:00,1,237.03,2.53,2025-12-29,16,0
2025-12-29 17:00:00+00:00,0,246.1,-7.58,2025-12-29,17,0
2025-12-29 18:00:00+00:00,0,254.24,-17.76,2025-12-29,18,0
2025-12-29 19:00:00+00:00,0,263.03,-29.35,2025-12-29,19,0
2025-12-29 20:00:00+00:00,0,272.31,-40.9,2025-12-29,20,0
2025-12-29 21:00:00+00:00,0,283.67,-52.33,2025-12-29,21,0
2025-12-29 22:00:00+00:00,0,300.3,-63.04,2025-12-29,22,0
2025-12-29 23:00:00+00:00,0,329.74,-71.26,2025-12-29,23,0
2025-12-30 00:00:00+00:00,0,15.65,-72.8,2025-12-30,0,1
2025-12-30 01:00:00+00:00,0,51.47,-66.32,2025-12-30,1,1
2025-12-30 02:00:00+00:00,0,71.41,-56.16,2025-12-30,2,1
2025-12-30 03:00:00+00:00,0,84.07,-44.88,2025-12-30,3,1
2025-12-30 04:00:00+00:00,0,93.86,-33.33,2025-12-30,4,1
2025-12-30 05:00:00+00:00,0,103.63,-20.52,2025-12-30,5,1
2025-12-30 06:00:00+00:00,0,112.42,-9.32,2025-12-30,6,1
2025-12-30 07:00:00+00:00,1,121.98,1.6,2025-12-30,7,1
2025-12-30 08:00:00+00:00,1,130.59,9.29,2025-12-30,8,1
2025-12-30 09:00:00+00:00,1,143.1,17.75,2025-12-30,9,1
2025-12-30 10:00:00+00:00,1,156.44,23.57,2025-12-30,10,1
2025-12-30 11:00:00+00:00,1,171.23,26.79,2025-12-30,11,1
2025-12-30 12:00:00+00:00,1,186.15,27.05,2025-12-30,12,1
2025-12-30 13:00:00+00:00,1,201.09,24.33,2025-12-30,13,1
2025-12-30 14:00:00+00:00,1,214.72,18.93,2025-12-30,14,1
2025-12-30 15:00:00+00:00,1,227.78,10.58,2025-12-30,15,1
2025-12-30 16:00:00+00:00,1,236.96,2.68,2025-12-30,16,1
2025-12-30 17:00:00+00:00,0,246.19,-7.58,2025-12-30,17,1
2025-12-30 18:00:00+00:00,0,254.33,-17.76,2025-12-30,18,1
2025-12-30 19:00:00+00:00,0,263.12,-29.36,2025-12-30,19,1
2025-12-30 20:00:00+00:00,0,272.42,-40.9,2025-12-30,20,1
2025-12-30 21:00:00+00:00,0,283.81,-52.33,2025-12-30,21,1
2025-12-30 22:00:00+00:00,0,300.49,-63.02,2025-12-30,22,1
2025-12-30 23:00:00+00:00,0,329.96,-71.22,2025-12-30,23,1
2025-12-31 00:00:00+00:00,0,15.6,-72.73,2025-12-31,0,2
2025-12-31 01:00:00+00:00,0,51.35,-66.27,2025-12-31,1,2
2025-12-31 02:00:00+00:00,0,71.31,-56.12,2025-12-31,2,2
2025-12-31 03:00:00+00:00,0,83.99,-44.84,2025-12-31,3,2
2025-12-31 04:00:00+00:00,0,93.78,-33.29,2025-12-31,4,2
2025-12-31 05:00:00+00:00,0,103.55,-20.49,2025-12-31,5,2
2025-12-31 06:00:00+00:00,0,112.32,-9.32,2025-12-31,6,2
2025-12-31 07:00:00+00:00,1,121.71,1.44,2025-12-31,7,2
2025-12-31 08:00:00+00:00,1,130.29,9.13,2025-12-31,8,2
2025-12-31 09:00:00+00:00,1,142.97,17.77,2025-12-31,9,2
2025-12-31 10:00:00+00:00,1,156.32,23.61,2025-12-31,10,2
2025-12-31 11:00:00+00:00,1,171.12,26.85,2025-12-31,11,2
2025-12-31 12:00:00+00:00,1,186.15,27.12,2025-12-31,12,2
2025-12-31 13:00:00+00:00,1,201.11,24.4,2025-12-31,13,2
2025-12-31 14:00:00+00:00,1,214.76,19.0,2025-12-31,14,2
2025-12-31 15:00:00+00:00,1,227.86,10.61,2025-12-31,15,2
2025-12-31 16:00:00+00:00,1,237.08,2.67,2025-12-31,16,2
2025-12-31 17:00:00+00:00,0,246.29,-7.58,2025-12-31,17,2
2025-12-31 18:00:00+00:00,0,254.43,-17.76,2025-12-31,18,2
2025-12-31 19:00:00+00:00,0,263.24,-29.36,2025-12-31,19,2
2025-12-31 20:00:00+00:00,0,272.55,-40.9,2025-12-31,20,2
2025-12-31 21:00:00+00:00,0,283.96,-52.33,2025-12-31,21,2
2025-12-31 22:00:00+00:00,0,300.69,-63.01,2025-12-31,22,2
2025-12-31 23:00:00+00:00,0,330.21,-71.17,2025-12-31,23,2
2026-01-01 00:00:00+00:00,0,15.54,-72.65,2026-01-01,0,3
2026-01-01 01:00:00+00:00,0,51.22,-66.21,2026-01-01,1,3
2026-01-01 02:00:00+00:00,0,71.2,-56.08,2026-01-01,2,3
2026-01-01 03:00:00+00:00,0,83.9,-44.8,2026-01-01,3,3
2026-01-01 04:00:00+00:00,0,93.71,-33.25,2026-01-01,4,3
2026-01-01 05:00:00+00:00,0,103.46,-20.47,2026-01-01,5,3
2026-01-01 06:00:00+00:00,0,112.22,-9.32,2026-01-01,6,3
2026-01-01 07:00:00+00:00,1,121.6,1.44,2026-01-01,7,3
2026-01-01 08:00:00+00:00,1,130.17,9.14,2026-01-01,8,3
2026-01-01 09:00:00+00:00,1,142.84,17.79,2026-01-01,9,3
2026-01-01 10:00:00+00:00,1,156.19,23.65,2026-01-01,10,3
2026-01-01 11:00:00+00:00,1,171.0,26.92,2026-01-01,11,3
2026-01-01 12:00:00+00:00,1,186.15,27.2,2026-01-01,12,3
2026-01-01 13:00:00+00:00,1,201.14,24.48,2026-01-01,13,3
2026-01-01 14:00:00+00:00,1,214.8,19.07,2026-01-01,14,3
2026-01-01 15:00:00+00:00,1,227.73,10.82,2026-01-01,15,3
2026-01-01 16:00:00+00:00,1,236.84,3.02,2026-01-01,16,3
2026-01-01 17:00:00+00:00,0,245.51,-6.51,2026-01-01,17,3
2026-01-01 18:00:00+00:00,0,253.87,-16.91,2026-01-01,18,3
2026-01-01 19:00:00+00:00,0,263.35,-29.36,2026-01-01,19,3
2026-01-01 20:00:00+00:00,0,272.68,-40.91,2026-01-01,20,3
2026-01-01 21:00:00+00:00,0,284.13,-52.33,2026-01-01,21,3
2026-01-01 22:00:00+00:00,0,300.92,-63.0,2026-01-01,22,3
2026-01-01 23:00:00+00:00,0,330.49,-71.12,2026-01-01,23,3
2026-01-02 00:00:00+00:00,0,15.48,-72.58,2026-01-02,0,4
2026-01-02 01:00:00+00:00,0,51.09,-66.15,2026-01-02,1,4
2026-01-02 02:00:00+00:00,0,71.07,-56.02,2026-01-02,2,4
2026-01-02 03:00:00+00:00,0,83.79,-44.75,2026-01-02,3,4
2026-01-02 04:00:00+00:00,0,93.62,-33.2,2026-01-02,4,4
2026-01-02 05:00:00+00:00,0,103.36,-20.45,2026-01-02,5,4
2026-01-02 06:00:00+00:00,0,112.11,-9.32,2026-01-02,6,4
2026-01-02 07:00:00+00:00,1,121.48,1.45,2026-01-02,7,4
2026-01-02 08:00:00+00:00,1,130.04,9.15,2026-01-02,8,4
2026-01-02 09:00:00+00:00,1,142.7,17.81,2026-01-02,9,4
2026-01-02 10:00:00+00:00,1,156.05,23.69,2026-01-02,10,4
2026-01-02 11:00:00+00:00,1,170.86,26.99,2026-01-02,11,4
2026-01-02 12:00:00+00:00,1,186.16,27.29,2026-01-02,12,4
2026-01-02 13:00:00+00:00,1,201.17,24.57,2026-01-02,13,4
2026-01-02 14:00:00+00:00,1,214.85,19.14,2026-01-02,14,4
2026-01-02 15:00:00+00:00,1,227.83,10.86,2026-01-02,15,4
2026-01-02 16:00:00+00:00,1,236.98,3.01,2026-01-02,16,4
2026-01-02 17:00:00+00:00,0,245.63,-6.51,2026-01-02,17,4
2026-01-02 18:00:00+00:00,0,253.99,-16.91,2026-01-02,18,4
2026-01-02 19:00:00+00:00,0,263.48,-29.37,2026-01-02,19,4
2026-01-02 20:00:00+00:00,0,272.83,-40.91,2026-01-02,20,4
2026-01-02 21:00:00+00:00,0,284.32,-52.33,2026-01-02,21,4
2026-01-02 22:00:00+00:00,0,301.17,-62.98,2026-01-02,22,4
2026-01-02 23:00:00+00:00,0,330.79,-71.06,2026-01-02,23,4
2026-01-03 00:00:00+00:00,0,15.41,-72.49,2026-01-03,0,5
2026-01-03 01:00:00+00:00,0,50.94,-66.08,2026-01-03,1,5
2026-01-03 02:00:00+00:00,0,70.94,-55.96,2026-01-03,2,5
2026-01-03 03:00:00+00:00,0,83.68,-44.7,2026-01-03,3,5
2026-01-03 04:00:00+00:00,0,93.53,-33.15,2026-01-03,4,5
2026-01-03 05:00:00+00:00,0,103.26,-20.42,2026-01-03,5,5
2026-01-03 06:00:00+00:00,0,111.99,-9.31,2026-01-03,6,5
2026-01-03 07:00:00+00:00,1,121.36,1.45,2026-01-03,7,5
2026-01-03 08:00:00+00:00,1,129.91,9.16,2026-01-03,8,5
2026-01-03 09:00:00+00:00,1,142.55,17.83,2026-01-03,9,5
2026-01-03 10:00:00+00:00,1,155.9,23.74,2026-01-03,10,5
2026-01-03 11:00:00+00:00,1,170.73,27.07,2026-01-03,11,5
2026-01-03 12:00:00+00:00,1,186.16,27.38,2026-01-03,12,5
2026-01-03 13:00:00+00:00,1,201.21,24.66,2026-01-03,13,5
2026-01-03 14:00:00+00:00,1,214.9,19.23,2026-01-03,14,5
2026-01-03 15:00:00+00:00,1,227.7,11.08,2026-01-03,15,5
2026-01-03 16:00:00+00:00,1,236.96,3.16,2026-01-03,16,5
2026-01-03 17:00:00+00:00,0,245.76,-6.51,2026-01-03,17,5
2026-01-03 18:00:00+00:00,0,254.12,-16.91,2026-01-03,18,5
2026-01-03 19:00:00+00:00,0,263.62,-29.37,2026-01-03,19,5
2026-01-03 20:00:00+00:00,0,272.99,-40.91,2026-01-03,20,5
2026-01-03 21:00:00+00:00,0,284.51,-52.33,2026-01-03,21,5
2026-01-03 22:00:00+00:00,0,301.44,-62.96,2026-01-03,22,5
2026-01-03 23:00:00+00:00,0,331.11,-71.0,2026-01-03,23,5
2026-01-04 00:00:00+00:00,0,15.34,-72.39,2026-01-04,0,6
2026-01-04 01:00:00+00:00,0,50.78,-66.0,2026-01-04,1,6
2026-01-04 02:00:00+00:00,0,70.8,-55.9,2026-01-04,2,6
2026-01-04 03:00:00+00:00,0,83.57,-44.64,2026-01-04,3,6
2026-01-04 04:00:00+00:00,0,93.42,-33.09,2026-01-04,4,6
2026-01-04 05:00:00+00:00,0,103.15,-20.39,2026-01-04,5,6
2026-01-04 06:00:00+00:00,0,111.85,-9.31,2026-01-04,6,6
2026-01-04 07:00:00+00:00,1,121.22,1.46,2026-01-04,7,6
2026-01-04 08:00:00+00:00,1,129.75,9.17,2026-01-04,8,6
2026-01-04 09:00:00+00:00,1,142.38,17.86,2026-01-04,9,6
2026-01-04 10:00:00+00:00,1,155.73,23.8,2026-01-04,10,6
2026-01-04 11:00:00+00:00,1,170.57,27.15,2026-01-04,11,6
2026-01-04 12:00:00+00:00,1,186.16,27.49,2026-01-04,12,6
2026-01-04 13:00:00+00:00,1,201.24,24.75,2026-01-04,13,6
2026-01-04 14:00:00+00:00,1,214.95,19.32,2026-01-04,14,6
2026-01-04 15:00:00+00:00,1,227.81,11.12,2026-01-04,15,6
2026-01-04 16:00:00+00:00,1,237.13,3.14,2026-01-04,16,6
2026-01-04 17:00:00+00:00,0,245.9,-6.52,2026-01-04,17,6
2026-01-04 18:00:00+00:00,0,254.26,-16.91,2026-01-04,18,6
2026-01-04 19:00:00+00:00,0,263.77,-29.37,2026-01-04,19,6
2026-01-04 20:00:00+00:00,0,273.17,-40.92,2026-01-04,20,6
2026-01-04 21:00:00+00:00,0,284.73,-52.32,2026-01-04,21,6
2026-01-04 22:00:00+00:00,0,301.73,-62.94,2026-01-04,22,6
2026-01-04 23:00:00+00:00,0,331.45,-70.94,2026-01-04,23,6
2026-01-05 00:00:00+00:00,0,15.26,-72.29,2026-01-05,0,0
2026-01-05 01:00:00+00:00,0,50.61,-65.92,2026-01-05,1,0
2026-01-05 02:00:00+00:00,0,70.65,-55.84,2026-01-05,2,0
2026-01-05 03:00:00+00:00,0,83.44,-44.58,2026-01-05,3,0
2026-01-05 04:00:00+00:00,0,93.31,-33.03,2026-01-05,4,0
2026-01-05 05:00:00+00:00,0,103.03,-20.36,2026-01-05,5,0
2026-01-05 06:00:00+00:00,0,111.71,-9.31,2026-01-05,6,0
2026-01-05 07:00:00+00:00,1,121.07,1.46,2026-01-05,7,0
2026-01-05 08:00:00+00:00,1,129.59,9.18,2026-01-05,8,0
2026-01-05 09:00:00+00:00,1,142.2,17.88,2026-01-05,9,0
2026-01-05 10:00:00+00:00,1,155.55,23.85,2026-01-05,10,0
2026-01-05 11:00:00+00:00,1,170.4,27.24,2026-01-05,11,0
2026-01-05 12:00:00+00:00,1,186.16,27.6,2026-01-05,12,0
2026-01-05 13:00:00+00:00,1,201.28,24.86,2026-01-05,13,0
2026-01-05 14:00:00+00:00,1,215.0,19.42,2026-01-05,14,0
2026-01-05 15:00:00+00:00,1,227.77,11.3,2026-01-05,15,0
2026-01-05 16:00:00+00:00,1,237.13,3.29,2026-01-05,16,0
2026-01-05 17:00:00+00:00,0,246.06,-6.52,2026-01-05,17,0
2026-01-05 18:00:00+00:00,0,254.41,-16.91,2026-01-05,18,0
2026-01-05 19:00:00+00:00,0,263.93,-29.38,2026-01-05,19,0
2026-01-05 20:00:00+00:00,0,273.36,-40.93,2026-01-05,20,0
2026-01-05 21:00:00+00:00,0,284.97,-52.33,2026-01-05,21,0
2026-01-05 22:00:00+00:00,0,302.04,-62.92,2026-01-05,22,0
2026-01-05 23:00:00+00:00,0,331.83,-70.86,2026-01-05,23,0
2026-01-06 00:00:00+00:00,0,15.18,-72.18,2026-01-06,0,1
2026-01-06 01:00:00+00:00,0,50.42,-65.84,2026-01-06,1,1
2026-01-06 02:00:00+00:00,0,70.48,-55.77,2026-01-06,2,1
2026-01-06 03:00:00+00:00,0,83.3,-44.52,2026-01-06,3,1
2026-01-06 04:00:00+00:00,0,93.2,-32.97,2026-01-06,4,1
2026-01-06 05:00:00+00:00,0,102.91,-20.33,2026-01-06,5,1
2026-01-06 06:00:00+00:00,0,111.56,-9.31,2026-01-06,6,1
2026-01-06 07:00:00+00:00,1,120.91,1.47,2026-01-06,7,1
2026-01-06 08:00:00+00:00,1,129.42,9.19,2026-01-06,8,1
2026-01-06 09:00:00+00:00,1,142.01,17.91,2026-01-06,9,1
2026-01-06 10:00:00+00:00,1,155.36,23.92,2026-01-06,10,1
2026-01-06 11:00:00+00:00,1,170.23,27.34,2026-01-06,11,1
2026-01-06 12:00:00+00:00,1,185.75,27.74,2026-01-06,12,1
2026-01-06 13:00:00+00:00,1,201.32,24.97,2026-01-06,13,1
2026-01-06 14:00:00+00:00,1,215.07,19.52,2026-01-06,14,1
2026-01-06 15:00:00+00:00,1,227.9,11.36,2026-01-06,15,1
2026-01-06 16:00:00+00:00,1,237.14,3.46,2026-01-06,16,1
2026-01-06 17:00:00+00:00,0,245.87,-6.11,2026-01-06,17,1
2026-01-06 18:00:00+00:00,0,254.57,-16.92,2026-01-06,18,1
2026-01-06 19:00:00+00:00,0,264.11,-29.39,2026-01-06,19,1
2026-01-06 20:00:00+00:00,0,273.56,-40.93,2026-01-06,20,1
2026-01-06 21:00:00+00:00,0,285.21,-52.32,2026-01-06,21,1
2026-01-06 22:00:00+00:00,0,302.37,-62.89,2026-01-06,22,1
2026-01-06 23:00:00+00:00,0,332.22,-70.79,2026-01-06,23,1
2026-01-07 00:00:00+00:00,0,15.09,-72.06,2026-01-07,0,2
2026-01-07 01:00:00+00:00,0,50.23,-65.74,2026-01-07,1,2
2026-01-07 02:00:00+00:00,0,70.31,-55.69,2026-01-07,2,2
2026-01-07 03:00:00+00:00,0,83.16,-44.45,2026-01-07,3,2
2026-01-07 04:00:00+00:00,0,93.07,-32.9,2026-01-07,4,2
2026-01-07 05:00:00+00:00,0,102.77,-20.29,2026-01-07,5,2
2026-01-07 06:00:00+00:00,0,111.4,-9.31,2026-01-07,6,2
2026-01-07 07:00:00+00:00,1,120.74,1.47,2026-01-07,7,2
2026-01-07 08:00:00+00:00,1,129.24,9.21,2026-01-07,8,2
2026-01-07 09:00:00+00:00,1,141.8,17.94,2026-01-07,9,2
2026-01-07 10:00:00+00:00,1,155.16,23.98,2026-01-07,10,2
2026-01-07 11:00:00+00:00,1,170.04,27.44,2026-01-07,11,2
2026-01-07 12:00:00+00:00,1,185.74,27.86,2026-01-07,12,2
2026-01-07 13:00:00+00:00,1,201.36,25.09,2026-01-07,13,2
2026-01-07 14:00:00+00:00,1,215.13,19.63,2026-01-07,14,2
2026-01-07 15:00:00+00:00,1,227.78,11.61,2026-01-07,15,2
2026-01-07 16:00:00+00:00,1,237.17,3.6,2026-01-07,16,2
2026-01-07 17:00:00+00:00,0,246.04,-6.12,2026-01-07,17,2
2026-01-07 18:00:00+00:00,0,254.74,-16.92,2026-01-07,18,2
2026-01-07 19:00:00+00:00,0,264.29,-29.39,2026-01-07,19,2
2026-01-07 20:00:00+00:00,0,273.77,-40.94,2026-01-07,20,2
2026-01-07 21:00:00+00:00,0,285.48,-52.32,2026-01-07,21,2
2026-01-07 22:00:00+00:00,0,302.71,-62.87,2026-01-07,22,2
2026-01-07 23:00:00+00:00,0,332.62,-70.7,2026-01-07,23,2
2026-01-08 00:00:00+00:00,0,15.01,-71.93,2026-01-08,0,3
2026-01-08 01:00:00+00:00,0,50.03,-65.64,2026-01-08,1,3
2026-01-08 02:00:00+00:00,0,70.13,-55.61,2026-01-08,2,3
2026-01-08 03:00:00+00:00,0,83.01,-44.38,2026-01-08,3,3
2026-01-08 04:00:00+00:00,0,92.94,-32.83,2026-01-08,4,3
2026-01-08 05:00:00+00:00,0,102.62,-20.25,2026-01-08,5,3
2026-01-08 06:00:00+00:00,0,111.23,-9.3,2026-01-08,6,3
2026-01-08 07:00:00+00:00,1,120.56,1.47,2026-01-08,7,3
2026-01-08 08:00:00+00:00,1,129.05,9.22,2026-01-08,8,3
2026-01-08 09:00:00+00:00,1,141.59,17.97,2026-01-08,9,3
2026-01-08 10:00:00+00:00,1,154.94,24.05,2026-01-08,10,3
2026-01-08 11:00:00+00:00,1,169.84,27.55,2026-01-08,11,3
2026-01-08 12:00:00+00:00,1,185.22,28.05,2026-01-08,12,3
2026-01-08 13:00:00+00:00,1,200.43,25.49,2026-01-08,13,3
2026-01-08 14:00:00+00:00,1,214.34,20.19,2026-01-08,14,3
2026-01-08 15:00:00+00:00,1,227.56,11.93,2026-01-08,15,3
2026-01-08 16:00:00+00:00,1,237.38,3.59,2026-01-08,16,3
2026-01-08 17:00:00+00:00,0,246.22,-6.12,2026-01-08,17,3
2026-01-08 18:00:00+00:00,0,254.92,-16.92,2026-01-08,18,3
2026-01-08 19:00:00+00:00,0,264.48,-29.4,2026-01-08,19,3
2026-01-08 20:00:00+00:00,0,273.99,-40.95,2026-01-08,20,3
2026-01-08 21:00:00+00:00,0,285.75,-52.32,2026-01-08,21,3
2026-01-08 22:00:00+00:00,0,303.08,-62.84,2026-01-08,22,3
2026-01-08 23:00:00+00:00,0,333.05,-70.61,2026-01-08,23,3
2026-01-09 00:00:00+00:00,0,14.92,-71.81,2026-01-09,0,4
2026-01-09 01:00:00+00:00,0,49.82,-65.53,2026-01-09,1,4
2026-01-09 02:00:00+00:00,0,69.93,-55.53,2026-01-09,2,4
2026-01-09 03:00:00+00:00,0,82.85,-44.3,2026-01-09,3,4
2026-01-09 04:00:00+00:00,0,92.81,-32.75,2026-01-09,4,4
2026-01-09 05:00:00+00:00,0,102.47,-20.21,2026-01-09,5,4
2026-01-09 06:00:00+00:00,0,111.05,-9.3,2026-01-09,6,4
2026-01-09 07:00:00+00:00,1,120.37,1.48,2026-01-09,7,4
2026-01-09 08:00:00+00:00,1,128.85,9.23,2026-01-09,8,4
2026-01-09 09:00:00+00:00,1,141.36,18.0,2026-01-09,9,4
2026-01-09 10:00:00+00:00,1,154.72,24.12,2026-01-09,10,4
2026-01-09 11:00:00+00:00,1,169.63,27.67,2026-01-09,11,4
2026-01-09 12:00:00+00:00,1,185.2,28.19,2026-01-09,12,4
2026-01-09 13:00:00+00:00,1,200.48,25.63,2026-01-09,13,4
2026-01-09 14:00:00+00:00,1,214.41,20.31,2026-01-09,14,4
2026-01-09 15:00:00+00:00,1,227.43,12.21,2026-01-09,15,4
2026-01-09 16:00:00+00:00,1,237.43,3.72,2026-01-09,16,4
2026-01-09 17:00:00+00:00,0,246.41,-6.12,2026-01-09,17,4
2026-01-09 18:00:00+00:00,0,255.1,-16.92,2026-01-09,18,4
2026-01-09 19:00:00+00:00,0,264.69,-29.41,2026-01-09,19,4
2026-01-09 20:00:00+00:00,0,274.23,-40.96,2026-01-09,20,4
2026-01-09 21:00:00+00:00,0,286.05,-52.32,2026-01-09,21,4
2026-01-09 22:00:00+00:00,0,303.47,-62.81,2026-01-09,22,4
2026-01-09 23:00:00+00:00,0,333.5,-70.52,2026-01-09,23,4
2026-01-10 00:00:00+00:00,0,14.82,-71.67,2026-01-10,0,5
2026-01-10 01:00:00+00:00,0,49.6,-65.42,2026-01-10,1,5
2026-01-10 02:00:00+00:00,0,69.73,-55.44,2026-01-10,2,5
2026-01-10 03:00:00+00:00,0,82.68,-44.22,2026-01-10,3,5
2026-01-10 04:00:00+00:00,0,92.66,-32.67,2026-01-10,4,5
2026-01-10 05:00:00+00:00,0,102.31,-20.17,2026-01-10,5,5
2026-01-10 06:00:00+00:00,0,110.86,-9.3,2026-01-10,6,5
2026-01-10 07:00:00+00:00,1,120.34,1.65,2026-01-10,7,5
2026-01-10 08:00:00+00:00,1,128.83,9.41,2026-01-10,8,5
2026-01-10 09:00:00+00:00,1,141.12,18.04,2026-01-10,9,5
2026-01-10 10:00:00+00:00,1,154.48,24.19,2026-01-10,10,5
2026-01-10 11:00:00+00:00,1,169.41,27.78,2026-01-10,11,5
2026-01-10 12:00:00+00:00,1,185.19,28.34,2026-01-10,12,5
2026-01-10 13:00:00+00:00,1,200.53,25.77,2026-01-10,13,5
2026-01-10 14:00:00+00:00,1,214.48,20.44,2026-01-10,14,5
2026-01-10 15:00:00+00:00,1,227.56,12.29,2026-01-10,15,5
2026-01-10 16:00:00+00:00,1,237.49,3.88,2026-01-10,16,5
2026-01-10 17:00:00+00:00,0,245.8,-5.15,2026-01-10,17,5
2026-01-10 18:00:00+00:00,0,254.66,-16.1,2026-01-10,18,5
2026-01-10 19:00:00+00:00,0,264.9,-29.41,2026-01-10,19,5
2026-01-10 20:00:00+00:00,0,274.47,-40.96,2026-01-10,20,5
2026-01-10 21:00:00+00:00,0,286.35,-52.31,2026-01-10,21,5
2026-01-10 22:00:00+00:00,0,303.87,-62.78,2026-01-10,22,5
2026-01-10 23:00:00+00:00,0,333.96,-70.42,2026-01-10,23,5
2026-01-11 00:00:00+00:00,0,14.72,-71.52,2026-01-11,0,6
2026-01-11 01:00:00+00:00,0,49.37,-65.31,2026-01-11,1,6
2026-01-11 02:00:00+00:00,0,69.53,-55.34,2026-01-11,2,6
2026-01-11 03:00:00+00:00,0,82.5,-44.13,2026-01-11,3,6
2026-01-11 04:00:00+00:00,0,92.51,-32.59,2026-01-11,4,6
2026-01-11 05:00:00+00:00,0,102.15,-20.13,2026-01-11,5,6
2026-01-11 06:00:00+00:00,0,110.66,-9.3,2026-01-11,6,6
2026-01-11 07:00:00+00:00,1,120.14,1.66,2026-01-11,7,6
2026-01-11 08:00:00+00:00,1,128.61,9.43,2026-01-11,8,6
2026-01-11 09:00:00+00:00,1,140.88,18.08,2026-01-11,9,6
2026-01-11 10:00:00+00:00,1,154.24,24.27,2026-01-11,10,6
2026-01-11 11:00:00+00:00,1,169.18,27.91,2026-01-11,11,6
2026-01-11 12:00:00+00:00,1,184.83,28.51,2026-01-11,12,6
2026-01-11 13:00:00+00:00,1,200.58,25.92,2026-01-11,13,6
2026-01-11 14:00:00+00:00,1,214.56,20.58,2026-01-11,14,6
2026-01-11 15:00:00+00:00,1,227.6,12.46,2026-01-11,15,6
2026-01-11 16:00:00+00:00,1,237.56,4.02,2026-01-11,16,6
2026-01-11 17:00:00+00:00,0,246.01,-5.16,2026-01-11,17,6
2026-01-11 18:00:00+00:00,0,254.86,-16.1,2026-01-11,18,6
2026-01-11 19:00:00+00:00,0,265.12,-29.42,2026-01-11,19,6
2026-01-11 20:00:00+00:00,0,274.73,-40.97,2026-01-11,20,6
2026-01-11 21:00:00+00:00,0,286.67,-52.31,2026-01-11,21,6
2026-01-11 22:00:00+00:00,0,304.29,-62.74,2026-01-11,22,6
2026-01-11 23:00:00+00:00,0,334.45,-70.32,2026-01-11,23,6
2026-01-12 00:00:00+00:00,0,14.61,-71.37,2026-01-12,0,0
2026-01-12 01:00:00+00:00,0,49.12,-65.18,2026-01-12,1,0
2026-01-12 02:00:00+00:00,0,69.3,-55.24,2026-01-12,2,0
2026-01-12 03:00:00+00:00,0,82.32,-44.05,2026-01-12,3,0
2026-01-12 04:00:00+00:00,0,92.35,-32.5,2026-01-12,4,0
2026-01-12 05:00:00+00:00,0,101.97,-20.08,2026-01-12,5,0
2026-01-12 06:00:00+00:00,0,110.45,-9.29,2026-01-12,6,0
2026-01-12 07:00:00+00:00,1,119.92,1.66,2026-01-12,7,0
2026-01-12 08:00:00+00:00,1,128.65,9.65,2026-01-12,8,0
2026-01-12 09:00:00+00:00,1,141.45,18.6,2026-01-12,9,0
2026-01-12 10:00:00+00:00,1,154.93,24.69,2026-01-12,10,0
2026-01-12 11:00:00+00:00,1,169.98,28.18,2026-01-12,11,0
2026-01-12 12:00:00+00:00,1,185.31,28.65,2026-01-12,12,0
2026-01-12 13:00:00+00:00,1,200.63,26.07,2026-01-12,13,0
2026-01-12 14:00:00+00:00,1,214.65,20.72,2026-01-12,14,0
2026-01-12 15:00:00+00:00,1,227.46,12.78,2026-01-12,15,0
2026-01-12 16:00:00+00:00,1,237.49,4.3,2026-01-12,16,0
2026-01-12 17:00:00+00:00,0,246.23,-5.16,2026-01-12,17,0
2026-01-12 18:00:00+00:00,0,255.08,-16.11,2026-01-12,18,0
2026-01-12 19:00:00+00:00,0,265.36,-29.43,2026-01-12,19,0
2026-01-12 20:00:00+00:00,0,275.0,-40.97,2026-01-12,20,0
2026-01-12 21:00:00+00:00,0,287.01,-52.31,2026-01-12,21,0
2026-01-12 22:00:00+00:00,0,304.73,-62.7,2026-01-12,22,0
2026-01-12 23:00:00+00:00,0,334.95,-70.21,2026-01-12,23,0
2026-01-13 00:00:00+00:00,0,14.51,-71.21,2026-01-13,0,1
2026-01-13 01:00:00+00:00,0,48.88,-65.05,2026-01-13,1,1
2026-01-13 02:00:00+00:00,0,69.08,-55.14,2026-01-13,2,1
2026-01-13 03:00:00+00:00,0,82.13,-43.95,2026-01-13,3,1
2026-01-13 04:00:00+00:00,0,92.19,-32.41,2026-01-13,4,1
2026-01-13 05:00:00+00:00,0,101.79,-20.03,2026-01-13,5,1
2026-01-13 06:00:00+00:00,0,110.24,-9.29,2026-01-13,6,1
2026-01-13 07:00:00+00:00,1,119.69,1.67,2026-01-13,7,1
2026-01-13 08:00:00+00:00,1,128.41,9.67,2026-01-13,8,1
2026-01-13 09:00:00+00:00,1,141.18,18.64,2026-01-13,9,1
2026-01-13 10:00:00+00:00,1,154.66,24.77,2026-01-13,10,1
2026-01-13 11:00:00+00:00,1,169.73,28.32,2026-01-13,11,1
2026-01-13 12:00:00+00:00,1,185.29,28.82,2026-01-13,12,1
2026-01-13 13:00:00+00:00,1,200.69,26.23,2026-01-13,13,1
2026-01-13 14:00:00+00:00,1,214.74,20.87,2026-01-13,14,1
2026-01-13 15:00:00+00:00,1,227.6,12.88,2026-01-13,15,1
2026-01-13 16:00:00+00:00,1,237.75,4.29,2026-01-13,16,1
2026-01-13 17:00:00+00:00,0,246.46,-5.16,2026-01-13,17,1
2026-01-13 18:00:00+00:00,0,255.3,-16.11,2026-01-13,18,1
2026-01-13 19:00:00+00:00,0,265.6,-29.43,2026-01-13,19,1
2026-01-13 20:00:00+00:00,0,275.28,-40.98,2026-01-13,20,1
2026-01-13 21:00:00+00:00,0,287.36,-52.3,2026-01-13,21,1
2026-01-13 22:00:00+00:00,0,305.18,-62.66,2026-01-13,22,1
2026-01-13 23:00:00+00:00,0,335.45,-70.09,2026-01-13,23,1
2026-01-14 00:00:00+00:00,0,14.4,-71.04,2026-01-14,0,2
2026-01-14 01:00:00+00:00,0,48.63,-64.92,2026-01-14,1,2
2026-01-14 02:00:00+00:00,0,68.84,-55.03,2026-01-14,2,2
2026-01-14 03:00:00+00:00,0,81.93,-43.85,2026-01-14,3,2
2026-01-14 04:00:00+00:00,0,92.02,-32.31,2026-01-14,4,2
2026-01-14 05:00:00+00:00,0,101.6,-19.98,2026-01-14,5,2
2026-01-14 06:00:00+00:00,0,110.01,-9.29,2026-01-14,6,2
2026-01-14 07:00:00+00:00,1,119.46,1.68,2026-01-14,7,2
2026-01-14 08:00:00+00:00,1,128.15,9.69,2026-01-14,8,2
2026-01-14 09:00:00+00:00,1,140.9,18.68,2026-01-14,9,2
2026-01-14 10:00:00+00:00,1,154.38,24.86,2026-01-14,10,2
2026-01-14 11:00:00+00:00,1,169.47,28.46,2026-01-14,11,2
2026-01-14 12:00:00+00:00,1,185.28,28.99,2026-01-14,12,2
2026-01-14 13:00:00+00:00,1,200.75,26.4,2026-01-14,13,2
2026-01-14 14:00:00+00:00,1,214.82,21.02,2026-01-14,14,2
2026-01-14 15:00:00+00:00,1,227.44,13.23,2026-01-14,15,2
2026-01-14 16:00:00+00:00,1,237.69,4.58,2026-01-14,16,2
2026-01-14 17:00:00+00:00,1,246.37,-4.77,2026-01-14,17,2
2026-01-14 18:00:00+00:00,0,255.54,-16.11,2026-01-14,18,2
2026-01-14 19:00:00+00:00,0,265.85,-29.44,2026-01-14,19,2
2026-01-14 20:00:00+00:00,0,275.57,-40.99,2026-01-14,20,2
2026-01-14 21:00:00+00:00,0,287.72,-52.3,2026-01-14,21,2
2026-01-14 22:00:00+00:00,0,305.66,-62.61,2026-01-14,22,2
2026-01-14 23:00:00+00:00,0,335.99,-69.97,2026-01-14,23,2
2026-01-15 00:00:00+00:00,0,14.29,-70.87,2026-01-15,0,3
2026-01-15 01:00:00+00:00,0,48.36,-64.78,2026-01-15,1,3
2026-01-15 02:00:00+00:00,0,68.6,-54.92,2026-01-15,2,3
2026-01-15 03:00:00+00:00,0,81.72,-43.75,2026-01-15,3,3
2026-01-15 04:00:00+00:00,0,91.84,-32.21,2026-01-15,4,3
2026-01-15 05:00:00+00:00,0,101.4,-19.93,2026-01-15,5,3
2026-01-15 06:00:00+00:00,0,109.78,-9.28,2026-01-15,6,3
2026-01-15 07:00:00+00:00,1,119.21,1.69,2026-01-15,7,3
2026-01-15 08:00:00+00:00,1,127.89,9.71,2026-01-15,8,3
2026-01-15 09:00:00+00:00,1,140.61,18.72,2026-01-15,9,3
2026-01-15 10:00:00+00:00,1,154.09,24.96,2026-01-15,10,3
2026-01-15 11:00:00+00:00,1,169.2,28.61,2026-01-15,11,3
2026-01-15 12:00:00+00:00,1,185.26,29.17,2026-01-15,12,3
2026-01-15 13:00:00+00:00,1,200.81,26.57,2026-01-15,13,3
2026-01-15 14:00:00+00:00,1,214.92,21.18,2026-01-15,14,3
2026-01-15 15:00:00+00:00,1,227.53,13.4,2026-01-15,15,3
2026-01-15 16:00:00+00:00,1,237.64,4.88,2026-01-15,16,3
2026-01-15 17:00:00+00:00,1,246.32,-4.4,2026-01-15,17,3
2026-01-15 18:00:00+00:00,0,255.78,-16.11,2026-01-15,18,3
2026-01-15 19:00:00+00:00,0,266.12,-29.45,2026-01-15,19,3
2026-01-15 20:00:00+00:00,0,275.88,-40.99,2026-01-15,20,3
2026-01-15 21:00:00+00:00,0,288.1,-52.28,2026-01-15,21,3
2026-01-15 22:00:00+00:00,0,306.15,-62.57,2026-01-15,22,3
2026-01-15 23:00:00+00:00,0,336.53,-69.84,2026-01-15,23,3
2026-01-16 00:00:00+00:00,0,14.17,-70.69,2026-01-16,0,4
2026-01-16 01:00:00+00:00,0,48.1,-64.64,2026-01-16,1,4
2026-01-16 02:00:00+00:00,0,68.35,-54.8,2026-01-16,2,4
2026-01-16 03:00:00+00:00,0,81.51,-43.64,2026-01-16,3,4
2026-01-16 04:00:00+00:00,0,91.66,-32.1,2026-01-16,4,4
2026-01-16 05:00:00+00:00,0,101.2,-19.88,2026-01-16,5,4
2026-01-16 06:00:00+00:00,0,109.53,-9.28,2026-01-16,6,4
2026-01-16 07:00:00+00:00,1,118.96,1.69,2026-01-16,7,4
2026-01-16 08:00:00+00:00,1,127.62,9.72,2026-01-16,8,4
2026-01-16 09:00:00+00:00,1,140.31,18.77,2026-01-16,9,4
2026-01-16 10:00:00+00:00,1,153.8,25.05,2026-01-16,10,4
2026-01-16 11:00:00+00:00,1,168.93,28.76,2026-01-16,11,4
2026-01-16 12:00:00+00:00,1,184.89,29.38,2026-01-16,12,4
2026-01-16 13:00:00+00:00,1,200.87,26.75,2026-01-16,13,4
2026-01-16 14:00:00+00:00,1,215.02,21.35,2026-01-16,14,4
2026-01-16 15:00:00+00:00,1,227.67,13.53,2026-01-16,15,4
2026-01-16 16:00:00+00:00,1,237.93,4.86,2026-01-16,16,4
2026-01-16 17:00:00+00:00,1,246.58,-4.41,2026-01-16,17,4
2026-01-16 18:00:00+00:00,0,256.03,-16.12,2026-01-16,18,4
2026-01-16 19:00:00+00:00,0,266.39,-29.45,2026-01-16,19,4
2026-01-16 20:00:00+00:00,0,276.2,-41.0,2026-01-16,20,4
2026-01-16 21:00:00+00:00,0,288.48,-52.27,2026-01-16,21,4
2026-01-16 22:00:00+00:00,0,306.65,-62.52,2026-01-16,22,4
2026-01-16 23:00:00+00:00,0,337.09,-69.7,2026-01-16,23,4
2026-01-17 00:00:00+00:00,0,14.06,-70.5,2026-01-17,0,5
2026-01-17 01:00:00+00:00,0,47.82,-64.49,2026-01-17,1,5
2026-01-17 02:00:00+00:00,0,68.09,-54.67,2026-01-17,2,5
2026-01-17 03:00:00+00:00,0,81.29,-43.53,2026-01-17,3,5
2026-01-17 04:00:00+00:00,0,91.47,-32.0,2026-01-17,4,5
2026-01-17 05:00:00+00:00,0,100.98,-19.82,2026-01-17,5,5
2026-01-17 06:00:00+00:00,0,109.28,-9.28,2026-01-17,6,5
2026-01-17 07:00:00+00:00,1,118.87,1.87,2026-01-17,7,5
2026-01-17 08:00:00+00:00,1,127.54,9.92,2026-01-17,8,5
2026-01-17 09:00:00+00:00,1,140.0,18.81,2026-01-17,9,5
2026-01-17 10:00:00+00:00,1,153.48,25.15,2026-01-17,10,5
2026-01-17 11:00:00+00:00,1,168.63,28.91,2026-01-17,11,5
2026-01-17 12:00:00+00:00,1,184.86,29.57,2026-01-17,12,5
2026-01-17 13:00:00+00:00,1,200.94,26.94,2026-01-17,13,5
2026-01-17 14:00:00+00:00,1,215.12,21.52,2026-01-17,14,5
2026-01-17 15:00:00+00:00,1,227.47,13.93,2026-01-17,15,5
2026-01-17 16:00:00+00:00,1,237.9,5.16,2026-01-17,16,5
2026-01-17 17:00:00+00:00,1,246.57,-4.08,2026-01-17,17,5
2026-01-17 18:00:00+00:00,0,256.29,-16.12,2026-01-17,18,5
2026-01-17 19:00:00+00:00,0,266.67,-29.46,2026-01-17,19,5
2026-01-17 20:00:00+00:00,0,276.52,-41.0,2026-01-17,20,5
2026-01-17 21:00:00+00:00,0,288.89,-52.27,2026-01-17,21,5
2026-01-17 22:00:00+00:00,0,307.18,-62.47,2026-01-17,22,5
2026-01-17 23:00:00+00:00,0,337.67,-69.56,2026-01-17,23,5
2026-01-18 00:00:00+00:00,0,13.94,-70.31,2026-01-18,0,6
2026-01-18 01:00:00+00:00,0,47.53,-64.33,2026-01-18,1,6
2026-01-18 02:00:00+00:00,0,67.82,-54.55,2026-01-18,2,6
2026-01-18 03:00:00+00:00,0,81.06,-43.42,2026-01-18,3,6
2026-01-18 04:00:00+00:00,0,91.27,-31.88,2026-01-18,4,6
2026-01-18 05:00:00+00:00,0,100.76,-19.76,2026-01-18,5,6
2026-01-18 06:00:00+00:00,0,109.02,-9.28,2026-01-18,6,6
2026-01-18 07:00:00+00:00,1,118.6,1.88,2026-01-18,7,6
2026-01-18 08:00:00+00:00,1,127.25,9.94,2026-01-18,8,6
2026-01-18 09:00:00+00:00,1,139.68,18.86,2026-01-18,9,6
2026-01-18 10:00:00+00:00,1,153.16,25.25,2026-01-18,10,6
2026-01-18 11:00:00+00:00,1,168.34,29.07,2026-01-18,11,6
2026-01-18 12:00:00+00:00,1,184.83,29.77,2026-01-18,12,6
2026-01-18 13:00:00+00:00,1,201.01,27.13,2026-01-18,13,6
2026-01-18 14:00:00+00:00,1,215.22,21.7,2026-01-18,14,6
2026-01-18 15:00:00+00:00,1,227.24,14.37,2026-01-18,15,6
2026-01-18 16:00:00+00:00,1,237.88,5.45,2026-01-18,16,6
2026-01-18 17:00:00+00:00,1,246.59,-3.77,2026-01-18,17,6
2026-01-18 18:00:00+00:00,0,256.56,-16.12,2026-01-18,18,6
2026-01-18 19:00:00+00:00,0,266.96,-29.47,2026-01-18,19,6
2026-01-18 20:00:00+00:00,0,276.86,-41.01,2026-01-18,20,6
2026-01-18 21:00:00+00:00,0,289.31,-52.25,2026-01-18,21,6
2026-01-18 22:00:00+00:00,0,307.72,-62.4,2026-01-18,22,6
2026-01-18 23:00:00+00:00,0,338.25,-69.41,2026-01-18,23,6
2026-01-19 00:00:00+00:00,0,13.82,-70.11,2026-01-19,0,0
2026-01-19 01:00:00+00:00,0,47.25,-64.17,2026-01-19,1,0
2026-01-19 02:00:00+00:00,0,67.55,-54.41,2026-01-19,2,0
2026-01-19 03:00:00+00:00,0,80.83,-43.3,2026-01-19,3,0
2026-01-19 04:00:00+00:00,0,91.07,-31.77,2026-01-19,4,0
2026-01-19 05:00:00+00:00,0,100.54,-19.7,2026-01-19,5,0
2026-01-19 06:00:00+00:00,0,108.76,-9.27,2026-01-19,6,0
2026-01-19 07:00:00+00:00,1,118.32,1.88,2026-01-19,7,0
2026-01-19 08:00:00+00:00,1,127.25,10.2,2026-01-19,8,0
2026-01-19 09:00:00+00:00,1,140.19,19.41,2026-01-19,9,0
2026-01-19 10:00:00+00:00,1,153.8,25.7,2026-01-19,10,0
2026-01-19 11:00:00+00:00,1,169.08,29.39,2026-01-19,11,0
2026-01-19 12:00:00+00:00,1,184.8,30.02,2026-01-19,12,0
2026-01-19 13:00:00+00:00,1,200.07,27.6,2026-01-19,13,0
2026-01-19 14:00:00+00:00,1,214.44,22.32,2026-01-19,14,0
2026-01-19 15:00:00+00:00,1,226.97,14.8,2026-01-19,15,0
2026-01-19 16:00:00+00:00,1,238.03,5.59,2026-01-19,16,0
2026-01-19 17:00:00+00:00,1,246.5,-3.32,2026-01-19,17,0
2026-01-19 18:00:00+00:00,0,255.34,-14.22,2026-01-19,18,0
2026-01-19 19:00:00+00:00,0,264.22,-25.63,2026-01-19,19,0
2026-01-19 20:00:00+00:00,0,273.71,-37.18,2026-01-19,20,0
2026-01-19 21:00:00+00:00,0,285.12,-48.57,2026-01-19,21,0
2026-01-19 22:00:00+00:00,0,301.09,-59.19,2026-01-19,22,0
2026-01-19 23:00:00+00:00,0,327.0,-67.52,2026-01-19,23,0
2026-01-20 00:00:00+00:00,0,98.22,-70.06,2026-01-20,0,1
2026-01-20 01:00:00+00:00,0,46.96,-64.0,2026-01-20,1,1
2026-01-20 02:00:00+00:00,0,67.27,-54.27,2026-01-20,2,1
2026-01-20 03:00:00+00:00,0,80.59,-43.17,2026-01-20,3,1
2026-01-20 04:00:00+00:00,0,90.86,-31.65,2026-01-20,4,1
2026-01-20 05:00:00+00:00,0,101.03,-18.71,2026-01-20,5,1
2026-01-20 06:00:00+00:00,0,109.05,-8.56,2026-01-20,6,1
2026-01-20 07:00:00+00:00,1,118.03,1.9,2026-01-20,7,1
2026-01-20 08:00:00+00:00,1,126.94,10.22,2026-01-20,8,1
2026-01-20 09:00:00+00:00,1,139.85,19.46,2026-01-20,9,1
2026-01-20 10:00:00+00:00,1,153.46,25.81,2026-01-20,10,1
2026-01-20 11:00:00+00:00,1,168.77,29.57,2026-01-20,11,1
2026-01-20 12:00:00+00:00,1,184.43,30.25,2026-01-20,12,1
2026-01-20 13:00:00+00:00,1,200.14,27.8,2026-01-20,13,1
2026-01-20 14:00:00+00:00,1,214.55,22.51,2026-01-20,14,1
2026-01-20 15:00:00+00:00,1,227.11,14.98,2026-01-20,15,1
2026-01-20 16:00:00+00:00,1,238.18,5.74,2026-01-20,16,1
2026-01-20 17:00:00+00:00,1,246.56,-3.05,2026-01-20,17,1
2026-01-20 18:00:00+00:00,0,255.63,-14.22,2026-01-20,18,1
2026-01-20 19:00:00+00:00,0,264.52,-25.64,2026-01-20,19,1
2026-01-20 20:00:00+00:00,0,274.05,-37.19,2026-01-20,20,1
2026-01-20 21:00:00+00:00,0,285.53,-48.56,2026-01-20,21,1
2026-01-20 22:00:00+00:00,0,301.61,-59.14,2026-01-20,22,1
2026-01-20 23:00:00+00:00,0,327.63,-67.4,2026-01-20,23,1
2026-01-21 00:00:00+00:00,0,98.27,-69.85,2026-01-21,0,2
2026-01-21 01:00:00+00:00,0,46.66,-63.83,2026-01-21,1,2
2026-01-21 02:00:00+00:00,0,66.99,-54.13,2026-01-21,2,2
2026-01-21 03:00:00+00:00,0,80.35,-43.04,2026-01-21,3,2
2026-01-21 04:00:00+00:00,0,90.65,-31.52,2026-01-21,4,2
2026-01-21 05:00:00+00:00,0,100.78,-18.66,2026-01-21,5,2
2026-01-21 06:00:00+00:00,0,108.77,-8.56,2026-01-21,6,2
2026-01-21 07:00:00+00:00,1,117.9,2.07,2026-01-21,7,2
2026-01-21 08:00:00+00:00,1,126.83,10.42,2026-01-21,8,2
2026-01-21 09:00:00+00:00,1,139.5,19.51,2026-01-21,9,2
2026-01-21 10:00:00+00:00,1,153.11,25.93,2026-01-21,10,2
2026-01-21 11:00:00+00:00,1,168.45,29.74,2026-01-21,11,2
2026-01-21 12:00:00+00:00,1,184.39,30.47,2026-01-21,12,2
2026-01-21 13:00:00+00:00,1,200.21,28.02,2026-01-21,13,2
2026-01-21 14:00:00+00:00,1,214.66,22.7,2026-01-21,14,2
2026-01-21 15:00:00+00:00,1,227.25,15.15,2026-01-21,15,2
2026-01-21 16:00:00+00:00,1,238.35,5.88,2026-01-21,16,2
2026-01-21 17:00:00+00:00,1,246.65,-2.81,2026-01-21,17,2
2026-01-21 18:00:00+00:00,0,255.92,-14.23,2026-01-21,18,2
2026-01-21 19:00:00+00:00,0,264.83,-25.64,2026-01-21,19,2
2026-01-21 20:00:00+00:00,0,274.4,-37.19,2026-01-21,20,2
2026-01-21 21:00:00+00:00,0,285.95,-48.55,2026-01-21,21,2
2026-01-21 22:00:00+00:00,0,302.15,-59.1,2026-01-21,22,2
2026-01-21 23:00:00+00:00,0,328.26,-67.27,2026-01-21,23,2
2026-01-22 00:00:00+00:00,0,98.32,-69.64,2026-01-22,0,3
2026-01-22 01:00:00+00:00,0,46.36,-63.64,2026-01-22,1,3
2026-01-22 02:00:00+00:00,0,66.7,-53.98,2026-01-22,2,3
2026-01-22 03:00:00+00:00,0,80.1,-42.91,2026-01-22,3,3
2026-01-22 04:00:00+00:00,0,90.44,-31.39,2026-01-22,4,3
2026-01-22 05:00:00+00:00,0,100.53,-18.6,2026-01-22,5,3
2026-01-22 06:00:00+00:00,0,108.91,-8.03,2026-01-22,6,3
2026-01-22 07:00:00+00:00,1,117.8,2.31,2026-01-22,7,3
2026-01-22 08:00:00+00:00,1,126.53,10.46,2026-01-22,8,3
2026-01-22 09:00:00+00:00,1,139.15,19.57,2026-01-22,9,3
2026-01-22 10:00:00+00:00,1,152.75,26.04,2026-01-22,10,3
2026-01-22 11:00:00+00:00,1,168.12,29.92,2026-01-22,11,3
2026-01-22 12:00:00+00:00,1,184.35,30.69,2026-01-22,12,3
2026-01-22 13:00:00+00:00,1,200.28,28.24,2026-01-22,13,3
2026-01-22 14:00:00+00:00,1,214.78,22.9,2026-01-22,14,3
2026-01-22 15:00:00+00:00,1,227.39,15.33,2026-01-22,15,3
2026-01-22 16:00:00+00:00,1,238.69,5.87,2026-01-22,16,3
2026-01-22 17:00:00+00:00,1,247.1,-2.99,2026-01-22,17,3
2026-01-22 18:00:00+00:00,0,256.22,-14.23,2026-01-22,18,3
2026-01-22 19:00:00+00:00,0,265.15,-25.65,2026-01-22,19,3
2026-01-22 20:00:00+00:00,0,274.76,-37.19,2026-01-22,20,3
2026-01-22 21:00:00+00:00,0,286.39,-48.54,2026-01-22,21,3
2026-01-22 22:00:00+00:00,0,302.7,-59.05,2026-01-22,22,3
2026-01-22 23:00:00+00:00,0,328.9,-67.14,2026-01-22,23,3
2026-01-23 00:00:00+00:00,0,98.36,-69.42,2026-01-23,0,4
2026-01-23 01:00:00+00:00,0,46.05,-63.46,2026-01-23,1,4
2026-01-23 02:00:00+00:00,0,66.4,-53.83,2026-01-23,2,4
2026-01-23 03:00:00+00:00,0,79.84,-42.78,2026-01-23,3,4
2026-01-23 04:00:00+00:00,0,90.21,-31.26,2026-01-23,4,4
2026-01-23 05:00:00+00:00,0,100.26,-18.55,2026-01-23,5,4
2026-01-23 06:00:00+00:00,0,108.61,-8.02,2026-01-23,6,4
2026-01-23 07:00:00+00:00,1,117.49,2.32,2026-01-23,7,4
2026-01-23 08:00:00+00:00,1,126.2,10.49,2026-01-23,8,4
2026-01-23 09:00:00+00:00,1,138.78,19.63,2026-01-23,9,4
2026-01-23 10:00:00+00:00,1,152.39,26.16,2026-01-23,10,4
2026-01-23 11:00:00+00:00,1,167.77,30.11,2026-01-23,11,4
2026-01-23 12:00:00+00:00,1,184.31,30.92,2026-01-23,12,4
2026-01-23 13:00:00+00:00,1,200.36,28.46,2026-01-23,13,4
2026-01-23 14:00:00+00:00,1,214.9,23.11,2026-01-23,14,4
2026-01-23 15:00:00+00:00,1,227.54,15.52,2026-01-23,15,4
2026-01-23 16:00:00+00:00,1,238.71,6.17,2026-01-23,16,4
2026-01-23 17:00:00+00:00,1,247.2,-2.73,2026-01-23,17,4
2026-01-23 18:00:00+00:00,0,256.53,-14.24,2026-01-23,18,4
2026-01-23 19:00:00+00:00,0,265.48,-25.65,2026-01-23,19,4
2026-01-23 20:00:00+00:00,0,275.13,-37.2,2026-01-23,20,4
2026-01-23 21:00:00+00:00,0,286.83,-48.53,2026-01-23,21,4
2026-01-23 22:00:00+00:00,0,303.27,-59.0,2026-01-23,22,4
2026-01-23 23:00:00+00:00,0,329.56,-66.99,2026-01-23,23,4
2026-01-24 00:00:00+00:00,0,98.42,-69.19,2026-01-24,0,5
2026-01-24 01:00:00+00:00,0,45.74,-63.27,2026-01-24,1,5
2026-01-24 02:00:00+00:00,0,66.1,-53.67,2026-01-24,2,5
2026-01-24 03:00:00+00:00,0,79.58,-42.63,2026-01-24,3,5
2026-01-24 04:00:00+00:00,0,89.98,-31.12,2026-01-24,4,5
2026-01-24 05:00:00+00:00,0,99.99,-18.49,2026-01-24,5,5
2026-01-24 06:00:00+00:00,0,108.3,-8.02,2026-01-24,6,5
2026-01-24 07:00:00+00:00,1,117.34,2.49,2026-01-24,7,5
2026-01-24 08:00:00+00:00,1,126.4,10.96,2026-01-24,8,5
2026-01-24 09:00:00+00:00,1,139.25,20.19,2026-01-24,9,5
2026-01-24 10:00:00+00:00,1,152.99,26.63,2026-01-24,10,5
2026-01-24 11:00:00+00:00,1,168.5,30.46,2026-01-24,11,5
2026-01-24 12:00:00+00:00,1,184.49,31.16,2026-01-24,12,5
2026-01-24 13:00:00+00:00,1,200.44,28.69,2026-01-24,13,5
2026-01-24 14:00:00+00:00,1,215.02,23.32,2026-01-24,14,5
2026-01-24 15:00:00+00:00,1,227.69,15.71,2026-01-24,15,5
2026-01-24 16:00:00+00:00,1,238.9,6.33,2026-01-24,16,5
2026-01-24 17:00:00+00:00,1,247.31,-2.49,2026-01-24,17,5
2026-01-24 18:00:00+00:00,0,256.85,-14.24,2026-01-24,18,5
2026-01-24 19:00:00+00:00,0,265.81,-25.66,2026-01-24,19,5
2026-01-24 20:00:00+00:00,0,275.51,-37.2,2026-01-24,20,5
2026-01-24 21:00:00+00:00,0,287.29,-48.52,2026-01-24,21,5
2026-01-24 22:00:00+00:00,0,303.84,-58.94,2026-01-24,22,5
2026-01-24 23:00:00+00:00,0,330.23,-66.85,2026-01-24,23,5
2026-01-25 00:00:00+00:00,0,98.46,-68.96,2026-01-25,0,6
2026-01-25 01:00:00+00:00,0,45.43,-63.07,2026-01-25,1,6
2026-01-25 02:00:00+00:00,0,65.79,-53.51,2026-01-25,2,6
2026-01-25 03:00:00+00:00,0,79.31,-42.49,2026-01-25,3,6
2026-01-25 04:00:00+00:00,0,89.75,-30.98,2026-01-25,4,6
2026-01-25 05:00:00+00:00,0,99.72,-18.43,2026-01-25,5,6
2026-01-25 06:00:00+00:00,0,107.98,-8.02,2026-01-25,6,6
2026-01-25 07:00:00+00:00,1,117.01,2.5,2026-01-25,7,6
2026-01-25 08:00:00+00:00,1,126.04,10.98,2026-01-25,8,6
2026-01-25 09:00:00+00:00,1,138.86,20.25,2026-01-25,9,6
2026-01-25 10:00:00+00:00,1,152.6,26.76,2026-01-25,10,6
2026-01-25 11:00:00+00:00,1,168.14,30.65,2026-01-25,11,6
2026-01-25 12:00:00+00:00,1,184.44,31.41,2026-01-25,12,6
2026-01-25 13:00:00+00:00,1,200.52,28.92,2026-01-25,13,6
2026-01-25 14:00:00+00:00,1,215.15,23.54,2026-01-25,14,6
2026-01-25 15:00:00+00:00,1,227.85,15.9,2026-01-25,15,6
2026-01-25 16:00:00+00:00,1,239.25,6.33,2026-01-25,16,6
2026-01-25 17:00:00+00:00,1,247.65,-2.5,2026-01-25,17,6
2026-01-25 18:00:00+00:00,0,257.17,-14.24,2026-01-25,18,6
2026-01-25 19:00:00+00:00,0,266.15,-25.66,2026-01-25,19,6
2026-01-25 20:00:00+00:00,0,275.89,-37.21,2026-01-25,20,6
2026-01-25 21:00:00+00:00,0,287.75,-48.51,2026-01-25,21,6
2026-01-25 22:00:00+00:00,0,304.43,-58.88,2026-01-25,22,6
2026-01-25 23:00:00+00:00,0,330.9,-66.69,2026-01-25,23,6
2026-01-26 00:00:00+00:00,0,98.51,-68.71,2026-01-26,0,0
2026-01-26 01:00:00+00:00,0,45.11,-62.87,2026-01-26,1,0
2026-01-26 02:00:00+00:00,0,65.48,-53.35,2026-01-26,2,0
2026-01-26 03:00:00+00:00,0,79.04,-42.34,2026-01-26,3,0
2026-01-26 04:00:00+00:00,0,89.51,-30.84,2026-01-26,4,0
2026-01-26 05:00:00+00:00,0,99.44,-18.38,2026-01-26,5,0
2026-01-26 06:00:00+00:00,0,107.66,-8.01,2026-01-26,6,0
2026-01-26 07:00:00+00:00,1,116.67,2.51,2026-01-26,7,0
2026-01-26 08:00:00+00:00,1,125.68,11.0,2026-01-26,8,0
2026-01-26 09:00:00+00:00,1,138.47,20.31,2026-01-26,9,0
2026-01-26 10:00:00+00:00,1,152.21,26.89,2026-01-26,10,0
2026-01-26 11:00:00+00:00,1,167.78,30.85,2026-01-26,11,0
2026-01-26 12:00:00+00:00,1,184.4,31.66,2026-01-26,12,0
2026-01-26 13:00:00+00:00,1,200.61,29.16,2026-01-26,13,0
2026-01-26 14:00:00+00:00,1,215.28,23.76,2026-01-26,14,0
2026-01-26 15:00:00+00:00,1,228.01,16.1,2026-01-26,15,0
2026-01-26 16:00:00+00:00,1,239.44,6.49,2026-01-26,16,0
2026-01-26 17:00:00+00:00,1,247.79,-2.27,2026-01-26,17,0
2026-01-26 18:00:00+00:00,0,257.5,-14.24,2026-01-26,18,0
2026-01-26 19:00:00+00:00,0,266.5,-25.67,2026-01-26,19,0
2026-01-26 20:00:00+00:00,0,276.29,-37.21,2026-01-26,20,0
2026-01-26 21:00:00+00:00,0,288.24,-48.5,2026-01-26,21,0
2026-01-26 22:00:00+00:00,0,305.03,-58.82,2026-01-26,22,0
2026-01-26 23:00:00+00:00,0,331.58,-66.53,2026-01-26,23,0
2026-01-27 00:00:00+00:00,0,98.56,-68.47,2026-01-27,0,1
2026-01-27 01:00:00+00:00,0,44.79,-62.66,2026-01-27,1,1
2026-01-27 02:00:00+00:00,0,65.16,-53.18,2026-01-27,2,1
2026-01-27 03:00:00+00:00,0,78.76,-42.18,2026-01-27,3,1
2026-01-27 04:00:00+00:00,0,89.27,-30.69,2026-01-27,4,1
2026-01-27 05:00:00+00:00,0,99.15,-18.31,2026-01-27,5,1
2026-01-27 06:00:00+00:00,0,107.33,-8.01,2026-01-27,6,1
2026-01-27 07:00:00+00:00,1,116.5,2.69,2026-01-27,7,1
2026-01-27 08:00:00+00:00,1,125.54,11.23,2026-01-27,8,1
2026-01-27 09:00:00+00:00,1,138.07,20.37,2026-01-27,9,1
2026-01-27 10:00:00+00:00,1,151.81,27.02,2026-01-27,10,1
2026-01-27 11:00:00+00:00,1,167.4,31.06,2026-01-27,11,1
2026-01-27 12:00:00+00:00,1,184.05,31.92,2026-01-27,12,1
2026-01-27 13:00:00+00:00,1,200.69,29.41,2026-01-27,13,1
2026-01-27 14:00:00+00:00,1,215.41,23.98,2026-01-27,14,1
2026-01-27 15:00:00+00:00,1,228.17,16.3,2026-01-27,15,1
2026-01-27 16:00:00+00:00,1,239.5,6.79,2026-01-27,16,1
2026-01-27 17:00:00+00:00,1,247.63,-1.67,2026-01-27,17,1
2026-01-27 18:00:00+00:00,0,257.24,-13.49,2026-01-27,18,1
2026-01-27 19:00:00+00:00,0,266.86,-25.67,2026-01-27,19,1
2026-01-27 20:00:00+00:00,0,276.7,-37.22,2026-01-27,20,1
2026-01-27 21:00:00+00:00,0,288.72,-48.48,2026-01-27,21,1
2026-01-27 22:00:00+00:00,0,305.65,-58.75,2026-01-27,22,1
2026-01-27 23:00:00+00:00,0,332.27,-66.37,2026-01-27,23,1
2026-01-28 00:00:00+00:00,0,98.61,-68.22,2026-01-28,0,2
2026-01-28 01:00:00+00:00,0,44.47,-62.45,2026-01-28,1,2
2026-01-28 02:00:00+00:00,0,64.84,-53.0,2026-01-28,2,2
2026-01-28 03:00:00+00:00,0,78.48,-42.03,2026-01-28,3,2
2026-01-28 04:00:00+00:00,0,89.02,-30.54,2026-01-28,4,2
2026-01-28 05:00:00+00:00,0,98.86,-18.25,2026-01-28,5,2
2026-01-28 06:00:00+00:00,0,107.4,-7.51,2026-01-28,6,2
2026-01-28 07:00:00+00:00,1,116.34,2.92,2026-01-28,7,2
2026-01-28 08:00:00+00:00,1,125.49,11.52,2026-01-28,8,2
2026-01-28 09:00:00+00:00,1,138.52,20.95,2026-01-28,9,2
2026-01-28 10:00:00+00:00,1,152.39,27.51,2026-01-28,10,2
2026-01-28 11:00:00+00:00,1,168.12,31.43,2026-01-28,11,2
2026-01-28 12:00:00+00:00,1,184.53,32.17,2026-01-28,12,2
2026-01-28 13:00:00+00:00,1,200.78,29.66,2026-01-28,13,2
2026-01-28 14:00:00+00:00,1,215.55,24.21,2026-01-28,14,2
2026-01-28 15:00:00+00:00,1,228.34,16.51,2026-01-28,15,2
2026-01-28 16:00:00+00:00,1,239.87,6.8,2026-01-28,16,2
2026-01-28 17:00:00+00:00,1,247.99,-1.69,2026-01-28,17,2
2026-01-28 18:00:00+00:00,0,257.59,-13.5,2026-01-28,18,2
2026-01-28 19:00:00+00:00,0,267.23,-25.68,2026-01-28,19,2
2026-01-28 20:00:00+00:00,0,277.12,-37.22,2026-01-28,20,2
2026-01-28 21:00:00+00:00,0,289.22,-48.46,2026-01-28,21,2
2026-01-28 22:00:00+00:00,0,306.27,-58.68,2026-01-28,22,2
2026-01-28 23:00:00+00:00,0,332.97,-66.2,2026-01-28,23,2
2026-01-29 00:00:00+00:00,0,12.59,-67.79,2026-01-29,0,3
2026-01-29 01:00:00+00:00,0,44.15,-62.23,2026-01-29,1,3
2026-01-29 02:00:00+00:00,0,64.51,-52.82,2026-01-29,2,3
2026-01-29 03:00:00+00:00,0,78.19,-41.87,2026-01-29,3,3
2026-01-29 04:00:00+00:00,0,88.76,-30.39,2026-01-29,4,3
2026-01-29 05:00:00+00:00,0,98.68,-18.02,2026-01-29,5,3
2026-01-29 06:00:00+00:00,0,107.06,-7.51,2026-01-29,6,3
2026-01-29 07:00:00+00:00,1,115.98,2.93,2026-01-29,7,3
2026-01-29 08:00:00+00:00,1,125.11,11.54,2026-01-29,8,3
2026-01-29 09:00:00+00:00,1,138.1,21.02,2026-01-29,9,3
2026-01-29 10:00:00+00:00,1,151.97,27.65,2026-01-29,10,3
2026-01-29 11:00:00+00:00,1,167.73,31.64,2026-01-29,11,3
2026-01-29 12:00:00+00:00,1,184.48,32.44,2026-01-29,12,3
2026-01-29 13:00:00+00:00,1,200.87,29.91,2026-01-29,13,3
2026-01-29 14:00:00+00:00,1,215.69,24.45,2026-01-29,14,3
2026-01-29 15:00:00+00:00,1,228.51,16.72,2026-01-29,15,3
2026-01-29 16:00:00+00:00,1,240.08,6.98,2026-01-29,16,3
2026-01-29 17:00:00+00:00,1,248.18,-1.49,2026-01-29,17,3
2026-01-29 18:00:00+00:00,0,257.94,-13.5,2026-01-29,18,3
2026-01-29 19:00:00+00:00,0,267.6,-25.68,2026-01-29,19,3
2026-01-29 20:00:00+00:00,0,277.54,-37.22,2026-01-29,20,3
2026-01-29 21:00:00+00:00,0,289.73,-48.44,2026-01-29,21,3
2026-01-29 22:00:00+00:00,0,306.9,-58.6,2026-01-29,22,3
2026-01-29 23:00:00+00:00,0,333.66,-66.02,2026-01-29,23,3
2026-01-30 00:00:00+00:00,0,12.46,-67.52,2026-01-30,0,4
2026-01-30 01:00:00+00:00,0,43.82,-62.01,2026-01-30,1,4
2026-01-30 02:00:00+00:00,0,64.19,-52.64,2026-01-30,2,4
2026-01-30 03:00:00+00:00,0,77.9,-41.7,2026-01-30,3,4
2026-01-30 04:00:00+00:00,0,88.51,-30.23,2026-01-30,4,4
2026-01-30 05:00:00+00:00,0,98.36,-17.98,2026-01-30,5,4
2026-01-30 06:00:00+00:00,0,106.7,-7.5,2026-01-30,6,4
2026-01-30 07:00:00+00:00,1,115.79,3.11,2026-01-30,7,4
2026-01-30 08:00:00+00:00,1,124.95,11.77,2026-01-30,8,4
2026-01-30 09:00:00+00:00,1,137.68,21.09,2026-01-30,9,4
2026-01-30 10:00:00+00:00,1,151.55,27.79,2026-01-30,10,4
2026-01-30 11:00:00+00:00,1,167.33,31.86,2026-01-30,11,4
2026-01-30 12:00:00+00:00,1,184.13,32.72,2026-01-30,12,4
2026-01-30 13:00:00+00:00,1,200.96,30.17,2026-01-30,13,4
2026-01-30 14:00:00+00:00,1,215.83,24.69,2026-01-30,14,4
2026-01-30 15:00:00+00:00,1,228.69,16.94,2026-01-30,15,4
2026-01-30 16:00:00+00:00,1,240.16,7.28,2026-01-30,16,4
2026-01-30 17:00:00+00:00,1,248.37,-1.29,2026-01-30,17,4
2026-01-30 18:00:00+00:00,0,258.3,-13.5,2026-01-30,18,4
2026-01-30 19:00:00+00:00,0,267.98,-25.68,2026-01-30,19,4
2026-01-30 20:00:00+00:00,0,277.97,-37.22,2026-01-30,20,4
2026-01-30 21:00:00+00:00,0,290.25,-48.41,2026-01-30,21,4
2026-01-30 22:00:00+00:00,0,307.54,-58.52,2026-01-30,22,4
2026-01-30 23:00:00+00:00,0,334.37,-65.83,2026-01-30,23,4
2026-01-31 00:00:00+00:00,0,12.34,-67.25,2026-01-31,0,5
2026-01-31 01:00:00+00:00,0,43.49,-61.79,2026-01-31,1,5
2026-01-31 02:00:00+00:00,0,63.85,-52.45,2026-01-31,2,5
2026-01-31 03:00:00+00:00,0,77.61,-41.54,2026-01-31,3,5
2026-01-31 04:00:00+00:00,0,88.25,-30.07,2026-01-31,4,5
2026-01-31 05:00:00+00:00,0,98.02,-17.94,2026-01-31,5,5
2026-01-31 06:00:00+00:00,0,106.34,-7.5,2026-01-31,6,5
2026-01-31 07:00:00+00:00,1,115.55,3.26,2026-01-31,7,5
2026-01-31 08:00:00+00:00,1,124.67,11.9,2026-01-31,8,5
2026-01-31 09:00:00+00:00,1,137.25,21.16,2026-01-31,9,5
2026-01-31 10:00:00+00:00,1,151.12,27.93,2026-01-31,10,5
2026-01-31 11:00:00+00:00,1,166.93,32.08,2026-01-31,11,5
2026-01-31 12:00:00+00:00,1,184.07,33.0,2026-01-31,12,5
2026-01-31 13:00:00+00:00,1,201.06,30.44,2026-01-31,13,5
2026-01-31 14:00:00+00:00,1,215.98,24.93,2026-01-31,14,5
2026-01-31 15:00:00+00:00,1,228.87,17.16,2026-01-31,15,5
2026-01-31 16:00:00+00:00,1,240.53,7.3,2026-01-31,16,5
2026-01-31 17:00:00+00:00,1,248.8,-1.37,2026-01-31,17,5
2026-01-31 18:00:00+00:00,0,258.67,-13.51,2026-01-31,18,5
2026-01-31 19:00:00+00:00,0,268.37,-25.69,2026-01-31,19,5
2026-01-31 20:00:00+00:00,0,278.41,-37.22,2026-01-31,20,5
2026-01-31 21:00:00+00:00,0,290.78,-48.39,2026-01-31,21,5
2026-01-31 22:00:00+00:00,0,308.2,-58.44,2026-01-31,22,5
2026-01-31 23:00:00+00:00,0,335.08,-65.65,2026-01-31,23,5
2026-02-01 00:00:00+00:00,0,12.22,-66.98,2026-02-01,0,6
2026-02-01 01:00:00+00:00,0,43.17,-61.55,2026-02-01,1,6
2026-02-01 02:00:00+00:00,0,63.52,-52.25,2026-02-01,2,6
2026-02-01 03:00:00+00:00,0,77.31,-41.36,2026-02-01,3,6
2026-02-01 04:00:00+00:00,0,87.99,-29.9,2026-02-01,4,6
2026-02-01 05:00:00+00:00,0,97.69,-17.9,2026-02-01,5,6
2026-02-01 06:00:00+00:00,0,105.98,-7.5,2026-02-01,6,6
2026-02-01 07:00:00+00:00,1,115.34,3.44,2026-02-01,7,6
2026-02-01 08:00:00+00:00,1,124.88,12.44,2026-02-01,8,6
2026-02-01 09:00:00+00:00,1,137.67,21.75,2026-02-01,9,6
2026-02-01 10:00:00+00:00,1,151.68,28.44,2026-02-01,10,6
2026-02-01 11:00:00+00:00,1,167.63,32.47,2026-02-01,11,6
2026-02-01 12:00:00+00:00,1,184.57,33.27,2026-02-01,12,6
2026-02-01 13:00:00+00:00,1,201.16,30.71,2026-02-01,13,6
2026-02-01 14:00:00+00:00,1,216.13,25.18,2026-02-01,14,6
2026-02-01 15:00:00+00:00,1,229.05,17.38,2026-02-01,15,6
2026-02-01 16:00:00+00:00,1,240.75,7.49,2026-02-01,16,6
2026-02-01 17:00:00+00:00,1,248.79,-0.92,2026-02-01,17,6
2026-02-01 18:00:00+00:00,0,259.04,-13.51,2026-02-01,18,6
2026-02-01 19:00:00+00:00,0,268.77,-25.69,2026-02-01,19,6
2026-02-01 20:00:00+00:00,0,278.86,-37.22,2026-02-01,20,6
2026-02-01 21:00:00+00:00,0,291.32,-48.36,2026-02-01,21,6
2026-02-01 22:00:00+00:00,0,308.86,-58.36,2026-02-01,22,6
2026-02-01 23:00:00+00:00,0,335.79,-65.45,2026-02-01,23,6
2026-02-02 00:00:00+00:00,0,12.09,-66.7,2026-02-02,0,0
2026-02-02 01:00:00+00:00,0,42.84,-61.31,2026-02-02,1,0
2026-02-02 02:00:00+00:00,0,63.18,-52.06,2026-02-02,2,0
2026-02-02 03:00:00+00:00,0,77.01,-41.19,2026-02-02,3,0
2026-02-02 04:00:00+00:00,0,87.72,-29.73,2026-02-02,4,0
2026-02-02 05:00:00+00:00,0,97.34,-17.86,2026-02-02,5,0
2026-02-02 06:00:00+00:00,0,106.0,-7.02,2026-02-02,6,0
2026-02-02 07:00:00+00:00,1,115.15,3.67,2026-02-02,7,0
2026-02-02 08:00:00+00:00,1,124.46,12.47,2026-02-02,8,0
2026-02-02 09:00:00+00:00,1,137.23,21.83,2026-02-02,9,0
2026-02-02 10:00:00+00:00,1,151.24,28.59,2026-02-02,10,0
2026-02-02 11:00:00+00:00,1,167.22,32.7,2026-02-02,11,0
2026-02-02 12:00:00+00:00,1,184.52,33.55,2026-02-02,12,0
2026-02-02 13:00:00+00:00,1,201.26,30.98,2026-02-02,13,0
2026-02-02 14:00:00+00:00,1,216.29,25.43,2026-02-02,14,0
2026-02-02 15:00:00+00:00,1,229.24,17.61,2026-02-02,15,0
2026-02-02 16:00:00+00:00,1,240.85,7.79,2026-02-02,16,0
2026-02-02 17:00:00+00:00,1,249.01,-0.72,2026-02-02,17,0
2026-02-02 18:00:00+00:00,0,259.42,-13.52,2026-02-02,18,0
2026-02-02 19:00:00+00:00,0,269.17,-25.7,2026-02-02,19,0
2026-02-02 20:00:00+00:00,0,279.32,-37.21,2026-02-02,20,0
2026-02-02 21:00:00+00:00,0,291.87,-48.33,2026-02-02,21,0
2026-02-02 22:00:00+00:00,0,309.54,-58.27,2026-02-02,22,0
2026-02-02 23:00:00+00:00,0,336.51,-65.25,2026-02-02,23,0
2026-02-03 00:00:00+00:00,0,11.97,-66.42,2026-02-03,0,1
2026-02-03 01:00:00+00:00,0,42.51,-61.07,2026-02-03,1,1
2026-02-03 02:00:00+00:00,0,62.84,-51.85,2026-02-03,2,1
2026-02-03 03:00:00+00:00,0,76.71,-41.01,2026-02-03,3,1
2026-02-03 04:00:00+00:00,0,87.45,-29.56,2026-02-03,4,1
2026-02-03 05:00:00+00:00,0,97.69,-16.93,2026-02-03,5,1
2026-02-03 06:00:00+00:00,0,106.13,-6.37,2026-02-03,6,1
2026-02-03 07:00:00+00:00,1,114.92,3.84,2026-02-03,7,1
2026-02-03 08:00:00+00:00,1,124.3,12.73,2026-02-03,8,1
2026-02-03 09:00:00+00:00,1,136.78,21.9,2026-02-03,9,1
2026-02-03 10:00:00+00:00,1,150.78,28.74,2026-02-03,10,1
2026-02-03 11:00:00+00:00,1,166.79,32.93,2026-02-03,11,1
2026-02-03 12:00:00+00:00,1,184.14,33.86,2026-02-03,12,1
2026-02-03 13:00:00+00:00,1,201.36,31.26,2026-02-03,13,1
2026-02-03 14:00:00+00:00,1,216.44,25.69,2026-02-03,14,1
2026-02-03 15:00:00+00:00,1,229.43,17.84,2026-02-03,15,1
2026-02-03 16:00:00+00:00,1,241.06,7.99,2026-02-03,16,1
2026-02-03 17:00:00+00:00,1,248.94,-0.19,2026-02-03,17,1
2026-02-03 18:00:00+00:00,0,259.2,-12.76,2026-02-03,18,1
2026-02-03 19:00:00+00:00,0,269.58,-25.7,2026-02-03,19,1
2026-02-03 20:00:00+00:00,0,279.79,-37.21,2026-02-03,20,1
2026-02-03 21:00:00+00:00,0,292.42,-48.3,2026-02-03,21,1
2026-02-03 22:00:00+00:00,0,310.22,-58.17,2026-02-03,22,1
2026-02-03 23:00:00+00:00,0,337.23,-65.04,2026-02-03,23,1
2026-02-04 00:00:00+00:00,0,11.85,-66.13,2026-02-04,0,2
2026-02-04 01:00:00+00:00,0,42.18,-60.82,2026-02-04,1,2
2026-02-04 02:00:00+00:00,0,62.5,-51.65,2026-02-04,2,2
2026-02-04 03:00:00+00:00,0,76.4,-40.82,2026-02-04,3,2
2026-02-04 04:00:00+00:00,0,87.17,-29.38,2026-02-04,4,2
2026-02-04 05:00:00+00:00,0,97.33,-16.9,2026-02-04,5,2
2026-02-04 06:00:00+00:00,0,105.75,-6.37,2026-02-04,6,2
2026-02-04 07:00:00+00:00,1,114.53,3.86,2026-02-04,7,2
2026-02-04 08:00:00+00:00,1,123.87,12.75,2026-02-04,8,2
2026-02-04 09:00:00+00:00,1,136.32,21.98,2026-02-04,9,2
2026-02-04 10:00:00+00:00,1,150.32,28.89,2026-02-04,10,2
2026-02-04 11:00:00+00:00,1,166.36,33.17,2026-02-04,11,2
2026-02-04 12:00:00+00:00,1,184.07,34.15,2026-02-04,12,2
2026-02-04 13:00:00+00:00,1,201.46,31.55,2026-02-04,13,2
2026-02-04 14:00:00+00:00,1,216.6,25.95,2026-02-04,14,2
2026-02-04 15:00:00+00:00,1,229.62,18.07,2026-02-04,15,2
2026-02-04 16:00:00+00:00,1,241.45,8.03,2026-02-04,16,2
2026-02-04 17:00:00+00:00,1,249.36,-0.2,2026-02-04,17,2
2026-02-04 18:00:00+00:00,0,259.6,-12.77,2026-02-04,18,2
2026-02-04 19:00:00+00:00,0,270.0,-25.7,2026-02-04,19,2
2026-02-04 20:00:00+00:00,0,280.26,-37.2,2026-02-04,20,2
2026-02-04 21:00:00+00:00,0,292.98,-48.26,2026-02-04,21,2
2026-02-04 22:00:00+00:00,0,310.9,-58.07,2026-02-04,22,2
2026-02-04 23:00:00+00:00,0,337.95,-64.82,2026-02-04,23,2
2026-02-05 00:00:00+00:00,0,11.73,-65.84,2026-02-05,0,3
2026-02-05 01:00:00+00:00,0,41.85,-60.57,2026-02-05,1,3
2026-02-05 02:00:00+00:00,0,62.15,-51.44,2026-02-05,2,3
2026-02-05 03:00:00+00:00,0,76.09,-40.64,2026-02-05,3,3
2026-02-05 04:00:00+00:00,0,86.89,-29.2,2026-02-05,4,3
2026-02-05 05:00:00+00:00,0,96.96,-16.86,2026-02-05,5,3
2026-02-05 06:00:00+00:00,0,105.36,-6.36,2026-02-05,6,3
2026-02-05 07:00:00+00:00,1,114.3,4.04,2026-02-05,7,3
2026-02-05 08:00:00+00:00,1,124.08,13.33,2026-02-05,8,3
2026-02-05 09:00:00+00:00,1,136.73,22.58,2026-02-05,9,3
2026-02-05 10:00:00+00:00,1,150.87,29.42,2026-02-05,10,3
2026-02-05 11:00:00+00:00,1,167.06,33.58,2026-02-05,11,3
2026-02-05 12:00:00+00:00,1,184.59,34.44,2026-02-05,12,3
2026-02-05 13:00:00+00:00,1,201.57,31.84,2026-02-05,13,3
2026-02-05 14:00:00+00:00,1,216.76,26.22,2026-02-05,14,3
2026-02-05 15:00:00+00:00,1,229.81,18.31,2026-02-05,15,3
2026-02-05 16:00:00+00:00,1,241.58,8.33,2026-02-05,16,3
2026-02-05 17:00:00+00:00,1,249.6,-0.02,2026-02-05,17,3
2026-02-05 18:00:00+00:00,0,260.0,-12.77,2026-02-05,18,3
2026-02-05 19:00:00+00:00,0,270.42,-25.7,2026-02-05,19,3
2026-02-05 20:00:00+00:00,0,280.74,-37.2,2026-02-05,20,3
2026-02-05 21:00:00+00:00,0,293.56,-48.23,2026-02-05,21,3
2026-02-05 22:00:00+00:00,0,311.6,-57.96,2026-02-05,22,3
2026-02-05 23:00:00+00:00,0,338.67,-64.6,2026-02-05,23,3
2026-02-06 00:00:00+00:00,0,11.6,-65.54,2026-02-06,0,4
2026-02-06 01:00:00+00:00,0,41.52,-60.31,2026-02-06,1,4
2026-02-06 02:00:00+00:00,0,61.8,-51.22,2026-02-06,2,4
2026-02-06 03:00:00+00:00,0,75.77,-40.45,2026-02-06,3,4
2026-02-06 04:00:00+00:00,0,86.61,-29.02,2026-02-06,4,4
2026-02-06 05:00:00+00:00,0,96.59,-16.82,2026-02-06,5,4
2026-02-06 06:00:00+00:00,0,105.33,-5.91,2026-02-06,6,4
2026-02-06 07:00:00+00:00,1,114.07,4.25,2026-02-06,7,4
2026-02-06 08:00:00+00:00,1,123.63,13.35,2026-02-06,8,4
2026-02-06 09:00:00+00:00,1,136.26,22.67,2026-02-06,9,4
2026-02-06 10:00:00+00:00,1,150.39,29.58,2026-02-06,10,4
2026-02-06 11:00:00+00:00,1,166.61,33.83,2026-02-06,11,4
2026-02-06 12:00:00+00:00,1,184.22,34.76,2026-02-06,12,4
2026-02-06 13:00:00+00:00,1,201.68,32.13,2026-02-06,13,4
2026-02-06 14:00:00+00:00,1,216.93,26.48,2026-02-06,14,4
2026-02-06 15:00:00+00:00,1,230.02,18.55,2026-02-06,15,4
2026-02-06 16:00:00+00:00,1,241.79,8.55,2026-02-06,16,4
2026-02-06 17:00:00+00:00,1,249.86,0.15,2026-02-06,17,4
2026-02-06 18:00:00+00:00,0,260.4,-12.77,2026-02-06,18,4
2026-02-06 19:00:00+00:00,0,270.86,-25.71,2026-02-06,19,4
2026-02-06 20:00:00+00:00,0,281.23,-37.19,2026-02-06,20,4
2026-02-06 21:00:00+00:00,0,294.14,-48.19,2026-02-06,21,4
2026-02-06 22:00:00+00:00,0,312.3,-57.85,2026-02-06,22,4
2026-02-06 23:00:00+00:00,0,339.38,-64.37,2026-02-06,23,4
2026-02-07 00:00:00+00:00,0,11.49,-65.23,2026-02-07,0,5
2026-02-07 01:00:00+00:00,0,41.19,-60.05,2026-02-07,1,5
2026-02-07 02:00:00+00:00,0,61.46,-51.0,2026-02-07,2,5
2026-02-07 03:00:00+00:00,0,75.46,-40.25,2026-02-07,3,5
2026-02-07 04:00:00+00:00,0,86.33,-28.83,2026-02-07,4,5
2026-02-07 05:00:00+00:00,0,96.21,-16.78,2026-02-07,5,5
2026-02-07 06:00:00+00:00,0,104.93,-5.91,2026-02-07,6,5
2026-02-07 07:00:00+00:00,1,113.82,4.43,2026-02-07,7,5
2026-02-07 08:00:00+00:00,1,123.47,13.64,2026-02-07,8,5
2026-02-07 09:00:00+00:00,1,135.78,22.75,2026-02-07,9,5
2026-02-07 10:00:00+00:00,1,149.91,29.73,2026-02-07,10,5
2026-02-07 11:00:00+00:00,1,166.17,34.07,2026-02-07,11,5
2026-02-07 12:00:00+00:00,1,184.14,35.07,2026-02-07,12,5
2026-02-07 13:00:00+00:00,1,201.79,32.42,2026-02-07,13,5
2026-02-07 14:00:00+00:00,1,217.1,26.75,2026-02-07,14,5
2026-02-07 15:00:00+00:00,1,230.22,18.8,2026-02-07,15,5
2026-02-07 16:00:00+00:00,1,242.18,8.6,2026-02-07,16,5
2026-02-07 17:00:00+00:00,1,250.29,0.13,2026-02-07,17,5
2026-02-07 18:00:00+00:00,0,260.22,-12.03,2026-02-07,18,5
2026-02-07 19:00:00+00:00,0,268.1,-21.85,2026-02-07,19,5
2026-02-07 20:00:00+00:00,0,278.05,-33.38,2026-02-07,20,5
2026-02-07 21:00:00+00:00,0,289.97,-44.58,2026-02-07,21,5
2026-02-07 22:00:00+00:00,0,306.09,-54.78,2026-02-07,22,5
2026-02-07 23:00:00+00:00,0,329.98,-62.52,2026-02-07,23,5
2026-02-08 00:00:00+00:00,0,96.26,-65.03,2026-02-08,0,6
2026-02-08 01:00:00+00:00,0,40.86,-59.79,2026-02-08,1,6
2026-02-08 02:00:00+00:00,0,61.1,-50.78,2026-02-08,2,6
2026-02-08 03:00:00+00:00,0,75.13,-40.05,2026-02-08,3,6
2026-02-08 04:00:00+00:00,0,86.04,-28.64,2026-02-08,4,6
2026-02-08 05:00:00+00:00,0,95.83,-16.74,2026-02-08,5,6
2026-02-08 06:00:00+00:00,0,104.52,-5.9,2026-02-08,6,6
2026-02-08 07:00:00+00:00,1,113.4,4.45,2026-02-08,7,6
2026-02-08 08:00:00+00:00,1,123.39,13.97,2026-02-08,8,6
2026-02-08 09:00:00+00:00,1,136.17,23.36,2026-02-08,9,6
2026-02-08 10:00:00+00:00,1,150.45,30.28,2026-02-08,10,6
2026-02-08 11:00:00+00:00,1,166.86,34.5,2026-02-08,11,6
2026-02-08 12:00:00+00:00,1,184.67,35.37,2026-02-08,12,6
2026-02-08 13:00:00+00:00,1,201.9,32.72,2026-02-08,13,6
2026-02-08 14:00:00+00:00,1,217.27,27.03,2026-02-08,14,6
2026-02-08 15:00:00+00:00,1,230.43,19.04,2026-02-08,15,6
2026-02-08 16:00:00+00:00,1,242.33,8.9,2026-02-08,16,6
2026-02-08 17:00:00+00:00,1,250.56,0.3,2026-02-08,17,6
2026-02-08 18:00:00+00:00,0,260.63,-12.04,2026-02-08,18,6
2026-02-08 19:00:00+00:00,0,268.54,-21.85,2026-02-08,19,6
2026-02-08 20:00:00+00:00,0,278.53,-33.38,2026-02-08,20,6
2026-02-08 21:00:00+00:00,0,290.53,-44.56,2026-02-08,21,6
2026-02-08 22:00:00+00:00,0,306.77,-54.69,2026-02-08,22,6
2026-02-08 23:00:00+00:00,0,330.73,-62.33,2026-02-08,23,6
2026-02-09 00:00:00+00:00,0,96.34,-64.72,2026-02-09,0,0
2026-02-09 01:00:00+00:00,0,40.54,-59.51,2026-02-09,1,0
2026-02-09 02:00:00+00:00,0,60.75,-50.55,2026-02-09,2,0
2026-02-09 03:00:00+00:00,0,74.81,-39.85,2026-02-09,3,0
2026-02-09 04:00:00+00:00,0,85.75,-28.45,2026-02-09,4,0
2026-02-09 05:00:00+00:00,0,95.44,-16.7,2026-02-09,5,0
2026-02-09 06:00:00+00:00,0,104.11,-5.9,2026-02-09,6,0
2026-02-09 07:00:00+00:00,1,113.15,4.64,2026-02-09,7,0
2026-02-09 08:00:00+00:00,1,123.56,14.56,2026-02-09,8,0
2026-02-09 09:00:00+00:00,1,135.68,23.45,2026-02-09,9,0
2026-02-09 10:00:00+00:00,1,149.96,30.44,2026-02-09,10,0
2026-02-09 11:00:00+00:00,1,166.4,34.76,2026-02-09,11,0
2026-02-09 12:00:00+00:00,1,184.29,35.71,2026-02-09,12,0
2026-02-09 13:00:00+00:00,1,202.01,33.03,2026-02-09,13,0
2026-02-09 14:00:00+00:00,1,217.45,27.31,2026-02-09,14,0
2026-02-09 15:00:00+00:00,1,230.64,19.3,2026-02-09,15,0
2026-02-09 16:00:00+00:00,1,242.53,9.15,2026-02-09,16,0
2026-02-09 17:00:00+00:00,1,250.79,0.5,2026-02-09,17,0
2026-02-09 18:00:00+00:00,0,261.05,-12.04,2026-02-09,18,0
2026-02-09 19:00:00+00:00,0,268.97,-21.85,2026-02-09,19,0
2026-02-09 20:00:00+00:00,0,279.01,-33.38,2026-02-09,20,0
2026-02-09 21:00:00+00:00,0,291.1,-44.52,2026-02-09,21,0
2026-02-09 22:00:00+00:00,0,307.46,-54.6,2026-02-09,22,0
2026-02-09 23:00:00+00:00,0,331.47,-62.12,2026-02-09,23,0
2026-02-10 00:00:00+00:00,0,186.42,-64.41,2026-02-10,0,1
2026-02-10 01:00:00+00:00,0,40.21,-59.24,2026-02-10,1,1
2026-02-10 02:00:00+00:00,0,60.4,-50.32,2026-02-10,2,1
2026-02-10 03:00:00+00:00,0,74.49,-39.64,2026-02-10,3,1
2026-02-10 04:00:00+00:00,0,85.46,-28.25,2026-02-10,4,1
2026-02-10 05:00:00+00:00,0,95.05,-16.66,2026-02-10,5,1
2026-02-10 06:00:00+00:00,0,103.69,-5.9,2026-02-10,6,1
2026-02-10 07:00:00+00:00,1,112.72,4.65,2026-02-10,7,1
2026-02-10 08:00:00+00:00,1,123.08,14.58,2026-02-10,8,1
2026-02-10 09:00:00+00:00,1,135.19,23.53,2026-02-10,9,1
2026-02-10 10:00:00+00:00,1,149.46,30.61,2026-02-10,10,1
2026-02-10 11:00:00+00:00,1,165.94,35.01,2026-02-10,11,1
2026-02-10 12:00:00+00:00,1,184.22,36.03,2026-02-10,12,1
2026-02-10 13:00:00+00:00,1,202.13,33.34,2026-02-10,13,1
2026-02-10 14:00:00+00:00,1,217.63,27.59,2026-02-10,14,1
2026-02-10 15:00:00+00:00,1,230.85,19.55,2026-02-10,15,1
2026-02-10 16:00:00+00:00,1,242.92,9.22,2026-02-10,16,1
2026-02-10 17:00:00+00:00,1,251.0,0.78,2026-02-10,17,1
2026-02-10 18:00:00+00:00,0,260.87,-11.28,2026-02-10,18,1
2026-02-10 19:00:00+00:00,0,269.42,-21.86,2026-02-10,19,1
2026-02-10 20:00:00+00:00,0,279.51,-33.37,2026-02-10,20,1
2026-02-10 21:00:00+00:00,0,291.68,-44.49,2026-02-10,21,1
2026-02-10 22:00:00+00:00,0,308.15,-54.5,2026-02-10,22,1
2026-02-10 23:00:00+00:00,0,332.22,-61.92,2026-02-10,23,1
2026-02-11 00:00:00+00:00,0,186.49,-64.1,2026-02-11,0,2
2026-02-11 01:00:00+00:00,0,39.88,-58.96,2026-02-11,1,2
2026-02-11 02:00:00+00:00,0,60.04,-50.09,2026-02-11,2,2
2026-02-11 03:00:00+00:00,0,74.16,-39.43,2026-02-11,3,2
2026-02-11 04:00:00+00:00,0,85.16,-28.06,2026-02-11,4,2
2026-02-11 05:00:00+00:00,0,95.27,-15.85,2026-02-11,5,2
2026-02-11 06:00:00+00:00,1,104.11,-4.83,2026-02-11,6,2
2026-02-11 07:00:00+00:00,1,112.62,5.01,2026-02-11,7,2
2026-02-11 08:00:00+00:00,1,123.35,15.25,2026-02-11,8,2
2026-02-11 09:00:00+00:00,1,135.57,24.16,2026-02-11,9,2
2026-02-11 10:00:00+00:00,1,149.99,31.16,2026-02-11,10,2
2026-02-11 11:00:00+00:00,1,166.63,35.45,2026-02-11,11,2
2026-02-11 12:00:00+00:00,1,184.75,36.34,2026-02-11,12,2
2026-02-11 13:00:00+00:00,1,202.25,33.65,2026-02-11,13,2
2026-02-11 14:00:00+00:00,1,217.81,27.88,2026-02-11,14,2
2026-02-11 15:00:00+00:00,1,231.07,19.8,2026-02-11,15,2
2026-02-11 16:00:00+00:00,1,243.09,9.52,2026-02-11,16,2
2026-02-11 17:00:00+00:00,1,251.28,0.95,2026-02-11,17,2
2026-02-11 18:00:00+00:00,0,261.3,-11.29,2026-02-11,18,2
2026-02-11 19:00:00+00:00,0,269.86,-21.86,2026-02-11,19,2
2026-02-11 20:00:00+00:00,0,280.01,-33.36,2026-02-11,20,2
2026-02-11 21:00:00+00:00,0,292.26,-44.45,2026-02-11,21,2
2026-02-11 22:00:00+00:00,0,308.84,-54.4,2026-02-11,22,2
2026-02-11 23:00:00+00:00,0,332.97,-61.7,2026-02-11,23,2
2026-02-12 00:00:00+00:00,0,186.58,-63.78,2026-02-12,0,3
2026-02-12 01:00:00+00:00,0,39.56,-58.68,2026-02-12,1,3
2026-02-12 02:00:00+00:00,0,59.69,-49.85,2026-02-12,2,3
2026-02-12 03:00:00+00:00,0,73.84,-39.22,2026-02-12,3,3
2026-02-12 04:00:00+00:00,0,84.87,-27.85,2026-02-12,4,3
2026-02-12 05:00:00+00:00,0,94.86,-15.82,2026-02-12,5,3
2026-02-12 06:00:00+00:00,1,103.99,-4.42,2026-02-12,6,3
2026-02-12 07:00:00+00:00,1,112.34,5.19,2026-02-12,7,3
2026-02-12 08:00:00+00:00,1,122.86,15.28,2026-02-12,8,3
2026-02-12 09:00:00+00:00,1,135.07,24.25,2026-02-12,9,3
2026-02-12 10:00:00+00:00,1,149.48,31.33,2026-02-12,10,3
2026-02-12 11:00:00+00:00,1,166.15,35.71,2026-02-12,11,3
2026-02-12 12:00:00+00:00,1,184.36,36.68,2026-02-12,12,3
2026-02-12 13:00:00+00:00,1,202.37,33.96,2026-02-12,13,3
2026-02-12 14:00:00+00:00,1,218.0,28.16,2026-02-12,14,3
2026-02-12 15:00:00+00:00,1,231.29,20.07,2026-02-12,15,3
2026-02-12 16:00:00+00:00,1,243.29,9.79,2026-02-12,16,3
2026-02-12 17:00:00+00:00,1,251.57,1.12,2026-02-12,17,3
2026-02-12 18:00:00+00:00,0,261.74,-11.29,2026-02-12,18,3
2026-02-12 19:00:00+00:00,0,270.32,-21.86,2026-02-12,19,3
2026-02-12 20:00:00+00:00,0,280.52,-33.36,2026-02-12,20,3
2026-02-12 21:00:00+00:00,0,292.85,-44.41,2026-02-12,21,3
2026-02-12 22:00:00+00:00,0,309.54,-54.29,2026-02-12,22,3
2026-02-12 23:00:00+00:00,0,333.73,-61.48,2026-02-12,23,3
2026-02-13 00:00:00+00:00,0,186.66,-63.46,2026-02-13,0,4
2026-02-13 01:00:00+00:00,0,39.25,-58.39,2026-02-13,1,4
2026-02-13 02:00:00+00:00,0,59.34,-49.6,2026-02-13,2,4
2026-02-13 03:00:00+00:00,0,73.51,-39.0,2026-02-13,3,4
2026-02-13 04:00:00+00:00,0,84.57,-27.65,2026-02-13,4,4
2026-02-13 05:00:00+00:00,0,94.45,-15.78,2026-02-13,5,4
2026-02-13 06:00:00+00:00,1,103.56,-4.41,2026-02-13,6,4
2026-02-13 07:00:00+00:00,1,111.9,5.21,2026-02-13,7,4
2026-02-13 08:00:00+00:00,1,122.37,15.3,2026-02-13,8,4
2026-02-13 09:00:00+00:00,1,134.56,24.34,2026-02-13,9,4
2026-02-13 10:00:00+00:00,1,148.97,31.51,2026-02-13,10,4
2026-02-13 11:00:00+00:00,1,165.67,35.98,2026-02-13,11,4
2026-02-13 12:00:00+00:00,1,184.28,37.02,2026-02-13,12,4
2026-02-13 13:00:00+00:00,1,202.5,34.28,2026-02-13,13,4
2026-02-13 14:00:00+00:00,1,218.18,28.46,2026-02-13,14,4
2026-02-13 15:00:00+00:00,1,231.51,20.33,2026-02-13,15,4
2026-02-13 16:00:00+00:00,1,243.67,9.88,2026-02-13,16,4
2026-02-13 17:00:00+00:00,1,252.03,1.1,2026-02-13,17,4
2026-02-13 18:00:00+00:00,0,262.18,-11.3,2026-02-13,18,4
2026-02-13 19:00:00+00:00,0,270.77,-21.86,2026-02-13,19,4
2026-02-13 20:00:00+00:00,0,281.02,-33.34,2026-02-13,20,4
2026-02-13 21:00:00+00:00,0,293.44,-44.37,2026-02-13,21,4
2026-02-13 22:00:00+00:00,0,310.24,-54.18,2026-02-13,22,4
2026-02-13 23:00:00+00:00,0,334.46,-61.26,2026-02-13,23,4
2026-02-14 00:00:00+00:00,0,186.73,-63.13,2026-02-14,0,5
2026-02-14 01:00:00+00:00,0,38.92,-58.1,2026-02-14,1,5
2026-02-14 02:00:00+00:00,0,58.98,-49.35,2026-02-14,2,5
2026-02-14 03:00:00+00:00,0,73.18,-38.78,2026-02-14,3,5
2026-02-14 04:00:00+00:00,0,84.26,-27.44,2026-02-14,4,5
2026-02-14 05:00:00+00:00,0,94.03,-15.74,2026-02-14,5,5
2026-02-14 06:00:00+00:00,1,103.41,-4.04,2026-02-14,6,5
2026-02-14 07:00:00+00:00,1,111.79,5.58,2026-02-14,7,5
2026-02-14 08:00:00+00:00,1,122.63,15.98,2026-02-14,8,5
2026-02-14 09:00:00+00:00,1,134.93,24.98,2026-02-14,9,5
2026-02-14 10:00:00+00:00,1,149.49,32.07,2026-02-14,10,5
2026-02-14 11:00:00+00:00,1,166.37,36.43,2026-02-14,11,5
2026-02-14 12:00:00+00:00,1,184.83,37.34,2026-02-14,12,5
2026-02-14 13:00:00+00:00,1,202.63,34.61,2026-02-14,13,5
2026-02-14 14:00:00+00:00,1,218.38,28.75,2026-02-14,14,5
2026-02-14 15:00:00+00:00,1,231.74,20.59,2026-02-14,15,5
2026-02-14 16:00:00+00:00,1,243.86,10.18,2026-02-14,16,5
2026-02-14 17:00:00+00:00,1,252.11,1.55,2026-02-14,17,5
2026-02-14 18:00:00+00:00,0,261.47,-9.87,2026-02-14,18,5
2026-02-14 19:00:00+00:00,0,270.16,-20.54,2026-02-14,19,5
2026-02-14 20:00:00+00:00,0,281.54,-33.33,2026-02-14,20,5
2026-02-14 21:00:00+00:00,0,294.04,-44.32,2026-02-14,21,5
2026-02-14 22:00:00+00:00,0,310.96,-54.07,2026-02-14,22,5
2026-02-14 23:00:00+00:00,0,335.22,-61.02,2026-02-14,23,5
2026-02-15 00:00:00+00:00,0,186.81,-62.8,2026-02-15,0,6
2026-02-15 01:00:00+00:00,0,38.6,-57.8,2026-02-15,1,6
2026-02-15 02:00:00+00:00,0,58.63,-49.11,2026-02-15,2,6
2026-02-15 03:00:00+00:00,0,72.84,-38.56,2026-02-15,3,6
2026-02-15 04:00:00+00:00,0,83.96,-27.23,2026-02-15,4,6
2026-02-15 05:00:00+00:00,0,93.61,-15.71,2026-02-15,5,6
2026-02-15 06:00:00+00:00,1,102.96,-4.03,2026-02-15,6,6
2026-02-15 07:00:00+00:00,1,111.33,5.59,2026-02-15,7,6
2026-02-15 08:00:00+00:00,1,122.13,16.01,2026-02-15,8,6
2026-02-15 09:00:00+00:00,1,134.41,25.07,2026-02-15,9,6
2026-02-15 10:00:00+00:00,1,148.96,32.25,2026-02-15,10,6
2026-02-15 11:00:00+00:00,1,165.88,36.7,2026-02-15,11,6
2026-02-15 12:00:00+00:00,1,184.43,37.7,2026-02-15,12,6
2026-02-15 13:00:00+00:00,1,202.75,34.93,2026-02-15,13,6
2026-02-15 14:00:00+00:00,1,218.57,29.05,2026-02-15,14,6
2026-02-15 15:00:00+00:00,1,231.97,20.86,2026-02-15,15,6
2026-02-15 16:00:00+00:00,1,244.04,10.49,2026-02-15,16,6
2026-02-15 17:00:00+00:00,1,252.41,1.71,2026-02-15,17,6
2026-02-15 18:00:00+00:00,0,261.92,-9.88,2026-02-15,18,6
2026-02-15 19:00:00+00:00,0,270.62,-20.55,2026-02-15,19,6
2026-02-15 20:00:00+00:00,0,282.06,-33.32,2026-02-15,20,6
2026-02-15 21:00:00+00:00,0,294.65,-44.28,2026-02-15,21,6
2026-02-15 22:00:00+00:00,0,311.67,-53.95,2026-02-15,22,6
2026-02-15 23:00:00+00:00,0,335.96,-60.79,2026-02-15,23,6
2026-02-16 00:00:00+00:00,0,186.89,-62.46,2026-02-16,0,0
2026-02-16 01:00:00+00:00,0,38.29,-57.5,2026-02-16,1,0
2026-02-16 02:00:00+00:00,0,58.27,-48.85,2026-02-16,2,0
2026-02-16 03:00:00+00:00,0,72.51,-38.33,2026-02-16,3,0
2026-02-16 04:00:00+00:00,0,83.66,-27.02,2026-02-16,4,0
2026-02-16 05:00:00+00:00,0,93.19,-15.68,2026-02-16,5,0
2026-02-16 06:00:00+00:00,1,102.79,-3.69,2026-02-16,6,0
2026-02-16 07:00:00+00:00,1,111.04,5.78,2026-02-16,7,0
2026-02-16 08:00:00+00:00,1,121.63,16.04,2026-02-16,8,0
2026-02-16 09:00:00+00:00,1,133.89,25.17,2026-02-16,9,0
2026-02-16 10:00:00+00:00,1,148.44,32.43,2026-02-16,10,0
2026-02-16 11:00:00+00:00,1,165.38,36.98,2026-02-16,11,0
2026-02-16 12:00:00+00:00,1,184.35,38.04,2026-02-16,12,0
2026-02-16 13:00:00+00:00,1,202.88,35.26,2026-02-16,13,0
2026-02-16 14:00:00+00:00,1,218.76,29.35,2026-02-16,14,0
2026-02-16 15:00:00+00:00,1,232.2,21.13,2026-02-16,15,0
2026-02-16 16:00:00+00:00,1,244.2,10.81,2026-02-16,16,0
2026-02-16 17:00:00+00:00,1,252.72,1.88,2026-02-16,17,0
2026-02-16 18:00:00+00:00,0,262.38,-9.88,2026-02-16,18,0
2026-02-16 19:00:00+00:00,0,271.09,-20.55,2026-02-16,19,0
2026-02-16 20:00:00+00:00,0,282.59,-33.31,2026-02-16,20,0
2026-02-16 21:00:00+00:00,0,295.26,-44.23,2026-02-16,21,0
2026-02-16 22:00:00+00:00,0,312.39,-53.83,2026-02-16,22,0
2026-02-16 23:00:00+00:00,0,336.71,-60.54,2026-02-16,23,0
2026-02-17 00:00:00+00:00,0,186.96,-62.12,2026-02-17,0,1
2026-02-17 01:00:00+00:00,0,37.98,-57.2,2026-02-17,1,1
2026-02-17 02:00:00+00:00,0,57.91,-48.59,2026-02-17,2,1
2026-02-17 03:00:00+00:00,0,72.17,-38.11,2026-02-17,3,1
2026-02-17 04:00:00+00:00,0,83.35,-26.8,2026-02-17,4,1
2026-02-17 05:00:00+00:00,0,92.76,-15.64,2026-02-17,5,1
2026-02-17 06:00:00+00:00,1,102.59,-3.37,2026-02-17,6,1
2026-02-17 07:00:00+00:00,1,110.93,6.16,2026-02-17,7,1
2026-02-17 08:00:00+00:00,1,121.88,16.72,2026-02-17,8,1
2026-02-17 09:00:00+00:00,1,134.25,25.81,2026-02-17,9,1
2026-02-17 10:00:00+00:00,1,148.95,33.0,2026-02-17,10,1
2026-02-17 11:00:00+00:00,1,166.08,37.44,2026-02-17,11,1
2026-02-17 12:00:00+00:00,1,184.59,38.39,2026-02-17,12,1
2026-02-17 13:00:00+00:00,1,203.02,35.59,2026-02-17,13,1
2026-02-17 14:00:00+00:00,1,218.97,29.65,2026-02-17,14,1
2026-02-17 15:00:00+00:00,1,232.44,21.4,2026-02-17,15,1
2026-02-17 16:00:00+00:00,1,244.62,10.89,2026-02-17,16,1
2026-02-17 17:00:00+00:00,1,253.0,2.12,2026-02-17,17,1
2026-02-17 18:00:00+00:00,0,262.35,-9.28,2026-02-17,18,1
2026-02-17 19:00:00+00:00,0,271.57,-20.54,2026-02-17,19,1
2026-02-17 20:00:00+00:00,0,283.12,-33.29,2026-02-17,20,1
2026-02-17 21:00:00+00:00,0,295.88,-44.17,2026-02-17,21,1
2026-02-17 22:00:00+00:00,0,313.1,-53.7,2026-02-17,22,1
2026-02-17 23:00:00+00:00,0,337.44,-60.29,2026-02-17,23,1
2026-02-18 00:00:00+00:00,0,130.25,-61.64,2026-02-18,0,2
2026-02-18 01:00:00+00:00,0,37.66,-56.9,2026-02-18,1,2
2026-02-18 02:00:00+00:00,0,57.56,-48.33,2026-02-18,2,2
2026-02-18 03:00:00+00:00,0,71.84,-37.87,2026-02-18,3,2
2026-02-18 04:00:00+00:00,0,83.04,-26.58,2026-02-18,4,2
2026-02-18 05:00:00+00:00,0,93.46,-14.2,2026-02-18,5,2
2026-02-18 06:00:00+00:00,1,102.54,-2.86,2026-02-18,6,2
2026-02-18 07:00:00+00:00,1,110.46,6.18,2026-02-18,7,2
2026-02-18 08:00:00+00:00,1,121.37,16.75,2026-02-18,8,2
2026-02-18 09:00:00+00:00,1,133.72,25.91,2026-02-18,9,2
2026-02-18 10:00:00+00:00,1,148.42,33.19,2026-02-18,10,2
2026-02-18 11:00:00+00:00,1,165.58,37.72,2026-02-18,11,2
2026-02-18 12:00:00+00:00,1,184.51,38.74,2026-02-18,12,2
2026-02-18 13:00:00+00:00,1,203.15,35.92,2026-02-18,13,2
2026-02-18 14:00:00+00:00,1,219.17,29.95,2026-02-18,14,2
2026-02-18 15:00:00+00:00,1,232.68,21.67,2026-02-18,15,2
2026-02-18 16:00:00+00:00,1,244.78,11.23,2026-02-18,16,2
2026-02-18 17:00:00+00:00,1,253.32,2.28,2026-02-18,17,2
2026-02-18 18:00:00+00:00,0,262.81,-9.28,2026-02-18,18,2
2026-02-18 19:00:00+00:00,0,272.05,-20.54,2026-02-18,19,2
2026-02-18 20:00:00+00:00,0,283.66,-33.28,2026-02-18,20,2
2026-02-18 21:00:00+00:00,0,296.5,-44.12,2026-02-18,21,2
2026-02-18 22:00:00+00:00,0,313.83,-53.56,2026-02-18,22,2
2026-02-18 23:00:00+00:00,0,338.18,-60.04,2026-02-18,23,2
2026-02-19 00:00:00+00:00,0,130.15,-61.29,2026-02-19,0,3
2026-02-19 01:00:00+00:00,0,37.36,-56.59,2026-02-19,1,3
2026-02-19 02:00:00+00:00,0,57.21,-48.07,2026-02-19,2,3
2026-02-19 03:00:00+00:00,0,71.5,-37.64,2026-02-19,3,3
2026-02-19 04:00:00+00:00,0,82.73,-26.36,2026-02-19,4,3
2026-02-19 05:00:00+00:00,0,92.99,-14.2,2026-02-19,5,3
2026-02-19 06:00:00+00:00,1,102.31,-2.57,2026-02-19,6,3
2026-02-19 07:00:00+00:00,1,110.35,6.57,2026-02-19,7,3
2026-02-19 08:00:00+00:00,1,121.62,17.45,2026-02-19,8,3
2026-02-19 09:00:00+00:00,1,134.08,26.57,2026-02-19,9,3
2026-02-19 10:00:00+00:00,1,148.94,33.77,2026-02-19,10,3
2026-02-19 11:00:00+00:00,1,166.29,38.19,2026-02-19,11,3
2026-02-19 12:00:00+00:00,1,185.06,39.08,2026-02-19,12,3
2026-02-19 13:00:00+00:00,1,203.29,36.26,2026-02-19,13,3
2026-02-19 14:00:00+00:00,1,219.38,30.26,2026-02-19,14,3
2026-02-19 15:00:00+00:00,1,232.92,21.95,2026-02-19,15,3
2026-02-19 16:00:00+00:00,1,245.15,11.36,2026-02-19,16,3
2026-02-19 17:00:00+00:00,1,253.81,2.26,2026-02-19,17,3
2026-02-19 18:00:00+00:00,0,263.28,-9.28,2026-02-19,18,3
2026-02-19 19:00:00+00:00,0,272.54,-20.55,2026-02-19,19,3
2026-02-19 20:00:00+00:00,0,284.21,-33.26,2026-02-19,20,3
2026-02-19 21:00:00+00:00,0,297.13,-44.06,2026-02-19,21,3
2026-02-19 22:00:00+00:00,0,314.56,-53.43,2026-02-19,22,3
2026-02-19 23:00:00+00:00,0,338.92,-59.78,2026-02-19,23,3
2026-02-20 00:00:00+00:00,0,130.05,-60.94,2026-02-20,0,4
2026-02-20 01:00:00+00:00,0,37.06,-56.27,2026-02-20,1,4
2026-02-20 02:00:00+00:00,0,56.86,-47.8,2026-02-20,2,4
2026-02-20 03:00:00+00:00,0,71.17,-37.4,2026-02-20,3,4
2026-02-20 04:00:00+00:00,0,82.42,-26.14,2026-02-20,4,4
2026-02-20 05:00:00+00:00,0,92.53,-14.2,2026-02-20,5,4
2026-02-20 06:00:00+00:00,1,102.07,-2.29,2026-02-20,6,4
2026-02-20 07:00:00+00:00,1,109.93,6.64,2026-02-20,7,4
2026-02-20 08:00:00+00:00,1,121.1,17.48,2026-02-20,8,4
2026-02-20 09:00:00+00:00,1,133.54,26.67,2026-02-20,9,4
2026-02-20 10:00:00+00:00,1,148.39,33.96,2026-02-20,10,4
2026-02-20 11:00:00+00:00,1,165.77,38.48,2026-02-20,11,4
2026-02-20 12:00:00+00:00,1,184.66,39.45,2026-02-20,12,4
2026-02-20 13:00:00+00:00,1,203.43,36.6,2026-02-20,13,4
2026-02-20 14:00:00+00:00,1,219.59,30.57,2026-02-20,14,4
2026-02-20 15:00:00+00:00,1,233.16,22.23,2026-02-20,15,4
2026-02-20 16:00:00+00:00,1,245.36,11.66,2026-02-20,16,4
2026-02-20 17:00:00+00:00,1,254.04,2.53,2026-02-20,17,4
2026-02-20 18:00:00+00:00,0,263.75,-9.29,2026-02-20,18,4
2026-02-20 19:00:00+00:00,0,273.03,-20.54,2026-02-20,19,4
2026-02-20 20:00:00+00:00,0,284.75,-33.24,2026-02-20,20,4
2026-02-20 21:00:00+00:00,0,297.76,-44.0,2026-02-20,21,4
2026-02-20 22:00:00+00:00,0,315.29,-53.28,2026-02-20,22,4
2026-02-20 23:00:00+00:00,0,339.65,-59.51,2026-02-20,23,4
2026-02-21 00:00:00+00:00,0,129.95,-60.58,2026-02-21,0,5
2026-02-21 01:00:00+00:00,0,36.75,-55.96,2026-02-21,1,5
2026-02-21 02:00:00+00:00,0,56.51,-47.53,2026-02-21,2,5
2026-02-21 03:00:00+00:00,0,70.83,-37.16,2026-02-21,3,5
2026-02-21 04:00:00+00:00,0,82.1,-25.91,2026-02-21,4,5
2026-02-21 05:00:00+00:00,0,92.05,-14.2,2026-02-21,5,5
2026-02-21 06:00:00+00:00,1,101.6,-2.29,2026-02-21,6,5
2026-02-21 07:00:00+00:00,1,109.45,6.66,2026-02-21,7,5
2026-02-21 08:00:00+00:00,1,120.58,17.52,2026-02-21,8,5
2026-02-21 09:00:00+00:00,1,132.99,26.77,2026-02-21,9,5
2026-02-21 10:00:00+00:00,1,147.83,34.14,2026-02-21,10,5
2026-02-21 11:00:00+00:00,1,165.25,38.76,2026-02-21,11,5
2026-02-21 12:00:00+00:00,1,184.58,39.81,2026-02-21,12,5
2026-02-21 13:00:00+00:00,1,203.57,36.94,2026-02-21,13,5
2026-02-21 14:00:00+00:00,1,219.8,30.88,2026-02-21,14,5
2026-02-21 15:00:00+00:00,1,233.41,22.5,2026-02-21,15,5
2026-02-21 16:00:00+00:00,1,245.49,12.05,2026-02-21,16,5
2026-02-21 17:00:00+00:00,1,254.16,2.94,2026-02-21,17,5
2026-02-21 18:00:00+00:00,0,263.77,-8.74,2026-02-21,18,5
2026-02-21 19:00:00+00:00,0,273.52,-20.54,2026-02-21,19,5
2026-02-21 20:00:00+00:00,0,285.31,-33.22,2026-02-21,20,5
2026-02-21 21:00:00+00:00,0,298.4,-43.94,2026-02-21,21,5
2026-02-21 22:00:00+00:00,0,316.02,-53.14,2026-02-21,22,5
2026-02-21 23:00:00+00:00,0,340.37,-59.24,2026-02-21,23,5
2026-02-22 00:00:00+00:00,0,129.85,-60.22,2026-02-22,0,6
2026-02-22 01:00:00+00:00,0,36.45,-55.64,2026-02-22,1,6
2026-02-22 02:00:00+00:00,0,56.15,-47.25,2026-02-22,2,6
2026-02-22 03:00:00+00:00,0,70.49,-36.92,2026-02-22,3,6
2026-02-22 04:00:00+00:00,0,81.79,-25.69,2026-02-22,4,6
2026-02-22 05:00:00+00:00,0,91.57,-14.2,2026-02-22,5,6
2026-02-22 06:00:00+00:00,1,101.35,-2.03,2026-02-22,6,6
2026-02-22 07:00:00+00:00,1,109.36,7.08,2026-02-22,7,6
2026-02-22 08:00:00+00:00,1,120.82,18.21,2026-02-22,8,6
2026-02-22 09:00:00+00:00,1,133.35,27.43,2026-02-22,9,6
2026-02-22 10:00:00+00:00,1,148.36,34.74,2026-02-22,10,6
2026-02-22 11:00:00+00:00,1,165.97,39.25,2026-02-22,11,6
2026-02-22 12:00:00+00:00,1,185.15,40.16,2026-02-22,12,6
2026-02-22 13:00:00+00:00,1,203.72,37.29,2026-02-22,13,6
2026-02-22 14:00:00+00:00,1,220.01,31.2,2026-02-22,14,6
2026-02-22 15:00:00+00:00,1,233.66,22.78,2026-02-22,15,6
2026-02-22 16:00:00+00:00,1,245.85,12.2,2026-02-22,16,6
2026-02-22 17:00:00+00:00,1,254.66,2.93,2026-02-22,17,6
2026-02-22 18:00:00+00:00,0,263.67,-8.03,2026-02-22,18,6
2026-02-22 19:00:00+00:00,0,273.1,-19.45,2026-02-22,19,6
2026-02-22 20:00:00+00:00,0,285.87,-33.2,2026-02-22,20,6
2026-02-22 21:00:00+00:00,0,299.04,-43.87,2026-02-22,21,6
2026-02-22 22:00:00+00:00,0,316.75,-52.99,2026-02-22,22,6
2026-02-22 23:00:00+00:00,0,341.1,-58.96,2026-02-22,23,6
2026-02-23 00:00:00+00:00,0,129.75,-59.87,2026-02-23,0,0
2026-02-23 01:00:00+00:00,0,36.15,-55.31,2026-02-23,1,0
2026-02-23 02:00:00+00:00,0,55.81,-46.98,2026-02-23,2,0
2026-02-23 03:00:00+00:00,0,70.15,-36.67,2026-02-23,3,0
2026-02-23 04:00:00+00:00,0,81.47,-25.46,2026-02-23,4,0
2026-02-23 05:00:00+00:00,0,91.09,-14.2,2026-02-23,5,0
2026-02-23 06:00:00+00:00,1,101.08,-1.78,2026-02-23,6,0
2026-02-23 07:00:00+00:00,1,109.04,7.28,2026-02-23,7,0
2026-02-23 08:00:00+00:00,1,120.29,18.25,2026-02-23,8,0
2026-02-23 09:00:00+00:00,1,132.8,27.53,2026-02-23,9,0
2026-02-23 10:00:00+00:00,1,147.79,34.93,2026-02-23,10,0
2026-02-23 11:00:00+00:00,1,165.44,39.54,2026-02-23,11,0
2026-02-23 12:00:00+00:00,1,184.74,40.54,2026-02-23,12,0
2026-02-23 13:00:00+00:00,1,203.86,37.63,2026-02-23,13,0
2026-02-23 14:00:00+00:00,1,220.23,31.51,2026-02-23,14,0
2026-02-23 15:00:00+00:00,1,233.91,23.07,2026-02-23,15,0
2026-02-23 16:00:00+00:00,1,246.08,12.5,2026-02-23,16,0
2026-02-23 17:00:00+00:00,1,254.99,3.1,2026-02-23,17,0
2026-02-23 18:00:00+00:00,0,264.16,-8.03,2026-02-23,18,0
2026-02-23 19:00:00+00:00,0,273.6,-19.45,2026-02-23,19,0
2026-02-23 20:00:00+00:00,0,286.43,-33.18,2026-02-23,20,0
2026-02-23 21:00:00+00:00,0,299.69,-43.8,2026-02-23,21,0
2026-02-23 22:00:00+00:00,0,317.49,-52.83,2026-02-23,22,0
2026-02-23 23:00:00+00:00,0,341.82,-58.68,2026-02-23,23,0
2026-02-24 00:00:00+00:00,0,129.65,-59.5,2026-02-24,0,1
2026-02-24 01:00:00+00:00,0,35.85,-54.99,2026-02-24,1,1
2026-02-24 02:00:00+00:00,0,55.46,-46.7,2026-02-24,2,1
2026-02-24 03:00:00+00:00,0,69.81,-36.42,2026-02-24,3,1
2026-02-24 04:00:00+00:00,0,81.16,-25.22,2026-02-24,4,1
2026-02-24 05:00:00+00:00,0,91.22,-13.44,2026-02-24,5,1
2026-02-24 06:00:00+00:00,1,100.93,-1.35,2026-02-24,6,1
2026-02-24 07:00:00+00:00,1,108.78,7.53,2026-02-24,7,1
2026-02-24 08:00:00+00:00,1,120.53,18.95,2026-02-24,8,1
2026-02-24 09:00:00+00:00,1,133.15,28.2,2026-02-24,9,1
2026-02-24 10:00:00+00:00,1,148.32,35.53,2026-02-24,10,1
2026-02-24 11:00:00+00:00,1,166.17,40.02,2026-02-24,11,1
2026-02-24 12:00:00+00:00,1,185.3,40.89,2026-02-24,12,1
2026-02-24 13:00:00+00:00,1,204.01,37.98,2026-02-24,13,1
2026-02-24 14:00:00+00:00,1,220.45,31.83,2026-02-24,14,1
2026-02-24 15:00:00+00:00,1,234.17,23.35,2026-02-24,15,1
2026-02-24 16:00:00+00:00,1,246.18,12.93,2026-02-24,16,1
2026-02-24 17:00:00+00:00,1,255.14,3.49,2026-02-24,17,1
2026-02-24 18:00:00+00:00,0,264.23,-7.53,2026-02-24,18,1
2026-02-24 19:00:00+00:00,0,274.11,-19.45,2026-02-24,19,1
2026-02-24 20:00:00+00:00,0,286.99,-33.15,2026-02-24,20,1
2026-02-24 21:00:00+00:00,0,300.34,-43.72,2026-02-24,21,1
2026-02-24 22:00:00+00:00,0,318.23,-52.67,2026-02-24,22,1
2026-02-24 23:00:00+00:00,0,342.54,-58.39,2026-02-24,23,1
2026-02-25 00:00:00+00:00,0,129.56,-59.14,2026-02-25,0,2
2026-02-25 01:00:00+00:00,0,35.56,-54.66,2026-02-25,1,2
2026-02-25 02:00:00+00:00,0,55.11,-46.41,2026-02-25,2,2
2026-02-25 03:00:00+00:00,0,69.48,-36.17,2026-02-25,3,2
2026-02-25 04:00:00+00:00,0,80.84,-24.98,2026-02-25,4,2
2026-02-25 05:00:00+00:00,0,90.73,-13.44,2026-02-25,5,2
2026-02-25 06:00:00+00:00,1,100.65,-1.12,2026-02-25,6,2
2026-02-25 07:00:00+00:00,1,108.46,7.73,2026-02-25,7,2
2026-02-25 08:00:00+00:00,1,119.99,18.99,2026-02-25,8,2
2026-02-25 09:00:00+00:00,1,132.59,28.31,2026-02-25,9,2
2026-02-25 10:00:00+00:00,1,147.75,35.72,2026-02-25,10,2
2026-02-25 11:00:00+00:00,1,165.63,40.32,2026-02-25,11,2
2026-02-25 12:00:00+00:00,1,185.24,41.26,2026-02-25,12,2
2026-02-25 13:00:00+00:00,1,204.17,38.33,2026-02-25,13,2
2026-02-25 14:00:00+00:00,1,220.67,32.14,2026-02-25,14,2
2026-02-25 15:00:00+00:00,1,234.43,23.64,2026-02-25,15,2
2026-02-25 16:00:00+00:00,1,246.52,13.11,2026-02-25,16,2
2026-02-25 17:00:00+00:00,1,255.64,3.48,2026-02-25,17,2
2026-02-25 18:00:00+00:00,0,264.71,-7.53,2026-02-25,18,2
2026-02-25 19:00:00+00:00,0,274.61,-19.44,2026-02-25,19,2
2026-02-25 20:00:00+00:00,0,287.56,-33.12,2026-02-25,20,2
2026-02-25 21:00:00+00:00,0,300.99,-43.65,2026-02-25,21,2
2026-02-25 22:00:00+00:00,0,318.96,-52.5,2026-02-25,22,2
2026-02-25 23:00:00+00:00,0,343.24,-58.1,2026-02-25,23,2
2026-02-26 00:00:00+00:00,0,129.47,-58.77,2026-02-26,0,3
2026-02-26 01:00:00+00:00,0,35.27,-54.33,2026-02-26,1,3
2026-02-26 02:00:00+00:00,0,54.77,-46.13,2026-02-26,2,3
2026-02-26 03:00:00+00:00,0,69.14,-35.92,2026-02-26,3,3
2026-02-26 04:00:00+00:00,0,80.52,-24.75,2026-02-26,4,3
2026-02-26 05:00:00+00:00,0,90.24,-13.44,2026-02-26,5,3
2026-02-26 06:00:00+00:00,1,100.36,-0.89,2026-02-26,6,3
2026-02-26 07:00:00+00:00,1,108.13,7.94,2026-02-26,7,3
2026-02-26 08:00:00+00:00,1,119.46,19.03,2026-02-26,8,3
2026-02-26 09:00:00+00:00,1,132.03,28.41,2026-02-26,9,3
2026-02-26 10:00:00+00:00,1,147.16,35.92,2026-02-26,10,3
2026-02-26 11:00:00+00:00,1,165.09,40.61,2026-02-26,11,3
2026-02-26 12:00:00+00:00,1,184.83,41.64,2026-02-26,12,3
2026-02-26 13:00:00+00:00,1,204.32,38.68,2026-02-26,13,3
2026-02-26 14:00:00+00:00,1,220.9,32.47,2026-02-26,14,3
2026-02-26 15:00:00+00:00,1,234.69,23.93,2026-02-26,15,3
2026-02-26 16:00:00+00:00,1,246.76,13.41,2026-02-26,16,3
2026-02-26 17:00:00+00:00,1,255.99,3.65,2026-02-26,17,3
2026-02-26 18:00:00+00:00,0,265.2,-7.53,2026-02-26,18,3
2026-02-26 19:00:00+00:00,0,273.75,-17.89,2026-02-26,19,3
2026-02-26 20:00:00+00:00,0,284.28,-29.4,2026-02-26,20,3
2026-02-26 21:00:00+00:00,0,296.75,-40.21,2026-02-26,21,3
2026-02-26 22:00:00+00:00,0,313.04,-49.68,2026-02-26,22,3
2026-02-26 23:00:00+00:00,0,335.19,-56.47,2026-02-26,23,3
2026-02-27 00:00:00+00:00,0,185.31,-58.49,2026-02-27,0,4
2026-02-27 01:00:00+00:00,0,34.99,-54.0,2026-02-27,1,4
2026-02-27 02:00:00+00:00,0,54.42,-45.84,2026-02-27,2,4
2026-02-27 03:00:00+00:00,0,68.8,-35.66,2026-02-27,3,4
2026-02-27 04:00:00+00:00,0,80.21,-24.51,2026-02-27,4,4
2026-02-27 05:00:00+00:00,0,89.74,-13.44,2026-02-27,5,4
2026-02-27 06:00:00+00:00,1,100.06,-0.66,2026-02-27,6,4
2026-02-27 07:00:00+00:00,1,108.05,8.39,2026-02-27,7,4
2026-02-27 08:00:00+00:00,1,119.69,19.74,2026-02-27,8,4
2026-02-27 09:00:00+00:00,1,132.38,29.09,2026-02-27,9,4
2026-02-27 10:00:00+00:00,1,147.69,36.53,2026-02-27,10,4
2026-02-27 11:00:00+00:00,1,165.82,41.11,2026-02-27,11,4
2026-02-27 12:00:00+00:00,1,185.4,42.0,2026-02-27,12,4
2026-02-27 13:00:00+00:00,1,204.48,39.04,2026-02-27,13,4
2026-02-27 14:00:00+00:00,1,221.13,32.79,2026-02-27,14,4
2026-02-27 15:00:00+00:00,1,234.95,24.21,2026-02-27,15,4
2026-02-27 16:00:00+00:00,1,246.81,13.9,2026-02-27,16,4
2026-02-27 17:00:00+00:00,1,256.34,3.82,2026-02-27,17,4
2026-02-27 18:00:00+00:00,0,265.7,-7.54,2026-02-27,18,4
2026-02-27 19:00:00+00:00,0,274.26,-17.89,2026-02-27,19,4
2026-02-27 20:00:00+00:00,0,284.84,-29.38,2026-02-27,20,4
2026-02-27 21:00:00+00:00,0,297.38,-40.15,2026-02-27,21,4
2026-02-27 22:00:00+00:00,0,313.75,-49.54,2026-02-27,22,4
2026-02-27 23:00:00+00:00,0,335.93,-56.21,2026-02-27,23,4
2026-02-28 00:00:00+00:00,0,185.4,-58.12,2026-02-28,0,5
2026-02-28 01:00:00+00:00,0,34.7,-53.66,2026-02-28,1,5
2026-02-28 02:00:00+00:00,0,54.08,-45.55,2026-02-28,2,5
2026-02-28 03:00:00+00:00,0,68.46,-35.4,2026-02-28,3,5
2026-02-28 04:00:00+00:00,0,79.88,-24.27,2026-02-28,4,5
2026-02-28 05:00:00+00:00,0,89.25,-13.44,2026-02-28,5,5
2026-02-28 06:00:00+00:00,1,99.57,-0.66,2026-02-28,6,5
2026-02-28 07:00:00+00:00,1,107.55,8.41,2026-02-28,7,5
2026-02-28 08:00:00+00:00,1,119.14,19.78,2026-02-28,8,5
2026-02-28 09:00:00+00:00,1,131.8,29.19,2026-02-28,9,5
2026-02-28 10:00:00+00:00,1,147.1,36.72,2026-02-28,10,5
2026-02-28 11:00:00+00:00,1,165.28,41.41,2026-02-28,11,5
2026-02-28 12:00:00+00:00,1,185.34,42.38,2026-02-28,12,5
2026-02-28 13:00:00+00:00,1,204.63,39.39,2026-02-28,13,5
2026-02-28 14:00:00+00:00,1,221.36,33.11,2026-02-28,14,5
2026-02-28 15:00:00+00:00,1,235.22,24.5,2026-02-28,15,5
2026-02-28 16:00:00+00:00,1,247.14,14.11,2026-02-28,16,5
2026-02-28 17:00:00+00:00,1,256.67,4.02,2026-02-28,17,5
2026-02-28 18:00:00+00:00,0,265.8,-7.05,2026-02-28,18,5
2026-02-28 19:00:00+00:00,0,274.78,-17.89,2026-02-28,19,5
2026-02-28 20:00:00+00:00,0,285.4,-29.36,2026-02-28,20,5
2026-02-28 21:00:00+00:00,0,298.02,-40.09,2026-02-28,21,5
2026-02-28 22:00:00+00:00,0,314.48,-49.41,2026-02-28,22,5
2026-02-28 23:00:00+00:00,0,336.66,-55.95,2026-02-28,23,5
2026-03-01 00:00:00+00:00,0,185.5,-57.76,2026-03-01,0,6
2026-03-01 01:00:00+00:00,0,34.42,-53.32,2026-03-01,1,6
2026-03-01 02:00:00+00:00,0,53.74,-45.25,2026-03-01,2,6
2026-03-01 03:00:00+00:00,0,68.13,-35.13,2026-03-01,3,6
2026-03-01 04:00:00+00:00,0,79.57,-24.02,2026-03-01,4,6
2026-03-01 05:00:00+00:00,0,88.74,-13.44,2026-03-01,5,6
2026-03-01 06:00:00+00:00,1,99.27,-0.43,2026-03-01,6,6
2026-03-01 07:00:00+00:00,1,107.22,8.61,2026-03-01,7,6
2026-03-01 08:00:00+00:00,1,118.6,19.83,2026-03-01,8,6
2026-03-01 09:00:00+00:00,1,131.23,29.3,2026-03-01,9,6
2026-03-01 10:00:00+00:00,1,146.51,36.92,2026-03-01,10,6
2026-03-01 11:00:00+00:00,1,164.73,41.71,2026-03-01,11,6
2026-03-01 12:00:00+00:00,1,184.92,42.77,2026-03-01,12,6
2026-03-01 13:00:00+00:00,1,204.79,39.75,2026-03-01,13,6
2026-03-01 14:00:00+00:00,1,221.6,33.43,2026-03-01,14,6
2026-03-01 15:00:00+00:00,1,235.49,24.79,2026-03-01,15,6
2026-03-01 16:00:00+00:00,1,247.4,14.4,2026-03-01,16,6
2026-03-01 17:00:00+00:00,1,257.02,4.19,2026-03-01,17,6
2026-03-01 18:00:00+00:00,0,265.76,-6.41,2026-03-01,18,6
2026-03-01 19:00:00+00:00,0,274.55,-17.02,2026-03-01,19,6
2026-03-01 20:00:00+00:00,0,285.96,-29.34,2026-03-01,20,6
2026-03-01 21:00:00+00:00,0,298.65,-40.02,2026-03-01,21,6
2026-03-01 22:00:00+00:00,0,315.2,-49.26,2026-03-01,22,6
2026-03-01 23:00:00+00:00,0,337.39,-55.68,2026-03-01,23,6
2026-03-02 00:00:00+00:00,0,185.59,-57.39,2026-03-02,0,0
2026-03-02 01:00:00+00:00,0,34.15,-52.98,2026-03-02,1,0
2026-03-02 02:00:00+00:00,0,53.41,-44.96,2026-03-02,2,0
2026-03-02 03:00:00+00:00,0,67.79,-34.87,2026-03-02,3,0
2026-03-02 04:00:00+00:00,0,79.25,-23.77,2026-03-02,4,0
2026-03-02 05:00:00+00:00,0,88.86,-12.68,2026-03-02,5,0
2026-03-02 06:00:00+00:00,1,99.23,0.13,2026-03-02,6,0
2026-03-02 07:00:00+00:00,1,107.15,9.09,2026-03-02,7,0
2026-03-02 08:00:00+00:00,1,116.11,18.18,2026-03-02,8,0
