timestamp,direccion_viento,humedad,presion,temperatura,viento,date,hour,weekday
2024-12-18 17:00:00+00:00,264.7,57.0,1026.2,16.3,15.1,2024-12-18,17,2
2024-12-18 18:00:00+00:00,268.3,55.0,1026.6,15.4,16.6,2024-12-18,18,2
2024-12-18 19:00:00+00:00,266.9,53.0,1026.9,15.0,16.9,2024-12-18,19,2
2024-12-18 20:00:00+00:00,266.2,52.7,1026.5,14.7,19.4,2024-12-18,20,2
2024-12-18 21:00:00+00:00,270.7,52.3,1026.3,14.4,18.0,2024-12-18,21,2
2024-12-18 22:00:00+00:00,274.5,52.0,1026.0,14.3,18.7,2024-12-18,22,2
2024-12-18 23:00:00+00:00,277.2,52.7,1025.6,14.5,23.8,2024-12-18,23,2
2024-12-19 00:00:00+00:00,277.6,53.3,1025.2,14.7,24.8,2024-12-19,0,3
2024-12-19 01:00:00+00:00,276.8,54.0,1024.5,14.2,24.1,2024-12-19,1,3
2024-12-19 02:00:00+00:00,279.6,53.5,1024.3,13.8,24.8,2024-12-19,2,3
2024-12-19 03:00:00+00:00,273.4,53.0,1023.5,14.0,24.1,2024-12-19,3,3
2024-12-19 04:00:00+00:00,272.1,55.0,1023.0,13.9,24.8,2024-12-19,4,3
2024-12-19 05:00:00+00:00,269.5,57.0,1022.9,13.8,24.9,2024-12-19,5,3
2024-12-19 06:00:00+00:00,253.5,58.0,1022.7,13.6,25.1,2024-12-19,6,3
2024-12-19 07:00:00+00:00,238.4,55.0,1022.0,13.4,25.2,2024-12-19,7,3
2024-12-19 08:00:00+00:00,234.1,54.5,1022.1,13.1,23.8,2024-12-19,8,3
2024-12-19 09:00:00+00:00,239.9,54.0,1022.2,13.9,21.2,2024-12-19,9,3
2024-12-19 10:00:00+00:00,260.8,50.0,1022.3,15.7,23.8,2024-12-19,10,3
2024-12-19 11:00:00+00:00,252.1,45.0,1021.3,17.4,26.6,2024-12-19,11,3
2024-12-19 12:00:00+00:00,258.1,46.5,1020.2,18.3,30.2,2024-12-19,12,3
2024-12-19 13:00:00+00:00,251.0,48.0,1019.4,18.7,31.3,2024-12-19,13,3
2024-12-19 14:00:00+00:00,266.7,53.0,1018.9,18.8,28.4,2024-12-19,14,3
2024-12-19 15:00:00+00:00,278.0,52.0,1019.2,18.8,26.1,2024-12-19,15,3
2024-12-19 16:00:00+00:00,284.3,53.0,1019.7,18.1,23.8,2024-12-19,16,3
2024-12-19 17:00:00+00:00,287.6,56.0,1020.5,16.9,23.4,2024-12-19,17,3
2024-12-19 18:00:00+00:00,278.9,58.0,1021.0,16.2,20.2,2024-12-19,18,3
2024-12-19 19:00:00+00:00,302.7,63.0,1022.3,15.1,19.4,2024-12-19,19,3
2024-12-19 20:00:00+00:00,339.4,70.0,1023.3,13.8,18.7,2024-12-19,20,3
2024-12-19 21:00:00+00:00,345.6,66.0,1024.3,12.6,17.6,2024-12-19,21,3
2024-12-19 22:00:00+00:00,337.5,62.0,1025.1,11.9,21.2,2024-12-19,22,3
2024-12-19 23:00:00+00:00,334.9,58.0,1025.7,11.3,21.6,2024-12-19,23,3
2024-12-20 00:00:00+00:00,327.1,61.0,1026.2,10.3,21.2,2024-12-20,0,4
2024-12-20 01:00:00+00:00,323.1,66.0,1026.1,9.3,15.8,2024-12-20,1,4
2024-12-20 02:00:00+00:00,308.2,67.0,1026.4,8.7,15.5,2024-12-20,2,4
2024-12-20 03:00:00+00:00,300.6,63.0,1026.6,8.3,15.8,2024-12-20,3,4
2024-12-20 04:00:00+00:00,292.1,61.0,1026.7,7.9,16.7,2024-12-20,4,4
2024-12-20 05:00:00+00:00,286.2,60.0,1027.0,7.6,17.6,2024-12-20,5,4
2024-12-20 06:00:00+00:00,283.1,62.0,1027.3,7.2,19.1,2024-12-20,6,4
2024-12-20 07:00:00+00:00,279.3,63.0,1027.1,6.9,17.6,2024-12-20,7,4
2024-12-20 08:00:00+00:00,275.8,64.0,1027.8,6.8,16.4,2024-12-20,8,4
2024-12-20 09:00:00+00:00,254.8,63.0,1028.2,8.2,15.1,2024-12-20,9,4
2024-12-20 10:00:00+00:00,239.1,58.0,1028.5,9.8,11.9,2024-12-20,10,4
2024-12-20 11:00:00+00:00,248.0,50.0,1028.1,11.6,12.2,2024-12-20,11,4
2024-12-20 12:00:00+00:00,241.8,48.0,1027.1,13.1,11.9,2024-12-20,12,4
2024-12-20 13:00:00+00:00,233.2,42.0,1026.3,14.6,11.5,2024-12-20,13,4
2024-12-20 14:00:00+00:00,216.4,37.0,1025.8,15.1,11.6,2024-12-20,14,4
2024-12-20 15:00:00+00:00,195.4,38.0,1025.7,14.4,11.8,2024-12-20,15,4
2024-12-20 16:00:00+00:00,160.7,47.0,1026.3,13.6,11.9,2024-12-20,16,4
2024-12-20 17:00:00+00:00,153.9,51.0,1027.0,11.8,12.6,2024-12-20,17,4
2024-12-20 18:00:00+00:00,267.8,56.0,1027.6,10.8,10.8,2024-12-20,18,4
2024-12-20 19:00:00+00:00,284.9,64.0,1027.8,10.0,7.2,2024-12-20,19,4
2024-12-20 20:00:00+00:00,310.7,66.0,1028.4,8.9,7.6,2024-12-20,20,4
2024-12-20 21:00:00+00:00,318.6,68.0,1028.7,7.8,10.8,2024-12-20,21,4
2024-12-20 22:00:00+00:00,314.8,71.0,1028.9,6.7,13.0,2024-12-20,22,4
2024-12-20 23:00:00+00:00,306.4,72.0,1029.0,6.4,14.0,2024-12-20,23,4
2024-12-21 00:00:00+00:00,304.9,71.0,1028.8,6.2,12.2,2024-12-21,0,5
2024-12-21 01:00:00+00:00,304.4,72.0,1028.7,6.0,10.8,2024-12-21,1,5
2024-12-21 02:00:00+00:00,302.5,73.0,1028.8,5.9,9.7,2024-12-21,2,5
2024-12-21 03:00:00+00:00,295.8,74.0,1028.8,5.5,10.2,2024-12-21,3,5
2024-12-21 04:00:00+00:00,292.9,77.0,1028.9,5.0,10.8,2024-12-21,4,5
2024-12-21 05:00:00+00:00,283.8,78.0,1029.2,4.5,10.1,2024-12-21,5,5
2024-12-21 06:00:00+00:00,285.9,79.0,1029.3,4.0,10.4,2024-12-21,6,5
2024-12-21 07:00:00+00:00,283.8,80.0,1030.0,3.7,11.2,2024-12-21,7,5
2024-12-21 08:00:00+00:00,281.8,77.0,1030.7,3.9,11.5,2024-12-21,8,5
2024-12-21 09:00:00+00:00,280.7,70.0,1031.2,6.1,13.3,2024-12-21,9,5
2024-12-21 10:00:00+00:00,270.4,62.0,1031.5,9.1,11.2,2024-12-21,10,5
2024-12-21 11:00:00+00:00,267.0,52.0,1031.0,11.6,9.0,2024-12-21,11,5
2024-12-21 12:00:00+00:00,255.1,46.0,1030.2,13.0,7.2,2024-12-21,12,5
2024-12-21 13:00:00+00:00,235.4,43.5,1029.9,14.0,8.6,2024-12-21,13,5
2024-12-21 14:00:00+00:00,220.8,41.0,1029.8,14.7,7.9,2024-12-21,14,5
2024-12-21 15:00:00+00:00,228.3,42.0,1029.4,14.6,7.0,2024-12-21,15,5
2024-12-21 16:00:00+00:00,230.9,51.0,1029.6,13.6,6.1,2024-12-21,16,5
2024-12-21 17:00:00+00:00,236.7,56.0,1029.7,11.5,6.8,2024-12-21,17,5
2024-12-21 18:00:00+00:00,280.8,64.0,1030.2,9.7,7.9,2024-12-21,18,5
2024-12-21 19:00:00+00:00,282.5,72.0,1030.4,8.5,8.3,2024-12-21,19,5
2024-12-21 20:00:00+00:00,286.7,76.0,1030.5,7.7,9.7,2024-12-21,20,5
2024-12-21 21:00:00+00:00,283.3,77.0,1030.4,7.3,10.2,2024-12-21,21,5
2024-12-21 22:00:00+00:00,283.8,76.0,1030.4,7.0,10.8,2024-12-21,22,5
2024-12-21 23:00:00+00:00,281.2,75.5,1030.5,6.6,11.5,2024-12-21,23,5
2024-12-22 00:00:00+00:00,275.8,75.0,1030.3,6.4,12.0,2024-12-22,0,6
2024-12-22 01:00:00+00:00,278.4,74.0,1029.7,6.4,12.6,2024-12-22,1,6
2024-12-22 02:00:00+00:00,278.2,73.0,1029.5,6.3,13.0,2024-12-22,2,6
2024-12-22 03:00:00+00:00,276.9,72.7,1029.3,6.2,13.3,2024-12-22,3,6
2024-12-22 04:00:00+00:00,269.6,72.3,1028.6,6.2,14.4,2024-12-22,4,6
2024-12-22 05:00:00+00:00,269.1,72.0,1028.1,6.3,15.5,2024-12-22,5,6
2024-12-22 06:00:00+00:00,266.9,71.7,1027.7,6.2,14.8,2024-12-22,6,6
2024-12-22 07:00:00+00:00,276.7,71.3,1028.4,6.4,13.3,2024-12-22,7,6
2024-12-22 08:00:00+00:00,267.1,71.0,1028.3,6.8,13.7,2024-12-22,8,6
2024-12-22 09:00:00+00:00,263.6,66.0,1028.1,8.9,14.4,2024-12-22,9,6
2024-12-22 10:00:00+00:00,258.1,60.0,1027.9,11.7,15.1,2024-12-22,10,6
2024-12-22 11:00:00+00:00,256.9,56.0,1027.2,14.5,13.3,2024-12-22,11,6
2024-12-22 12:00:00+00:00,247.3,54.0,1025.7,16.8,14.8,2024-12-22,12,6
2024-12-22 13:00:00+00:00,228.4,51.0,1024.1,18.0,16.2,2024-12-22,13,6
2024-12-22 14:00:00+00:00,239.9,47.0,1023.1,18.6,18.0,2024-12-22,14,6
2024-12-22 15:00:00+00:00,248.9,48.0,1022.2,18.3,20.9,2024-12-22,15,6
2024-12-22 16:00:00+00:00,257.3,47.5,1021.7,17.4,21.2,2024-12-22,16,6
2024-12-22 17:00:00+00:00,279.7,47.0,1021.6,16.0,22.7,2024-12-22,17,6
2024-12-22 18:00:00+00:00,297.6,50.0,1022.2,14.9,24.8,2024-12-22,18,6
2024-12-22 19:00:00+00:00,288.7,41.0,1021.9,15.9,24.5,2024-12-22,19,6
2024-12-22 20:00:00+00:00,297.7,47.0,1022.7,14.2,20.2,2024-12-22,20,6
2024-12-22 21:00:00+00:00,297.9,52.0,1022.9,12.8,20.9,2024-12-22,21,6
2024-12-22 22:00:00+00:00,297.6,53.0,1023.1,12.6,19.4,2024-12-22,22,6
2024-12-22 23:00:00+00:00,294.0,55.0,1023.0,12.4,19.8,2024-12-22,23,6
2024-12-23 00:00:00+00:00,288.6,59.0,1023.0,12.2,16.9,2024-12-23,0,0
2024-12-23 01:00:00+00:00,288.2,57.0,1023.2,12.0,21.8,2024-12-23,1,0
2024-12-23 02:00:00+00:00,287.5,55.0,1023.5,12.9,26.6,2024-12-23,2,0
2024-12-23 03:00:00+00:00,284.8,52.0,1023.8,12.6,24.5,2024-12-23,3,0
2024-12-23 04:00:00+00:00,301.9,51.0,1023.6,12.3,24.8,2024-12-23,4,0
2024-12-23 05:00:00+00:00,313.8,57.0,1023.7,11.1,22.0,2024-12-23,5,0
2024-12-23 06:00:00+00:00,329.1,62.0,1024.4,9.8,18.7,2024-12-23,6,0
2024-12-23 07:00:00+00:00,288.3,53.0,1024.5,11.1,23.8,2024-12-23,7,0
2024-12-23 08:00:00+00:00,289.0,52.0,1025.1,11.3,27.4,2024-12-23,8,0
2024-12-23 09:00:00+00:00,301.1,47.0,1025.3,12.3,27.6,2024-12-23,9,0
2024-12-23 10:00:00+00:00,314.6,44.0,1025.4,13.6,27.9,2024-12-23,10,0
2024-12-23 11:00:00+00:00,318.0,39.0,1025.5,14.4,28.1,2024-12-23,11,0
2024-12-23 12:00:00+00:00,322.1,37.0,1024.8,14.6,30.6,2024-12-23,12,0
2024-12-23 13:00:00+00:00,324.2,35.0,1024.0,15.4,29.9,2024-12-23,13,0
2024-12-23 14:00:00+00:00,316.7,35.5,1023.4,15.2,26.3,2024-12-23,14,0
2024-12-23 15:00:00+00:00,305.1,36.0,1023.2,15.1,22.7,2024-12-23,15,0
2024-12-23 16:00:00+00:00,296.9,41.0,1023.6,14.1,21.2,2024-12-23,16,0
2024-12-23 17:00:00+00:00,292.4,46.0,1024.1,12.5,18.4,2024-12-23,17,0
2024-12-23 18:00:00+00:00,304.7,47.0,1024.6,11.6,18.0,2024-12-23,18,0
2024-12-23 19:00:00+00:00,325.9,49.0,1025.1,10.8,19.8,2024-12-23,19,0
2024-12-23 20:00:00+00:00,330.6,54.0,1025.2,10.0,13.3,2024-12-23,20,0
2024-12-23 21:00:00+00:00,324.7,58.0,1025.8,8.9,14.0,2024-12-23,21,0
2024-12-23 22:00:00+00:00,153.2,62.0,1026.0,8.3,15.1,2024-12-23,22,0
2024-12-23 23:00:00+00:00,178.9,61.5,1026.5,8.2,13.7,2024-12-23,23,0
2024-12-24 00:00:00+00:00,227.3,61.0,1026.3,8.2,14.4,2024-12-24,0,1
2024-12-24 01:00:00+00:00,274.4,53.0,1026.1,8.4,11.5,2024-12-24,1,1
2024-12-24 02:00:00+00:00,280.4,57.0,1025.9,7.5,11.9,2024-12-24,2,1
2024-12-24 03:00:00+00:00,277.7,62.0,1025.7,6.3,12.6,2024-12-24,3,1
2024-12-24 04:00:00+00:00,283.0,66.0,1025.4,5.5,11.9,2024-12-24,4,1
2024-12-24 05:00:00+00:00,282.9,67.0,1025.6,5.2,10.4,2024-12-24,5,1
2024-12-24 06:00:00+00:00,295.0,70.0,1026.2,5.0,9.4,2024-12-24,6,1
2024-12-24 07:00:00+00:00,284.8,72.0,1026.5,5.2,10.8,2024-12-24,7,1
2024-12-24 08:00:00+00:00,279.8,68.5,1027.1,5.5,10.1,2024-12-24,8,1
2024-12-24 09:00:00+00:00,265.3,65.0,1027.6,7.9,11.0,2024-12-24,9,1
2024-12-24 10:00:00+00:00,258.9,57.0,1027.7,11.0,11.9,2024-12-24,10,1
2024-12-24 11:00:00+00:00,258.5,51.0,1027.2,13.9,12.2,2024-12-24,11,1
2024-12-24 12:00:00+00:00,260.1,47.0,1025.8,16.1,13.0,2024-12-24,12,1
2024-12-24 13:00:00+00:00,247.9,46.0,1025.1,17.6,11.9,2024-12-24,13,1
2024-12-24 14:00:00+00:00,224.7,42.0,1024.2,19.0,10.1,2024-12-24,14,1
2024-12-24 15:00:00+00:00,200.3,43.0,1024.4,18.2,10.4,2024-12-24,15,1
2024-12-24 16:00:00+00:00,200.5,52.0,1024.6,17.5,9.0,2024-12-24,16,1
2024-12-24 17:00:00+00:00,181.2,59.0,1024.9,14.9,7.2,2024-12-24,17,1
2024-12-24 18:00:00+00:00,316.5,64.0,1025.3,13.9,8.6,2024-12-24,18,1
2024-12-24 19:00:00+00:00,324.6,65.5,1025.2,13.8,10.1,2024-12-24,19,1
2024-12-24 20:00:00+00:00,332.1,67.0,1025.7,12.9,11.4,2024-12-24,20,1
2024-12-24 21:00:00+00:00,305.4,74.0,1026.1,11.4,12.6,2024-12-24,21,1
2024-12-24 22:00:00+00:00,296.1,77.0,1026.4,10.6,10.8,2024-12-24,22,1
2024-12-24 23:00:00+00:00,287.2,78.0,1026.6,10.2,9.0,2024-12-24,23,1
2024-12-25 00:00:00+00:00,284.9,79.0,1026.5,9.6,8.6,2024-12-25,0,2
2024-12-25 01:00:00+00:00,289.1,76.0,1026.3,9.3,8.3,2024-12-25,1,2
2024-12-25 02:00:00+00:00,287.4,79.0,1026.5,8.5,7.2,2024-12-25,2,2
2024-12-25 03:00:00+00:00,285.7,80.0,1026.4,8.0,9.0,2024-12-25,3,2
2024-12-25 04:00:00+00:00,291.4,81.0,1026.2,7.6,8.3,2024-12-25,4,2
2024-12-25 05:00:00+00:00,296.8,82.0,1026.7,7.2,7.6,2024-12-25,5,2
2024-12-25 06:00:00+00:00,303.7,84.0,1027.4,6.5,6.5,2024-12-25,6,2
2024-12-25 07:00:00+00:00,312.3,85.0,1027.8,6.1,7.9,2024-12-25,7,2
2024-12-25 08:00:00+00:00,328.7,80.0,1028.7,6.9,7.6,2024-12-25,8,2
2024-12-25 09:00:00+00:00,354.9,67.0,1029.4,10.5,11.2,2024-12-25,9,2
2024-12-25 10:00:00+00:00,16.6,60.0,1030.1,13.9,14.0,2024-12-25,10,2
2024-12-25 11:00:00+00:00,41.1,62.0,1030.4,15.9,17.6,2024-12-25,11,2
2024-12-25 12:00:00+00:00,54.1,65.0,1030.0,16.4,17.3,2024-12-25,12,2
2024-12-25 13:00:00+00:00,53.6,68.0,1029.5,17.3,19.1,2024-12-25,13,2
2024-12-25 14:00:00+00:00,97.8,71.0,1029.4,16.5,19.6,2024-12-25,14,2
2024-12-25 15:00:00+00:00,111.3,72.0,1029.6,15.7,20.2,2024-12-25,15,2
2024-12-25 16:00:00+00:00,110.0,73.0,1029.9,15.1,16.2,2024-12-25,16,2
2024-12-25 17:00:00+00:00,110.4,74.0,1030.1,14.6,10.4,2024-12-25,17,2
2024-12-25 18:00:00+00:00,106.7,78.0,1030.2,14.1,6.8,2024-12-25,18,2
2024-12-25 19:00:00+00:00,144.5,79.0,1029.7,13.3,7.2,2024-12-25,19,2
2024-12-25 20:00:00+00:00,229.2,80.0,1030.0,13.4,6.8,2024-12-25,20,2
2024-12-25 21:00:00+00:00,308.7,81.0,1030.1,13.0,4.0,2024-12-25,21,2
2024-12-25 22:00:00+00:00,300.3,85.0,1030.0,12.3,4.7,2024-12-25,22,2
2024-12-25 23:00:00+00:00,298.5,90.0,1029.9,11.4,6.1,2024-12-25,23,2
2024-12-26 00:00:00+00:00,301.3,92.0,1029.6,10.7,6.8,2024-12-26,0,3
2024-12-26 01:00:00+00:00,301.1,93.0,1029.2,11.0,6.5,2024-12-26,1,3
2024-12-26 02:00:00+00:00,295.3,94.0,1029.1,10.1,7.2,2024-12-26,2,3
2024-12-26 03:00:00+00:00,301.7,95.0,1029.4,9.5,6.8,2024-12-26,3,3
2024-12-26 04:00:00+00:00,304.5,94.5,1029.0,9.1,6.1,2024-12-26,4,3
2024-12-26 05:00:00+00:00,304.8,94.0,1029.2,8.8,6.8,2024-12-26,5,3
2024-12-26 06:00:00+00:00,305.9,95.0,1029.4,9.1,7.9,2024-12-26,6,3
2024-12-26 07:00:00+00:00,306.3,94.0,1029.8,8.6,8.1,2024-12-26,7,3
2024-12-26 08:00:00+00:00,306.4,93.0,1030.0,7.8,7.8,2024-12-26,8,3
2024-12-26 09:00:00+00:00,303.4,85.0,1030.4,10.2,7.6,2024-12-26,9,3
2024-12-26 10:00:00+00:00,297.8,74.0,1030.8,13.1,7.2,2024-12-26,10,3
2024-12-26 11:00:00+00:00,305.9,68.0,1030.7,15.0,5.0,2024-12-26,11,3
2024-12-26 12:00:00+00:00,70.9,62.0,1029.9,15.9,3.6,2024-12-26,12,3
2024-12-26 13:00:00+00:00,106.9,58.0,1029.3,16.2,5.8,2024-12-26,13,3
2024-12-26 14:00:00+00:00,100.4,55.0,1029.0,16.0,9.0,2024-12-26,14,3
2024-12-26 15:00:00+00:00,89.1,58.0,1029.1,15.7,10.1,2024-12-26,15,3
2024-12-26 16:00:00+00:00,75.4,65.0,1029.2,14.8,9.6,2024-12-26,16,3
2024-12-26 17:00:00+00:00,54.8,71.0,1029.4,13.2,9.0,2024-12-26,17,3
2024-12-26 18:00:00+00:00,35.5,73.0,1029.7,12.7,8.6,2024-12-26,18,3
2024-12-26 19:00:00+00:00,16.9,83.0,1029.6,12.2,6.5,2024-12-26,19,3
2024-12-26 20:00:00+00:00,353.7,84.0,1030.0,11.4,6.1,2024-12-26,20,3
2024-12-26 21:00:00+00:00,330.7,89.0,1030.3,10.1,7.2,2024-12-26,21,3
2024-12-26 22:00:00+00:00,319.5,90.0,1030.8,9.3,9.4,2024-12-26,22,3
2024-12-26 23:00:00+00:00,317.5,88.5,1031.1,9.1,9.6,2024-12-26,23,3
2024-12-27 00:00:00+00:00,308.3,87.0,1031.0,9.6,9.7,2024-12-27,0,4
2024-12-27 01:00:00+00:00,299.0,88.0,1030.9,9.4,9.4,2024-12-27,1,4
2024-12-27 02:00:00+00:00,305.1,89.0,1030.8,7.7,9.6,2024-12-27,2,4
2024-12-27 03:00:00+00:00,305.6,88.0,1030.5,7.3,9.9,2024-12-27,3,4
2024-12-27 04:00:00+00:00,301.9,87.0,1030.6,7.2,10.1,2024-12-27,4,4
2024-12-27 05:00:00+00:00,297.8,87.3,1030.7,7.1,9.9,2024-12-27,5,4
2024-12-27 06:00:00+00:00,300.9,87.7,1030.8,6.8,9.7,2024-12-27,6,4
2024-12-27 07:00:00+00:00,302.1,88.0,1031.3,6.6,7.6,2024-12-27,7,4
2024-12-27 08:00:00+00:00,301.7,86.0,1031.8,7.6,7.9,2024-12-27,8,4
2024-12-27 09:00:00+00:00,295.9,76.0,1032.1,8.7,8.2,2024-12-27,9,4
2024-12-27 10:00:00+00:00,295.6,63.0,1032.5,11.4,8.6,2024-12-27,10,4
2024-12-27 11:00:00+00:00,353.4,58.0,1032.4,13.4,9.4,2024-12-27,11,4
2024-12-27 12:00:00+00:00,51.0,64.0,1031.6,14.5,13.0,2024-12-27,12,4
2024-12-27 13:00:00+00:00,65.0,71.0,1030.9,14.4,14.4,2024-12-27,13,4
2024-12-27 14:00:00+00:00,65.2,68.0,1030.3,14.7,14.0,2024-12-27,14,4
2024-12-27 15:00:00+00:00,69.8,69.0,1030.2,14.5,13.7,2024-12-27,15,4
2024-12-27 16:00:00+00:00,73.8,70.0,1030.6,14.0,11.2,2024-12-27,16,4
2024-12-27 17:00:00+00:00,58.6,73.0,1030.9,12.9,10.4,2024-12-27,17,4
2024-12-27 18:00:00+00:00,42.2,77.0,1031.4,11.9,10.8,2024-12-27,18,4
2024-12-27 19:00:00+00:00,12.0,84.0,1031.7,10.9,10.4,2024-12-27,19,4
2024-12-27 20:00:00+00:00,344.9,82.0,1031.4,10.3,12.2,2024-12-27,20,4
2024-12-27 21:00:00+00:00,341.1,82.5,1031.5,9.8,11.9,2024-12-27,21,4
2024-12-27 22:00:00+00:00,328.0,83.0,1031.7,9.1,11.5,2024-12-27,22,4
2024-12-27 23:00:00+00:00,309.7,86.0,1031.6,8.2,11.9,2024-12-27,23,4
2024-12-28 00:00:00+00:00,303.0,88.0,1031.5,7.5,11.5,2024-12-28,0,5
2024-12-28 01:00:00+00:00,299.4,89.0,1031.3,6.5,10.4,2024-12-28,1,5
2024-12-28 02:00:00+00:00,299.7,88.0,1031.1,6.2,10.1,2024-12-28,2,5
2024-12-28 03:00:00+00:00,298.5,87.0,1031.0,6.1,9.9,2024-12-28,3,5
2024-12-28 04:00:00+00:00,297.2,88.0,1030.5,5.7,9.7,2024-12-28,4,5
2024-12-28 05:00:00+00:00,294.1,89.0,1030.6,5.2,9.9,2024-12-28,5,5
2024-12-28 06:00:00+00:00,292.0,90.0,1030.7,5.1,10.1,2024-12-28,6,5
2024-12-28 07:00:00+00:00,289.9,86.0,1030.9,5.3,10.8,2024-12-28,7,5
2024-12-28 08:00:00+00:00,285.9,84.0,1031.2,5.5,10.6,2024-12-28,8,5
2024-12-28 09:00:00+00:00,278.5,72.0,1031.4,7.8,10.4,2024-12-28,9,5
2024-12-28 10:00:00+00:00,270.4,64.0,1031.6,10.6,9.0,2024-12-28,10,5
2024-12-28 11:00:00+00:00,270.2,56.0,1031.2,13.1,7.9,2024-12-28,11,5
2024-12-28 12:00:00+00:00,269.0,50.0,1030.2,14.6,5.8,2024-12-28,12,5
2024-12-28 13:00:00+00:00,244.2,51.0,1029.3,15.2,6.5,2024-12-28,13,5
2024-12-28 14:00:00+00:00,204.0,52.0,1028.9,15.6,7.2,2024-12-28,14,5
2024-12-28 15:00:00+00:00,182.1,53.0,1028.6,15.4,7.6,2024-12-28,15,5
2024-12-28 16:00:00+00:00,160.5,59.0,1028.7,14.6,7.8,2024-12-28,16,5
2024-12-28 17:00:00+00:00,144.8,68.0,1029.1,12.8,7.9,2024-12-28,17,5
2024-12-28 18:00:00+00:00,162.5,73.0,1029.3,12.0,7.6,2024-12-28,18,5
2024-12-28 19:00:00+00:00,217.2,77.0,1029.6,11.1,8.3,2024-12-28,19,5
2024-12-28 20:00:00+00:00,282.0,82.0,1029.7,10.1,6.8,2024-12-28,20,5
2024-12-28 21:00:00+00:00,306.7,83.0,1029.9,8.9,7.2,2024-12-28,21,5
2024-12-28 22:00:00+00:00,308.2,82.0,1030.1,8.0,7.6,2024-12-28,22,5
2024-12-28 23:00:00+00:00,303.3,81.0,1029.9,7.7,7.8,2024-12-28,23,5
2024-12-29 00:00:00+00:00,299.3,83.0,1029.6,6.8,7.9,2024-12-29,0,6
2024-12-29 01:00:00+00:00,295.9,84.0,1029.5,6.2,7.8,2024-12-29,1,6
2024-12-29 02:00:00+00:00,294.2,84.5,1029.0,5.8,7.7,2024-12-29,2,6
2024-12-29 03:00:00+00:00,293.1,85.0,1029.1,5.4,7.6,2024-12-29,3,6
2024-12-29 04:00:00+00:00,292.8,84.5,1028.8,5.2,7.8,2024-12-29,4,6
2024-12-29 05:00:00+00:00,291.4,84.0,1028.9,5.1,7.9,2024-12-29,5,6
2024-12-29 06:00:00+00:00,293.8,82.0,1029.0,5.0,8.0,2024-12-29,6,6
2024-12-29 07:00:00+00:00,294.3,81.0,1029.6,4.9,8.2,2024-12-29,7,6
2024-12-29 08:00:00+00:00,297.1,72.0,1029.8,5.4,8.3,2024-12-29,8,6
2024-12-29 09:00:00+00:00,292.9,65.0,1030.1,7.4,7.4,2024-12-29,9,6
2024-12-29 10:00:00+00:00,284.2,57.0,1030.6,10.2,6.5,2024-12-29,10,6
2024-12-29 11:00:00+00:00,273.0,50.0,1030.4,12.5,4.7,2024-12-29,11,6
2024-12-29 12:00:00+00:00,213.8,47.0,1029.7,14.0,3.6,2024-12-29,12,6
2024-12-29 13:00:00+00:00,120.9,48.0,1029.2,14.5,4.3,2024-12-29,13,6
2024-12-29 14:00:00+00:00,113.6,49.0,1028.8,14.7,5.0,2024-12-29,14,6
2024-12-29 15:00:00+00:00,109.7,50.0,1028.6,14.4,6.1,2024-12-29,15,6
2024-12-29 16:00:00+00:00,113.0,57.0,1028.9,13.4,5.6,2024-12-29,16,6
2024-12-29 17:00:00+00:00,104.9,68.0,1029.2,11.5,5.0,2024-12-29,17,6
2024-12-29 18:00:00+00:00,63.6,73.0,1029.5,10.8,4.0,2024-12-29,18,6
2024-12-29 19:00:00+00:00,0.7,78.0,1029.6,10.4,4.7,2024-12-29,19,6
2024-12-29 20:00:00+00:00,320.5,80.0,1029.8,9.3,5.4,2024-12-29,20,6
2024-12-29 21:00:00+00:00,314.4,85.0,1030.3,7.6,7.6,2024-12-29,21,6
2024-12-29 22:00:00+00:00,308.9,86.0,1030.5,6.8,8.3,2024-12-29,22,6
2024-12-29 23:00:00+00:00,302.3,85.5,1030.6,6.2,9.0,2024-12-29,23,6
2024-12-30 00:00:00+00:00,296.4,85.0,1030.7,5.9,9.4,2024-12-30,0,0
2024-12-30 01:00:00+00:00,294.1,86.0,1030.4,5.5,9.0,2024-12-30,1,0
2024-12-30 02:00:00+00:00,292.3,85.0,1030.4,5.6,9.1,2024-12-30,2,0
2024-12-30 03:00:00+00:00,295.8,84.0,1030.5,5.7,9.2,2024-12-30,3,0
2024-12-30 04:00:00+00:00,298.7,85.0,1030.2,5.9,9.3,2024-12-30,4,0
2024-12-30 05:00:00+00:00,302.0,82.0,1030.0,6.1,9.4,2024-12-30,5,0
2024-12-30 06:00:00+00:00,301.5,82.5,1030.1,5.9,9.0,2024-12-30,6,0
2024-12-30 07:00:00+00:00,289.1,83.0,1030.6,5.1,9.4,2024-12-30,7,0
2024-12-30 08:00:00+00:00,282.6,81.0,1030.9,5.3,9.7,2024-12-30,8,0
2024-12-30 09:00:00+00:00,278.0,74.0,1031.3,7.2,10.1,2024-12-30,9,0
2024-12-30 10:00:00+00:00,279.5,65.0,1031.8,10.1,8.3,2024-12-30,10,0
2024-12-30 11:00:00+00:00,274.9,55.0,1031.5,12.6,7.2,2024-12-30,11,0
2024-12-30 12:00:00+00:00,261.6,54.5,1030.7,13.8,5.4,2024-12-30,12,0
2024-12-30 13:00:00+00:00,240.3,54.0,1030.0,14.3,4.7,2024-12-30,13,0
2024-12-30 14:00:00+00:00,190.9,55.0,1029.4,14.4,5.8,2024-12-30,14,0
2024-12-30 15:00:00+00:00,158.0,56.0,1029.0,14.2,6.8,2024-12-30,15,0
2024-12-30 16:00:00+00:00,146.0,63.0,1029.1,13.4,6.1,2024-12-30,16,0
2024-12-30 17:00:00+00:00,134.6,71.0,1029.4,11.6,5.4,2024-12-30,17,0
2024-12-30 18:00:00+00:00,132.9,75.0,1029.6,10.9,4.7,2024-12-30,18,0
2024-12-30 19:00:00+00:00,3.7,81.0,1029.9,10.5,3.2,2024-12-30,19,0
2024-12-30 20:00:00+00:00,322.3,86.0,1030.1,9.6,4.7,2024-12-30,20,0
2024-12-30 21:00:00+00:00,313.7,91.0,1030.6,7.9,7.9,2024-12-30,21,0
2024-12-30 22:00:00+00:00,305.9,89.0,1030.7,7.0,9.0,2024-12-30,22,0
2024-12-30 23:00:00+00:00,303.8,87.0,1030.8,6.6,9.7,2024-12-30,23,0
2024-12-31 00:00:00+00:00,298.2,85.0,1030.6,6.1,10.4,2024-12-31,0,1
2024-12-31 01:00:00+00:00,297.9,85.0,1030.4,6.0,9.0,2024-12-31,1,1
2024-12-31 02:00:00+00:00,297.5,84.0,1030.3,6.4,9.2,2024-12-31,2,1
2024-12-31 03:00:00+00:00,292.3,82.0,1030.2,6.9,9.5,2024-12-31,3,1
2024-12-31 04:00:00+00:00,295.1,80.0,1030.0,7.3,9.7,2024-12-31,4,1
2024-12-31 05:00:00+00:00,308.0,79.5,1030.1,7.4,9.0,2024-12-31,5,1
2024-12-31 06:00:00+00:00,303.7,79.0,1030.3,7.5,8.6,2024-12-31,6,1
2024-12-31 07:00:00+00:00,297.1,80.0,1030.4,8.1,10.4,2024-12-31,7,1
2024-12-31 08:00:00+00:00,313.0,81.0,1030.6,8.7,10.8,2024-12-31,8,1
2024-12-31 09:00:00+00:00,309.5,76.0,1030.8,9.3,9.0,2024-12-31,9,1
2024-12-31 10:00:00+00:00,352.0,72.0,1031.5,10.7,13.7,2024-12-31,10,1
2024-12-31 11:00:00+00:00,9.3,71.0,1031.3,12.2,15.8,2024-12-31,11,1
2024-12-31 12:00:00+00:00,49.5,69.0,1030.7,13.2,16.9,2024-12-31,12,1
2024-12-31 13:00:00+00:00,48.4,80.0,1030.3,11.6,20.2,2024-12-31,13,1
2024-12-31 14:00:00+00:00,49.4,70.0,1029.9,12.5,19.8,2024-12-31,14,1
2024-12-31 15:00:00+00:00,54.2,66.0,1030.0,12.8,18.0,2024-12-31,15,1
2024-12-31 16:00:00+00:00,49.4,69.0,1030.0,12.4,17.3,2024-12-31,16,1
2024-12-31 17:00:00+00:00,38.9,74.0,1030.4,11.6,16.2,2024-12-31,17,1
2024-12-31 18:00:00+00:00,36.5,82.0,1030.7,10.7,11.9,2024-12-31,18,1
2024-12-31 19:00:00+00:00,59.8,86.0,1031.4,10.2,15.5,2024-12-31,19,1
2024-12-31 20:00:00+00:00,0.9,90.0,1031.4,9.7,14.4,2024-12-31,20,1
2024-12-31 21:00:00+00:00,309.9,93.0,1031.5,8.8,12.6,2024-12-31,21,1
2024-12-31 22:00:00+00:00,300.7,94.0,1031.6,8.2,10.4,2024-12-31,22,1
2024-12-31 23:00:00+00:00,283.3,97.0,1032.1,7.5,7.9,2024-12-31,23,1
2025-01-01 00:00:00+00:00,292.7,95.0,1031.9,7.1,10.4,2025-01-01,0,2
2025-01-01 01:00:00+00:00,306.9,94.5,1031.6,7.2,12.6,2025-01-01,1,2
2025-01-01 02:00:00+00:00,308.0,94.0,1031.4,6.8,10.8,2025-01-01,2,2
2025-01-01 03:00:00+00:00,304.1,93.0,1031.1,7.0,11.5,2025-01-01,3,2
2025-01-01 04:00:00+00:00,305.5,92.7,1030.6,6.8,11.9,2025-01-01,4,2
2025-01-01 05:00:00+00:00,303.7,92.3,1030.4,6.4,12.2,2025-01-01,5,2
2025-01-01 06:00:00+00:00,303.5,92.0,1030.3,6.0,11.2,2025-01-01,6,2
2025-01-01 07:00:00+00:00,300.6,91.0,1030.7,6.4,9.7,2025-01-01,7,2
2025-01-01 08:00:00+00:00,300.4,88.0,1030.5,6.5,11.9,2025-01-01,8,2
2025-01-01 09:00:00+00:00,302.5,84.0,1030.8,8.2,10.8,2025-01-01,9,2
2025-01-01 10:00:00+00:00,322.1,80.0,1031.1,10.4,13.0,2025-01-01,10,2
2025-01-01 11:00:00+00:00,5.7,76.0,1030.7,11.9,14.8,2025-01-01,11,2
2025-01-01 12:00:00+00:00,42.4,73.0,1030.3,12.9,16.2,2025-01-01,12,2
2025-01-01 13:00:00+00:00,52.8,74.0,1029.5,13.0,18.0,2025-01-01,13,2
2025-01-01 14:00:00+00:00,53.8,69.0,1028.9,13.9,16.6,2025-01-01,14,2
2025-01-01 15:00:00+00:00,60.5,71.0,1029.0,13.6,14.8,2025-01-01,15,2
2025-01-01 16:00:00+00:00,56.5,75.0,1029.0,13.0,12.2,2025-01-01,16,2
2025-01-01 17:00:00+00:00,53.5,81.0,1029.1,11.7,10.4,2025-01-01,17,2
2025-01-01 18:00:00+00:00,5.3,85.0,1029.2,10.9,9.0,2025-01-01,18,2
2025-01-01 19:00:00+00:00,314.4,89.0,1029.8,9.9,8.3,2025-01-01,19,2
2025-01-01 20:00:00+00:00,306.8,91.0,1029.9,9.0,8.6,2025-01-01,20,2
2025-01-01 21:00:00+00:00,297.7,92.0,1030.0,8.4,8.8,2025-01-01,21,2
2025-01-01 22:00:00+00:00,294.2,91.0,1030.0,7.9,9.0,2025-01-01,22,2
2025-01-01 23:00:00+00:00,290.3,90.0,1029.9,7.3,9.4,2025-01-01,23,2
2025-01-02 00:00:00+00:00,293.8,89.0,1029.5,6.7,10.1,2025-01-02,0,3
2025-01-02 01:00:00+00:00,295.6,93.0,1029.0,6.4,10.4,2025-01-02,1,3
2025-01-02 02:00:00+00:00,286.1,92.0,1028.5,6.0,10.1,2025-01-02,2,3
2025-01-02 03:00:00+00:00,280.1,91.5,1028.4,5.5,10.4,2025-01-02,3,3
2025-01-02 04:00:00+00:00,281.6,91.0,1027.9,5.2,10.8,2025-01-02,4,3
2025-01-02 05:00:00+00:00,283.2,90.5,1027.7,4.9,11.2,2025-01-02,5,3
2025-01-02 06:00:00+00:00,277.1,90.0,1027.8,4.8,11.7,2025-01-02,6,3
2025-01-02 07:00:00+00:00,276.9,91.0,1028.1,4.6,12.2,2025-01-02,7,3
2025-01-02 08:00:00+00:00,275.7,87.0,1028.3,5.6,12.6,2025-01-02,8,3
2025-01-02 09:00:00+00:00,269.2,79.0,1028.6,7.4,11.9,2025-01-02,9,3
2025-01-02 10:00:00+00:00,249.9,74.0,1028.2,9.6,12.2,2025-01-02,10,3
2025-01-02 11:00:00+00:00,238.9,67.0,1027.9,12.2,13.0,2025-01-02,11,3
2025-01-02 12:00:00+00:00,231.4,60.0,1026.8,14.1,14.0,2025-01-02,12,3
2025-01-02 13:00:00+00:00,226.6,51.0,1026.0,15.2,16.2,2025-01-02,13,3
2025-01-02 14:00:00+00:00,229.4,48.0,1024.9,15.5,16.9,2025-01-02,14,3
2025-01-02 15:00:00+00:00,230.0,50.5,1024.6,15.4,18.4,2025-01-02,15,3
2025-01-02 16:00:00+00:00,231.6,53.0,1024.6,14.6,18.0,2025-01-02,16,3
2025-01-02 17:00:00+00:00,241.5,59.0,1024.7,12.5,15.1,2025-01-02,17,3
2025-01-02 18:00:00+00:00,250.2,61.0,1025.1,11.3,15.4,2025-01-02,18,3
2025-01-02 19:00:00+00:00,276.5,65.0,1025.4,10.7,15.8,2025-01-02,19,3
2025-01-02 20:00:00+00:00,292.6,67.0,1025.7,9.8,15.1,2025-01-02,20,3
2025-01-02 21:00:00+00:00,296.2,69.0,1026.1,8.7,14.4,2025-01-02,21,3
2025-01-02 22:00:00+00:00,291.9,71.0,1026.2,7.9,13.0,2025-01-02,22,3
2025-01-02 23:00:00+00:00,287.4,69.0,1026.0,7.5,13.5,2025-01-02,23,3
2025-01-03 00:00:00+00:00,288.3,66.0,1025.8,7.3,14.0,2025-01-03,0,4
2025-01-03 01:00:00+00:00,282.2,63.0,1025.4,7.1,13.7,2025-01-03,1,4
2025-01-03 02:00:00+00:00,278.5,58.0,1024.7,7.7,14.8,2025-01-03,2,4
2025-01-03 03:00:00+00:00,275.0,57.0,1024.5,7.6,15.5,2025-01-03,3,4
2025-01-03 04:00:00+00:00,269.3,56.0,1023.7,8.0,16.2,2025-01-03,4,4
2025-01-03 05:00:00+00:00,272.8,57.0,1023.3,8.5,18.0,2025-01-03,5,4
2025-01-03 06:00:00+00:00,276.5,55.0,1023.1,8.9,18.7,2025-01-03,6,4
2025-01-03 07:00:00+00:00,280.4,53.0,1023.0,9.7,22.0,2025-01-03,7,4
2025-01-03 08:00:00+00:00,285.1,52.0,1023.1,10.1,20.5,2025-01-03,8,4
2025-01-03 09:00:00+00:00,279.7,48.0,1023.4,11.8,18.9,2025-01-03,9,4
2025-01-03 10:00:00+00:00,273.4,47.0,1023.6,13.7,17.3,2025-01-03,10,4
2025-01-03 11:00:00+00:00,269.8,46.0,1022.9,15.2,17.6,2025-01-03,11,4
2025-01-03 12:00:00+00:00,257.6,45.0,1021.7,16.5,17.3,2025-01-03,12,4
2025-01-03 13:00:00+00:00,253.1,43.0,1020.7,17.4,18.0,2025-01-03,13,4
2025-01-03 14:00:00+00:00,264.6,40.0,1019.9,18.0,17.3,2025-01-03,14,4
2025-01-03 15:00:00+00:00,265.6,40.5,1019.7,17.9,19.1,2025-01-03,15,4
2025-01-03 16:00:00+00:00,273.0,41.0,1020.0,16.8,20.5,2025-01-03,16,4
2025-01-03 17:00:00+00:00,276.1,44.0,1020.4,15.1,19.4,2025-01-03,17,4
2025-01-03 18:00:00+00:00,275.0,45.0,1021.0,14.3,17.6,2025-01-03,18,4
2025-01-03 19:00:00+00:00,287.9,44.0,1021.8,14.1,19.4,2025-01-03,19,4
2025-01-03 20:00:00+00:00,286.8,48.0,1021.9,13.8,18.0,2025-01-03,20,4
2025-01-03 21:00:00+00:00,285.7,51.0,1022.2,13.4,16.6,2025-01-03,21,4
2025-01-03 22:00:00+00:00,275.1,54.0,1022.5,12.8,17.0,2025-01-03,22,4
2025-01-03 23:00:00+00:00,276.0,55.0,1022.8,12.4,17.3,2025-01-03,23,4
2025-01-04 00:00:00+00:00,273.6,56.0,1022.5,12.1,19.8,2025-01-04,0,5
2025-01-04 01:00:00+00:00,266.9,57.0,1022.0,12.5,18.0,2025-01-04,1,5
2025-01-04 02:00:00+00:00,268.3,58.0,1021.8,12.2,19.8,2025-01-04,2,5
2025-01-04 03:00:00+00:00,267.9,60.0,1021.6,11.7,22.7,2025-01-04,3,5
2025-01-04 04:00:00+00:00,268.9,64.0,1021.1,11.0,24.5,2025-01-04,4,5
2025-01-04 05:00:00+00:00,274.5,66.0,1021.0,10.3,25.2,2025-01-04,5,5
2025-01-04 06:00:00+00:00,269.3,69.0,1021.5,9.8,26.3,2025-01-04,6,5
2025-01-04 07:00:00+00:00,269.2,68.0,1021.6,10.1,26.1,2025-01-04,7,5
2025-01-04 08:00:00+00:00,272.1,67.0,1021.8,10.8,25.9,2025-01-04,8,5
2025-01-04 09:00:00+00:00,276.4,60.0,1021.9,11.5,24.1,2025-01-04,9,5
2025-01-04 10:00:00+00:00,271.6,51.0,1021.5,13.6,17.3,2025-01-04,10,5
2025-01-04 11:00:00+00:00,250.9,49.0,1021.1,15.1,18.4,2025-01-04,11,5
2025-01-04 12:00:00+00:00,247.1,47.0,1020.7,16.4,17.7,2025-01-04,12,5
2025-01-04 13:00:00+00:00,250.5,45.0,1020.2,17.4,16.9,2025-01-04,13,5
2025-01-04 14:00:00+00:00,249.6,44.0,1019.0,17.9,16.2,2025-01-04,14,5
2025-01-04 15:00:00+00:00,233.8,45.0,1018.3,17.8,16.9,2025-01-04,15,5
2025-01-04 16:00:00+00:00,222.8,49.0,1018.4,16.6,18.0,2025-01-04,16,5
2025-01-04 17:00:00+00:00,222.4,55.0,1018.6,14.6,18.7,2025-01-04,17,5
2025-01-04 18:00:00+00:00,229.6,57.0,1019.1,13.3,18.4,2025-01-04,18,5
2025-01-04 19:00:00+00:00,248.5,55.5,1019.4,12.8,16.2,2025-01-04,19,5
2025-01-04 20:00:00+00:00,259.5,56.0,1019.3,12.1,16.2,2025-01-04,20,5
2025-01-04 21:00:00+00:00,266.7,57.0,1019.2,11.6,16.2,2025-01-04,21,5
2025-01-04 22:00:00+00:00,265.0,56.5,1019.1,11.2,16.2,2025-01-04,22,5
2025-01-04 23:00:00+00:00,260.4,56.0,1018.8,11.1,17.3,2025-01-04,23,5
2025-01-05 00:00:00+00:00,253.6,57.0,1018.2,11.1,19.1,2025-01-05,0,6
2025-01-05 01:00:00+00:00,245.9,58.0,1018.0,10.7,20.5,2025-01-05,1,6
2025-01-05 02:00:00+00:00,240.8,59.0,1017.4,10.5,20.9,2025-01-05,2,6
2025-01-05 03:00:00+00:00,235.2,59.2,1016.9,10.3,21.2,2025-01-05,3,6
2025-01-05 04:00:00+00:00,239.0,59.4,1016.2,10.0,23.0,2025-01-05,4,6
2025-01-05 05:00:00+00:00,244.9,59.6,1016.0,9.9,24.8,2025-01-05,5,6
2025-01-05 07:00:00+00:00,243.0,60.0,1015.7,10.3,25.2,2025-01-05,7,6
2025-01-05 08:00:00+00:00,241.2,58.5,1015.5,10.5,24.5,2025-01-05,8,6
2025-01-05 09:00:00+00:00,238.6,57.0,1015.4,11.5,24.1,2025-01-05,9,6
2025-01-05 10:00:00+00:00,241.0,53.0,1015.4,14.0,23.4,2025-01-05,10,6
2025-01-05 11:00:00+00:00,244.9,54.0,1014.9,15.1,22.0,2025-01-05,11,6
2025-01-05 12:00:00+00:00,253.7,53.0,1013.8,16.2,23.8,2025-01-05,12,6
2025-01-05 13:00:00+00:00,259.8,52.0,1012.9,16.7,24.1,2025-01-05,13,6
2025-01-05 14:00:00+00:00,252.4,48.0,1011.6,17.5,17.6,2025-01-05,14,6
2025-01-05 15:00:00+00:00,228.0,47.0,1010.7,18.0,14.8,2025-01-05,15,6
2025-01-05 16:00:00+00:00,207.4,52.0,1010.5,16.8,15.8,2025-01-05,16,6
2025-01-05 17:00:00+00:00,191.5,64.0,1010.4,14.8,15.5,2025-01-05,17,6
2025-01-05 18:00:00+00:00,199.4,69.0,1010.5,13.6,11.9,2025-01-05,18,6
2025-01-05 19:00:00+00:00,231.1,61.0,1010.8,13.5,12.2,2025-01-05,19,6
2025-01-05 20:00:00+00:00,230.2,60.0,1010.6,12.8,12.6,2025-01-05,20,6
2025-01-05 21:00:00+00:00,232.2,59.0,1010.4,12.3,15.5,2025-01-05,21,6
2025-01-05 22:00:00+00:00,244.5,60.0,1010.2,11.3,14.0,2025-01-05,22,6
2025-01-05 23:00:00+00:00,255.2,59.5,1010.0,11.1,13.0,2025-01-05,23,6
2025-01-06 00:00:00+00:00,274.0,59.0,1010.1,11.0,14.0,2025-01-06,0,0
2025-01-06 01:00:00+00:00,235.1,50.0,1009.4,12.2,15.1,2025-01-06,1,0
2025-01-06 02:00:00+00:00,225.1,52.0,1008.6,11.7,15.5,2025-01-06,2,0
2025-01-06 03:00:00+00:00,224.9,55.0,1007.8,11.3,15.8,2025-01-06,3,0
2025-01-06 04:00:00+00:00,218.8,58.0,1007.2,11.6,17.3,2025-01-06,4,0
2025-01-06 05:00:00+00:00,209.2,61.0,1006.8,11.4,18.7,2025-01-06,5,0
2025-01-06 06:00:00+00:00,205.7,62.0,1006.7,11.3,18.0,2025-01-06,6,0
2025-01-06 07:00:00+00:00,210.9,64.0,1006.9,11.0,14.8,2025-01-06,7,0
2025-01-06 08:00:00+00:00,222.9,65.0,1007.0,11.3,13.0,2025-01-06,8,0
2025-01-06 09:00:00+00:00,224.4,63.0,1007.2,12.5,11.9,2025-01-06,9,0
2025-01-06 10:00:00+00:00,235.4,57.0,1006.9,15.0,14.0,2025-01-06,10,0
2025-01-06 11:00:00+00:00,235.8,53.0,1006.6,16.8,15.8,2025-01-06,11,0
2025-01-06 12:00:00+00:00,264.7,49.0,1006.0,17.9,19.4,2025-01-06,12,0
2025-01-06 13:00:00+00:00,262.0,51.0,1005.9,17.1,18.0,2025-01-06,13,0
2025-01-06 14:00:00+00:00,266.5,48.0,1005.1,17.5,16.9,2025-01-06,14,0
2025-01-06 15:00:00+00:00,264.5,47.0,1005.0,17.0,16.6,2025-01-06,15,0
2025-01-06 16:00:00+00:00,254.2,51.0,1005.4,16.6,18.4,2025-01-06,16,0
2025-01-06 17:00:00+00:00,259.5,56.0,1006.3,15.1,19.1,2025-01-06,17,0
2025-01-06 18:00:00+00:00,279.9,55.0,1007.3,14.4,20.5,2025-01-06,18,0
2025-01-06 19:00:00+00:00,292.6,56.0,1008.9,13.7,19.1,2025-01-06,19,0
2025-01-06 20:00:00+00:00,291.8,57.0,1010.1,13.3,18.7,2025-01-06,20,0
2025-01-06 21:00:00+00:00,293.6,58.0,1011.4,12.3,20.2,2025-01-06,21,0
2025-01-06 22:00:00+00:00,291.1,60.0,1012.4,11.4,19.8,2025-01-06,22,0
2025-01-06 23:00:00+00:00,281.0,57.0,1013.3,11.0,19.4,2025-01-06,23,0
2025-01-07 00:00:00+00:00,280.6,55.0,1013.9,10.8,17.6,2025-01-07,0,1
2025-01-07 01:00:00+00:00,274.9,54.5,1014.5,10.3,16.9,2025-01-07,1,1
2025-01-07 02:00:00+00:00,284.6,54.0,1015.2,10.0,16.6,2025-01-07,2,1
2025-01-07 03:00:00+00:00,285.9,54.7,1015.7,9.7,15.5,2025-01-07,3,1
2025-01-07 04:00:00+00:00,287.1,55.3,1016.3,9.5,16.6,2025-01-07,4,1
2025-01-07 05:00:00+00:00,285.5,56.0,1016.9,9.0,13.7,2025-01-07,5,1
2025-01-07 06:00:00+00:00,268.0,59.0,1017.7,8.4,13.0,2025-01-07,6,1
2025-01-07 07:00:00+00:00,257.2,60.0,1018.4,8.5,14.8,2025-01-07,7,1
2025-01-07 08:00:00+00:00,235.9,61.0,1019.0,8.2,17.6,2025-01-07,8,1
2025-01-07 09:00:00+00:00,232.8,58.0,1019.8,9.7,20.2,2025-01-07,9,1
2025-01-07 10:00:00+00:00,232.4,52.0,1020.4,11.7,21.6,2025-01-07,10,1
2025-01-07 11:00:00+00:00,232.1,47.0,1020.3,13.3,23.4,2025-01-07,11,1
2025-01-07 12:00:00+00:00,235.7,43.0,1019.5,14.8,24.8,2025-01-07,12,1
2025-01-07 13:00:00+00:00,238.7,38.0,1019.0,15.9,24.3,2025-01-07,13,1
2025-01-07 14:00:00+00:00,256.3,36.0,1018.3,16.3,23.8,2025-01-07,14,1
2025-01-07 15:00:00+00:00,264.3,37.0,1018.6,15.9,24.5,2025-01-07,15,1
2025-01-07 16:00:00+00:00,251.4,39.0,1018.8,15.6,21.6,2025-01-07,16,1
2025-01-07 17:00:00+00:00,236.1,41.0,1019.1,14.2,22.0,2025-01-07,17,1
2025-01-07 18:00:00+00:00,232.5,44.0,1019.8,13.4,23.4,2025-01-07,18,1
2025-01-07 19:00:00+00:00,231.5,46.0,1020.3,13.0,24.0,2025-01-07,19,1
2025-01-07 20:00:00+00:00,232.5,51.0,1020.9,12.4,24.5,2025-01-07,20,1
2025-01-07 21:00:00+00:00,239.8,52.0,1021.0,12.5,26.3,2025-01-07,21,1
2025-01-07 22:00:00+00:00,244.0,54.0,1021.2,12.6,26.6,2025-01-07,22,1
2025-01-07 23:00:00+00:00,247.0,56.0,1021.1,12.5,25.6,2025-01-07,23,1
2025-01-08 00:00:00+00:00,246.0,58.0,1020.7,12.4,25.2,2025-01-08,0,2
2025-01-08 01:00:00+00:00,247.5,60.0,1020.6,12.4,25.9,2025-01-08,1,2
2025-01-08 02:00:00+00:00,253.6,60.7,1020.1,12.7,26.4,2025-01-08,2,2
2025-01-08 03:00:00+00:00,258.0,61.3,1019.4,12.6,27.0,2025-01-08,3,2
2025-01-08 04:00:00+00:00,259.7,62.0,1019.3,12.4,28.1,2025-01-08,4,2
2025-01-08 05:00:00+00:00,256.8,61.0,1018.9,12.3,27.7,2025-01-08,5,2
2025-01-08 06:00:00+00:00,256.4,61.5,1019.0,12.2,25.9,2025-01-08,6,2
2025-01-08 07:00:00+00:00,257.6,62.0,1019.3,12.1,21.2,2025-01-08,7,2
2025-01-08 08:00:00+00:00,256.6,60.0,1019.4,12.0,19.8,2025-01-08,8,2
2025-01-08 09:00:00+00:00,252.1,58.0,1019.5,13.3,20.9,2025-01-08,9,2
2025-01-08 10:00:00+00:00,242.3,54.0,1019.2,14.9,21.0,2025-01-08,10,2
2025-01-08 11:00:00+00:00,227.4,51.0,1018.9,16.0,21.2,2025-01-08,11,2
2025-01-08 12:00:00+00:00,213.7,49.0,1017.8,16.4,22.0,2025-01-08,12,2
2025-01-08 13:00:00+00:00,231.3,41.0,1016.9,18.3,20.3,2025-01-08,13,2
2025-01-08 14:00:00+00:00,237.2,37.0,1015.9,19.4,18.7,2025-01-08,14,2
2025-01-08 15:00:00+00:00,246.3,35.0,1015.5,19.9,16.9,2025-01-08,15,2
2025-01-08 16:00:00+00:00,239.1,37.5,1015.7,19.0,14.8,2025-01-08,16,2
2025-01-08 17:00:00+00:00,218.1,40.0,1015.5,17.4,14.0,2025-01-08,17,2
2025-01-08 18:00:00+00:00,223.7,43.0,1015.9,16.7,15.1,2025-01-08,18,2
2025-01-08 19:00:00+00:00,230.7,36.0,1016.1,16.9,19.4,2025-01-08,19,2
2025-01-08 20:00:00+00:00,231.8,39.0,1016.3,15.7,20.2,2025-01-08,20,2
2025-01-08 21:00:00+00:00,242.6,37.0,1016.9,15.3,21.2,2025-01-08,21,2
2025-01-08 22:00:00+00:00,235.2,41.0,1017.2,15.1,24.8,2025-01-08,22,2
2025-01-08 23:00:00+00:00,229.8,49.0,1017.1,15.0,25.2,2025-01-08,23,2
2025-01-09 00:00:00+00:00,220.4,55.0,1017.2,14.6,22.7,2025-01-09,0,3
2025-01-09 01:00:00+00:00,216.3,62.0,1017.2,14.2,19.4,2025-01-09,1,3
2025-01-09 02:00:00+00:00,229.4,66.0,1017.1,14.1,18.4,2025-01-09,2,3
2025-01-09 03:00:00+00:00,234.2,68.0,1017.1,14.0,19.1,2025-01-09,3,3
2025-01-09 04:00:00+00:00,233.0,69.0,1017.0,14.0,23.4,2025-01-09,4,3
2025-01-09 05:00:00+00:00,235.0,66.0,1017.3,13.9,22.7,2025-01-09,5,3
2025-01-09 06:00:00+00:00,230.8,68.0,1017.6,13.8,22.0,2025-01-09,6,3
2025-01-09 07:00:00+00:00,241.8,64.5,1018.2,14.0,23.6,2025-01-09,7,3
2025-01-09 08:00:00+00:00,252.8,61.0,1018.9,14.1,25.2,2025-01-09,8,3
2025-01-09 09:00:00+00:00,257.9,57.0,1019.6,15.1,24.5,2025-01-09,9,3
2025-01-09 10:00:00+00:00,256.0,52.0,1020.4,16.4,24.8,2025-01-09,10,3
2025-01-09 11:00:00+00:00,249.7,48.0,1020.2,17.7,25.6,2025-01-09,11,3
2025-01-09 12:00:00+00:00,247.3,45.0,1020.0,18.6,27.7,2025-01-09,12,3
2025-01-09 13:00:00+00:00,259.2,42.5,1019.6,19.6,27.9,2025-01-09,13,3
2025-01-09 14:00:00+00:00,265.5,38.0,1019.2,20.5,25.9,2025-01-09,14,3
2025-01-09 15:00:00+00:00,277.8,37.0,1019.4,20.6,24.1,2025-01-09,15,3
2025-01-09 16:00:00+00:00,279.3,40.0,1019.7,19.9,23.4,2025-01-09,16,3
2025-01-09 17:00:00+00:00,279.4,43.0,1020.5,18.6,22.7,2025-01-09,17,3
2025-01-09 18:00:00+00:00,277.6,46.0,1021.2,17.9,21.6,2025-01-09,18,3
2025-01-09 19:00:00+00:00,275.9,55.0,1021.9,16.3,20.5,2025-01-09,19,3
2025-01-09 20:00:00+00:00,284.0,58.0,1022.7,15.6,19.8,2025-01-09,20,3
2025-01-09 21:00:00+00:00,290.0,60.0,1023.0,15.2,19.1,2025-01-09,21,3
2025-01-09 22:00:00+00:00,290.7,61.0,1023.3,15.1,19.4,2025-01-09,22,3
2025-01-09 23:00:00+00:00,281.6,63.0,1023.3,14.6,16.9,2025-01-09,23,3
2025-01-10 00:00:00+00:00,269.2,66.0,1023.2,13.8,14.8,2025-01-10,0,4
2025-01-10 01:00:00+00:00,265.5,69.0,1023.2,13.7,16.6,2025-01-10,1,4
2025-01-10 02:00:00+00:00,260.4,70.0,1023.0,13.2,16.9,2025-01-10,2,4
2025-01-10 03:00:00+00:00,256.2,72.0,1023.1,12.7,18.0,2025-01-10,3,4
2025-01-10 04:00:00+00:00,257.7,73.0,1023.2,12.4,20.2,2025-01-10,4,4
2025-01-10 05:00:00+00:00,269.4,74.0,1023.4,12.1,21.6,2025-01-10,5,4
2025-01-10 06:00:00+00:00,276.9,73.0,1023.8,12.2,23.0,2025-01-10,6,4
2025-01-10 07:00:00+00:00,275.5,72.0,1024.0,12.3,22.7,2025-01-10,7,4
2025-01-10 08:00:00+00:00,273.3,69.0,1023.9,12.7,25.6,2025-01-10,8,4
2025-01-10 09:00:00+00:00,275.7,63.0,1023.8,14.4,24.5,2025-01-10,9,4
2025-01-10 10:00:00+00:00,275.5,57.0,1023.7,16.1,19.1,2025-01-10,10,4
2025-01-10 11:00:00+00:00,260.6,53.0,1023.6,17.9,19.8,2025-01-10,11,4
2025-01-10 12:00:00+00:00,253.8,48.0,1022.9,19.5,21.6,2025-01-10,12,4
2025-01-10 13:00:00+00:00,256.9,42.0,1022.1,21.1,21.2,2025-01-10,13,4
2025-01-10 14:00:00+00:00,256.4,41.0,1021.3,21.5,20.7,2025-01-10,14,4
2025-01-10 15:00:00+00:00,261.6,42.0,1021.2,21.1,20.2,2025-01-10,15,4
2025-01-10 16:00:00+00:00,262.3,44.0,1020.9,20.1,21.6,2025-01-10,16,4
2025-01-10 17:00:00+00:00,269.9,47.0,1021.1,18.3,25.2,2025-01-10,17,4
2025-01-10 18:00:00+00:00,279.7,50.0,1021.6,17.1,26.6,2025-01-10,18,4
2025-01-10 19:00:00+00:00,283.0,51.0,1022.1,16.1,25.2,2025-01-10,19,4
2025-01-10 20:00:00+00:00,284.9,53.0,1022.5,15.4,24.6,2025-01-10,20,4
2025-01-10 21:00:00+00:00,283.8,55.0,1023.0,14.9,24.1,2025-01-10,21,4
2025-01-10 22:00:00+00:00,270.1,56.0,1022.8,14.5,22.3,2025-01-10,22,4
2025-01-10 23:00:00+00:00,280.6,58.0,1022.7,13.8,21.8,2025-01-10,23,4
2025-01-11 00:00:00+00:00,282.5,57.0,1022.5,14.0,21.2,2025-01-11,0,5
2025-01-11 01:00:00+00:00,282.1,56.0,1022.2,14.4,20.5,2025-01-11,1,5
2025-01-11 02:00:00+00:00,280.3,60.0,1022.3,14.7,24.1,2025-01-11,2,5
2025-01-11 03:00:00+00:00,282.0,63.0,1021.8,14.8,26.6,2025-01-11,3,5
2025-01-11 04:00:00+00:00,283.8,64.0,1021.3,14.8,23.4,2025-01-11,4,5
2025-01-11 05:00:00+00:00,282.6,63.0,1021.2,15.1,23.2,2025-01-11,5,5
2025-01-11 06:00:00+00:00,283.7,61.0,1021.4,15.4,23.0,2025-01-11,6,5
2025-01-11 07:00:00+00:00,274.7,59.0,1021.3,16.2,24.8,2025-01-11,7,5
2025-01-11 08:00:00+00:00,270.1,58.0,1021.4,16.5,24.1,2025-01-11,8,5
2025-01-11 09:00:00+00:00,266.3,56.0,1021.4,17.1,24.8,2025-01-11,9,5
2025-01-11 10:00:00+00:00,273.4,52.0,1021.7,18.6,27.4,2025-01-11,10,5
2025-01-11 11:00:00+00:00,269.0,49.0,1021.3,20.5,28.8,2025-01-11,11,5
2025-01-11 12:00:00+00:00,278.3,45.0,1020.4,21.7,27.6,2025-01-11,12,5
2025-01-11 13:00:00+00:00,287.5,40.0,1020.9,22.7,26.3,2025-01-11,13,5
2025-01-11 14:00:00+00:00,328.6,33.0,1020.3,23.4,17.6,2025-01-11,14,5
2025-01-11 15:00:00+00:00,333.4,32.0,1020.5,22.6,15.5,2025-01-11,15,5
2025-01-11 16:00:00+00:00,331.8,34.0,1021.4,22.1,15.8,2025-01-11,16,5
2025-01-11 17:00:00+00:00,331.5,37.0,1022.4,20.7,18.7,2025-01-11,17,5
2025-01-11 18:00:00+00:00,321.8,39.0,1022.9,19.5,23.8,2025-01-11,18,5
2025-01-11 19:00:00+00:00,288.2,41.0,1023.4,18.2,18.4,2025-01-11,19,5
2025-01-11 20:00:00+00:00,284.1,45.0,1024.1,17.5,17.6,2025-01-11,20,5
2025-01-11 21:00:00+00:00,280.4,44.0,1024.5,16.5,15.1,2025-01-11,21,5
2025-01-11 22:00:00+00:00,226.2,41.0,1024.9,15.4,10.8,2025-01-11,22,5
2025-01-11 23:00:00+00:00,210.1,39.0,1025.2,14.5,14.4,2025-01-11,23,5
2025-01-12 00:00:00+00:00,262.9,36.0,1025.0,14.1,18.0,2025-01-12,0,6
2025-01-12 01:00:00+00:00,276.1,37.0,1024.8,13.6,19.1,2025-01-12,1,6
2025-01-12 02:00:00+00:00,288.4,42.0,1024.6,13.1,18.2,2025-01-12,2,6
2025-01-12 03:00:00+00:00,285.2,45.0,1024.4,12.5,17.3,2025-01-12,3,6
2025-01-12 04:00:00+00:00,280.9,49.0,1024.2,11.8,19.8,2025-01-12,4,6
2025-01-12 05:00:00+00:00,285.8,52.0,1024.4,11.4,21.2,2025-01-12,5,6
2025-01-12 06:00:00+00:00,283.9,51.0,1024.6,11.6,23.4,2025-01-12,6,6
2025-01-12 07:00:00+00:00,278.6,48.0,1024.5,11.7,23.8,2025-01-12,7,6
2025-01-12 08:00:00+00:00,272.4,47.0,1024.9,11.5,24.0,2025-01-12,8,6
2025-01-12 09:00:00+00:00,270.4,40.0,1025.4,13.4,24.1,2025-01-12,9,6
2025-01-12 10:00:00+00:00,207.8,36.0,1025.1,15.0,16.9,2025-01-12,10,6
2025-01-12 11:00:00+00:00,247.7,34.5,1025.4,15.6,12.6,2025-01-12,11,6
2025-01-12 12:00:00+00:00,28.4,33.0,1025.0,16.5,11.5,2025-01-12,12,6
2025-01-12 13:00:00+00:00,6.1,26.0,1023.8,18.4,17.6,2025-01-12,13,6
2025-01-12 14:00:00+00:00,64.0,27.0,1023.4,18.1,18.0,2025-01-12,14,6
2025-01-12 15:00:00+00:00,127.2,41.0,1024.4,16.1,18.4,2025-01-12,15,6
2025-01-12 16:00:00+00:00,133.7,46.0,1025.1,15.1,17.3,2025-01-12,16,6
2025-01-12 17:00:00+00:00,146.0,47.0,1025.9,14.2,14.0,2025-01-12,17,6
2025-01-12 18:00:00+00:00,172.1,48.0,1026.6,13.6,14.2,2025-01-12,18,6
2025-01-12 19:00:00+00:00,107.5,62.0,1027.4,12.4,14.4,2025-01-12,19,6
2025-01-12 20:00:00+00:00,98.3,61.0,1028.0,12.0,9.7,2025-01-12,20,6
2025-01-12 21:00:00+00:00,73.6,64.0,1028.4,11.2,11.2,2025-01-12,21,6
2025-01-12 22:00:00+00:00,65.2,68.0,1029.0,10.6,11.9,2025-01-12,22,6
2025-01-12 23:00:00+00:00,48.3,69.0,1029.2,10.1,8.3,2025-01-12,23,6
2025-01-13 00:00:00+00:00,351.9,70.0,1029.1,9.6,9.4,2025-01-13,0,0
2025-01-13 01:00:00+00:00,322.7,61.5,1028.7,8.2,7.2,2025-01-13,1,0
2025-01-13 02:00:00+00:00,307.2,53.0,1028.3,7.5,7.6,2025-01-13,2,0
2025-01-13 03:00:00+00:00,303.8,46.0,1028.1,6.6,8.3,2025-01-13,3,0
2025-01-13 04:00:00+00:00,301.1,48.0,1027.9,5.9,9.4,2025-01-13,4,0
2025-01-13 05:00:00+00:00,297.2,50.0,1028.0,5.5,11.9,2025-01-13,5,0
2025-01-13 06:00:00+00:00,297.0,53.0,1028.3,5.2,14.4,2025-01-13,6,0
2025-01-13 07:00:00+00:00,295.0,68.0,1028.4,5.0,11.5,2025-01-13,7,0
2025-01-13 08:00:00+00:00,292.5,64.0,1028.5,5.2,12.2,2025-01-13,8,0
2025-01-13 09:00:00+00:00,288.3,54.0,1029.0,7.0,11.2,2025-01-13,9,0
2025-01-13 10:00:00+00:00,290.1,43.0,1029.5,9.9,10.1,2025-01-13,10,0
2025-01-13 11:00:00+00:00,286.7,37.0,1029.3,12.1,7.2,2025-01-13,11,0
2025-01-13 12:00:00+00:00,248.1,35.0,1028.5,13.2,5.0,2025-01-13,12,0
2025-01-13 13:00:00+00:00,195.9,27.0,1027.5,13.8,7.9,2025-01-13,13,0
2025-01-13 14:00:00+00:00,120.5,25.0,1027.1,13.9,10.8,2025-01-13,14,0
2025-01-13 15:00:00+00:00,95.5,29.0,1027.0,13.3,11.9,2025-01-13,15,0
2025-01-13 16:00:00+00:00,75.6,38.0,1027.5,12.2,13.3,2025-01-13,16,0
2025-01-13 17:00:00+00:00,58.9,48.0,1028.4,10.7,14.0,2025-01-13,17,0
2025-01-13 18:00:00+00:00,47.3,49.0,1029.1,10.0,13.7,2025-01-13,18,0
2025-01-13 19:00:00+00:00,45.6,56.0,1029.2,9.8,13.3,2025-01-13,19,0
2025-01-13 20:00:00+00:00,19.5,58.0,1029.5,9.0,12.2,2025-01-13,20,0
2025-01-13 21:00:00+00:00,0.4,60.0,1030.3,8.1,13.7,2025-01-13,21,0
2025-01-13 22:00:00+00:00,331.7,62.0,1030.9,6.9,13.3,2025-01-13,22,0
2025-01-13 23:00:00+00:00,318.4,64.0,1031.0,5.9,13.7,2025-01-13,23,0
2025-01-14 00:00:00+00:00,308.8,67.0,1030.8,5.1,14.0,2025-01-14,0,1
2025-01-14 01:00:00+00:00,307.7,64.0,1030.7,4.8,13.3,2025-01-14,1,1
2025-01-14 02:00:00+00:00,304.9,63.0,1030.6,4.4,13.0,2025-01-14,2,1
2025-01-14 03:00:00+00:00,301.6,63.5,1030.5,4.0,12.2,2025-01-14,3,1
2025-01-14 04:00:00+00:00,298.0,64.0,1030.4,3.3,11.2,2025-01-14,4,1
2025-01-14 05:00:00+00:00,299.0,63.0,1030.5,3.0,10.4,2025-01-14,5,1
2025-01-14 06:00:00+00:00,305.7,62.0,1030.8,2.5,9.4,2025-01-14,6,1
2025-01-14 07:00:00+00:00,307.4,58.5,1030.9,2.1,9.8,2025-01-14,7,1
2025-01-14 08:00:00+00:00,313.0,54.0,1031.5,3.6,9.0,2025-01-14,8,1
2025-01-14 09:00:00+00:00,302.4,44.0,1031.9,5.1,9.4,2025-01-14,9,1
2025-01-14 10:00:00+00:00,308.5,32.0,1032.5,8.7,8.6,2025-01-14,10,1
2025-01-14 11:00:00+00:00,315.0,27.0,1032.4,11.2,9.0,2025-01-14,11,1
2025-01-14 12:00:00+00:00,327.7,23.0,1031.1,12.5,8.3,2025-01-14,12,1
2025-01-14 13:00:00+00:00,128.0,21.0,1030.5,12.8,5.8,2025-01-14,13,1
2025-01-14 14:00:00+00:00,134.0,20.0,1029.7,13.0,6.5,2025-01-14,14,1
2025-01-14 15:00:00+00:00,119.5,20.5,1029.6,12.6,6.3,2025-01-14,15,1
2025-01-14 16:00:00+00:00,105.0,21.0,1029.5,12.1,6.1,2025-01-14,16,1
2025-01-14 17:00:00+00:00,105.7,28.0,1029.6,9.9,5.4,2025-01-14,17,1
2025-01-14 18:00:00+00:00,100.6,33.0,1030.0,9.0,4.0,2025-01-14,18,1
2025-01-14 19:00:00+00:00,83.9,49.0,1030.2,8.4,4.7,2025-01-14,19,1
2025-01-14 20:00:00+00:00,306.6,53.0,1030.3,7.5,2.2,2025-01-14,20,1
2025-01-14 21:00:00+00:00,312.8,54.0,1030.4,6.6,6.5,2025-01-14,21,1
2025-01-14 22:00:00+00:00,308.5,60.0,1030.6,5.2,9.7,2025-01-14,22,1
2025-01-14 23:00:00+00:00,298.8,63.0,1030.8,4.4,11.2,2025-01-14,23,1
2025-01-15 00:00:00+00:00,287.8,62.0,1030.4,4.0,10.4,2025-01-15,0,2
2025-01-15 01:00:00+00:00,299.8,59.0,1029.9,3.5,9.7,2025-01-15,1,2
2025-01-15 02:00:00+00:00,296.0,63.0,1029.8,3.2,8.3,2025-01-15,2,2
2025-01-15 03:00:00+00:00,283.9,65.0,1029.6,2.4,9.0,2025-01-15,3,2
2025-01-15 04:00:00+00:00,281.5,64.0,1029.1,2.0,9.4,2025-01-15,4,2
2025-01-15 05:00:00+00:00,284.7,63.0,1028.7,1.7,9.0,2025-01-15,5,2
2025-01-15 06:00:00+00:00,287.9,61.0,1028.6,1.6,9.4,2025-01-15,6,2
2025-01-15 07:00:00+00:00,280.4,54.0,1028.7,1.3,10.8,2025-01-15,7,2
2025-01-15 08:00:00+00:00,287.8,49.0,1028.8,1.9,11.5,2025-01-15,8,2
2025-01-15 09:00:00+00:00,279.0,42.0,1028.9,4.3,10.8,2025-01-15,9,2
2025-01-15 10:00:00+00:00,284.3,34.0,1028.8,7.5,8.6,2025-01-15,10,2
2025-01-15 11:00:00+00:00,277.4,25.0,1028.7,10.4,6.1,2025-01-15,11,2
2025-01-15 12:00:00+00:00,233.7,19.0,1027.1,12.1,4.7,2025-01-15,12,2
2025-01-15 13:00:00+00:00,221.3,19.7,1026.3,13.0,5.8,2025-01-15,13,2
2025-01-15 14:00:00+00:00,209.2,20.3,1025.1,13.6,7.6,2025-01-15,14,2
2025-01-15 15:00:00+00:00,184.6,21.0,1024.4,13.4,10.1,2025-01-15,15,2
2025-01-15 16:00:00+00:00,156.9,24.0,1024.1,13.2,11.9,2025-01-15,16,2
2025-01-15 17:00:00+00:00,129.0,35.0,1024.0,10.7,11.5,2025-01-15,17,2
2025-01-15 18:00:00+00:00,126.8,49.0,1024.1,9.7,7.9,2025-01-15,18,2
2025-01-15 19:00:00+00:00,232.7,56.0,1024.0,8.8,7.6,2025-01-15,19,2
2025-01-15 20:00:00+00:00,293.1,54.0,1023.5,7.5,10.8,2025-01-15,20,2
2025-01-15 21:00:00+00:00,298.3,58.0,1023.2,5.4,10.1,2025-01-15,21,2
2025-01-15 22:00:00+00:00,296.3,60.0,1023.3,4.1,10.8,2025-01-15,22,2
2025-01-15 23:00:00+00:00,297.3,55.0,1023.2,3.8,11.5,2025-01-15,23,2
2025-01-16 00:00:00+00:00,296.3,52.0,1023.0,3.5,11.2,2025-01-16,0,3
2025-01-16 01:00:00+00:00,303.8,51.5,1023.3,3.9,9.4,2025-01-16,1,3
2025-01-16 02:00:00+00:00,302.5,51.0,1023.6,3.3,9.7,2025-01-16,2,3
2025-01-16 03:00:00+00:00,299.1,52.0,1023.5,2.7,10.8,2025-01-16,3,3
2025-01-16 04:00:00+00:00,298.4,53.0,1023.6,2.3,11.4,2025-01-16,4,3
2025-01-16 05:00:00+00:00,305.0,52.0,1023.5,2.6,11.9,2025-01-16,5,3
2025-01-16 06:00:00+00:00,312.0,51.0,1023.8,3.0,13.7,2025-01-16,6,3
2025-01-16 07:00:00+00:00,331.9,53.0,1024.3,4.6,15.8,2025-01-16,7,3
2025-01-16 08:00:00+00:00,3.4,53.5,1024.6,6.6,21.2,2025-01-16,8,3
2025-01-16 09:00:00+00:00,11.0,54.0,1025.0,9.3,24.5,2025-01-16,9,3
2025-01-16 10:00:00+00:00,17.6,53.0,1025.1,11.6,25.6,2025-01-16,10,3
2025-01-16 11:00:00+00:00,36.4,52.0,1024.9,12.7,26.6,2025-01-16,11,3
2025-01-16 12:00:00+00:00,45.9,53.7,1024.1,12.9,33.1,2025-01-16,12,3
2025-01-16 13:00:00+00:00,46.0,55.3,1023.7,12.4,32.0,2025-01-16,13,3
2025-01-16 14:00:00+00:00,43.9,57.0,1023.5,12.0,34.6,2025-01-16,14,3
2025-01-16 15:00:00+00:00,42.5,61.0,1023.8,11.4,35.3,2025-01-16,15,3
2025-01-16 16:00:00+00:00,44.5,71.0,1024.4,10.0,33.8,2025-01-16,16,3
2025-01-16 17:00:00+00:00,29.2,79.0,1024.8,9.0,30.6,2025-01-16,17,3
2025-01-16 18:00:00+00:00,38.6,83.0,1025.8,8.6,28.4,2025-01-16,18,3
2025-01-16 19:00:00+00:00,20.1,82.0,1026.6,8.5,33.1,2025-01-16,19,3
2025-01-16 20:00:00+00:00,8.6,76.0,1027.0,8.3,28.8,2025-01-16,20,3
2025-01-16 21:00:00+00:00,24.2,77.0,1027.1,8.1,33.8,2025-01-16,21,3
2025-01-16 22:00:00+00:00,16.9,74.0,1027.2,8.2,29.9,2025-01-16,22,3
2025-01-16 23:00:00+00:00,15.9,66.0,1027.1,8.6,28.8,2025-01-16,23,3
2025-01-17 00:00:00+00:00,19.4,65.0,1026.9,8.8,37.8,2025-01-17,0,4
2025-01-17 01:00:00+00:00,20.7,73.0,1027.1,8.5,32.4,2025-01-17,1,4
2025-01-17 02:00:00+00:00,22.0,73.5,1026.8,8.5,36.0,2025-01-17,2,4
2025-01-17 03:00:00+00:00,17.0,74.0,1026.6,8.6,37.8,2025-01-17,3,4
2025-01-17 04:00:00+00:00,21.2,74.5,1026.4,8.6,41.8,2025-01-17,4,4
2025-01-17 05:00:00+00:00,24.7,75.0,1026.5,8.5,38.9,2025-01-17,5,4
2025-01-17 06:00:00+00:00,23.9,73.0,1026.8,8.6,36.7,2025-01-17,6,4
2025-01-17 07:00:00+00:00,26.7,72.0,1027.4,8.7,37.8,2025-01-17,7,4
2025-01-17 08:00:00+00:00,27.9,71.7,1027.8,9.4,38.2,2025-01-17,8,4
2025-01-17 09:00:00+00:00,25.0,71.3,1028.4,9.6,37.1,2025-01-17,9,4
2025-01-17 10:00:00+00:00,17.1,71.0,1028.7,10.0,36.7,2025-01-17,10,4
2025-01-17 11:00:00+00:00,16.3,73.0,1028.9,10.2,36.0,2025-01-17,11,4
2025-01-17 12:00:00+00:00,19.0,75.0,1028.0,10.6,34.2,2025-01-17,12,4
2025-01-17 13:00:00+00:00,31.7,63.0,1027.6,11.9,40.0,2025-01-17,13,4
2025-01-17 14:00:00+00:00,34.6,61.0,1027.3,11.9,42.8,2025-01-17,14,4
2025-01-17 15:00:00+00:00,32.5,62.0,1027.5,11.8,39.2,2025-01-17,15,4
2025-01-17 16:00:00+00:00,27.5,60.5,1027.6,11.7,37.4,2025-01-17,16,4
2025-01-17 17:00:00+00:00,29.1,59.0,1027.8,11.8,37.1,2025-01-17,17,4
2025-01-17 18:00:00+00:00,33.2,60.0,1028.5,11.5,37.8,2025-01-17,18,4
2025-01-17 19:00:00+00:00,10.0,61.0,1028.6,10.9,29.5,2025-01-17,19,4
2025-01-17 20:00:00+00:00,351.1,62.0,1028.6,9.8,22.3,2025-01-17,20,4
2025-01-17 21:00:00+00:00,355.8,61.0,1028.5,9.4,19.8,2025-01-17,21,4
2025-01-17 22:00:00+00:00,339.8,62.0,1028.6,8.7,17.6,2025-01-17,22,4
2025-01-17 23:00:00+00:00,319.5,66.0,1028.7,7.4,15.1,2025-01-17,23,4
2025-01-18 00:00:00+00:00,302.5,75.0,1028.2,5.8,13.3,2025-01-18,0,5
2025-01-18 01:00:00+00:00,294.0,80.0,1027.5,5.1,11.9,2025-01-18,1,5
2025-01-18 02:00:00+00:00,294.1,79.0,1027.2,4.8,13.0,2025-01-18,2,5
2025-01-18 03:00:00+00:00,295.9,75.0,1026.8,5.1,13.7,2025-01-18,3,5
2025-01-18 04:00:00+00:00,296.8,72.0,1026.2,5.2,14.4,2025-01-18,4,5
2025-01-18 05:00:00+00:00,298.2,68.0,1025.8,5.3,13.8,2025-01-18,5,5
2025-01-18 06:00:00+00:00,302.2,66.0,1025.8,5.2,13.3,2025-01-18,6,5
2025-01-18 07:00:00+00:00,301.6,65.5,1025.9,5.1,13.2,2025-01-18,7,5
2025-01-18 08:00:00+00:00,299.1,65.0,1025.9,5.3,13.0,2025-01-18,8,5
2025-01-18 09:00:00+00:00,295.8,59.0,1026.0,7.6,13.3,2025-01-18,9,5
2025-01-18 10:00:00+00:00,289.8,56.0,1026.1,10.8,11.2,2025-01-18,10,5
2025-01-18 11:00:00+00:00,285.5,49.0,1025.8,13.5,7.6,2025-01-18,11,5
2025-01-18 12:00:00+00:00,268.6,44.0,1024.8,15.0,6.5,2025-01-18,12,5
2025-01-18 13:00:00+00:00,120.1,43.0,1024.2,15.1,7.2,2025-01-18,13,5
2025-01-18 14:00:00+00:00,116.2,42.0,1023.2,15.0,7.6,2025-01-18,14,5
2025-01-18 15:00:00+00:00,126.8,44.0,1022.9,14.4,8.6,2025-01-18,15,5
2025-01-18 16:00:00+00:00,125.0,51.0,1023.0,13.4,9.4,2025-01-18,16,5
2025-01-18 17:00:00+00:00,110.6,64.0,1023.3,11.3,8.3,2025-01-18,17,5
2025-01-18 18:00:00+00:00,67.5,72.0,1023.6,10.2,7.6,2025-01-18,18,5
2025-01-18 19:00:00+00:00,46.6,74.0,1023.6,9.6,9.0,2025-01-18,19,5
2025-01-18 20:00:00+00:00,30.3,77.0,1023.7,8.9,6.5,2025-01-18,20,5
2025-01-18 21:00:00+00:00,15.6,78.0,1023.5,8.5,3.2,2025-01-18,21,5
2025-01-18 22:00:00+00:00,319.5,80.0,1023.6,7.8,5.8,2025-01-18,22,5
2025-01-18 23:00:00+00:00,300.8,82.0,1023.7,6.6,8.3,2025-01-18,23,5
2025-01-19 00:00:00+00:00,293.4,78.5,1023.3,5.1,10.4,2025-01-19,0,6
2025-01-19 01:00:00+00:00,290.4,75.0,1022.6,4.8,11.2,2025-01-19,1,6
2025-01-19 02:00:00+00:00,288.5,72.0,1022.4,4.6,10.8,2025-01-19,2,6
2025-01-19 03:00:00+00:00,293.2,71.8,1021.9,4.3,11.2,2025-01-19,3,6
2025-01-19 04:00:00+00:00,291.3,71.5,1021.5,4.2,11.0,2025-01-19,4,6
2025-01-19 05:00:00+00:00,294.5,71.2,1021.4,4.1,10.8,2025-01-19,5,6
2025-01-19 06:00:00+00:00,292.6,71.0,1021.6,3.8,10.1,2025-01-19,6,6
2025-01-19 07:00:00+00:00,298.4,70.0,1021.9,3.5,10.2,2025-01-19,7,6
2025-01-19 08:00:00+00:00,293.2,72.0,1022.1,3.3,10.4,2025-01-19,8,6
2025-01-19 09:00:00+00:00,282.3,67.0,1022.3,5.6,11.2,2025-01-19,9,6
2025-01-19 10:00:00+00:00,279.3,56.0,1022.4,9.0,8.3,2025-01-19,10,6
2025-01-19 11:00:00+00:00,271.5,46.0,1021.9,11.6,5.8,2025-01-19,11,6
2025-01-19 12:00:00+00:00,247.4,40.0,1021.4,13.1,4.7,2025-01-19,12,6
2025-01-19 13:00:00+00:00,210.2,38.0,1020.4,13.8,5.8,2025-01-19,13,6
2025-01-19 14:00:00+00:00,175.7,39.0,1019.7,14.0,6.5,2025-01-19,14,6
2025-01-19 15:00:00+00:00,142.7,40.0,1019.3,13.7,7.2,2025-01-19,15,6
2025-01-19 16:00:00+00:00,120.8,47.0,1019.4,13.4,10.1,2025-01-19,16,6
2025-01-19 17:00:00+00:00,122.9,59.0,1019.6,11.2,11.2,2025-01-19,17,6
2025-01-19 18:00:00+00:00,147.8,67.0,1020.1,9.8,11.9,2025-01-19,18,6
2025-01-19 19:00:00+00:00,178.2,70.0,1020.7,9.1,12.2,2025-01-19,19,6
2025-01-19 20:00:00+00:00,241.7,77.0,1020.8,8.4,11.2,2025-01-19,20,6
2025-01-19 21:00:00+00:00,288.6,81.0,1020.5,7.0,8.3,2025-01-19,21,6
2025-01-19 22:00:00+00:00,293.6,78.0,1020.6,6.6,9.4,2025-01-19,22,6
2025-01-19 23:00:00+00:00,289.8,80.0,1020.8,5.4,9.8,2025-01-19,23,6
2025-01-20 00:00:00+00:00,287.1,79.0,1020.7,4.7,10.1,2025-01-20,0,0
2025-01-20 01:00:00+00:00,284.4,76.0,1020.2,5.0,10.8,2025-01-20,1,0
2025-01-20 02:00:00+00:00,269.9,73.0,1019.8,5.4,11.5,2025-01-20,2,0
2025-01-20 03:00:00+00:00,276.6,71.0,1019.2,5.7,13.7,2025-01-20,3,0
2025-01-20 04:00:00+00:00,272.2,68.0,1019.0,6.1,13.5,2025-01-20,4,0
2025-01-20 05:00:00+00:00,262.0,66.0,1018.8,6.6,13.3,2025-01-20,5,0
2025-01-20 06:00:00+00:00,260.6,67.0,1018.9,6.3,14.4,2025-01-20,6,0
2025-01-20 07:00:00+00:00,243.4,68.0,1019.1,6.1,17.6,2025-01-20,7,0
2025-01-20 08:00:00+00:00,237.1,66.5,1019.0,6.4,16.2,2025-01-20,8,0
2025-01-20 09:00:00+00:00,238.2,65.0,1019.1,7.8,15.5,2025-01-20,9,0
2025-01-20 10:00:00+00:00,241.6,62.0,1019.8,9.8,13.0,2025-01-20,10,0
2025-01-20 11:00:00+00:00,228.4,56.0,1019.2,12.1,14.4,2025-01-20,11,0
2025-01-20 12:00:00+00:00,234.4,51.0,1019.0,14.1,15.5,2025-01-20,12,0
2025-01-20 13:00:00+00:00,257.9,60.0,1018.3,13.4,16.6,2025-01-20,13,0
2025-01-20 14:00:00+00:00,278.1,53.0,1017.1,13.7,13.7,2025-01-20,14,0
2025-01-20 15:00:00+00:00,272.7,55.0,1016.7,13.6,11.9,2025-01-20,15,0
2025-01-20 16:00:00+00:00,267.5,59.0,1016.6,13.5,7.6,2025-01-20,16,0
2025-01-20 17:00:00+00:00,224.2,66.0,1016.8,12.4,8.6,2025-01-20,17,0
2025-01-20 18:00:00+00:00,231.2,71.0,1017.2,12.0,10.1,2025-01-20,18,0
2025-01-20 19:00:00+00:00,266.9,78.0,1017.2,11.7,8.3,2025-01-20,19,0
2025-01-20 20:00:00+00:00,275.7,81.0,1017.2,11.4,8.3,2025-01-20,20,0
2025-01-20 21:00:00+00:00,277.7,82.0,1017.1,11.2,8.3,2025-01-20,21,0
2025-01-20 22:00:00+00:00,279.7,83.0,1017.1,11.0,8.3,2025-01-20,22,0
2025-01-20 23:00:00+00:00,268.6,85.0,1017.0,10.6,9.4,2025-01-20,23,0
2025-01-21 00:00:00+00:00,263.5,85.3,1016.5,10.6,10.4,2025-01-21,0,1
2025-01-21 01:00:00+00:00,281.1,85.7,1015.9,10.6,9.4,2025-01-21,1,1
2025-01-21 02:00:00+00:00,279.3,86.0,1015.7,10.5,9.7,2025-01-21,2,1
2025-01-21 03:00:00+00:00,260.9,89.0,1015.6,10.5,10.8,2025-01-21,3,1
2025-01-21 04:00:00+00:00,265.9,90.0,1014.9,10.4,9.0,2025-01-21,4,1
2025-01-21 05:00:00+00:00,257.8,91.0,1015.0,10.1,10.1,2025-01-21,5,1
2025-01-21 06:00:00+00:00,246.0,92.0,1015.1,9.5,9.0,2025-01-21,6,1
2025-01-21 07:00:00+00:00,263.4,93.0,1015.4,9.3,8.3,2025-01-21,7,1
2025-01-21 08:00:00+00:00,270.0,92.0,1015.3,9.8,9.7,2025-01-21,8,1
2025-01-21 09:00:00+00:00,280.6,88.0,1015.4,11.1,9.1,2025-01-21,9,1
2025-01-21 10:00:00+00:00,261.6,80.0,1015.6,12.9,8.6,2025-01-21,10,1
2025-01-21 11:00:00+00:00,230.7,75.0,1015.7,14.5,7.6,2025-01-21,11,1
2025-01-21 12:00:00+00:00,211.7,76.0,1014.7,14.4,6.3,2025-01-21,12,1
2025-01-21 13:00:00+00:00,143.6,72.0,1013.7,16.0,5.0,2025-01-21,13,1
2025-01-21 14:00:00+00:00,179.2,67.0,1012.7,16.9,6.8,2025-01-21,14,1
2025-01-21 15:00:00+00:00,182.1,68.0,1012.4,17.0,10.1,2025-01-21,15,1
2025-01-21 16:00:00+00:00,175.5,72.0,1012.2,15.8,12.2,2025-01-21,16,1
2025-01-21 17:00:00+00:00,188.9,80.0,1012.5,14.2,13.3,2025-01-21,17,1
2025-01-21 18:00:00+00:00,30.9,84.0,1012.9,13.3,6.5,2025-01-21,18,1
2025-01-21 19:00:00+00:00,13.2,87.0,1013.3,12.4,2.9,2025-01-21,19,1
2025-01-21 20:00:00+00:00,326.3,88.0,1013.3,11.7,4.0,2025-01-21,20,1
2025-01-21 21:00:00+00:00,313.6,93.0,1013.4,10.6,7.9,2025-01-21,21,1
2025-01-21 22:00:00+00:00,300.5,94.0,1013.4,10.1,9.4,2025-01-21,22,1
2025-01-21 23:00:00+00:00,298.4,92.0,1013.3,9.7,11.2,2025-01-21,23,1
2025-01-22 00:00:00+00:00,286.9,90.0,1013.2,9.6,12.2,2025-01-22,0,2
2025-01-22 01:00:00+00:00,281.4,87.0,1012.7,9.3,10.1,2025-01-22,1,2
2025-01-22 02:00:00+00:00,276.8,86.0,1012.6,9.7,10.4,2025-01-22,2,2
2025-01-22 03:00:00+00:00,287.0,85.0,1012.4,9.8,11.2,2025-01-22,3,2
2025-01-22 04:00:00+00:00,279.5,86.0,1011.8,9.6,11.6,2025-01-22,4,2
2025-01-22 05:00:00+00:00,283.4,85.0,1012.3,9.2,11.9,2025-01-22,5,2
2025-01-22 06:00:00+00:00,269.5,84.0,1012.0,9.0,12.2,2025-01-22,6,2
2025-01-22 07:00:00+00:00,282.2,85.0,1012.3,8.4,11.9,2025-01-22,7,2
2025-01-22 08:00:00+00:00,276.6,84.0,1012.1,8.7,9.7,2025-01-22,8,2
2025-01-22 09:00:00+00:00,283.0,79.0,1012.2,10.6,10.8,2025-01-22,9,2
2025-01-22 10:00:00+00:00,249.6,71.0,1012.2,13.9,9.0,2025-01-22,10,2
2025-01-22 11:00:00+00:00,237.0,61.0,1011.8,16.9,7.6,2025-01-22,11,2
2025-01-22 12:00:00+00:00,237.5,52.0,1010.6,19.0,7.9,2025-01-22,12,2
2025-01-22 13:00:00+00:00,230.7,48.0,1009.5,20.3,10.0,2025-01-22,13,2
2025-01-22 14:00:00+00:00,192.9,49.0,1009.2,19.7,12.2,2025-01-22,14,2
2025-01-22 15:00:00+00:00,160.5,57.0,1008.7,19.0,10.1,2025-01-22,15,2
2025-01-22 16:00:00+00:00,217.3,66.0,1008.9,18.6,10.4,2025-01-22,16,2
2025-01-22 17:00:00+00:00,180.6,70.0,1009.1,17.1,17.6,2025-01-22,17,2
2025-01-22 18:00:00+00:00,214.0,57.0,1009.6,17.1,24.8,2025-01-22,18,2
2025-01-22 19:00:00+00:00,257.3,68.0,1010.8,14.1,11.2,2025-01-22,19,2
2025-01-22 20:00:00+00:00,288.7,71.0,1011.3,13.3,14.4,2025-01-22,20,2
2025-01-22 21:00:00+00:00,289.3,76.0,1011.5,12.1,10.8,2025-01-22,21,2
2025-01-22 22:00:00+00:00,286.5,77.0,1011.8,11.5,11.2,2025-01-22,22,2
2025-01-22 23:00:00+00:00,279.9,78.0,1012.0,11.1,13.7,2025-01-22,23,2
2025-01-23 00:00:00+00:00,285.5,79.0,1012.3,10.7,15.8,2025-01-23,0,3
2025-01-23 01:00:00+00:00,277.4,78.0,1012.7,11.7,15.7,2025-01-23,1,3
2025-01-23 02:00:00+00:00,275.5,79.0,1012.6,11.5,15.6,2025-01-23,2,3
2025-01-23 03:00:00+00:00,276.7,80.0,1013.1,11.0,15.5,2025-01-23,3,3
2025-01-23 04:00:00+00:00,273.5,82.0,1013.2,10.4,14.0,2025-01-23,4,3
2025-01-23 05:00:00+00:00,266.2,83.0,1013.6,10.2,14.4,2025-01-23,5,3
2025-01-23 06:00:00+00:00,247.3,82.0,1014.2,10.4,15.1,2025-01-23,6,3
2025-01-23 07:00:00+00:00,246.9,80.0,1014.9,11.0,15.8,2025-01-23,7,3
2025-01-23 08:00:00+00:00,241.1,78.0,1015.2,11.7,16.4,2025-01-23,8,3
2025-01-23 09:00:00+00:00,238.0,71.0,1015.5,14.1,16.9,2025-01-23,9,3
2025-01-23 10:00:00+00:00,230.3,66.0,1016.1,16.3,16.6,2025-01-23,10,3
2025-01-23 11:00:00+00:00,230.0,58.0,1015.8,18.5,17.3,2025-01-23,11,3
2025-01-23 12:00:00+00:00,244.5,52.0,1015.5,20.0,18.7,2025-01-23,12,3
2025-01-23 13:00:00+00:00,274.4,46.0,1015.2,21.0,19.1,2025-01-23,13,3
2025-01-23 14:00:00+00:00,272.1,41.0,1014.8,21.6,16.9,2025-01-23,14,3
2025-01-23 15:00:00+00:00,262.0,44.0,1014.9,21.7,14.8,2025-01-23,15,3
2025-01-23 16:00:00+00:00,229.9,47.0,1015.2,20.7,14.0,2025-01-23,16,3
2025-01-23 17:00:00+00:00,225.9,54.0,1015.5,18.8,16.9,2025-01-23,17,3
2025-01-23 18:00:00+00:00,247.2,57.0,1016.1,17.5,17.3,2025-01-23,18,3
2025-01-23 19:00:00+00:00,260.3,61.0,1016.9,16.9,16.6,2025-01-23,19,3
2025-01-23 20:00:00+00:00,267.3,65.0,1017.6,15.8,15.8,2025-01-23,20,3
2025-01-23 21:00:00+00:00,272.1,69.0,1018.1,14.8,15.1,2025-01-23,21,3
2025-01-23 22:00:00+00:00,266.7,71.0,1018.7,14.2,14.4,2025-01-23,22,3
2025-01-23 23:00:00+00:00,262.6,74.0,1018.9,13.6,14.8,2025-01-23,23,3
2025-01-24 00:00:00+00:00,260.0,75.0,1019.4,13.2,14.4,2025-01-24,0,4
2025-01-24 01:00:00+00:00,264.2,77.0,1019.7,13.1,15.5,2025-01-24,1,4
2025-01-24 02:00:00+00:00,269.6,77.2,1019.8,13.0,15.8,2025-01-24,2,4
2025-01-24 03:00:00+00:00,262.5,77.5,1019.9,12.8,16.2,2025-01-24,3,4
2025-01-24 04:00:00+00:00,260.2,77.8,1019.6,12.9,18.0,2025-01-24,4,4
2025-01-24 05:00:00+00:00,260.4,78.0,1019.8,12.7,19.4,2025-01-24,5,4
2025-01-24 06:00:00+00:00,258.4,80.0,1019.9,12.4,20.5,2025-01-24,6,4
2025-01-24 07:00:00+00:00,264.2,79.0,1020.6,12.9,18.4,2025-01-24,7,4
2025-01-24 08:00:00+00:00,255.4,78.0,1020.8,13.6,19.1,2025-01-24,8,4
2025-01-24 09:00:00+00:00,257.3,71.0,1021.1,15.4,19.8,2025-01-24,9,4
2025-01-24 10:00:00+00:00,261.3,64.0,1021.5,16.5,20.2,2025-01-24,10,4
2025-01-24 11:00:00+00:00,257.1,61.0,1021.4,17.6,20.9,2025-01-24,11,4
2025-01-24 12:00:00+00:00,257.9,57.0,1020.4,18.5,20.2,2025-01-24,12,4
2025-01-24 13:00:00+00:00,257.1,54.0,1020.0,18.9,20.5,2025-01-24,13,4
2025-01-24 14:00:00+00:00,253.9,51.0,1018.8,19.6,21.2,2025-01-24,14,4
2025-01-24 15:00:00+00:00,263.0,48.0,1018.0,20.1,20.9,2025-01-24,15,4
2025-01-24 16:00:00+00:00,275.4,55.0,1017.7,20.0,17.3,2025-01-24,16,4
2025-01-24 17:00:00+00:00,247.0,62.0,1017.4,17.0,14.8,2025-01-24,17,4
2025-01-24 18:00:00+00:00,201.8,72.0,1017.7,15.1,11.9,2025-01-24,18,4
2025-01-24 19:00:00+00:00,238.2,74.0,1017.8,14.8,10.8,2025-01-24,19,4
2025-01-24 20:00:00+00:00,270.4,73.0,1018.0,14.0,10.4,2025-01-24,20,4
2025-01-24 21:00:00+00:00,271.8,72.0,1017.8,13.2,13.0,2025-01-24,21,4
2025-01-24 22:00:00+00:00,269.8,70.0,1017.8,13.0,14.0,2025-01-24,22,4
2025-01-24 23:00:00+00:00,275.9,71.0,1017.7,12.6,15.5,2025-01-24,23,4
2025-01-25 00:00:00+00:00,277.5,73.0,1017.1,12.1,15.8,2025-01-25,0,5
2025-01-25 01:00:00+00:00,269.4,74.0,1017.0,11.9,14.0,2025-01-25,1,5
2025-01-25 02:00:00+00:00,265.0,75.0,1016.6,11.6,15.5,2025-01-25,2,5
2025-01-25 03:00:00+00:00,265.4,75.3,1016.3,11.7,17.3,2025-01-25,3,5
2025-01-25 04:00:00+00:00,265.9,75.7,1016.0,11.8,18.0,2025-01-25,4,5
2025-01-25 05:00:00+00:00,263.1,76.0,1016.2,11.8,17.6,2025-01-25,5,5
2025-01-25 06:00:00+00:00,245.0,77.0,1016.0,11.9,20.9,2025-01-25,6,5
2025-01-25 07:00:00+00:00,256.1,79.0,1016.2,11.7,22.0,2025-01-25,7,5
2025-01-25 08:00:00+00:00,248.8,76.0,1016.6,12.6,19.8,2025-01-25,8,5
2025-01-25 09:00:00+00:00,235.2,70.0,1016.5,14.4,19.4,2025-01-25,9,5
2025-01-25 10:00:00+00:00,229.6,63.0,1016.8,16.1,21.6,2025-01-25,10,5
2025-01-25 11:00:00+00:00,227.2,62.0,1016.7,16.6,23.4,2025-01-25,11,5
2025-01-25 12:00:00+00:00,245.7,52.0,1015.6,18.3,24.8,2025-01-25,12,5
2025-01-25 13:00:00+00:00,255.7,43.0,1015.0,19.1,26.2,2025-01-25,13,5
2025-01-25 14:00:00+00:00,262.7,49.0,1014.8,18.0,27.7,2025-01-25,14,5
2025-01-25 15:00:00+00:00,227.8,55.0,1014.7,17.2,19.8,2025-01-25,15,5
2025-01-25 16:00:00+00:00,263.1,54.0,1014.9,17.0,18.4,2025-01-25,16,5
2025-01-25 17:00:00+00:00,268.5,56.0,1015.7,16.7,16.2,2025-01-25,17,5
2025-01-25 18:00:00+00:00,242.2,61.0,1016.5,15.8,13.7,2025-01-25,18,5
2025-01-25 19:00:00+00:00,249.3,64.0,1017.3,15.1,17.3,2025-01-25,19,5
2025-01-25 20:00:00+00:00,245.3,67.0,1017.8,14.1,16.2,2025-01-25,20,5
2025-01-25 21:00:00+00:00,278.5,66.0,1018.8,13.8,17.6,2025-01-25,21,5
2025-01-25 22:00:00+00:00,285.3,65.0,1019.3,13.7,19.4,2025-01-25,22,5
2025-01-25 23:00:00+00:00,289.1,65.5,1019.9,13.7,22.0,2025-01-25,23,5
2025-01-26 00:00:00+00:00,285.2,66.0,1020.1,13.6,22.3,2025-01-26,0,6
2025-01-26 01:00:00+00:00,277.2,67.7,1020.2,13.2,22.5,2025-01-26,1,6
2025-01-26 02:00:00+00:00,284.6,69.3,1020.4,12.7,22.7,2025-01-26,2,6
2025-01-26 03:00:00+00:00,236.6,71.0,1020.2,11.5,20.9,2025-01-26,3,6
2025-01-26 04:00:00+00:00,237.4,77.0,1020.1,10.6,14.8,2025-01-26,4,6
2025-01-26 05:00:00+00:00,227.5,81.0,1020.7,9.9,14.0,2025-01-26,5,6
2025-01-26 06:00:00+00:00,220.5,79.5,1021.3,9.7,15.8,2025-01-26,6,6
2025-01-26 07:00:00+00:00,217.7,78.0,1020.7,9.9,19.1,2025-01-26,7,6
2025-01-26 08:00:00+00:00,233.9,75.0,1021.0,10.6,22.0,2025-01-26,8,6
2025-01-26 09:00:00+00:00,241.5,65.0,1021.1,12.5,23.4,2025-01-26,9,6
2025-01-26 10:00:00+00:00,255.9,63.0,1020.7,13.6,22.0,2025-01-26,10,6
2025-01-26 11:00:00+00:00,245.9,58.0,1021.1,15.1,20.5,2025-01-26,11,6
2025-01-26 12:00:00+00:00,229.9,52.0,1019.4,16.5,16.9,2025-01-26,12,6
2025-01-26 13:00:00+00:00,233.2,48.0,1018.9,17.8,19.8,2025-01-26,13,6
2025-01-26 14:00:00+00:00,239.6,44.0,1017.4,18.8,22.0,2025-01-26,14,6
2025-01-26 15:00:00+00:00,256.6,45.5,1016.9,19.2,23.8,2025-01-26,15,6
2025-01-26 16:00:00+00:00,240.0,47.0,1016.4,19.0,15.8,2025-01-26,16,6
2025-01-26 17:00:00+00:00,216.1,55.0,1016.6,17.2,14.4,2025-01-26,17,6
2025-01-26 18:00:00+00:00,212.2,63.0,1016.5,15.9,14.0,2025-01-26,18,6
2025-01-26 19:00:00+00:00,208.4,67.0,1016.4,14.8,15.5,2025-01-26,19,6
2025-01-26 20:00:00+00:00,215.0,69.0,1016.3,14.4,16.2,2025-01-26,20,6
2025-01-26 21:00:00+00:00,212.1,63.0,1016.1,15.0,18.7,2025-01-26,21,6
2025-01-26 22:00:00+00:00,200.7,56.0,1015.6,15.5,19.8,2025-01-26,22,6
2025-01-26 23:00:00+00:00,201.3,58.0,1015.1,15.8,21.6,2025-01-26,23,6
2025-01-27 00:00:00+00:00,199.5,60.0,1014.5,16.0,28.1,2025-01-27,0,0
2025-01-27 01:00:00+00:00,197.5,58.5,1013.8,16.5,25.9,2025-01-27,1,0
2025-01-27 02:00:00+00:00,195.5,57.0,1013.1,17.2,31.0,2025-01-27,2,0
2025-01-27 03:00:00+00:00,196.2,58.0,1012.1,17.6,30.1,2025-01-27,3,0
2025-01-27 04:00:00+00:00,204.1,60.0,1011.1,18.0,29.2,2025-01-27,4,0
2025-01-27 05:00:00+00:00,206.5,60.3,1010.9,17.9,27.4,2025-01-27,5,0
2025-01-27 06:00:00+00:00,217.3,60.7,1011.2,18.6,28.4,2025-01-27,6,0
2025-01-27 07:00:00+00:00,209.5,61.0,1010.6,18.1,27.7,2025-01-27,7,0
2025-01-27 08:00:00+00:00,218.2,60.0,1010.7,18.7,27.0,2025-01-27,8,0
2025-01-27 09:00:00+00:00,218.8,58.0,1011.0,19.7,29.5,2025-01-27,9,0
2025-01-27 10:00:00+00:00,227.9,53.0,1010.6,21.3,25.2,2025-01-27,10,0
2025-01-27 11:00:00+00:00,235.2,48.0,1009.8,22.8,30.6,2025-01-27,11,0
2025-01-27 12:00:00+00:00,244.5,45.0,1008.8,23.2,33.8,2025-01-27,12,0
2025-01-27 13:00:00+00:00,237.4,44.0,1008.3,23.6,32.8,2025-01-27,13,0
2025-01-27 14:00:00+00:00,233.7,40.0,1007.1,24.0,29.5,2025-01-27,14,0
2025-01-27 15:00:00+00:00,247.6,37.0,1006.5,23.8,31.7,2025-01-27,15,0
2025-01-27 16:00:00+00:00,255.4,42.0,1006.7,22.8,31.5,2025-01-27,16,0
2025-01-27 17:00:00+00:00,260.3,48.0,1006.9,21.4,31.3,2025-01-27,17,0
2025-01-27 18:00:00+00:00,257.5,51.0,1007.3,20.4,32.8,2025-01-27,18,0
2025-01-27 19:00:00+00:00,258.4,55.0,1007.9,19.9,30.2,2025-01-27,19,0
2025-01-27 20:00:00+00:00,264.6,50.0,1008.2,19.1,36.4,2025-01-27,20,0
2025-01-27 21:00:00+00:00,269.5,52.0,1008.4,18.0,40.3,2025-01-27,21,0
2025-01-27 22:00:00+00:00,275.7,50.0,1009.0,17.4,45.7,2025-01-27,22,0
2025-01-27 23:00:00+00:00,280.1,52.0,1009.9,16.2,47.9,2025-01-27,23,0
2025-01-28 00:00:00+00:00,280.2,48.0,1010.5,15.4,52.2,2025-01-28,0,1
2025-01-28 01:00:00+00:00,280.5,51.0,1011.0,14.6,47.9,2025-01-28,1,1
2025-01-28 02:00:00+00:00,281.2,52.0,1011.7,13.7,46.2,2025-01-28,2,1
2025-01-28 03:00:00+00:00,282.1,54.0,1012.2,13.0,44.6,2025-01-28,3,1
2025-01-28 04:00:00+00:00,283.5,55.0,1012.5,12.5,46.1,2025-01-28,4,1
2025-01-28 05:00:00+00:00,281.3,54.7,1012.9,12.3,41.0,2025-01-28,5,1
2025-01-28 06:00:00+00:00,278.3,54.3,1013.3,12.1,37.4,2025-01-28,6,1
2025-01-28 07:00:00+00:00,279.4,54.0,1013.9,12.4,35.3,2025-01-28,7,1
2025-01-28 08:00:00+00:00,280.9,55.0,1014.4,12.8,34.9,2025-01-28,8,1
2025-01-28 09:00:00+00:00,278.7,54.0,1015.4,13.1,33.1,2025-01-28,9,1
2025-01-28 10:00:00+00:00,276.1,53.0,1015.4,13.7,33.5,2025-01-28,10,1
2025-01-28 11:00:00+00:00,275.0,50.0,1015.5,14.9,33.8,2025-01-28,11,1
2025-01-28 12:00:00+00:00,281.4,44.0,1015.4,15.1,35.3,2025-01-28,12,1
2025-01-28 13:00:00+00:00,285.0,33.0,1015.3,16.0,34.4,2025-01-28,13,1
2025-01-28 14:00:00+00:00,287.7,30.0,1014.9,16.5,33.5,2025-01-28,14,1
2025-01-28 15:00:00+00:00,283.6,29.0,1015.5,16.4,29.5,2025-01-28,15,1
2025-01-28 16:00:00+00:00,286.0,30.0,1016.7,16.2,27.0,2025-01-28,16,1
2025-01-28 17:00:00+00:00,287.4,32.0,1018.2,15.5,25.9,2025-01-28,17,1
2025-01-28 18:00:00+00:00,282.2,34.0,1019.4,14.6,24.8,2025-01-28,18,1
2025-01-28 19:00:00+00:00,280.1,39.0,1021.1,14.0,23.4,2025-01-28,19,1
2025-01-28 20:00:00+00:00,274.0,42.0,1021.9,13.5,25.2,2025-01-28,20,1
2025-01-28 21:00:00+00:00,266.4,45.0,1022.6,12.9,26.4,2025-01-28,21,1
2025-01-28 22:00:00+00:00,273.5,46.0,1023.2,12.5,27.7,2025-01-28,22,1
2025-01-28 23:00:00+00:00,281.2,49.0,1023.5,12.1,25.9,2025-01-28,23,1
2025-01-29 00:00:00+00:00,280.3,51.0,1023.6,11.7,23.4,2025-01-29,0,2
2025-01-29 01:00:00+00:00,253.0,53.0,1023.8,11.4,22.0,2025-01-29,1,2
2025-01-29 02:00:00+00:00,244.4,57.0,1023.5,11.0,25.2,2025-01-29,2,2
2025-01-29 03:00:00+00:00,247.1,59.0,1023.0,10.6,26.3,2025-01-29,3,2
2025-01-29 04:00:00+00:00,251.1,61.0,1022.8,10.3,27.4,2025-01-29,4,2
2025-01-29 05:00:00+00:00,255.5,60.0,1022.6,10.2,28.1,2025-01-29,5,2
2025-01-29 06:00:00+00:00,259.3,60.5,1022.3,10.2,26.6,2025-01-29,6,2
2025-01-29 07:00:00+00:00,267.1,61.0,1021.9,9.9,25.6,2025-01-29,7,2
2025-01-29 08:00:00+00:00,268.0,60.0,1021.7,10.1,26.6,2025-01-29,8,2
2025-01-29 09:00:00+00:00,267.5,56.0,1021.3,11.1,25.7,2025-01-29,9,2
2025-01-29 10:00:00+00:00,264.2,53.5,1021.0,11.4,24.8,2025-01-29,10,2
2025-01-29 11:00:00+00:00,265.7,51.0,1020.8,12.5,27.4,2025-01-29,11,2
2025-01-29 12:00:00+00:00,257.1,48.0,1019.5,13.0,25.6,2025-01-29,12,2
2025-01-29 13:00:00+00:00,255.0,41.0,1017.7,14.7,25.9,2025-01-29,13,2
2025-01-29 14:00:00+00:00,256.3,34.0,1015.7,16.4,25.2,2025-01-29,14,2
2025-01-29 15:00:00+00:00,243.7,32.0,1014.4,17.3,20.9,2025-01-29,15,2
2025-01-29 16:00:00+00:00,219.2,36.0,1013.6,16.6,22.7,2025-01-29,16,2
2025-01-29 17:00:00+00:00,229.1,43.0,1013.3,15.4,20.2,2025-01-29,17,2
2025-01-29 18:00:00+00:00,240.3,51.0,1013.0,14.2,18.4,2025-01-29,18,2
2025-01-29 19:00:00+00:00,237.1,59.0,1012.8,13.3,15.8,2025-01-29,19,2
2025-01-29 20:00:00+00:00,232.5,56.0,1012.6,13.6,14.4,2025-01-29,20,2
2025-01-29 21:00:00+00:00,218.1,52.0,1011.9,13.9,14.8,2025-01-29,21,2
2025-01-29 22:00:00+00:00,208.6,55.3,1011.6,13.6,17.6,2025-01-29,22,2
2025-01-29 23:00:00+00:00,224.9,58.7,1011.7,12.5,18.0,2025-01-29,23,2
2025-01-30 00:00:00+00:00,244.2,62.0,1011.4,12.4,24.1,2025-01-30,0,3
2025-01-30 01:00:00+00:00,247.9,66.0,1011.7,11.7,21.6,2025-01-30,1,3
2025-01-30 02:00:00+00:00,264.5,71.0,1011.8,10.9,22.3,2025-01-30,2,3
2025-01-30 03:00:00+00:00,266.9,70.0,1011.6,10.0,20.2,2025-01-30,3,3
2025-01-30 04:00:00+00:00,276.5,65.0,1011.8,9.7,22.3,2025-01-30,4,3
2025-01-30 05:00:00+00:00,278.6,63.0,1012.3,9.5,24.1,2025-01-30,5,3
2025-01-30 06:00:00+00:00,281.7,62.0,1012.5,9.6,20.9,2025-01-30,6,3
2025-01-30 07:00:00+00:00,282.4,63.0,1013.6,9.4,18.7,2025-01-30,7,3
2025-01-30 08:00:00+00:00,277.4,60.0,1014.2,9.9,18.4,2025-01-30,8,3
2025-01-30 09:00:00+00:00,272.5,52.0,1014.9,11.7,18.0,2025-01-30,9,3
2025-01-30 10:00:00+00:00,276.1,44.0,1015.5,14.0,17.3,2025-01-30,10,3
2025-01-30 11:00:00+00:00,272.6,38.0,1015.7,15.9,16.2,2025-01-30,11,3
2025-01-30 12:00:00+00:00,279.9,34.0,1015.3,16.9,20.9,2025-01-30,12,3
2025-01-30 13:00:00+00:00,313.0,28.0,1015.5,17.7,22.0,2025-01-30,13,3
2025-01-30 14:00:00+00:00,313.4,33.0,1015.9,16.4,23.0,2025-01-30,14,3
2025-01-30 15:00:00+00:00,259.1,48.0,1016.2,13.6,19.1,2025-01-30,15,3
2025-01-30 16:00:00+00:00,227.6,47.0,1016.3,14.6,15.1,2025-01-30,16,3
2025-01-30 17:00:00+00:00,294.5,45.0,1016.9,14.4,17.6,2025-01-30,17,3
2025-01-30 18:00:00+00:00,289.3,44.0,1017.7,14.3,20.2,2025-01-30,18,3
2025-01-30 19:00:00+00:00,294.7,42.0,1018.6,13.7,22.7,2025-01-30,19,3
2025-01-30 20:00:00+00:00,318.1,46.5,1019.8,13.0,20.9,2025-01-30,20,3
2025-01-30 21:00:00+00:00,341.5,51.0,1021.0,12.3,19.1,2025-01-30,21,3
2025-01-30 22:00:00+00:00,319.2,52.0,1021.7,12.1,17.3,2025-01-30,22,3
2025-01-30 23:00:00+00:00,330.5,52.5,1022.2,11.8,16.6,2025-01-30,23,3
2025-01-31 00:00:00+00:00,308.3,53.0,1022.6,11.5,14.4,2025-01-31,0,4
2025-01-31 01:00:00+00:00,302.1,54.0,1024.0,10.9,18.4,2025-01-31,1,4
2025-01-31 02:00:00+00:00,339.5,53.5,1023.8,10.7,24.8,2025-01-31,2,4
2025-01-31 03:00:00+00:00,340.5,53.0,1024.0,10.5,22.3,2025-01-31,3,4
2025-01-31 04:00:00+00:00,334.2,54.0,1023.9,10.2,20.2,2025-01-31,4,4
2025-01-31 05:00:00+00:00,330.1,53.3,1024.5,10.0,18.0,2025-01-31,5,4
2025-01-31 06:00:00+00:00,323.2,52.7,1024.9,9.6,16.2,2025-01-31,6,4
2025-01-31 07:00:00+00:00,331.0,52.0,1025.4,9.7,14.0,2025-01-31,7,4
2025-01-31 08:00:00+00:00,308.0,49.5,1026.4,9.6,12.2,2025-01-31,8,4
2025-01-31 09:00:00+00:00,296.1,47.0,1027.3,11.3,13.0,2025-01-31,9,4
2025-01-31 10:00:00+00:00,287.2,42.0,1027.8,13.2,11.5,2025-01-31,10,4
2025-01-31 11:00:00+00:00,291.8,36.0,1027.6,15.3,7.9,2025-01-31,11,4
2025-01-31 12:00:00+00:00,266.8,35.0,1026.9,16.3,7.2,2025-01-31,12,4
2025-01-31 13:00:00+00:00,185.6,32.0,1026.2,16.7,12.2,2025-01-31,13,4
2025-01-31 14:00:00+00:00,182.9,33.0,1026.0,16.8,14.8,2025-01-31,14,4
2025-01-31 15:00:00+00:00,176.2,34.0,1025.5,16.7,15.8,2025-01-31,15,4
2025-01-31 16:00:00+00:00,159.0,38.0,1025.2,15.8,19.4,2025-01-31,16,4
2025-01-31 17:00:00+00:00,146.2,49.0,1025.6,14.0,17.3,2025-01-31,17,4
2025-01-31 18:00:00+00:00,119.8,58.0,1026.3,12.7,14.0,2025-01-31,18,4
2025-01-31 19:00:00+00:00,98.9,68.0,1026.9,12.2,12.6,2025-01-31,19,4
2025-01-31 20:00:00+00:00,103.2,72.0,1026.8,11.5,10.4,2025-01-31,20,4
2025-01-31 21:00:00+00:00,354.2,78.0,1026.9,10.5,9.4,2025-01-31,21,4
2025-01-31 22:00:00+00:00,306.4,83.0,1027.2,9.2,7.6,2025-01-31,22,4
2025-01-31 23:00:00+00:00,294.0,81.0,1027.1,8.4,7.9,2025-01-31,23,4
2025-02-01 00:00:00+00:00,299.1,77.0,1026.5,7.6,10.1,2025-02-01,0,5
2025-02-01 01:00:00+00:00,298.5,72.0,1026.4,7.4,10.4,2025-02-01,1,5
2025-02-01 02:00:00+00:00,294.0,66.0,1025.8,7.1,11.5,2025-02-01,2,5
2025-02-01 03:00:00+00:00,288.0,67.0,1025.3,6.6,11.2,2025-02-01,3,5
2025-02-01 04:00:00+00:00,279.6,66.0,1024.1,6.1,12.6,2025-02-01,4,5
2025-02-01 05:00:00+00:00,286.0,65.0,1023.9,5.7,11.2,2025-02-01,5,5
2025-02-01 06:00:00+00:00,265.8,63.0,1023.1,5.2,14.8,2025-02-01,6,5
2025-02-01 07:00:00+00:00,288.9,60.0,1023.4,5.3,13.0,2025-02-01,7,5
2025-02-01 08:00:00+00:00,266.3,56.0,1023.0,5.8,14.0,2025-02-01,8,5
2025-02-01 09:00:00+00:00,289.4,47.0,1022.6,8.3,11.2,2025-02-01,9,5
2025-02-01 10:00:00+00:00,262.4,42.0,1022.5,10.8,8.6,2025-02-01,10,5
2025-02-01 11:00:00+00:00,298.7,40.0,1022.3,12.0,7.6,2025-02-01,11,5
2025-02-01 12:00:00+00:00,301.8,49.0,1021.3,13.0,9.0,2025-02-01,12,5
2025-02-01 13:00:00+00:00,348.3,54.0,1019.9,14.0,5.0,2025-02-01,13,5
2025-02-01 14:00:00+00:00,97.9,59.0,1018.9,12.7,8.3,2025-02-01,14,5
2025-02-01 15:00:00+00:00,53.9,57.0,1018.7,12.4,11.9,2025-02-01,15,5
2025-02-01 16:00:00+00:00,55.9,74.0,1019.7,10.1,14.8,2025-02-01,16,5
2025-02-01 17:00:00+00:00,91.4,78.0,1020.0,9.4,9.4,2025-02-01,17,5
2025-02-01 18:00:00+00:00,31.4,86.0,1020.6,8.7,7.6,2025-02-01,18,5
2025-02-01 19:00:00+00:00,300.1,89.0,1021.3,8.6,7.9,2025-02-01,19,5
2025-02-01 20:00:00+00:00,281.3,87.0,1021.5,9.0,11.2,2025-02-01,20,5
2025-02-01 21:00:00+00:00,291.2,86.5,1021.4,8.6,11.5,2025-02-01,21,5
2025-02-01 22:00:00+00:00,293.6,86.0,1021.5,8.2,10.4,2025-02-01,22,5
2025-02-01 23:00:00+00:00,289.9,89.0,1021.3,7.1,12.2,2025-02-01,23,5
2025-02-02 00:00:00+00:00,298.3,88.0,1021.1,6.6,13.3,2025-02-02,0,6
2025-02-02 01:00:00+00:00,306.1,82.0,1021.0,7.4,16.6,2025-02-02,1,6
2025-02-02 02:00:00+00:00,297.0,81.0,1020.9,7.3,14.0,2025-02-02,2,6
2025-02-02 03:00:00+00:00,299.7,80.0,1020.6,7.2,13.5,2025-02-02,3,6
2025-02-02 04:00:00+00:00,306.0,79.0,1020.0,6.6,13.0,2025-02-02,4,6
2025-02-02 05:00:00+00:00,294.5,83.0,1020.2,5.9,10.1,2025-02-02,5,6
2025-02-02 06:00:00+00:00,289.6,84.0,1020.3,5.1,11.9,2025-02-02,6,6
2025-02-02 07:00:00+00:00,291.1,81.0,1020.1,5.4,12.6,2025-02-02,7,6
2025-02-02 08:00:00+00:00,286.5,76.0,1020.2,5.6,11.2,2025-02-02,8,6
2025-02-02 09:00:00+00:00,275.5,68.0,1020.3,7.6,9.0,2025-02-02,9,6
2025-02-02 10:00:00+00:00,256.4,59.0,1020.2,10.2,6.8,2025-02-02,10,6
2025-02-02 11:00:00+00:00,205.7,50.0,1019.9,12.1,6.5,2025-02-02,11,6
2025-02-02 12:00:00+00:00,161.9,45.0,1019.6,13.2,6.1,2025-02-02,12,6
2025-02-02 13:00:00+00:00,130.1,43.0,1019.2,13.7,7.2,2025-02-02,13,6
2025-02-02 14:00:00+00:00,109.8,44.3,1019.0,13.8,9.9,2025-02-02,14,6
2025-02-02 15:00:00+00:00,103.0,45.7,1018.8,13.5,12.6,2025-02-02,15,6
2025-02-02 16:00:00+00:00,103.5,47.0,1019.3,12.8,15.1,2025-02-02,16,6
2025-02-02 17:00:00+00:00,104.9,56.0,1019.6,11.6,12.6,2025-02-02,17,6
2025-02-02 18:00:00+00:00,105.4,66.0,1020.2,10.2,7.9,2025-02-02,18,6
2025-02-02 19:00:00+00:00,281.3,68.0,1020.8,9.8,5.0,2025-02-02,19,6
2025-02-02 20:00:00+00:00,315.2,71.0,1021.3,8.9,4.0,2025-02-02,20,6
2025-02-02 21:00:00+00:00,319.8,76.0,1021.9,7.6,6.1,2025-02-02,21,6
2025-02-02 22:00:00+00:00,318.2,79.0,1022.3,6.7,7.6,2025-02-02,22,6
2025-02-02 23:00:00+00:00,312.1,81.0,1022.6,6.0,8.3,2025-02-02,23,6
2025-02-03 00:00:00+00:00,307.2,83.0,1022.9,5.4,9.0,2025-02-03,0,0
2025-02-03 01:00:00+00:00,297.9,84.0,1022.7,5.3,9.7,2025-02-03,1,0
2025-02-03 02:00:00+00:00,303.0,80.0,1022.5,5.6,9.4,2025-02-03,2,0
2025-02-03 03:00:00+00:00,301.2,78.0,1022.4,5.1,9.0,2025-02-03,3,0
2025-02-03 04:00:00+00:00,296.8,74.0,1022.6,5.0,9.2,2025-02-03,4,0
2025-02-03 05:00:00+00:00,300.1,69.0,1023.0,4.9,9.4,2025-02-03,5,0
2025-02-03 06:00:00+00:00,304.9,67.0,1023.3,4.8,9.7,2025-02-03,6,0
2025-02-03 07:00:00+00:00,303.7,68.0,1024.0,4.4,9.4,2025-02-03,7,0
2025-02-03 08:00:00+00:00,298.3,66.0,1024.3,5.1,10.1,2025-02-03,8,0
2025-02-03 09:00:00+00:00,291.2,56.0,1024.5,7.9,9.4,2025-02-03,9,0
2025-02-03 10:00:00+00:00,298.3,49.0,1024.8,11.2,6.5,2025-02-03,10,0
2025-02-03 11:00:00+00:00,314.0,39.0,1025.0,13.7,5.4,2025-02-03,11,0
2025-02-03 12:00:00+00:00,100.7,36.0,1024.7,14.8,4.0,2025-02-03,12,0
2025-02-03 13:00:00+00:00,122.1,33.0,1024.3,15.4,7.2,2025-02-03,13,0
2025-02-03 14:00:00+00:00,128.2,33.5,1023.6,15.2,8.6,2025-02-03,14,0
2025-02-03 15:00:00+00:00,113.3,34.0,1023.4,15.1,9.0,2025-02-03,15,0
2025-02-03 16:00:00+00:00,103.5,36.0,1023.7,14.5,8.3,2025-02-03,16,0
2025-02-03 17:00:00+00:00,106.3,47.0,1024.1,13.0,6.8,2025-02-03,17,0
2025-02-03 18:00:00+00:00,105.2,58.0,1024.7,11.4,6.1,2025-02-03,18,0
2025-02-03 19:00:00+00:00,160.8,64.0,1025.1,10.8,5.4,2025-02-03,19,0
2025-02-03 20:00:00+00:00,276.5,68.0,1025.7,9.8,4.0,2025-02-03,20,0
2025-02-03 21:00:00+00:00,305.6,70.0,1026.1,8.7,5.4,2025-02-03,21,0
2025-02-03 22:00:00+00:00,314.4,72.0,1026.5,7.7,7.2,2025-02-03,22,0
2025-02-03 23:00:00+00:00,308.8,73.0,1026.8,7.2,7.9,2025-02-03,23,0
2025-02-04 00:00:00+00:00,303.2,74.0,1026.9,6.5,8.6,2025-02-04,0,1
2025-02-04 01:00:00+00:00,300.0,76.0,1027.1,5.8,9.4,2025-02-04,1,1
2025-02-04 02:00:00+00:00,295.9,79.0,1026.9,5.1,9.6,2025-02-04,2,1
2025-02-04 03:00:00+00:00,295.4,78.0,1026.8,5.0,9.8,2025-02-04,3,1
2025-02-04 04:00:00+00:00,296.1,76.0,1026.9,5.0,9.9,2025-02-04,4,1
2025-02-04 05:00:00+00:00,294.4,74.0,1027.1,4.9,10.1,2025-02-04,5,1
2025-02-04 06:00:00+00:00,293.8,71.0,1027.2,4.8,10.8,2025-02-04,6,1
2025-02-04 07:00:00+00:00,285.6,70.0,1027.6,4.8,9.4,2025-02-04,7,1
2025-02-04 08:00:00+00:00,284.9,66.0,1028.1,5.6,9.7,2025-02-04,8,1
2025-02-04 09:00:00+00:00,277.6,57.0,1028.7,8.4,9.4,2025-02-04,9,1
2025-02-04 10:00:00+00:00,260.5,48.0,1028.9,11.6,7.2,2025-02-04,10,1
2025-02-04 11:00:00+00:00,250.4,42.0,1028.7,14.5,7.6,2025-02-04,11,1
2025-02-04 12:00:00+00:00,247.8,34.0,1028.2,16.6,8.6,2025-02-04,12,1
2025-02-04 13:00:00+00:00,239.5,28.0,1027.6,17.5,9.0,2025-02-04,13,1
2025-02-04 14:00:00+00:00,226.5,27.0,1026.8,17.9,8.6,2025-02-04,14,1
2025-02-04 15:00:00+00:00,212.6,26.0,1026.3,18.0,9.0,2025-02-04,15,1
2025-02-04 16:00:00+00:00,197.1,27.0,1026.5,17.6,9.4,2025-02-04,16,1
2025-02-04 17:00:00+00:00,168.4,37.0,1027.0,15.6,7.9,2025-02-04,17,1
2025-02-04 18:00:00+00:00,155.1,43.0,1027.9,13.8,10.8,2025-02-04,18,1
2025-02-04 19:00:00+00:00,45.1,58.0,1029.1,12.0,11.9,2025-02-04,19,1
2025-02-04 20:00:00+00:00,37.2,77.0,1029.8,11.2,10.8,2025-02-04,20,1
2025-02-04 21:00:00+00:00,30.7,80.0,1030.5,10.4,9.4,2025-02-04,21,1
2025-02-04 22:00:00+00:00,348.3,78.0,1031.0,9.3,6.8,2025-02-04,22,1
2025-02-04 23:00:00+00:00,318.5,77.0,1031.1,7.9,7.2,2025-02-04,23,1
2025-02-05 00:00:00+00:00,304.8,76.0,1031.4,6.8,8.3,2025-02-05,0,2
2025-02-05 01:00:00+00:00,298.5,71.0,1031.3,6.2,9.0,2025-02-05,1,2
2025-02-05 02:00:00+00:00,299.6,66.0,1031.2,6.0,9.4,2025-02-05,2,2
2025-02-05 03:00:00+00:00,301.1,63.0,1031.2,5.8,9.1,2025-02-05,3,2
2025-02-05 04:00:00+00:00,300.8,64.0,1031.3,5.7,8.9,2025-02-05,4,2
2025-02-05 05:00:00+00:00,297.8,65.0,1031.6,5.2,8.6,2025-02-05,5,2
2025-02-05 06:00:00+00:00,296.7,68.0,1032.0,4.5,8.3,2025-02-05,6,2
2025-02-05 07:00:00+00:00,292.7,72.0,1032.6,3.7,8.6,2025-02-05,7,2
2025-02-05 08:00:00+00:00,294.7,68.0,1033.0,4.6,9.7,2025-02-05,8,2
2025-02-05 09:00:00+00:00,293.3,55.0,1033.6,8.1,7.6,2025-02-05,9,2
2025-02-05 10:00:00+00:00,296.6,44.0,1033.9,11.8,4.7,2025-02-05,10,2
2025-02-05 11:00:00+00:00,212.4,38.0,1033.6,13.8,5.6,2025-02-05,11,2
2025-02-05 12:00:00+00:00,128.3,32.0,1033.3,15.9,6.5,2025-02-05,12,2
2025-02-05 13:00:00+00:00,139.2,31.0,1032.4,16.7,8.3,2025-02-05,13,2
2025-02-05 14:00:00+00:00,137.3,33.0,1031.7,16.6,10.8,2025-02-05,14,2
2025-02-05 15:00:00+00:00,131.2,34.0,1031.1,15.9,11.2,2025-02-05,15,2
2025-02-05 16:00:00+00:00,119.6,39.0,1031.3,15.0,10.3,2025-02-05,16,2
2025-02-05 17:00:00+00:00,111.0,53.0,1031.8,13.3,9.4,2025-02-05,17,2
2025-02-05 18:00:00+00:00,92.4,71.0,1032.2,11.4,7.9,2025-02-05,18,2
2025-02-05 19:00:00+00:00,32.8,77.0,1032.6,10.6,4.7,2025-02-05,19,2
2025-02-05 20:00:00+00:00,2.9,80.0,1032.8,10.0,4.0,2025-02-05,20,2
2025-02-05 21:00:00+00:00,353.4,79.5,1033.0,9.2,5.4,2025-02-05,21,2
2025-02-05 22:00:00+00:00,346.5,79.0,1032.9,8.4,6.1,2025-02-05,22,2
2025-02-05 23:00:00+00:00,327.7,82.0,1032.9,7.6,6.5,2025-02-05,23,2
2025-02-06 00:00:00+00:00,319.0,80.0,1032.8,7.2,7.6,2025-02-06,0,3
2025-02-06 01:00:00+00:00,314.7,78.0,1032.6,6.9,7.9,2025-02-06,1,3
2025-02-06 02:00:00+00:00,307.9,79.0,1032.5,6.0,9.0,2025-02-06,2,3
2025-02-06 03:00:00+00:00,304.0,80.0,1032.2,5.5,8.6,2025-02-06,3,3
2025-02-06 04:00:00+00:00,303.3,79.5,1031.7,5.2,8.8,2025-02-06,4,3
2025-02-06 05:00:00+00:00,302.9,79.0,1031.4,4.9,9.0,2025-02-06,5,3
2025-02-06 06:00:00+00:00,300.2,78.0,1031.1,4.6,8.8,2025-02-06,6,3
2025-02-06 07:00:00+00:00,298.4,76.0,1031.2,4.2,8.6,2025-02-06,7,3
2025-02-06 08:00:00+00:00,297.1,74.0,1031.6,5.2,9.0,2025-02-06,8,3
2025-02-06 09:00:00+00:00,290.7,63.0,1031.5,8.4,7.9,2025-02-06,9,3
2025-02-06 10:00:00+00:00,291.3,51.0,1031.4,11.8,5.8,2025-02-06,10,3
2025-02-06 11:00:00+00:00,248.5,45.0,1031.0,13.8,3.6,2025-02-06,11,3
2025-02-06 12:00:00+00:00,131.3,44.0,1030.3,14.7,6.1,2025-02-06,12,3
2025-02-06 13:00:00+00:00,137.0,41.0,1029.5,15.4,9.0,2025-02-06,13,3
2025-02-06 14:00:00+00:00,135.9,44.0,1028.4,15.5,10.8,2025-02-06,14,3
2025-02-06 15:00:00+00:00,134.3,50.0,1027.5,14.9,12.2,2025-02-06,15,3
2025-02-06 16:00:00+00:00,135.6,56.0,1027.1,14.0,12.6,2025-02-06,16,3
2025-02-06 17:00:00+00:00,136.0,65.0,1026.9,12.8,12.0,2025-02-06,17,3
2025-02-06 18:00:00+00:00,141.7,76.0,1026.8,11.3,11.5,2025-02-06,18,3
2025-02-06 19:00:00+00:00,164.1,77.0,1026.7,10.9,10.1,2025-02-06,19,3
2025-02-06 20:00:00+00:00,236.3,83.0,1026.6,9.9,7.6,2025-02-06,20,3
2025-02-06 21:00:00+00:00,312.7,87.0,1026.4,8.7,5.0,2025-02-06,21,3
2025-02-06 22:00:00+00:00,310.1,89.0,1026.3,7.7,6.5,2025-02-06,22,3
2025-02-06 23:00:00+00:00,305.9,88.5,1025.8,7.1,7.6,2025-02-06,23,3
2025-02-07 00:00:00+00:00,299.1,88.0,1025.2,6.6,7.2,2025-02-07,0,4
2025-02-07 01:00:00+00:00,286.0,87.5,1024.6,6.1,8.6,2025-02-07,1,4
2025-02-07 02:00:00+00:00,289.9,87.0,1023.9,5.6,7.9,2025-02-07,2,4
2025-02-07 03:00:00+00:00,270.9,86.0,1022.9,5.0,9.4,2025-02-07,3,4
2025-02-07 04:00:00+00:00,269.0,85.0,1022.2,4.4,10.1,2025-02-07,4,4
2025-02-07 05:00:00+00:00,269.6,83.0,1021.8,4.0,10.4,2025-02-07,5,4
2025-02-07 06:00:00+00:00,267.4,81.0,1021.7,3.8,10.8,2025-02-07,6,4
2025-02-07 07:00:00+00:00,267.9,77.0,1021.9,3.3,11.2,2025-02-07,7,4
2025-02-07 08:00:00+00:00,260.2,71.0,1022.0,4.4,11.9,2025-02-07,8,4
2025-02-07 09:00:00+00:00,255.9,58.0,1021.8,7.3,12.2,2025-02-07,9,4
2025-02-07 10:00:00+00:00,235.8,48.0,1021.6,10.4,11.9,2025-02-07,10,4
2025-02-07 11:00:00+00:00,220.1,40.0,1021.0,13.2,12.6,2025-02-07,11,4
2025-02-07 12:00:00+00:00,209.7,38.0,1019.7,15.3,13.3,2025-02-07,12,4
2025-02-07 13:00:00+00:00,206.4,34.0,1018.2,16.4,15.8,2025-02-07,13,4
2025-02-07 14:00:00+00:00,200.2,30.0,1017.1,17.3,18.0,2025-02-07,14,4
2025-02-07 15:00:00+00:00,190.0,32.0,1016.3,17.4,19.4,2025-02-07,15,4
2025-02-07 16:00:00+00:00,158.1,49.0,1016.4,15.5,18.4,2025-02-07,16,4
2025-02-07 17:00:00+00:00,154.9,55.0,1016.5,14.1,12.6,2025-02-07,17,4
2025-02-07 18:00:00+00:00,198.5,62.0,1016.8,13.3,13.7,2025-02-07,18,4
2025-02-07 19:00:00+00:00,277.1,73.0,1017.5,12.3,18.4,2025-02-07,19,4
2025-02-07 20:00:00+00:00,266.5,61.0,1017.8,12.6,16.9,2025-02-07,20,4
2025-02-07 21:00:00+00:00,254.3,59.0,1018.0,12.5,15.8,2025-02-07,21,4
2025-02-07 22:00:00+00:00,247.7,63.0,1018.3,12.0,15.1,2025-02-07,22,4
2025-02-07 23:00:00+00:00,255.4,68.0,1018.0,11.2,12.2,2025-02-07,23,4
2025-02-08 00:00:00+00:00,248.8,70.0,1018.0,10.7,12.0,2025-02-08,0,5
2025-02-08 01:00:00+00:00,267.4,66.0,1017.9,10.6,11.9,2025-02-08,1,5
2025-02-08 02:00:00+00:00,251.4,70.0,1017.7,10.4,13.7,2025-02-08,2,5
2025-02-08 03:00:00+00:00,241.0,68.0,1017.4,10.8,16.9,2025-02-08,3,5
2025-02-08 04:00:00+00:00,250.3,72.0,1017.1,10.9,21.2,2025-02-08,4,5
2025-02-08 05:00:00+00:00,260.5,77.0,1017.3,10.7,21.6,2025-02-08,5,5
2025-02-08 06:00:00+00:00,276.2,78.0,1017.8,10.5,23.4,2025-02-08,6,5
2025-02-08 07:00:00+00:00,274.7,80.0,1018.4,11.0,23.0,2025-02-08,7,5
2025-02-08 08:00:00+00:00,279.0,74.0,1019.1,11.6,20.5,2025-02-08,8,5
2025-02-08 09:00:00+00:00,305.1,65.0,1019.9,13.5,15.8,2025-02-08,9,5
2025-02-08 10:00:00+00:00,312.8,54.0,1020.7,15.1,14.8,2025-02-08,10,5
2025-02-08 11:00:00+00:00,288.2,35.0,1020.9,16.3,16.6,2025-02-08,11,5
2025-02-08 12:00:00+00:00,276.4,29.0,1020.8,17.2,16.2,2025-02-08,12,5
2025-02-08 13:00:00+00:00,271.7,23.0,1020.7,17.8,13.7,2025-02-08,13,5
2025-02-08 14:00:00+00:00,162.0,24.0,1020.4,17.9,17.6,2025-02-08,14,5
2025-02-08 15:00:00+00:00,134.3,36.0,1020.3,17.1,18.4,2025-02-08,15,5
2025-02-08 16:00:00+00:00,129.8,52.0,1020.7,15.5,16.6,2025-02-08,16,5
2025-02-08 17:00:00+00:00,129.2,61.0,1021.7,13.8,15.8,2025-02-08,17,5
2025-02-08 18:00:00+00:00,101.9,70.0,1022.8,12.7,15.5,2025-02-08,18,5
2025-02-08 19:00:00+00:00,108.4,71.3,1023.9,12.5,13.3,2025-02-08,19,5
2025-02-08 20:00:00+00:00,141.1,72.7,1024.8,12.0,14.8,2025-02-08,20,5
2025-02-08 21:00:00+00:00,229.1,74.0,1025.4,11.1,13.3,2025-02-08,21,5
2025-02-08 22:00:00+00:00,283.0,81.0,1026.0,9.9,9.7,2025-02-08,22,5
2025-02-08 23:00:00+00:00,299.4,84.0,1026.2,9.2,7.9,2025-02-08,23,5
2025-02-09 00:00:00+00:00,313.5,85.0,1026.3,8.5,7.6,2025-02-09,0,6
2025-02-09 01:00:00+00:00,315.4,84.0,1026.1,7.7,7.2,2025-02-09,1,6
2025-02-09 02:00:00+00:00,302.8,83.3,1026.2,7.1,8.3,2025-02-09,2,6
2025-02-09 03:00:00+00:00,294.7,82.7,1025.8,6.6,9.7,2025-02-09,3,6
2025-02-09 04:00:00+00:00,300.3,82.0,1025.8,6.4,11.2,2025-02-09,4,6
2025-02-09 05:00:00+00:00,290.1,81.0,1025.9,6.3,10.8,2025-02-09,5,6
2025-02-09 06:00:00+00:00,271.4,80.0,1026.0,5.9,10.4,2025-02-09,6,6
2025-02-09 07:00:00+00:00,267.2,79.0,1026.0,5.8,9.7,2025-02-09,7,6
2025-02-09 08:00:00+00:00,272.1,74.0,1026.5,6.4,10.4,2025-02-09,8,6
2025-02-09 09:00:00+00:00,287.0,62.0,1026.7,9.1,9.4,2025-02-09,9,6
2025-02-09 10:00:00+00:00,314.1,48.0,1026.9,12.3,6.5,2025-02-09,10,6
2025-02-09 11:00:00+00:00,87.4,36.0,1026.8,14.4,4.7,2025-02-09,11,6
2025-02-09 12:00:00+00:00,103.8,34.0,1026.2,15.5,7.2,2025-02-09,12,6
2025-02-09 13:00:00+00:00,95.9,33.0,1025.4,16.3,9.0,2025-02-09,13,6
2025-02-09 14:00:00+00:00,89.3,37.0,1024.6,16.1,13.0,2025-02-09,14,6
2025-02-09 15:00:00+00:00,97.3,42.0,1024.5,15.4,13.7,2025-02-09,15,6
2025-02-09 16:00:00+00:00,102.1,47.0,1024.6,14.7,13.0,2025-02-09,16,6
2025-02-09 17:00:00+00:00,87.4,59.0,1024.9,13.5,10.4,2025-02-09,17,6
2025-02-09 18:00:00+00:00,33.5,67.0,1025.5,12.4,7.2,2025-02-09,18,6
2025-02-09 19:00:00+00:00,14.2,73.0,1025.4,12.0,10.4,2025-02-09,19,6
2025-02-09 20:00:00+00:00,8.2,71.0,1025.7,11.5,12.2,2025-02-09,20,6
2025-02-09 21:00:00+00:00,352.7,73.0,1025.8,10.7,11.2,2025-02-09,21,6
2025-02-09 22:00:00+00:00,326.3,75.0,1025.7,9.8,10.1,2025-02-09,22,6
2025-02-09 23:00:00+00:00,316.2,78.0,1025.6,9.1,12.6,2025-02-09,23,6
2025-02-10 00:00:00+00:00,311.3,81.0,1025.4,8.4,11.7,2025-02-10,0,0
2025-02-10 01:00:00+00:00,301.1,78.0,1025.2,8.3,10.8,2025-02-10,1,0
2025-02-10 02:00:00+00:00,300.1,80.0,1024.8,7.8,9.4,2025-02-10,2,0
2025-02-10 03:00:00+00:00,297.0,82.0,1024.3,7.3,7.2,2025-02-10,3,0
2025-02-10 04:00:00+00:00,297.8,81.5,1023.8,7.0,6.5,2025-02-10,4,0
2025-02-10 05:00:00+00:00,301.3,81.0,1023.6,7.1,6.8,2025-02-10,5,0
2025-02-10 06:00:00+00:00,297.4,80.0,1023.4,7.2,6.5,2025-02-10,6,0
2025-02-10 07:00:00+00:00,290.3,78.0,1023.7,7.3,5.4,2025-02-10,7,0
2025-02-10 08:00:00+00:00,286.9,71.0,1024.0,8.7,5.2,2025-02-10,8,0
2025-02-10 09:00:00+00:00,304.0,64.0,1024.3,10.8,4.9,2025-02-10,9,0
2025-02-10 10:00:00+00:00,332.5,67.0,1024.4,12.9,4.7,2025-02-10,10,0
2025-02-10 11:00:00+00:00,127.1,65.5,1024.2,14.5,4.3,2025-02-10,11,0
2025-02-10 12:00:00+00:00,133.2,64.0,1023.6,15.2,7.6,2025-02-10,12,0
2025-02-10 13:00:00+00:00,134.2,58.0,1022.9,16.0,9.0,2025-02-10,13,0
2025-02-10 14:00:00+00:00,129.8,60.0,1022.0,15.9,10.4,2025-02-10,14,0
2025-02-10 15:00:00+00:00,113.7,66.0,1021.4,15.3,13.3,2025-02-10,15,0
2025-02-10 16:00:00+00:00,100.3,70.0,1021.3,14.7,18.4,2025-02-10,16,0
2025-02-10 17:00:00+00:00,111.5,71.0,1021.6,14.1,20.5,2025-02-10,17,0
2025-02-10 18:00:00+00:00,109.7,76.0,1021.9,13.2,17.6,2025-02-10,18,0
2025-02-10 19:00:00+00:00,112.1,76.5,1021.8,13.0,16.6,2025-02-10,19,0
2025-02-10 20:00:00+00:00,116.2,77.0,1021.9,12.7,15.5,2025-02-10,20,0
2025-02-10 21:00:00+00:00,112.6,80.0,1022.1,12.2,13.7,2025-02-10,21,0
2025-02-10 22:00:00+00:00,109.5,82.0,1022.3,11.7,11.5,2025-02-10,22,0
2025-02-10 23:00:00+00:00,75.2,86.0,1022.2,11.1,9.0,2025-02-10,23,0
2025-02-11 00:00:00+00:00,70.2,88.0,1022.1,10.8,6.5,2025-02-11,0,1
2025-02-11 01:00:00+00:00,204.6,87.0,1022.0,10.9,5.0,2025-02-11,1,1
2025-02-11 02:00:00+00:00,298.8,90.0,1021.6,10.1,7.2,2025-02-11,2,1
2025-02-11 03:00:00+00:00,319.1,91.0,1021.2,9.7,7.4,2025-02-11,3,1
2025-02-11 04:00:00+00:00,312.7,94.0,1020.7,8.7,7.6,2025-02-11,4,1
2025-02-11 05:00:00+00:00,307.0,95.0,1020.6,8.0,7.2,2025-02-11,5,1
2025-02-11 06:00:00+00:00,296.0,94.3,1020.4,7.5,8.3,2025-02-11,6,1
2025-02-11 07:00:00+00:00,291.8,93.7,1020.5,8.1,8.4,2025-02-11,7,1
2025-02-11 08:00:00+00:00,287.6,93.0,1020.6,8.7,8.6,2025-02-11,8,1
2025-02-11 09:00:00+00:00,250.3,79.0,1020.7,11.7,7.6,2025-02-11,9,1
2025-02-11 10:00:00+00:00,254.8,67.0,1020.8,13.8,6.1,2025-02-11,10,1
2025-02-11 11:00:00+00:00,214.7,60.0,1020.5,15.2,5.0,2025-02-11,11,1
2025-02-11 12:00:00+00:00,150.4,55.0,1019.8,16.2,8.6,2025-02-11,12,1
2025-02-11 13:00:00+00:00,140.6,52.0,1019.1,16.9,11.9,2025-02-11,13,1
2025-02-11 14:00:00+00:00,138.2,54.0,1018.0,16.4,15.8,2025-02-11,14,1
2025-02-11 15:00:00+00:00,136.2,60.0,1017.4,15.9,16.2,2025-02-11,15,1
2025-02-11 16:00:00+00:00,137.5,65.0,1017.3,15.0,18.0,2025-02-11,16,1
2025-02-11 17:00:00+00:00,140.0,73.0,1017.4,13.8,16.9,2025-02-11,17,1
2025-02-11 18:00:00+00:00,114.1,81.0,1017.9,12.8,13.3,2025-02-11,18,1
2025-02-11 19:00:00+00:00,350.3,86.0,1017.8,12.2,7.6,2025-02-11,19,1
2025-02-11 20:00:00+00:00,359.6,89.0,1017.8,11.6,6.8,2025-02-11,20,1
2025-02-11 21:00:00+00:00,0.4,91.0,1018.2,11.1,9.0,2025-02-11,21,1
2025-02-11 22:00:00+00:00,175.4,92.0,1018.0,10.5,11.2,2025-02-11,22,1
2025-02-11 23:00:00+00:00,350.3,93.0,1017.6,10.1,10.8,2025-02-11,23,1
2025-02-12 00:00:00+00:00,330.6,92.0,1017.4,9.9,10.4,2025-02-12,0,2
2025-02-12 01:00:00+00:00,314.6,90.0,1017.0,10.0,9.0,2025-02-12,1,2
2025-02-12 02:00:00+00:00,324.7,92.0,1016.6,9.3,7.6,2025-02-12,2,2
2025-02-12 03:00:00+00:00,312.1,93.0,1016.3,8.9,7.2,2025-02-12,3,2
2025-02-12 04:00:00+00:00,351.7,92.5,1015.5,8.8,4.7,2025-02-12,4,2
2025-02-12 05:00:00+00:00,300.1,92.0,1015.3,8.6,4.3,2025-02-12,5,2
2025-02-12 06:00:00+00:00,279.0,93.0,1015.5,8.3,7.6,2025-02-12,6,2
2025-02-12 07:00:00+00:00,219.3,92.0,1015.1,10.1,8.6,2025-02-12,7,2
2025-02-12 08:00:00+00:00,228.1,86.0,1015.0,10.8,12.6,2025-02-12,8,2
2025-02-12 09:00:00+00:00,226.4,77.0,1015.0,11.5,10.8,2025-02-12,9,2
2025-02-12 10:00:00+00:00,217.0,69.0,1014.9,13.4,9.9,2025-02-12,10,2
2025-02-12 11:00:00+00:00,204.7,64.0,1014.9,15.6,9.0,2025-02-12,11,2
2025-02-12 12:00:00+00:00,172.0,60.0,1014.4,16.9,9.6,2025-02-12,12,2
2025-02-12 13:00:00+00:00,132.9,57.0,1013.8,17.8,10.1,2025-02-12,13,2
2025-02-12 14:00:00+00:00,110.6,68.5,1013.2,17.7,12.6,2025-02-12,14,2
2025-02-12 15:00:00+00:00,4.4,80.0,1014.6,13.8,19.1,2025-02-12,15,2
2025-02-12 16:00:00+00:00,91.6,81.0,1014.0,14.5,10.8,2025-02-12,16,2
2025-02-12 17:00:00+00:00,221.2,82.0,1015.5,14.1,4.3,2025-02-12,17,2
2025-02-12 18:00:00+00:00,31.6,80.0,1016.4,13.6,13.0,2025-02-12,18,2
2025-02-12 19:00:00+00:00,19.5,81.0,1017.4,12.5,13.3,2025-02-12,19,2
2025-02-12 20:00:00+00:00,292.0,86.0,1017.9,11.3,5.8,2025-02-12,20,2
2025-02-12 21:00:00+00:00,272.4,88.0,1018.3,10.9,9.4,2025-02-12,21,2
2025-02-12 22:00:00+00:00,285.0,77.0,1018.4,11.4,12.6,2025-02-12,22,2
2025-02-12 23:00:00+00:00,288.2,64.0,1018.3,11.9,14.0,2025-02-12,23,2
2025-02-13 00:00:00+00:00,286.2,65.0,1018.2,11.3,13.0,2025-02-13,0,3
2025-02-13 01:00:00+00:00,288.4,62.0,1018.4,11.4,13.3,2025-02-13,1,3
2025-02-13 02:00:00+00:00,289.6,63.0,1018.4,11.1,14.4,2025-02-13,2,3
2025-02-13 03:00:00+00:00,281.9,65.0,1018.5,10.7,14.0,2025-02-13,3,3
2025-02-13 04:00:00+00:00,278.9,68.0,1018.4,10.1,13.7,2025-02-13,4,3
2025-02-13 05:00:00+00:00,278.3,70.0,1018.9,9.5,13.8,2025-02-13,5,3
2025-02-13 06:00:00+00:00,274.8,71.0,1019.3,9.1,14.0,2025-02-13,6,3
2025-02-13 07:00:00+00:00,276.3,77.0,1020.0,7.9,13.0,2025-02-13,7,3
2025-02-13 08:00:00+00:00,269.9,74.0,1020.7,8.7,13.3,2025-02-13,8,3
2025-02-13 09:00:00+00:00,267.3,65.0,1021.3,11.3,9.0,2025-02-13,9,3
2025-02-13 10:00:00+00:00,253.7,55.0,1021.5,13.9,6.8,2025-02-13,10,3
2025-02-13 11:00:00+00:00,213.7,45.0,1021.3,15.9,6.5,2025-02-13,11,3
2025-02-13 12:00:00+00:00,205.1,38.0,1020.7,17.2,7.9,2025-02-13,12,3
2025-02-13 13:00:00+00:00,197.5,36.0,1020.1,18.1,7.6,2025-02-13,13,3
2025-02-13 14:00:00+00:00,177.2,33.0,1019.3,18.3,10.4,2025-02-13,14,3
2025-02-13 15:00:00+00:00,160.1,36.5,1018.8,17.8,13.0,2025-02-13,15,3
2025-02-13 16:00:00+00:00,138.4,40.0,1018.7,17.3,12.8,2025-02-13,16,3
2025-02-13 17:00:00+00:00,126.3,52.0,1018.9,15.5,12.6,2025-02-13,17,3
2025-02-13 18:00:00+00:00,142.0,64.0,1019.5,14.1,16.6,2025-02-13,18,3
2025-02-13 19:00:00+00:00,126.3,71.0,1019.6,13.1,13.3,2025-02-13,19,3
2025-02-13 20:00:00+00:00,49.2,78.0,1019.8,12.1,10.1,2025-02-13,20,3
2025-02-13 21:00:00+00:00,342.9,82.0,1019.8,11.4,7.9,2025-02-13,21,3
2025-02-13 22:00:00+00:00,312.8,81.0,1019.8,10.8,10.4,2025-02-13,22,3
2025-02-13 23:00:00+00:00,300.0,80.0,1019.7,10.1,10.8,2025-02-13,23,3
2025-02-14 00:00:00+00:00,283.6,76.0,1019.7,9.4,10.4,2025-02-14,0,4
2025-02-14 01:00:00+00:00,275.5,74.0,1019.6,9.2,10.8,2025-02-14,1,4
2025-02-14 02:00:00+00:00,277.0,73.0,1019.1,8.9,11.2,2025-02-14,2,4
2025-02-14 03:00:00+00:00,272.9,72.0,1018.4,9.0,11.5,2025-02-14,3,4
2025-02-14 04:00:00+00:00,277.0,74.0,1018.0,8.8,11.8,2025-02-14,4,4
2025-02-14 05:00:00+00:00,283.5,77.0,1017.9,8.5,12.2,2025-02-14,5,4
2025-02-14 06:00:00+00:00,286.9,78.0,1018.2,8.4,11.9,2025-02-14,6,4
2025-02-14 07:00:00+00:00,278.2,80.0,1018.5,8.9,10.8,2025-02-14,7,4
2025-02-14 08:00:00+00:00,279.1,76.0,1018.7,10.1,11.2,2025-02-14,8,4
2025-02-14 09:00:00+00:00,268.3,66.0,1018.6,12.8,9.0,2025-02-14,9,4
2025-02-14 10:00:00+00:00,254.1,57.0,1018.6,16.1,8.3,2025-02-14,10,4
2025-02-14 11:00:00+00:00,236.0,48.0,1018.5,18.5,7.6,2025-02-14,11,4
2025-02-14 12:00:00+00:00,203.5,45.0,1017.8,19.9,8.3,2025-02-14,12,4
2025-02-14 13:00:00+00:00,186.1,41.0,1016.5,21.5,9.4,2025-02-14,13,4
2025-02-14 14:00:00+00:00,157.4,39.0,1015.4,22.2,10.8,2025-02-14,14,4
2025-02-14 15:00:00+00:00,134.6,41.0,1014.9,21.8,16.2,2025-02-14,15,4
2025-02-14 16:00:00+00:00,129.7,52.0,1014.8,19.8,18.0,2025-02-14,16,4
2025-02-14 17:00:00+00:00,118.8,62.0,1015.2,17.6,16.4,2025-02-14,17,4
2025-02-14 18:00:00+00:00,66.6,68.0,1015.7,16.0,14.8,2025-02-14,18,4
2025-02-14 19:00:00+00:00,13.4,73.0,1015.4,15.6,11.2,2025-02-14,19,4
2025-02-14 20:00:00+00:00,11.2,78.0,1015.6,14.5,10.1,2025-02-14,20,4
2025-02-14 21:00:00+00:00,354.5,82.0,1015.8,13.5,8.6,2025-02-14,21,4
2025-02-14 22:00:00+00:00,316.9,86.0,1016.0,12.2,7.2,2025-02-14,22,4
2025-02-14 23:00:00+00:00,290.0,90.0,1016.0,11.2,5.8,2025-02-14,23,4
2025-02-15 00:00:00+00:00,283.4,88.0,1016.1,10.8,7.6,2025-02-15,0,5
2025-02-15 01:00:00+00:00,287.6,86.5,1015.7,10.2,9.7,2025-02-15,1,5
2025-02-15 02:00:00+00:00,289.1,85.0,1015.3,9.9,10.1,2025-02-15,2,5
2025-02-15 03:00:00+00:00,297.4,82.0,1014.9,9.5,10.4,2025-02-15,3,5
2025-02-15 04:00:00+00:00,351.1,83.0,1015.0,9.2,9.7,2025-02-15,4,5
2025-02-15 05:00:00+00:00,7.6,85.0,1015.4,9.4,10.1,2025-02-15,5,5
2025-02-15 06:00:00+00:00,334.6,84.0,1015.8,9.5,11.5,2025-02-15,6,5
2025-02-15 07:00:00+00:00,306.1,81.0,1016.2,8.5,7.6,2025-02-15,7,5
2025-02-15 08:00:00+00:00,328.1,74.0,1016.8,9.9,11.5,2025-02-15,8,5
2025-02-15 09:00:00+00:00,353.2,64.0,1017.4,13.1,15.1,2025-02-15,9,5
2025-02-15 10:00:00+00:00,40.0,65.0,1017.5,15.2,19.1,2025-02-15,10,5
2025-02-15 11:00:00+00:00,48.1,62.0,1017.3,16.7,18.4,2025-02-15,11,5
2025-02-15 12:00:00+00:00,56.8,60.0,1016.6,17.6,17.1,2025-02-15,12,5
2025-02-15 13:00:00+00:00,79.9,62.0,1015.4,17.6,15.8,2025-02-15,13,5
2025-02-15 14:00:00+00:00,77.4,64.0,1014.6,17.5,16.2,2025-02-15,14,5
2025-02-15 15:00:00+00:00,71.1,67.0,1014.1,16.9,16.9,2025-02-15,15,5
2025-02-15 16:00:00+00:00,72.4,72.0,1014.2,16.0,16.6,2025-02-15,16,5
2025-02-15 17:00:00+00:00,73.0,79.0,1014.6,15.2,14.4,2025-02-15,17,5
2025-02-15 18:00:00+00:00,62.1,83.0,1015.1,14.6,11.5,2025-02-15,18,5
2025-02-15 19:00:00+00:00,41.0,91.0,1015.3,13.9,9.0,2025-02-15,19,5
2025-02-15 20:00:00+00:00,3.8,92.0,1015.4,13.5,9.7,2025-02-15,20,5
2025-02-15 21:00:00+00:00,335.2,94.0,1015.4,12.8,10.1,2025-02-15,21,5
2025-02-15 22:00:00+00:00,286.9,95.0,1015.3,12.4,8.6,2025-02-15,22,5
2025-02-15 23:00:00+00:00,276.5,96.0,1015.2,11.9,6.8,2025-02-15,23,5
2025-02-16 00:00:00+00:00,282.8,95.0,1014.8,11.5,7.2,2025-02-16,0,6
2025-02-16 01:00:00+00:00,275.9,94.0,1014.6,10.8,7.6,2025-02-16,1,6
2025-02-16 02:00:00+00:00,273.4,96.0,1014.0,10.0,7.2,2025-02-16,2,6
2025-02-16 03:00:00+00:00,278.2,97.0,1013.5,9.3,9.0,2025-02-16,3,6
2025-02-16 04:00:00+00:00,288.6,96.0,1013.0,8.7,9.4,2025-02-16,4,6
2025-02-16 05:00:00+00:00,288.1,95.0,1013.1,8.4,8.3,2025-02-16,5,6
2025-02-16 06:00:00+00:00,288.4,94.0,1013.3,8.2,8.6,2025-02-16,6,6
2025-02-16 07:00:00+00:00,275.5,92.0,1013.8,8.8,10.4,2025-02-16,7,6
2025-02-16 08:00:00+00:00,298.0,85.0,1014.1,9.4,9.0,2025-02-16,8,6
2025-02-16 09:00:00+00:00,331.0,73.0,1014.4,11.9,4.7,2025-02-16,9,6
2025-02-16 10:00:00+00:00,95.0,63.0,1014.4,14.7,2.2,2025-02-16,10,6
2025-02-16 11:00:00+00:00,134.8,56.0,1014.3,16.9,5.4,2025-02-16,11,6
2025-02-16 12:00:00+00:00,142.3,52.0,1013.8,18.5,9.4,2025-02-16,12,6
2025-02-16 13:00:00+00:00,140.7,50.0,1013.4,19.3,12.6,2025-02-16,13,6
2025-02-16 14:00:00+00:00,129.1,52.0,1012.6,18.9,13.0,2025-02-16,14,6
2025-02-16 15:00:00+00:00,116.8,57.0,1012.3,18.5,13.3,2025-02-16,15,6
2025-02-16 16:00:00+00:00,95.5,65.0,1012.7,17.0,13.2,2025-02-16,16,6
2025-02-16 17:00:00+00:00,72.1,79.0,1013.1,15.2,13.0,2025-02-16,17,6
2025-02-16 18:00:00+00:00,56.1,88.0,1014.0,13.9,13.3,2025-02-16,18,6
2025-02-16 19:00:00+00:00,33.3,93.0,1015.1,12.9,10.1,2025-02-16,19,6
2025-02-16 20:00:00+00:00,321.7,95.0,1015.2,12.0,4.7,2025-02-16,20,6
2025-02-16 21:00:00+00:00,269.3,95.5,1015.6,11.5,6.3,2025-02-16,21,6
2025-02-16 22:00:00+00:00,277.1,96.0,1016.0,11.2,7.9,2025-02-16,22,6
2025-02-16 23:00:00+00:00,277.2,95.5,1015.8,10.8,9.7,2025-02-16,23,6
2025-02-17 00:00:00+00:00,285.5,95.0,1015.5,10.5,9.0,2025-02-17,0,0
2025-02-17 01:00:00+00:00,277.0,92.0,1015.4,10.9,8.8,2025-02-17,1,0
2025-02-17 02:00:00+00:00,284.0,89.0,1014.9,10.7,8.6,2025-02-17,2,0
2025-02-17 03:00:00+00:00,273.9,83.0,1014.4,10.6,10.1,2025-02-17,3,0
2025-02-17 04:00:00+00:00,282.1,76.0,1014.0,10.4,9.7,2025-02-17,4,0
2025-02-17 05:00:00+00:00,294.9,74.0,1014.1,10.2,9.0,2025-02-17,5,0
2025-02-17 06:00:00+00:00,298.2,77.0,1014.5,9.6,7.6,2025-02-17,6,0
2025-02-17 07:00:00+00:00,312.3,78.0,1015.5,10.1,9.0,2025-02-17,7,0
2025-02-17 08:00:00+00:00,308.9,73.0,1015.8,10.7,9.7,2025-02-17,8,0
2025-02-17 09:00:00+00:00,289.1,64.0,1016.1,13.4,5.8,2025-02-17,9,0
2025-02-17 10:00:00+00:00,91.8,54.0,1016.2,15.8,3.6,2025-02-17,10,0
2025-02-17 11:00:00+00:00,122.3,48.0,1016.2,17.6,5.4,2025-02-17,11,0
2025-02-17 12:00:00+00:00,113.0,47.0,1015.9,18.7,9.0,2025-02-17,12,0
2025-02-17 13:00:00+00:00,100.0,50.0,1015.2,18.6,12.2,2025-02-17,13,0
2025-02-17 14:00:00+00:00,91.0,57.0,1014.7,17.8,13.0,2025-02-17,14,0
2025-02-17 15:00:00+00:00,87.7,66.0,1014.3,16.9,14.0,2025-02-17,15,0
2025-02-17 16:00:00+00:00,87.1,71.0,1014.6,16.0,13.1,2025-02-17,16,0
2025-02-17 17:00:00+00:00,70.4,75.0,1014.9,15.0,12.2,2025-02-17,17,0
2025-02-17 18:00:00+00:00,44.5,84.0,1015.7,13.8,11.9,2025-02-17,18,0
2025-02-17 19:00:00+00:00,35.7,90.0,1016.1,13.3,12.6,2025-02-17,19,0
2025-02-17 20:00:00+00:00,11.0,89.0,1016.3,12.8,12.2,2025-02-17,20,0
2025-02-17 21:00:00+00:00,344.4,88.0,1016.7,11.9,12.6,2025-02-17,21,0
2025-02-17 22:00:00+00:00,346.9,89.0,1017.1,11.1,10.4,2025-02-17,22,0
2025-02-17 23:00:00+00:00,355.9,88.0,1017.4,10.7,12.2,2025-02-17,23,0
2025-02-18 00:00:00+00:00,358.1,88.3,1017.3,10.3,14.0,2025-02-18,0,1
2025-02-18 01:00:00+00:00,354.4,88.7,1017.2,9.8,13.3,2025-02-18,1,1
2025-02-18 02:00:00+00:00,345.0,89.0,1016.6,9.6,14.4,2025-02-18,2,1
2025-02-18 03:00:00+00:00,333.4,89.5,1016.4,9.4,13.8,2025-02-18,3,1
2025-02-18 04:00:00+00:00,324.2,90.0,1016.1,9.0,13.3,2025-02-18,4,1
2025-02-18 05:00:00+00:00,325.0,89.0,1016.2,8.9,12.2,2025-02-18,5,1
2025-02-18 06:00:00+00:00,324.3,89.5,1016.3,8.8,11.1,2025-02-18,6,1
2025-02-18 07:00:00+00:00,309.7,90.0,1016.6,8.7,10.1,2025-02-18,7,1
2025-02-18 08:00:00+00:00,296.7,86.0,1017.0,9.9,7.6,2025-02-18,8,1
2025-02-18 09:00:00+00:00,293.2,76.0,1017.1,12.5,6.1,2025-02-18,9,1
2025-02-18 10:00:00+00:00,347.5,75.0,1016.8,13.6,7.2,2025-02-18,10,1
2025-02-18 11:00:00+00:00,55.6,74.0,1016.6,14.7,10.1,2025-02-18,11,1
2025-02-18 12:00:00+00:00,73.6,67.0,1016.3,16.0,14.4,2025-02-18,12,1
2025-02-18 13:00:00+00:00,79.8,66.0,1015.8,16.5,15.5,2025-02-18,13,1
2025-02-18 14:00:00+00:00,77.4,68.0,1015.1,16.3,14.0,2025-02-18,14,1
2025-02-18 15:00:00+00:00,75.0,69.0,1014.6,16.1,13.0,2025-02-18,15,1
2025-02-18 16:00:00+00:00,75.7,73.0,1014.8,15.4,11.5,2025-02-18,16,1
2025-02-18 17:00:00+00:00,78.0,78.0,1015.1,14.7,10.2,2025-02-18,17,1
2025-02-18 18:00:00+00:00,73.4,85.0,1015.6,13.9,9.0,2025-02-18,18,1
2025-02-18 19:00:00+00:00,56.7,87.0,1016.0,13.5,8.3,2025-02-18,19,1
2025-02-18 20:00:00+00:00,24.2,91.0,1016.3,12.8,6.8,2025-02-18,20,1
2025-02-18 21:00:00+00:00,341.8,93.0,1016.9,12.1,7.6,2025-02-18,21,1
2025-02-18 22:00:00+00:00,315.0,95.0,1017.0,11.4,7.4,2025-02-18,22,1
2025-02-18 23:00:00+00:00,299.4,96.0,1017.2,10.8,7.2,2025-02-18,23,1
2025-02-19 00:00:00+00:00,283.5,97.0,1017.4,10.3,6.8,2025-02-19,0,2
2025-02-19 01:00:00+00:00,287.0,98.0,1017.8,10.2,6.5,2025-02-19,1,2
2025-02-19 02:00:00+00:00,293.7,97.0,1017.4,9.9,8.6,2025-02-19,2,2
2025-02-19 03:00:00+00:00,297.7,94.0,1017.0,10.0,9.0,2025-02-19,3,2
2025-02-19 04:00:00+00:00,300.2,92.0,1016.7,10.1,7.6,2025-02-19,4,2
2025-02-19 05:00:00+00:00,256.4,93.0,1017.3,9.5,4.7,2025-02-19,5,2
2025-02-19 06:00:00+00:00,287.0,95.0,1017.9,9.0,6.1,2025-02-19,6,2
2025-02-19 07:00:00+00:00,26.0,97.0,1018.5,8.7,4.3,2025-02-19,7,2
2025-02-19 08:00:00+00:00,24.3,93.0,1019.5,10.3,5.8,2025-02-19,8,2
2025-02-19 09:00:00+00:00,49.1,84.0,1020.0,12.3,4.7,2025-02-19,9,2
2025-02-19 10:00:00+00:00,113.9,78.0,1020.4,13.9,4.3,2025-02-19,10,2
2025-02-19 11:00:00+00:00,135.0,68.0,1020.6,15.6,6.8,2025-02-19,11,2
2025-02-19 12:00:00+00:00,122.5,62.0,1020.3,16.9,6.5,2025-02-19,12,2
2025-02-19 13:00:00+00:00,103.7,60.0,1020.0,17.6,9.0,2025-02-19,13,2
2025-02-19 14:00:00+00:00,96.5,61.0,1019.6,17.5,11.2,2025-02-19,14,2
2025-02-19 15:00:00+00:00,93.5,66.0,1019.7,16.8,10.8,2025-02-19,15,2
2025-02-19 16:00:00+00:00,99.8,74.0,1020.2,15.6,10.1,2025-02-19,16,2
2025-02-19 17:00:00+00:00,86.4,81.0,1021.1,14.5,9.4,2025-02-19,17,2
2025-02-19 18:00:00+00:00,86.2,87.0,1022.1,13.7,7.2,2025-02-19,18,2
2025-02-19 19:00:00+00:00,190.5,91.0,1023.2,12.9,4.7,2025-02-19,19,2
2025-02-19 20:00:00+00:00,268.1,92.0,1023.8,12.5,5.8,2025-02-19,20,2
2025-02-19 21:00:00+00:00,309.2,93.0,1024.6,11.9,6.5,2025-02-19,21,2
2025-02-19 22:00:00+00:00,315.1,95.0,1025.0,11.2,7.2,2025-02-19,22,2
2025-02-19 23:00:00+00:00,301.4,96.0,1025.1,10.6,5.4,2025-02-19,23,2
2025-02-20 00:00:00+00:00,308.4,95.7,1025.3,10.1,5.1,2025-02-20,0,3
2025-02-20 01:00:00+00:00,309.7,95.3,1025.7,9.9,4.7,2025-02-20,1,3
2025-02-20 02:00:00+00:00,316.2,95.0,1025.6,9.4,5.8,2025-02-20,2,3
2025-02-20 03:00:00+00:00,325.8,94.4,1025.7,9.1,6.1,2025-02-20,3,3
2025-02-20 04:00:00+00:00,333.0,93.8,1025.9,8.9,5.0,2025-02-20,4,3
2025-02-20 05:00:00+00:00,318.2,93.2,1026.0,9.0,4.7,2025-02-20,5,3
2025-02-20 07:00:00+00:00,217.5,92.0,1027.0,10.8,6.5,2025-02-20,7,3
2025-02-20 08:00:00+00:00,219.4,86.0,1027.6,11.5,6.8,2025-02-20,8,3
2025-02-20 09:00:00+00:00,227.4,79.0,1027.9,13.0,6.4,2025-02-20,9,3
2025-02-20 10:00:00+00:00,184.2,72.0,1028.0,14.7,6.1,2025-02-20,10,3
2025-02-20 11:00:00+00:00,163.8,66.0,1027.8,15.9,2.9,2025-02-20,11,3
2025-02-20 12:00:00+00:00,140.4,59.0,1027.3,17.2,5.8,2025-02-20,12,3
2025-02-20 13:00:00+00:00,128.8,55.0,1026.5,18.1,13.7,2025-02-20,13,3
2025-02-20 14:00:00+00:00,118.0,59.0,1025.9,17.3,16.9,2025-02-20,14,3
2025-02-20 15:00:00+00:00,106.8,67.0,1025.7,16.2,15.5,2025-02-20,15,3
2025-02-20 16:00:00+00:00,91.3,74.0,1026.1,15.6,15.8,2025-02-20,16,3
2025-02-20 17:00:00+00:00,90.0,80.0,1026.6,14.7,13.3,2025-02-20,17,3
2025-02-20 18:00:00+00:00,88.7,83.0,1027.2,14.2,10.4,2025-02-20,18,3
2025-02-20 19:00:00+00:00,76.3,85.0,1027.8,13.6,7.9,2025-02-20,19,3
2025-02-20 20:00:00+00:00,58.3,87.0,1027.9,13.3,6.1,2025-02-20,20,3
2025-02-20 21:00:00+00:00,29.4,89.0,1028.3,12.9,4.3,2025-02-20,21,3
2025-02-20 22:00:00+00:00,297.8,90.0,1028.2,13.1,2.9,2025-02-20,22,3
2025-02-20 23:00:00+00:00,281.5,87.0,1028.2,13.3,4.3,2025-02-20,23,3
2025-02-21 00:00:00+00:00,276.6,86.5,1028.0,13.2,5.0,2025-02-21,0,4
2025-02-21 01:00:00+00:00,285.8,86.0,1027.8,13.1,5.8,2025-02-21,1,4
2025-02-21 02:00:00+00:00,282.7,87.0,1027.2,12.6,4.3,2025-02-21,2,4
2025-02-21 03:00:00+00:00,281.6,86.0,1026.6,12.6,3.2,2025-02-21,3,4
2025-02-21 04:00:00+00:00,288.0,85.0,1026.5,12.7,2.9,2025-02-21,4,4
2025-02-21 05:00:00+00:00,286.5,84.5,1026.4,12.6,3.2,2025-02-21,5,4
2025-02-21 06:00:00+00:00,276.5,84.0,1026.2,12.7,2.9,2025-02-21,6,4
2025-02-21 07:00:00+00:00,275.8,83.5,1026.3,12.8,6.8,2025-02-21,7,4
2025-02-21 08:00:00+00:00,268.0,83.0,1026.7,13.0,7.6,2025-02-21,8,4
2025-02-21 09:00:00+00:00,249.5,81.0,1026.6,13.6,7.2,2025-02-21,9,4
2025-02-21 10:00:00+00:00,199.8,75.0,1026.3,14.7,6.8,2025-02-21,10,4
2025-02-21 11:00:00+00:00,174.8,66.0,1026.0,16.0,7.9,2025-02-21,11,4
2025-02-21 12:00:00+00:00,152.9,64.0,1025.3,16.4,10.4,2025-02-21,12,4
2025-02-21 13:00:00+00:00,146.7,62.0,1024.0,17.2,12.2,2025-02-21,13,4
2025-02-21 14:00:00+00:00,134.5,66.0,1022.8,16.9,15.1,2025-02-21,14,4
2025-02-21 15:00:00+00:00,117.8,71.0,1022.2,16.0,14.5,2025-02-21,15,4
2025-02-21 16:00:00+00:00,103.3,76.0,1021.8,15.2,13.9,2025-02-21,16,4
2025-02-21 17:00:00+00:00,98.6,80.0,1021.5,14.7,13.3,2025-02-21,17,4
2025-02-21 18:00:00+00:00,52.7,86.0,1021.2,14.1,9.7,2025-02-21,18,4
2025-02-21 19:00:00+00:00,27.1,87.0,1021.4,13.9,11.2,2025-02-21,19,4
2025-02-21 20:00:00+00:00,3.0,88.0,1021.6,13.6,12.2,2025-02-21,20,4
2025-02-21 21:00:00+00:00,356.2,87.0,1021.7,13.3,10.4,2025-02-21,21,4
2025-02-21 22:00:00+00:00,344.5,88.0,1021.4,12.7,9.4,2025-02-21,22,4
2025-02-21 23:00:00+00:00,325.6,91.0,1021.3,11.8,7.9,2025-02-21,23,4
2025-02-22 00:00:00+00:00,315.2,94.0,1021.5,10.9,7.6,2025-02-22,0,5
2025-02-22 01:00:00+00:00,300.5,95.0,1021.7,10.5,7.2,2025-02-22,1,5
2025-02-22 02:00:00+00:00,292.5,98.0,1021.1,9.7,5.4,2025-02-22,2,5
2025-02-22 03:00:00+00:00,278.2,97.5,1020.5,9.1,7.9,2025-02-22,3,5
2025-02-22 04:00:00+00:00,266.8,97.0,1020.2,9.2,9.0,2025-02-22,4,5
2025-02-22 05:00:00+00:00,263.2,93.0,1019.9,9.6,10.1,2025-02-22,5,5
2025-02-22 06:00:00+00:00,264.6,90.0,1019.7,10.0,11.2,2025-02-22,6,5
2025-02-22 07:00:00+00:00,298.4,91.0,1019.9,9.1,6.8,2025-02-22,7,5
2025-02-22 08:00:00+00:00,298.5,84.0,1020.6,10.6,8.1,2025-02-22,8,5
2025-02-22 09:00:00+00:00,251.6,79.0,1020.9,12.0,9.4,2025-02-22,9,5
2025-02-22 10:00:00+00:00,261.8,71.0,1020.8,14.1,7.2,2025-02-22,10,5
2025-02-22 11:00:00+00:00,265.0,60.0,1020.6,17.0,10.1,2025-02-22,11,5
2025-02-22 12:00:00+00:00,246.7,55.0,1020.3,18.5,9.0,2025-02-22,12,5
2025-02-22 13:00:00+00:00,227.5,50.0,1019.6,19.4,5.0,2025-02-22,13,5
2025-02-22 14:00:00+00:00,120.2,52.0,1019.1,18.4,11.2,2025-02-22,14,5
2025-02-22 15:00:00+00:00,105.2,60.0,1019.3,17.4,10.8,2025-02-22,15,5
2025-02-22 16:00:00+00:00,72.5,68.0,1019.5,16.5,13.3,2025-02-22,16,5
2025-02-22 17:00:00+00:00,62.9,81.0,1020.2,14.8,14.4,2025-02-22,17,5
2025-02-22 18:00:00+00:00,34.8,85.0,1021.1,13.8,13.0,2025-02-22,18,5
2025-02-22 19:00:00+00:00,327.3,92.0,1022.5,12.9,12.2,2025-02-22,19,5
2025-02-22 20:00:00+00:00,343.7,94.0,1022.8,12.8,14.0,2025-02-22,20,5
2025-02-22 21:00:00+00:00,313.6,92.0,1023.6,12.5,11.9,2025-02-22,21,5
2025-02-22 22:00:00+00:00,279.8,94.0,1024.2,12.1,10.1,2025-02-22,22,5
2025-02-22 23:00:00+00:00,271.6,93.0,1024.4,11.7,10.4,2025-02-22,23,5
2025-02-23 00:00:00+00:00,298.5,90.0,1024.6,11.6,9.7,2025-02-23,0,6
2025-02-23 01:00:00+00:00,294.9,90.7,1025.0,11.4,10.8,2025-02-23,1,6
2025-02-23 02:00:00+00:00,317.3,91.3,1025.1,11.0,9.7,2025-02-23,2,6
2025-02-23 03:00:00+00:00,0.1,92.0,1025.2,10.6,9.0,2025-02-23,3,6
2025-02-23 04:00:00+00:00,14.8,88.0,1025.7,11.0,17.6,2025-02-23,4,6
2025-02-23 05:00:00+00:00,347.6,90.0,1026.4,10.6,16.9,2025-02-23,5,6
2025-02-23 06:00:00+00:00,326.4,91.0,1027.3,10.1,16.6,2025-02-23,6,6
2025-02-23 07:00:00+00:00,333.7,93.0,1027.8,10.4,16.9,2025-02-23,7,6
2025-02-23 08:00:00+00:00,316.6,88.0,1028.9,11.1,15.8,2025-02-23,8,6
2025-02-23 09:00:00+00:00,298.1,80.0,1029.5,13.0,12.2,2025-02-23,9,6
2025-02-23 10:00:00+00:00,313.0,65.0,1029.8,14.9,9.0,2025-02-23,10,6
2025-02-23 11:00:00+00:00,17.8,54.0,1029.5,16.2,5.4,2025-02-23,11,6
2025-02-23 12:00:00+00:00,87.2,50.0,1029.0,16.9,9.0,2025-02-23,12,6
2025-02-23 13:00:00+00:00,71.3,49.0,1029.1,17.4,11.2,2025-02-23,13,6
2025-02-23 14:00:00+00:00,85.0,50.0,1028.7,16.8,12.6,2025-02-23,14,6
2025-02-23 15:00:00+00:00,83.4,51.0,1028.6,16.6,11.9,2025-02-23,15,6
2025-02-23 16:00:00+00:00,98.0,52.0,1028.8,16.2,11.5,2025-02-23,16,6
2025-02-23 17:00:00+00:00,117.9,58.0,1029.1,15.5,5.8,2025-02-23,17,6
2025-02-23 18:00:00+00:00,138.8,68.0,1029.7,13.9,4.7,2025-02-23,18,6
2025-02-23 19:00:00+00:00,201.2,76.0,1030.7,12.4,5.2,2025-02-23,19,6
2025-02-23 20:00:00+00:00,244.1,77.0,1030.9,12.0,5.8,2025-02-23,20,6
2025-02-23 21:00:00+00:00,287.4,78.0,1031.5,11.4,6.8,2025-02-23,21,6
2025-02-23 22:00:00+00:00,292.6,81.0,1031.8,10.7,9.4,2025-02-23,22,6
2025-02-23 23:00:00+00:00,286.7,84.0,1031.6,9.9,8.6,2025-02-23,23,6
2025-02-24 00:00:00+00:00,286.5,86.0,1031.1,9.2,9.0,2025-02-24,0,0
2025-02-24 01:00:00+00:00,294.6,85.0,1031.3,8.7,10.8,2025-02-24,1,0
2025-02-24 02:00:00+00:00,289.5,84.5,1030.4,8.4,8.6,2025-02-24,2,0
2025-02-24 03:00:00+00:00,289.8,84.0,1030.3,8.1,10.8,2025-02-24,3,0
2025-02-24 04:00:00+00:00,284.5,81.0,1029.8,8.2,10.1,2025-02-24,4,0
2025-02-24 05:00:00+00:00,273.2,82.0,1029.4,7.8,9.4,2025-02-24,5,0
2025-02-24 06:00:00+00:00,268.9,84.0,1029.5,7.2,10.4,2025-02-24,6,0
2025-02-24 07:00:00+00:00,270.7,81.0,1029.6,6.9,10.6,2025-02-24,7,0
2025-02-24 08:00:00+00:00,265.4,78.0,1029.8,8.7,10.8,2025-02-24,8,0
2025-02-24 09:00:00+00:00,264.3,72.0,1029.6,11.5,10.1,2025-02-24,9,0
2025-02-24 10:00:00+00:00,218.9,65.0,1029.5,14.6,11.2,2025-02-24,10,0
2025-02-24 11:00:00+00:00,204.6,57.0,1028.7,17.2,14.0,2025-02-24,11,0
2025-02-24 12:00:00+00:00,209.3,47.0,1027.7,19.3,16.9,2025-02-24,12,0
2025-02-24 13:00:00+00:00,218.5,36.0,1026.7,20.5,18.0,2025-02-24,13,0
2025-02-24 14:00:00+00:00,229.0,32.0,1025.2,21.0,18.7,2025-02-24,14,0
2025-02-24 15:00:00+00:00,221.8,34.0,1024.4,20.4,17.6,2025-02-24,15,0
2025-02-24 16:00:00+00:00,216.3,36.0,1023.9,19.5,18.7,2025-02-24,16,0
2025-02-24 17:00:00+00:00,220.8,38.0,1024.1,18.7,18.0,2025-02-24,17,0
2025-02-24 18:00:00+00:00,218.3,43.0,1024.0,16.8,17.3,2025-02-24,18,0
2025-02-24 19:00:00+00:00,238.9,47.0,1024.0,15.6,16.6,2025-02-24,19,0
2025-02-24 20:00:00+00:00,266.2,48.0,1024.3,15.0,18.4,2025-02-24,20,0
2025-02-24 21:00:00+00:00,279.6,45.0,1024.6,15.4,20.2,2025-02-24,21,0
2025-02-24 22:00:00+00:00,279.0,46.0,1024.5,15.3,19.1,2025-02-24,22,0
2025-02-24 23:00:00+00:00,278.7,49.0,1023.9,14.9,18.0,2025-02-24,23,0
2025-02-25 00:00:00+00:00,276.0,50.0,1023.5,14.5,18.7,2025-02-25,0,1
2025-02-25 01:00:00+00:00,272.6,51.0,1023.1,14.4,19.2,2025-02-25,1,1
2025-02-25 02:00:00+00:00,271.3,52.0,1022.7,14.2,19.8,2025-02-25,2,1
2025-02-25 03:00:00+00:00,274.2,51.7,1022.1,14.3,20.5,2025-02-25,3,1
2025-02-25 04:00:00+00:00,276.6,51.3,1021.5,14.4,23.0,2025-02-25,4,1
2025-02-25 05:00:00+00:00,281.8,51.0,1021.0,14.6,25.6,2025-02-25,5,1
2025-02-25 06:00:00+00:00,286.7,51.5,1021.2,14.8,26.3,2025-02-25,6,1
2025-02-25 07:00:00+00:00,282.3,52.0,1020.9,14.6,25.9,2025-02-25,7,1
2025-02-25 08:00:00+00:00,282.4,51.5,1021.3,15.1,29.5,2025-02-25,8,1
2025-02-25 09:00:00+00:00,282.3,51.0,1021.5,16.1,30.2,2025-02-25,9,1
2025-02-25 10:00:00+00:00,281.3,50.0,1021.7,16.6,25.9,2025-02-25,10,1
2025-02-25 11:00:00+00:00,259.2,49.3,1021.4,17.1,19.4,2025-02-25,11,1
2025-02-25 12:00:00+00:00,241.0,48.7,1020.8,17.9,17.6,2025-02-25,12,1
2025-02-25 13:00:00+00:00,267.7,48.0,1020.1,19.4,21.6,2025-02-25,13,1
2025-02-25 14:00:00+00:00,268.3,46.0,1019.2,19.7,23.0,2025-02-25,14,1
2025-02-25 15:00:00+00:00,275.0,47.0,1019.6,19.2,22.0,2025-02-25,15,1
2025-02-25 16:00:00+00:00,323.7,48.0,1019.9,18.6,14.4,2025-02-25,16,1
2025-02-25 17:00:00+00:00,87.5,62.0,1020.9,16.1,25.6,2025-02-25,17,1
2025-02-25 18:00:00+00:00,22.8,68.0,1021.8,15.1,20.5,2025-02-25,18,1
2025-02-25 19:00:00+00:00,269.0,75.0,1023.0,13.8,10.4,2025-02-25,19,1
2025-02-25 20:00:00+00:00,325.0,67.0,1023.8,13.7,12.2,2025-02-25,20,1
2025-02-25 21:00:00+00:00,324.8,65.0,1024.6,12.9,12.6,2025-02-25,21,1
2025-02-25 22:00:00+00:00,304.8,75.0,1025.1,12.1,13.0,2025-02-25,22,1
2025-02-25 23:00:00+00:00,302.9,73.0,1025.6,10.9,14.0,2025-02-25,23,1
2025-02-26 00:00:00+00:00,295.2,67.0,1025.3,10.3,15.5,2025-02-26,0,2
2025-02-26 01:00:00+00:00,286.6,59.0,1025.0,10.0,12.2,2025-02-26,1,2
2025-02-26 02:00:00+00:00,287.8,55.0,1025.5,9.6,15.1,2025-02-26,2,2
2025-02-26 03:00:00+00:00,286.5,59.0,1025.7,9.0,10.1,2025-02-26,3,2
2025-02-26 04:00:00+00:00,281.8,63.0,1026.1,7.5,9.7,2025-02-26,4,2
2025-02-26 05:00:00+00:00,263.5,70.0,1026.4,6.4,10.8,2025-02-26,5,2
2025-02-26 06:00:00+00:00,268.1,73.0,1026.6,5.9,11.2,2025-02-26,6,2
2025-02-26 07:00:00+00:00,282.3,74.0,1026.9,5.8,10.8,2025-02-26,7,2
2025-02-26 08:00:00+00:00,286.3,69.0,1027.5,7.4,11.5,2025-02-26,8,2
2025-02-26 09:00:00+00:00,273.9,60.0,1027.3,10.1,10.1,2025-02-26,9,2
2025-02-26 10:00:00+00:00,262.1,48.0,1027.0,12.7,9.4,2025-02-26,10,2
2025-02-26 11:00:00+00:00,240.0,39.0,1026.8,14.7,13.3,2025-02-26,11,2
2025-02-26 12:00:00+00:00,207.9,34.0,1026.0,16.0,13.7,2025-02-26,12,2
2025-02-26 13:00:00+00:00,185.0,28.0,1024.5,17.3,16.2,2025-02-26,13,2
2025-02-26 14:00:00+00:00,175.6,29.0,1023.3,17.6,16.6,2025-02-26,14,2
2025-02-26 15:00:00+00:00,163.0,31.0,1022.4,17.7,20.2,2025-02-26,15,2
2025-02-26 16:00:00+00:00,149.3,41.0,1022.1,16.3,22.0,2025-02-26,16,2
2025-02-26 17:00:00+00:00,145.6,54.0,1021.9,14.5,21.2,2025-02-26,17,2
2025-02-26 18:00:00+00:00,138.4,68.0,1022.2,12.9,18.4,2025-02-26,18,2
2025-02-26 19:00:00+00:00,26.2,75.0,1022.4,12.3,9.0,2025-02-26,19,2
2025-02-26 20:00:00+00:00,355.6,80.0,1022.6,11.3,6.8,2025-02-26,20,2
2025-02-26 21:00:00+00:00,346.5,85.0,1022.7,10.5,9.0,2025-02-26,21,2
2025-02-26 22:00:00+00:00,332.1,83.0,1022.9,9.6,10.4,2025-02-26,22,2
2025-02-26 23:00:00+00:00,328.7,81.0,1022.8,9.1,8.8,2025-02-26,23,2
2025-02-27 00:00:00+00:00,308.5,79.5,1022.5,8.3,7.2,2025-02-27,0,3
2025-02-27 01:00:00+00:00,278.2,78.0,1022.2,8.1,5.8,2025-02-27,1,3
2025-02-27 02:00:00+00:00,269.4,75.0,1021.9,7.8,9.0,2025-02-27,2,3
2025-02-27 03:00:00+00:00,284.1,70.0,1021.2,7.7,8.3,2025-02-27,3,3
2025-02-27 04:00:00+00:00,306.9,69.5,1020.8,7.4,7.9,2025-02-27,4,3
2025-02-27 05:00:00+00:00,297.0,69.0,1020.7,7.2,8.3,2025-02-27,5,3
2025-02-27 06:00:00+00:00,299.4,67.0,1021.0,7.3,10.1,2025-02-27,6,3
2025-02-27 07:00:00+00:00,288.5,65.0,1020.5,7.4,8.3,2025-02-27,7,3
2025-02-27 08:00:00+00:00,284.1,62.0,1020.6,8.6,8.1,2025-02-27,8,3
2025-02-27 09:00:00+00:00,280.2,54.0,1020.7,11.1,7.9,2025-02-27,9,3
2025-02-27 10:00:00+00:00,296.9,46.0,1020.8,13.0,5.4,2025-02-27,10,3
2025-02-27 11:00:00+00:00,106.1,41.0,1020.5,14.6,5.0,2025-02-27,11,3
2025-02-27 12:00:00+00:00,104.3,40.0,1020.1,15.7,7.2,2025-02-27,12,3
2025-02-27 13:00:00+00:00,114.5,39.0,1019.5,15.8,8.3,2025-02-27,13,3
2025-02-27 14:00:00+00:00,97.8,38.0,1018.5,15.9,9.4,2025-02-27,14,3
2025-02-27 15:00:00+00:00,91.3,41.0,1018.2,14.9,10.8,2025-02-27,15,3
2025-02-27 16:00:00+00:00,89.5,40.0,1018.3,15.0,9.7,2025-02-27,16,3
2025-02-27 17:00:00+00:00,79.0,44.0,1018.4,14.1,8.8,2025-02-27,17,3
2025-02-27 18:00:00+00:00,75.3,55.0,1018.7,12.4,7.9,2025-02-27,18,3
2025-02-27 19:00:00+00:00,20.2,68.0,1019.2,12.0,13.7,2025-02-27,19,3
2025-02-27 20:00:00+00:00,6.9,78.0,1019.6,11.2,14.6,2025-02-27,20,3
2025-02-27 21:00:00+00:00,346.3,76.0,1020.0,10.5,15.5,2025-02-27,21,3
2025-02-27 22:00:00+00:00,343.2,76.5,1020.2,10.0,16.2,2025-02-27,22,3
2025-02-27 23:00:00+00:00,355.5,77.0,1019.9,9.6,14.4,2025-02-27,23,3
2025-02-28 00:00:00+00:00,351.2,78.0,1020.0,9.4,11.2,2025-02-28,0,4
2025-02-28 01:00:00+00:00,323.0,80.0,1020.2,8.5,6.5,2025-02-28,1,4
2025-02-28 02:00:00+00:00,326.8,80.5,1019.3,7.9,9.0,2025-02-28,2,4
2025-02-28 03:00:00+00:00,324.0,81.0,1018.6,7.6,10.1,2025-02-28,3,4
2025-02-28 04:00:00+00:00,316.6,80.0,1018.4,7.5,9.0,2025-02-28,4,4
2025-02-28 05:00:00+00:00,319.5,81.0,1018.5,7.2,9.4,2025-02-28,5,4
2025-02-28 06:00:00+00:00,319.4,82.0,1018.6,7.3,9.7,2025-02-28,6,4
2025-02-28 07:00:00+00:00,319.3,78.5,1018.5,7.0,10.2,2025-02-28,7,4
2025-02-28 08:00:00+00:00,328.7,75.0,1019.0,9.6,10.8,2025-02-28,8,4
2025-02-28 09:00:00+00:00,20.5,67.0,1019.3,12.9,15.1,2025-02-28,9,4
2025-02-28 10:00:00+00:00,60.1,66.0,1019.2,14.7,19.1,2025-02-28,10,4
2025-02-28 11:00:00+00:00,69.0,63.0,1018.8,15.2,16.9,2025-02-28,11,4
2025-02-28 12:00:00+00:00,79.1,66.0,1018.6,14.7,17.3,2025-02-28,12,4
2025-02-28 13:00:00+00:00,78.8,69.0,1018.4,14.2,17.6,2025-02-28,13,4
2025-02-28 14:00:00+00:00,75.8,67.0,1017.5,14.6,16.6,2025-02-28,14,4
2025-02-28 15:00:00+00:00,78.1,69.0,1016.6,14.5,15.5,2025-02-28,15,4
2025-02-28 16:00:00+00:00,90.5,70.7,1016.6,14.3,14.8,2025-02-28,16,4
2025-02-28 17:00:00+00:00,90.7,72.3,1016.7,13.6,13.3,2025-02-28,17,4
2025-02-28 18:00:00+00:00,64.0,74.0,1016.9,12.8,14.2,2025-02-28,18,4
2025-02-28 19:00:00+00:00,41.0,83.0,1017.1,12.2,15.1,2025-02-28,19,4
2025-02-28 20:00:00+00:00,26.1,83.7,1017.0,12.1,16.6,2025-02-28,20,4
2025-02-28 21:00:00+00:00,16.8,84.3,1016.9,11.9,17.6,2025-02-28,21,4
2025-02-28 22:00:00+00:00,19.9,85.0,1017.0,11.5,20.2,2025-02-28,22,4
2025-02-28 23:00:00+00:00,23.3,86.0,1016.9,11.4,20.9,2025-02-28,23,4
2025-03-01 00:00:00+00:00,22.5,84.0,1016.8,11.3,21.2,2025-03-01,0,5
2025-03-01 01:00:00+00:00,33.4,82.0,1016.7,11.6,21.6,2025-03-01,1,5
2025-03-01 02:00:00+00:00,37.2,83.0,1016.3,11.3,22.1,2025-03-01,2,5
2025-03-01 03:00:00+00:00,29.6,85.0,1015.6,11.0,22.6,2025-03-01,3,5
2025-03-01 04:00:00+00:00,27.3,85.3,1015.1,11.1,23.0,2025-03-01,4,5
2025-03-01 05:00:00+00:00,31.8,85.7,1015.3,11.0,25.9,2025-03-01,5,5
2025-03-01 06:00:00+00:00,33.9,86.0,1015.5,10.8,27.4,2025-03-01,6,5
2025-03-01 07:00:00+00:00,30.7,87.0,1015.8,10.9,22.7,2025-03-01,7,5
2025-03-01 08:00:00+00:00,34.7,84.0,1016.3,11.3,26.3,2025-03-01,8,5
2025-03-01 09:00:00+00:00,37.1,79.0,1016.7,12.0,28.4,2025-03-01,9,5
2025-03-01 10:00:00+00:00,45.1,70.0,1017.0,13.1,32.4,2025-03-01,10,5
2025-03-01 11:00:00+00:00,48.9,64.0,1016.8,13.9,33.5,2025-03-01,11,5
2025-03-01 12:00:00+00:00,50.2,60.0,1016.9,14.1,32.8,2025-03-01,12,5
2025-03-01 13:00:00+00:00,57.2,54.0,1017.0,14.5,29.9,2025-03-01,13,5
2025-03-01 14:00:00+00:00,58.6,57.0,1016.5,14.2,29.2,2025-03-01,14,5
2025-03-01 15:00:00+00:00,55.8,60.0,1016.4,13.7,28.1,2025-03-01,15,5
2025-03-01 16:00:00+00:00,53.8,63.0,1016.6,13.3,27.6,2025-03-01,16,5
2025-03-01 17:00:00+00:00,52.6,66.0,1017.1,12.9,27.0,2025-03-01,17,5
2025-03-01 18:00:00+00:00,52.8,68.0,1017.8,12.5,25.6,2025-03-01,18,5
2025-03-01 19:00:00+00:00,53.2,69.0,1018.5,12.0,26.3,2025-03-01,19,5
2025-03-01 20:00:00+00:00,44.8,67.0,1018.6,11.9,26.6,2025-03-01,20,5
2025-03-01 21:00:00+00:00,39.4,68.0,1019.1,11.8,27.0,2025-03-01,21,5
2025-03-01 22:00:00+00:00,36.9,69.0,1019.8,11.7,26.6,2025-03-01,22,5
2025-03-01 23:00:00+00:00,27.1,70.0,1019.9,11.5,23.4,2025-03-01,23,5
2025-03-02 00:00:00+00:00,27.5,73.0,1020.0,11.3,25.9,2025-03-02,0,6
2025-03-02 01:00:00+00:00,18.3,81.0,1020.3,10.6,24.1,2025-03-02,1,6
2025-03-02 02:00:00+00:00,14.8,80.0,1020.1,10.4,25.9,2025-03-02,2,6
2025-03-02 03:00:00+00:00,13.4,78.0,1019.7,10.1,24.1,2025-03-02,3,6
2025-03-02 04:00:00+00:00,22.9,79.0,1019.6,9.8,23.0,2025-03-02,4,6
2025-03-02 05:00:00+00:00,23.6,76.0,1019.8,9.7,25.6,2025-03-02,5,6
2025-03-02 06:00:00+00:00,24.8,73.0,1020.1,10.1,25.9,2025-03-02,6,6
2025-03-02 07:00:00+00:00,27.7,63.0,1020.6,10.5,26.6,2025-03-02,7,6
2025-03-02 08:00:00+00:00,37.2,64.0,1021.4,10.8,29.5,2025-03-02,8,6
2025-03-02 09:00:00+00:00,43.5,62.0,1021.7,11.5,31.7,2025-03-02,9,6
2025-03-02 10:00:00+00:00,45.4,61.0,1021.8,12.1,34.9,2025-03-02,10,6
2025-03-02 11:00:00+00:00,48.4,62.0,1021.8,12.4,33.5,2025-03-02,11,6
2025-03-02 12:00:00+00:00,51.3,61.0,1021.6,12.9,36.0,2025-03-02,12,6
2025-03-02 13:00:00+00:00,56.1,65.0,1021.3,12.7,35.8,2025-03-02,13,6
2025-03-02 14:00:00+00:00,54.3,68.0,1020.7,12.5,35.5,2025-03-02,14,6
2025-03-02 15:00:00+00:00,49.2,72.0,1020.4,12.3,35.3,2025-03-02,15,6
2025-03-02 16:00:00+00:00,45.3,81.0,1020.4,11.5,33.1,2025-03-02,16,6
2025-03-02 17:00:00+00:00,40.5,82.0,1020.5,11.4,29.2,2025-03-02,17,6
2025-03-02 18:00:00+00:00,42.5,88.0,1020.9,11.3,27.0,2025-03-02,18,6
2025-03-02 19:00:00+00:00,48.9,86.0,1021.4,11.5,31.7,2025-03-02,19,6
2025-03-02 20:00:00+00:00,49.0,88.0,1021.3,11.7,30.4,2025-03-02,20,6
2025-03-02 21:00:00+00:00,56.4,89.0,1021.7,11.8,29.2,2025-03-02,21,6
2025-03-02 22:00:00+00:00,51.9,90.0,1021.8,11.8,25.2,2025-03-02,22,6
2025-03-02 23:00:00+00:00,56.4,89.5,1021.4,11.7,25.6,2025-03-02,23,6
2025-03-03 00:00:00+00:00,57.4,89.0,1020.7,11.9,26.3,2025-03-03,0,0
2025-03-03 01:00:00+00:00,46.3,92.0,1020.6,11.5,24.8,2025-03-03,1,0
2025-03-03 02:00:00+00:00,46.7,92.5,1020.1,11.6,24.1,2025-03-03,2,0
2025-03-03 03:00:00+00:00,47.9,93.0,1019.6,11.6,24.5,2025-03-03,3,0
2025-03-03 04:00:00+00:00,47.2,93.5,1019.2,11.7,23.8,2025-03-03,4,0
2025-03-03 05:00:00+00:00,49.6,94.0,1019.3,11.6,21.6,2025-03-03,5,0
2025-03-03 06:00:00+00:00,33.3,92.0,1019.4,11.2,22.7,2025-03-03,6,0
2025-03-03 07:00:00+00:00,50.1,94.0,1019.6,11.7,23.0,2025-03-03,7,0
2025-03-03 08:00:00+00:00,61.0,93.0,1020.0,12.0,23.4,2025-03-03,8,0
2025-03-03 09:00:00+00:00,53.7,94.0,1019.9,12.5,23.0,2025-03-03,9,0
2025-03-03 10:00:00+00:00,59.1,95.0,1019.8,12.6,25.6,2025-03-03,10,0
2025-03-03 11:00:00+00:00,61.1,93.0,1019.6,13.1,19.1,2025-03-03,11,0
2025-03-03 12:00:00+00:00,63.1,88.0,1019.5,14.3,19.4,2025-03-03,12,0
2025-03-03 13:00:00+00:00,69.2,87.0,1019.4,13.7,22.3,2025-03-03,13,0
2025-03-03 14:00:00+00:00,52.3,90.0,1018.6,13.3,25.6,2025-03-03,14,0
2025-03-03 15:00:00+00:00,42.9,93.0,1018.0,13.1,27.0,2025-03-03,15,0
2025-03-03 16:00:00+00:00,46.7,92.0,1018.1,13.4,24.5,2025-03-03,16,0
2025-03-03 17:00:00+00:00,48.6,94.0,1018.2,13.0,26.6,2025-03-03,17,0
2025-03-03 18:00:00+00:00,48.5,95.0,1018.6,12.8,25.9,2025-03-03,18,0
2025-03-03 19:00:00+00:00,41.7,96.0,1018.5,12.5,19.1,2025-03-03,19,0
2025-03-03 20:00:00+00:00,41.8,95.0,1018.4,12.8,23.4,2025-03-03,20,0
2025-03-03 21:00:00+00:00,46.1,94.0,1018.9,13.0,22.7,2025-03-03,21,0
2025-03-03 22:00:00+00:00,44.1,95.0,1019.1,12.9,23.0,2025-03-03,22,0
2025-03-03 23:00:00+00:00,47.0,96.0,1018.8,12.8,21.6,2025-03-03,23,0
2025-03-04 00:00:00+00:00,50.8,94.0,1018.7,12.7,20.9,2025-03-04,0,1
2025-03-04 01:00:00+00:00,46.3,93.0,1018.6,12.8,19.4,2025-03-04,1,1
2025-03-04 02:00:00+00:00,33.9,92.5,1018.3,12.9,21.2,2025-03-04,2,1
2025-03-04 03:00:00+00:00,32.7,92.0,1017.9,13.0,23.4,2025-03-04,3,1
2025-03-04 04:00:00+00:00,31.9,93.0,1017.4,12.9,25.6,2025-03-04,4,1
2025-03-04 05:00:00+00:00,32.5,92.0,1017.3,13.0,26.3,2025-03-04,5,1
2025-03-04 06:00:00+00:00,32.7,91.7,1017.5,13.0,26.6,2025-03-04,6,1
2025-03-04 07:00:00+00:00,39.2,91.3,1018.3,12.6,24.5,2025-03-04,7,1
2025-03-04 08:00:00+00:00,50.1,91.0,1018.9,13.2,24.8,2025-03-04,8,1
2025-03-04 09:00:00+00:00,53.3,90.0,1019.1,13.7,26.3,2025-03-04,9,1
2025-03-04 10:00:00+00:00,50.8,87.0,1019.0,14.3,27.4,2025-03-04,10,1
2025-03-04 11:00:00+00:00,50.4,82.0,1019.0,15.2,31.3,2025-03-04,11,1
2025-03-04 12:00:00+00:00,49.8,86.0,1018.8,14.8,29.9,2025-03-04,12,1
2025-03-04 13:00:00+00:00,51.9,84.0,1018.5,14.4,32.8,2025-03-04,13,1
2025-03-04 14:00:00+00:00,52.6,87.0,1018.2,14.6,31.7,2025-03-04,14,1
2025-03-04 15:00:00+00:00,48.1,85.0,1018.0,14.1,32.8,2025-03-04,15,1
2025-03-04 16:00:00+00:00,47.4,88.0,1017.9,13.9,33.8,2025-03-04,16,1
2025-03-04 17:00:00+00:00,52.3,88.5,1018.5,13.7,29.9,2025-03-04,17,1
2025-03-04 18:00:00+00:00,47.2,89.0,1018.4,13.4,27.0,2025-03-04,18,1
2025-03-04 19:00:00+00:00,44.7,90.0,1019.2,13.2,24.5,2025-03-04,19,1
2025-03-04 20:00:00+00:00,42.1,90.5,1019.3,13.1,26.6,2025-03-04,20,1
2025-03-04 21:00:00+00:00,51.3,91.0,1019.4,13.0,25.2,2025-03-04,21,1
2025-03-04 22:00:00+00:00,51.5,94.0,1019.8,12.8,25.6,2025-03-04,22,1
2025-03-04 23:00:00+00:00,51.7,93.5,1019.4,12.9,23.8,2025-03-04,23,1
2025-03-05 00:00:00+00:00,50.4,93.0,1019.2,13.0,23.4,2025-03-05,0,2
2025-03-05 01:00:00+00:00,61.0,94.0,1019.3,13.0,23.0,2025-03-05,1,2
2025-03-05 02:00:00+00:00,55.8,93.0,1018.8,13.0,22.7,2025-03-05,2,2
2025-03-05 03:00:00+00:00,50.5,92.0,1018.1,12.9,25.2,2025-03-05,3,2
2025-03-05 04:00:00+00:00,50.0,91.5,1017.8,12.8,26.6,2025-03-05,4,2
2025-03-05 05:00:00+00:00,50.7,91.0,1017.7,12.9,29.9,2025-03-05,5,2
2025-03-05 06:00:00+00:00,52.5,90.5,1017.8,13.0,32.4,2025-03-05,6,2
2025-03-05 07:00:00+00:00,54.9,90.0,1018.2,13.1,32.8,2025-03-05,7,2
2025-03-05 08:00:00+00:00,56.7,91.0,1019.1,13.2,33.8,2025-03-05,8,2
2025-03-05 09:00:00+00:00,60.5,88.0,1019.5,13.6,32.0,2025-03-05,9,2
2025-03-05 10:00:00+00:00,58.5,86.0,1019.4,13.7,33.8,2025-03-05,10,2
2025-03-05 11:00:00+00:00,53.0,89.0,1019.4,13.3,32.4,2025-03-05,11,2
2025-03-05 12:00:00+00:00,51.9,90.0,1019.0,13.4,35.3,2025-03-05,12,2
2025-03-05 13:00:00+00:00,61.6,91.0,1018.6,13.6,30.6,2025-03-05,13,2
2025-03-05 14:00:00+00:00,59.2,92.0,1018.0,13.4,28.8,2025-03-05,14,2
2025-03-05 15:00:00+00:00,58.4,89.0,1017.5,13.4,31.3,2025-03-05,15,2
2025-03-05 16:00:00+00:00,55.0,91.0,1017.4,13.3,31.7,2025-03-05,16,2
2025-03-05 17:00:00+00:00,57.4,91.5,1017.6,13.2,31.4,2025-03-05,17,2
2025-03-05 18:00:00+00:00,57.3,92.0,1017.7,13.1,31.0,2025-03-05,18,2
2025-03-05 19:00:00+00:00,60.1,94.0,1017.8,13.2,28.8,2025-03-05,19,2
2025-03-05 20:00:00+00:00,67.7,93.5,1018.0,13.2,27.0,2025-03-05,20,2
2025-03-05 21:00:00+00:00,69.9,93.0,1018.0,13.3,27.4,2025-03-05,21,2
2025-03-05 22:00:00+00:00,68.6,94.0,1017.9,13.4,28.4,2025-03-05,22,2
2025-03-05 23:00:00+00:00,79.9,93.0,1017.8,13.6,27.4,2025-03-05,23,2
2025-03-06 00:00:00+00:00,78.7,94.0,1017.7,13.3,26.3,2025-03-06,0,3
2025-03-06 01:00:00+00:00,82.5,94.3,1017.6,13.4,22.3,2025-03-06,1,3
2025-03-06 02:00:00+00:00,74.5,94.7,1017.1,13.0,19.4,2025-03-06,2,3
2025-03-06 03:00:00+00:00,57.8,95.0,1016.3,13.0,20.9,2025-03-06,3,3
2025-03-06 04:00:00+00:00,53.0,94.0,1015.9,12.9,22.0,2025-03-06,4,3
2025-03-06 05:00:00+00:00,49.2,95.0,1015.7,13.0,22.3,2025-03-06,5,3
2025-03-06 06:00:00+00:00,49.0,96.0,1015.6,12.9,23.4,2025-03-06,6,3
2025-03-06 07:00:00+00:00,53.1,95.0,1015.7,12.7,21.6,2025-03-06,7,3
2025-03-06 08:00:00+00:00,54.0,93.0,1015.8,13.3,24.5,2025-03-06,8,3
2025-03-06 09:00:00+00:00,60.1,89.0,1016.1,13.7,23.2,2025-03-06,9,3
2025-03-06 10:00:00+00:00,52.6,88.0,1016.0,14.2,22.0,2025-03-06,10,3
2025-03-06 11:00:00+00:00,56.2,84.0,1015.8,15.0,23.0,2025-03-06,11,3
2025-03-06 12:00:00+00:00,55.9,85.0,1015.6,14.4,24.5,2025-03-06,12,3
2025-03-06 13:00:00+00:00,57.9,84.0,1015.5,14.8,24.6,2025-03-06,13,3
2025-03-06 14:00:00+00:00,52.5,83.0,1014.9,15.4,24.8,2025-03-06,14,3
2025-03-06 15:00:00+00:00,50.4,83.3,1014.5,15.1,25.2,2025-03-06,15,3
2025-03-06 16:00:00+00:00,48.3,83.7,1014.0,14.8,25.6,2025-03-06,16,3
2025-03-06 17:00:00+00:00,44.1,84.0,1014.2,14.4,24.5,2025-03-06,17,3
2025-03-06 18:00:00+00:00,44.2,88.0,1015.0,13.6,23.4,2025-03-06,18,3
2025-03-06 19:00:00+00:00,41.8,89.0,1016.0,13.2,22.3,2025-03-06,19,3
2025-03-06 20:00:00+00:00,31.6,89.5,1016.6,13.0,21.6,2025-03-06,20,3
2025-03-06 21:00:00+00:00,25.6,90.0,1016.7,12.8,23.0,2025-03-06,21,3
2025-03-06 22:00:00+00:00,21.3,89.0,1016.6,12.6,21.6,2025-03-06,22,3
2025-03-06 23:00:00+00:00,13.4,88.0,1016.6,12.4,20.9,2025-03-06,23,3
2025-03-07 00:00:00+00:00,16.9,87.0,1016.2,12.5,19.4,2025-03-07,0,4
2025-03-07 01:00:00+00:00,11.3,88.0,1015.9,12.7,19.1,2025-03-07,1,4
2025-03-07 02:00:00+00:00,350.0,89.0,1015.6,12.4,16.9,2025-03-07,2,4
2025-03-07 03:00:00+00:00,354.8,90.0,1015.0,11.8,15.5,2025-03-07,3,4
2025-03-07 04:00:00+00:00,21.9,88.0,1014.9,12.5,15.8,2025-03-07,4,4
2025-03-07 05:00:00+00:00,13.1,89.5,1015.0,12.4,15.1,2025-03-07,5,4
2025-03-07 06:00:00+00:00,341.4,91.0,1015.1,11.2,13.3,2025-03-07,6,4
2025-03-07 07:00:00+00:00,229.8,88.7,1015.3,12.0,15.6,2025-03-07,7,4
2025-03-07 08:00:00+00:00,118.2,86.3,1015.5,12.7,17.9,2025-03-07,8,4
2025-03-07 09:00:00+00:00,6.6,84.0,1015.7,13.5,20.2,2025-03-07,9,4
2025-03-07 10:00:00+00:00,22.5,80.0,1015.6,14.1,18.4,2025-03-07,10,4
2025-03-07 11:00:00+00:00,36.0,77.0,1015.4,14.9,16.6,2025-03-07,11,4
2025-03-07 12:00:00+00:00,45.6,73.0,1014.5,15.9,15.8,2025-03-07,12,4
2025-03-07 13:00:00+00:00,48.2,74.0,1013.7,15.6,19.8,2025-03-07,13,4
2025-03-07 14:00:00+00:00,55.7,79.0,1012.9,15.4,20.2,2025-03-07,14,4
2025-03-07 15:00:00+00:00,59.3,80.0,1012.2,15.3,19.1,2025-03-07,15,4
2025-03-07 16:00:00+00:00,65.6,83.0,1011.8,14.8,16.9,2025-03-07,16,4
2025-03-07 17:00:00+00:00,68.1,87.0,1011.5,14.1,14.4,2025-03-07,17,4
2025-03-07 18:00:00+00:00,72.5,92.0,1011.7,13.5,10.4,2025-03-07,18,4
2025-03-07 19:00:00+00:00,58.5,93.0,1012.2,13.2,7.9,2025-03-07,19,4
2025-03-07 20:00:00+00:00,36.7,94.0,1011.9,13.1,5.8,2025-03-07,20,4
2025-03-07 21:00:00+00:00,22.2,95.0,1012.0,12.6,7.2,2025-03-07,21,4
2025-03-07 22:00:00+00:00,9.7,96.0,1012.1,12.2,6.8,2025-03-07,22,4
2025-03-07 23:00:00+00:00,20.2,96.5,1011.7,12.1,7.2,2025-03-07,23,4
2025-03-08 00:00:00+00:00,17.0,97.0,1011.1,12.0,6.5,2025-03-08,0,5
2025-03-08 01:00:00+00:00,358.9,97.5,1010.7,11.6,5.8,2025-03-08,1,5
2025-03-08 02:00:00+00:00,1.3,98.0,1010.3,11.3,6.8,2025-03-08,2,5
2025-03-08 03:00:00+00:00,28.4,97.0,1009.7,11.4,7.9,2025-03-08,3,5
2025-03-08 04:00:00+00:00,40.9,95.0,1009.1,11.7,11.2,2025-03-08,4,5
2025-03-08 05:00:00+00:00,54.6,94.0,1008.9,12.0,11.9,2025-03-08,5,5
2025-03-08 06:00:00+00:00,56.7,95.0,1008.8,12.1,9.4,2025-03-08,6,5
2025-03-08 07:00:00+00:00,52.8,97.0,1007.9,12.2,9.0,2025-03-08,7,5
2025-03-08 08:00:00+00:00,76.5,94.0,1007.8,13.3,9.4,2025-03-08,8,5
2025-03-08 09:00:00+00:00,130.0,91.0,1007.8,14.4,12.6,2025-03-08,9,5
2025-03-08 10:00:00+00:00,132.6,86.0,1007.0,15.4,14.8,2025-03-08,10,5
2025-03-08 11:00:00+00:00,121.3,84.0,1006.2,16.0,17.6,2025-03-08,11,5
2025-03-08 12:00:00+00:00,111.6,87.0,1005.5,16.2,19.8,2025-03-08,12,5
2025-03-08 13:00:00+00:00,102.9,86.0,1004.2,16.4,20.9,2025-03-08,13,5
2025-03-08 14:00:00+00:00,106.1,85.0,1002.5,16.3,21.6,2025-03-08,14,5
2025-03-08 15:00:00+00:00,99.1,89.0,1001.6,15.7,23.0,2025-03-08,15,5
2025-03-08 16:00:00+00:00,89.5,88.0,1000.9,15.4,22.0,2025-03-08,16,5
2025-03-08 17:00:00+00:00,66.5,93.0,1000.5,15.0,18.7,2025-03-08,17,5
2025-03-08 18:00:00+00:00,52.5,94.0,1000.8,14.6,16.6,2025-03-08,18,5
2025-03-08 19:00:00+00:00,69.1,95.0,1001.0,14.3,14.4,2025-03-08,19,5
2025-03-08 20:00:00+00:00,87.2,96.0,1000.2,13.9,15.8,2025-03-08,20,5
2025-03-08 21:00:00+00:00,99.2,95.0,1000.0,13.7,20.5,2025-03-08,21,5
2025-03-08 22:00:00+00:00,120.1,96.0,1000.3,13.4,14.8,2025-03-08,22,5
2025-03-08 23:00:00+00:00,217.3,97.0,1000.1,13.0,10.1,2025-03-08,23,5
2025-03-09 00:00:00+00:00,278.3,98.0,999.6,12.4,11.5,2025-03-09,0,6
2025-03-09 01:00:00+00:00,281.0,90.5,999.6,11.8,17.4,2025-03-09,1,6
2025-03-09 02:00:00+00:00,251.6,84.0,999.9,11.5,17.3,2025-03-09,2,6
2025-03-09 03:00:00+00:00,261.3,82.0,999.6,11.1,17.6,2025-03-09,3,6
2025-03-09 04:00:00+00:00,253.0,77.0,999.8,10.9,20.2,2025-03-09,4,6
2025-03-09 05:00:00+00:00,255.2,75.0,999.8,10.2,21.2,2025-03-09,5,6
2025-03-09 06:00:00+00:00,257.1,74.0,999.9,9.6,18.0,2025-03-09,6,6
2025-03-09 07:00:00+00:00,255.5,73.0,1000.8,9.7,18.6,2025-03-09,7,6
2025-03-09 08:00:00+00:00,261.0,69.0,1001.2,11.0,19.1,2025-03-09,8,6
2025-03-09 09:00:00+00:00,266.9,63.0,1000.8,12.7,17.6,2025-03-09,9,6
2025-03-09 10:00:00+00:00,262.8,58.0,1000.7,14.4,19.4,2025-03-09,10,6
2025-03-09 11:00:00+00:00,261.5,49.0,1000.6,15.6,20.2,2025-03-09,11,6
2025-03-09 12:00:00+00:00,262.1,44.0,1000.3,16.4,20.9,2025-03-09,12,6
2025-03-09 13:00:00+00:00,251.5,41.0,1000.1,17.2,18.7,2025-03-09,13,6
2025-03-09 14:00:00+00:00,245.2,40.0,999.2,17.6,16.6,2025-03-09,14,6
2025-03-09 15:00:00+00:00,223.9,43.0,999.0,17.3,15.8,2025-03-09,15,6
2025-03-09 16:00:00+00:00,181.0,46.0,998.9,17.0,17.6,2025-03-09,16,6
2025-03-09 17:00:00+00:00,165.9,62.0,999.5,15.7,19.1,2025-03-09,17,6
2025-03-09 18:00:00+00:00,196.3,67.0,1000.1,14.4,16.6,2025-03-09,18,6
2025-03-09 19:00:00+00:00,245.7,61.0,1000.6,13.1,16.9,2025-03-09,19,6
2025-03-09 20:00:00+00:00,267.3,64.0,1001.2,12.4,21.2,2025-03-09,20,6
2025-03-09 21:00:00+00:00,292.7,66.0,1001.6,11.7,14.4,2025-03-09,21,6
2025-03-09 22:00:00+00:00,268.4,68.0,1002.1,10.6,13.7,2025-03-09,22,6
2025-03-09 23:00:00+00:00,238.3,70.0,1002.0,10.5,13.3,2025-03-09,23,6
2025-03-10 00:00:00+00:00,232.6,73.0,1002.0,10.1,14.0,2025-03-10,0,0
2025-03-10 01:00:00+00:00,271.3,80.0,1001.9,9.2,10.4,2025-03-10,1,0
2025-03-10 02:00:00+00:00,275.3,79.7,1001.7,8.9,9.9,2025-03-10,2,0
2025-03-10 03:00:00+00:00,276.3,79.3,1001.1,8.5,9.4,2025-03-10,3,0
2025-03-10 04:00:00+00:00,270.2,79.0,1001.2,8.7,10.4,2025-03-10,4,0
2025-03-10 05:00:00+00:00,244.6,78.0,1001.4,9.4,12.6,2025-03-10,5,0
2025-03-10 06:00:00+00:00,245.9,79.0,1001.5,9.5,13.0,2025-03-10,6,0
2025-03-10 07:00:00+00:00,256.7,80.0,1001.9,10.1,7.2,2025-03-10,7,0
2025-03-10 08:00:00+00:00,258.4,75.0,1002.2,10.7,8.6,2025-03-10,8,0
2025-03-10 09:00:00+00:00,267.4,70.0,1002.3,13.0,9.7,2025-03-10,9,0
2025-03-10 10:00:00+00:00,252.7,61.0,1002.8,14.6,10.4,2025-03-10,10,0
2025-03-10 11:00:00+00:00,242.4,57.0,1002.5,15.5,11.2,2025-03-10,11,0
2025-03-10 12:00:00+00:00,236.9,52.0,1002.1,16.9,14.0,2025-03-10,12,0
2025-03-10 13:00:00+00:00,242.7,48.0,1001.4,17.5,16.6,2025-03-10,13,0
2025-03-10 14:00:00+00:00,244.3,43.0,1001.3,17.7,20.5,2025-03-10,14,0
2025-03-10 15:00:00+00:00,246.6,42.0,1001.0,18.2,18.7,2025-03-10,15,0
2025-03-10 16:00:00+00:00,203.0,49.0,1001.2,17.6,21.2,2025-03-10,16,0
2025-03-10 17:00:00+00:00,162.1,71.0,1002.0,15.8,20.2,2025-03-10,17,0
2025-03-10 18:00:00+00:00,150.1,80.0,1002.5,14.4,18.0,2025-03-10,18,0
2025-03-10 19:00:00+00:00,158.0,83.0,1003.2,13.1,19.1,2025-03-10,19,0
2025-03-10 20:00:00+00:00,174.2,84.0,1003.4,13.0,17.3,2025-03-10,20,0
2025-03-10 21:00:00+00:00,209.5,86.0,1003.7,12.4,10.8,2025-03-10,21,0
2025-03-10 22:00:00+00:00,301.2,88.0,1004.0,11.7,8.3,2025-03-10,22,0
2025-03-10 23:00:00+00:00,315.2,87.0,1003.7,11.4,8.6,2025-03-10,23,0
2025-03-11 00:00:00+00:00,291.4,86.0,1003.4,11.1,9.0,2025-03-11,0,1
2025-03-11 01:00:00+00:00,291.1,87.0,1003.4,10.8,13.3,2025-03-11,1,1
2025-03-11 02:00:00+00:00,275.7,85.0,1003.3,11.0,13.7,2025-03-11,2,1
2025-03-11 03:00:00+00:00,242.2,91.0,1002.6,10.3,11.2,2025-03-11,3,1
2025-03-11 04:00:00+00:00,262.2,92.0,1001.9,9.6,11.4,2025-03-11,4,1
2025-03-11 05:00:00+00:00,259.4,87.0,1002.1,10.2,11.5,2025-03-11,5,1
2025-03-11 06:00:00+00:00,247.8,84.0,1002.5,10.7,10.8,2025-03-11,6,1
2025-03-11 07:00:00+00:00,249.7,80.0,1003.0,11.5,10.4,2025-03-11,7,1
2025-03-11 08:00:00+00:00,235.4,83.0,1002.9,11.7,14.0,2025-03-11,8,1
2025-03-11 09:00:00+00:00,226.6,79.0,1002.9,13.4,10.8,2025-03-11,9,1
2025-03-11 10:00:00+00:00,227.8,67.0,1002.8,16.0,12.6,2025-03-11,10,1
2025-03-11 11:00:00+00:00,244.5,54.0,1002.3,17.5,14.4,2025-03-11,11,1
2025-03-11 12:00:00+00:00,222.8,52.0,1001.4,18.4,13.0,2025-03-11,12,1
2025-03-11 13:00:00+00:00,217.7,47.0,1000.8,19.2,15.5,2025-03-11,13,1
2025-03-11 14:00:00+00:00,236.7,55.0,1000.2,18.0,20.5,2025-03-11,14,1
2025-03-11 15:00:00+00:00,206.8,66.0,1000.1,15.7,18.7,2025-03-11,15,1
2025-03-11 16:00:00+00:00,208.5,67.0,999.1,16.8,12.6,2025-03-11,16,1
2025-03-11 17:00:00+00:00,231.4,64.0,999.3,16.9,15.5,2025-03-11,17,1
2025-03-11 18:00:00+00:00,234.6,65.0,999.7,15.1,16.9,2025-03-11,18,1
2025-03-11 19:00:00+00:00,241.8,68.0,1000.4,14.0,16.6,2025-03-11,19,1
2025-03-11 20:00:00+00:00,242.0,70.3,1000.9,13.7,18.0,2025-03-11,20,1
2025-03-11 21:00:00+00:00,244.4,72.7,1001.1,13.0,16.9,2025-03-11,21,1
2025-03-11 22:00:00+00:00,246.8,75.0,1001.3,12.2,15.8,2025-03-11,22,1
2025-03-11 23:00:00+00:00,251.7,74.0,1001.4,12.1,18.4,2025-03-11,23,1
2025-03-12 00:00:00+00:00,261.3,73.0,1001.0,12.0,20.5,2025-03-12,0,2
2025-03-12 01:00:00+00:00,270.2,72.0,1000.9,11.8,21.6,2025-03-12,1,2
2025-03-12 02:00:00+00:00,276.9,71.0,1000.8,12.2,22.0,2025-03-12,2,2
2025-03-12 03:00:00+00:00,282.2,70.0,1000.9,12.0,20.6,2025-03-12,3,2
2025-03-12 04:00:00+00:00,294.0,71.0,1001.2,11.8,19.1,2025-03-12,4,2
2025-03-12 05:00:00+00:00,285.7,72.0,1001.6,11.2,16.9,2025-03-12,5,2
2025-03-12 06:00:00+00:00,280.6,72.5,1002.0,10.9,14.4,2025-03-12,6,2
2025-03-12 07:00:00+00:00,275.9,73.0,1002.9,10.7,17.3,2025-03-12,7,2
2025-03-12 08:00:00+00:00,268.7,70.0,1003.4,12.6,16.9,2025-03-12,8,2
2025-03-12 09:00:00+00:00,273.7,61.0,1003.3,14.7,15.8,2025-03-12,9,2
2025-03-12 10:00:00+00:00,267.6,53.0,1003.2,16.3,16.6,2025-03-12,10,2
2025-03-12 11:00:00+00:00,263.5,46.0,1003.0,17.9,18.7,2025-03-12,11,2
2025-03-12 12:00:00+00:00,267.8,38.0,1002.4,19.3,22.3,2025-03-12,12,2
2025-03-12 13:00:00+00:00,277.6,33.0,1001.3,20.1,20.2,2025-03-12,13,2
2025-03-12 14:00:00+00:00,280.1,28.0,1000.0,21.2,24.1,2025-03-12,14,2
2025-03-12 15:00:00+00:00,254.5,40.0,999.8,19.6,31.3,2025-03-12,15,2
2025-03-12 16:00:00+00:00,250.7,47.0,999.7,18.4,28.1,2025-03-12,16,2
2025-03-12 17:00:00+00:00,255.6,50.0,999.6,17.3,24.5,2025-03-12,17,2
2025-03-12 18:00:00+00:00,255.8,52.5,1000.1,16.4,24.6,2025-03-12,18,2
2025-03-12 19:00:00+00:00,255.9,55.0,1000.6,15.4,24.8,2025-03-12,19,2
2025-03-12 20:00:00+00:00,255.7,59.0,1001.5,14.5,20.5,2025-03-12,20,2
2025-03-12 21:00:00+00:00,270.3,57.0,1001.6,13.9,20.9,2025-03-12,21,2
2025-03-12 22:00:00+00:00,268.9,58.0,1001.3,13.4,16.2,2025-03-12,22,2
2025-03-12 23:00:00+00:00,259.4,60.0,1001.2,12.8,17.6,2025-03-12,23,2
2025-03-13 00:00:00+00:00,261.7,62.0,1001.0,12.2,20.5,2025-03-13,0,3
2025-03-13 01:00:00+00:00,261.9,67.0,1000.8,11.7,17.3,2025-03-13,1,3
2025-03-13 02:00:00+00:00,251.9,70.0,1000.1,11.0,18.7,2025-03-13,2,3
2025-03-13 03:00:00+00:00,265.3,71.0,999.7,10.7,19.1,2025-03-13,3,3
2025-03-13 04:00:00+00:00,269.2,72.5,999.2,10.9,18.6,2025-03-13,4,3
2025-03-13 05:00:00+00:00,269.9,74.0,999.0,10.3,18.1,2025-03-13,5,3
2025-03-13 06:00:00+00:00,263.5,75.0,998.9,10.0,17.6,2025-03-13,6,3
2025-03-13 07:00:00+00:00,249.6,73.0,999.1,10.4,16.3,2025-03-13,7,3
2025-03-13 08:00:00+00:00,254.2,71.0,999.3,11.6,15.0,2025-03-13,8,3
2025-03-13 09:00:00+00:00,260.5,69.0,998.9,13.4,13.7,2025-03-13,9,3
2025-03-13 10:00:00+00:00,250.9,67.0,998.2,14.2,12.2,2025-03-13,10,3
2025-03-13 11:00:00+00:00,265.6,66.0,997.3,14.7,10.1,2025-03-13,11,3
2025-03-13 12:00:00+00:00,227.8,69.0,996.5,14.4,11.1,2025-03-13,12,3
2025-03-13 13:00:00+00:00,189.9,72.0,995.8,14.2,12.0,2025-03-13,13,3
2025-03-13 14:00:00+00:00,152.0,75.0,995.0,14.0,13.0,2025-03-13,14,3
2025-03-13 15:00:00+00:00,114.2,78.0,994.2,13.7,14.0,2025-03-13,15,3
2025-03-13 16:00:00+00:00,73.5,75.0,993.4,14.0,11.9,2025-03-13,16,3
2025-03-13 17:00:00+00:00,130.1,77.0,993.9,13.6,5.8,2025-03-13,17,3
2025-03-13 18:00:00+00:00,17.9,86.0,994.3,12.6,6.1,2025-03-13,18,3
2025-03-13 19:00:00+00:00,312.2,90.0,994.8,12.0,5.0,2025-03-13,19,3
2025-03-13 20:00:00+00:00,258.3,95.0,995.6,10.2,5.2,2025-03-13,20,3
2025-03-13 21:00:00+00:00,315.5,97.0,996.4,9.6,5.4,2025-03-13,21,3
2025-03-13 22:00:00+00:00,272.1,98.0,996.6,9.8,9.0,2025-03-13,22,3
2025-03-13 23:00:00+00:00,224.9,96.0,996.8,10.1,12.6,2025-03-13,23,3
2025-03-14 00:00:00+00:00,283.5,92.0,996.7,10.0,13.3,2025-03-14,0,4
2025-03-14 01:00:00+00:00,344.5,97.0,997.1,9.6,8.3,2025-03-14,1,4
2025-03-14 02:00:00+00:00,17.1,96.5,996.4,9.9,10.1,2025-03-14,2,4
2025-03-14 03:00:00+00:00,31.0,96.0,996.6,9.8,14.0,2025-03-14,3,4
2025-03-14 04:00:00+00:00,41.6,95.5,996.8,9.9,13.0,2025-03-14,4,4
2025-03-14 05:00:00+00:00,59.1,95.0,997.0,10.0,15.1,2025-03-14,5,4
2025-03-14 06:00:00+00:00,61.5,88.0,997.5,10.3,16.9,2025-03-14,6,4
2025-03-14 07:00:00+00:00,46.6,86.0,998.2,10.1,18.4,2025-03-14,7,4
2025-03-14 08:00:00+00:00,21.8,87.0,998.6,10.0,19.8,2025-03-14,8,4
2025-03-14 09:00:00+00:00,25.0,85.0,999.1,10.2,20.2,2025-03-14,9,4
2025-03-14 10:00:00+00:00,10.9,81.0,999.3,10.5,19.8,2025-03-14,10,4
2025-03-14 11:00:00+00:00,179.5,81.3,999.4,10.8,17.4,2025-03-14,11,4
2025-03-14 12:00:00+00:00,348.0,81.7,999.6,11.1,15.1,2025-03-14,12,4
2025-03-14 13:00:00+00:00,18.7,82.0,999.9,10.9,14.4,2025-03-14,13,4
2025-03-14 14:00:00+00:00,30.7,78.0,1000.0,10.7,18.4,2025-03-14,14,4
2025-03-14 15:00:00+00:00,31.7,78.5,1000.3,10.6,16.9,2025-03-14,15,4
2025-03-14 16:00:00+00:00,58.0,79.0,1001.0,10.5,15.8,2025-03-14,16,4
2025-03-14 17:00:00+00:00,71.5,85.0,1001.7,10.0,16.2,2025-03-14,17,4
2025-03-14 18:00:00+00:00,79.7,86.0,1002.8,9.7,14.4,2025-03-14,18,4
2025-03-14 19:00:00+00:00,33.1,85.0,1003.2,9.3,15.5,2025-03-14,19,4
2025-03-14 20:00:00+00:00,321.3,88.0,1003.9,9.2,13.3,2025-03-14,20,4
2025-03-14 21:00:00+00:00,261.8,89.0,1005.0,9.1,7.9,2025-03-14,21,4
2025-03-14 22:00:00+00:00,256.3,87.0,1005.5,9.0,8.3,2025-03-14,22,4
2025-03-14 23:00:00+00:00,257.8,85.0,1006.3,9.1,11.9,2025-03-14,23,4
2025-03-15 00:00:00+00:00,266.4,84.0,1006.4,9.3,9.7,2025-03-15,0,5
2025-03-15 01:00:00+00:00,262.2,89.0,1006.8,9.1,10.4,2025-03-15,1,5
2025-03-15 02:00:00+00:00,313.9,92.0,1007.1,8.2,8.3,2025-03-15,2,5
2025-03-15 03:00:00+00:00,296.6,89.0,1007.3,7.0,10.4,2025-03-15,3,5
2025-03-15 04:00:00+00:00,287.1,79.0,1008.0,5.8,13.7,2025-03-15,4,5
2025-03-15 05:00:00+00:00,289.9,71.0,1009.1,4.9,14.8,2025-03-15,5,5
2025-03-15 06:00:00+00:00,287.3,68.0,1010.1,4.3,14.4,2025-03-15,6,5
2025-03-15 07:00:00+00:00,273.9,69.0,1010.9,4.5,13.7,2025-03-15,7,5
2025-03-15 08:00:00+00:00,274.6,61.0,1011.6,6.8,12.2,2025-03-15,8,5
2025-03-15 09:00:00+00:00,275.3,53.0,1012.4,9.1,10.8,2025-03-15,9,5
2025-03-15 10:00:00+00:00,256.1,46.0,1012.6,11.4,9.4,2025-03-15,10,5
2025-03-15 11:00:00+00:00,244.2,40.0,1012.9,13.1,7.9,2025-03-15,11,5
2025-03-15 12:00:00+00:00,250.6,36.0,1012.6,14.3,11.2,2025-03-15,12,5
2025-03-15 13:00:00+00:00,268.7,32.0,1012.1,15.5,13.3,2025-03-15,13,5
2025-03-15 14:00:00+00:00,297.1,28.0,1011.2,16.5,15.8,2025-03-15,14,5
2025-03-15 15:00:00+00:00,141.9,36.0,1011.0,15.8,22.7,2025-03-15,15,5
2025-03-15 16:00:00+00:00,144.3,52.0,1011.1,14.5,21.2,2025-03-15,16,5
2025-03-15 17:00:00+00:00,157.5,58.0,1011.6,14.1,21.6,2025-03-15,17,5
2025-03-15 18:00:00+00:00,243.4,66.0,1012.9,12.3,16.2,2025-03-15,18,5
2025-03-15 19:00:00+00:00,290.0,48.0,1014.4,11.2,14.2,2025-03-15,19,5
2025-03-15 20:00:00+00:00,284.7,53.0,1015.0,9.9,12.2,2025-03-15,20,5
2025-03-15 21:00:00+00:00,287.0,60.0,1015.7,8.5,10.8,2025-03-15,21,5
2025-03-15 22:00:00+00:00,292.8,66.0,1016.2,7.3,9.7,2025-03-15,22,5
2025-03-15 23:00:00+00:00,285.5,70.0,1016.6,6.5,10.8,2025-03-15,23,5
2025-03-16 00:00:00+00:00,286.0,71.5,1016.4,6.1,11.5,2025-03-16,0,6
2025-03-16 01:00:00+00:00,289.8,73.0,1016.3,6.3,11.9,2025-03-16,1,6
2025-03-16 02:00:00+00:00,289.4,73.5,1016.2,6.2,10.8,2025-03-16,2,6
2025-03-16 03:00:00+00:00,291.1,74.0,1015.7,5.9,11.2,2025-03-16,3,6
2025-03-16 04:00:00+00:00,280.2,75.0,1016.0,5.7,11.9,2025-03-16,4,6
2025-03-16 05:00:00+00:00,284.8,76.0,1016.2,5.6,12.2,2025-03-16,5,6
2025-03-16 06:00:00+00:00,289.3,77.0,1016.4,5.4,12.6,2025-03-16,6,6
2025-03-16 07:00:00+00:00,268.2,76.0,1016.7,6.1,11.5,2025-03-16,7,6
2025-03-16 08:00:00+00:00,259.1,77.0,1016.9,8.6,10.8,2025-03-16,8,6
2025-03-16 09:00:00+00:00,229.6,72.0,1016.8,10.9,10.1,2025-03-16,9,6
2025-03-16 10:00:00+00:00,253.4,66.0,1016.6,12.8,8.6,2025-03-16,10,6
2025-03-16 11:00:00+00:00,262.6,68.0,1016.6,13.0,7.9,2025-03-16,11,6
2025-03-16 12:00:00+00:00,192.3,73.0,1016.7,12.0,11.5,2025-03-16,12,6
2025-03-16 13:00:00+00:00,338.6,74.0,1016.0,12.2,9.0,2025-03-16,13,6
2025-03-16 14:00:00+00:00,355.3,75.0,1015.1,12.8,8.6,2025-03-16,14,6
2025-03-16 15:00:00+00:00,131.7,72.0,1014.4,13.5,7.9,2025-03-16,15,6
2025-03-16 16:00:00+00:00,158.8,69.0,1014.0,14.1,11.5,2025-03-16,16,6
2025-03-16 17:00:00+00:00,152.6,72.0,1014.3,13.9,10.8,2025-03-16,17,6
2025-03-16 18:00:00+00:00,182.8,79.0,1015.1,12.7,11.2,2025-03-16,18,6
2025-03-16 19:00:00+00:00,274.4,72.0,1015.8,12.2,13.0,2025-03-16,19,6
2025-03-16 20:00:00+00:00,265.6,69.0,1016.6,11.3,10.8,2025-03-16,20,6
2025-03-16 21:00:00+00:00,283.2,72.0,1017.5,10.1,11.2,2025-03-16,21,6
2025-03-16 22:00:00+00:00,329.1,78.0,1017.9,8.5,11.0,2025-03-16,22,6
2025-03-16 23:00:00+00:00,338.5,84.0,1018.4,7.3,10.8,2025-03-16,23,6
2025-03-17 00:00:00+00:00,295.4,87.0,1018.5,6.8,7.2,2025-03-17,0,0
2025-03-17 01:00:00+00:00,320.1,88.0,1018.6,5.7,9.4,2025-03-17,1,0
2025-03-17 02:00:00+00:00,309.2,87.0,1018.2,5.9,8.3,2025-03-17,2,0
2025-03-17 03:00:00+00:00,298.4,86.0,1017.7,6.1,7.2,2025-03-17,3,0
2025-03-17 04:00:00+00:00,289.0,84.0,1018.2,6.5,5.4,2025-03-17,4,0
2025-03-17 05:00:00+00:00,309.9,87.0,1018.2,6.4,6.1,2025-03-17,5,0
2025-03-17 06:00:00+00:00,319.2,95.0,1018.3,6.3,7.9,2025-03-17,6,0
2025-03-17 07:00:00+00:00,309.9,92.5,1019.0,6.6,8.6,2025-03-17,7,0
2025-03-17 08:00:00+00:00,347.7,90.0,1018.6,8.9,9.4,2025-03-17,8,0
2025-03-17 09:00:00+00:00,36.1,86.0,1018.8,9.8,12.6,2025-03-17,9,0
2025-03-17 10:00:00+00:00,44.3,83.0,1018.9,10.3,14.0,2025-03-17,10,0
2025-03-17 11:00:00+00:00,46.9,81.0,1018.8,10.6,14.8,2025-03-17,11,0
2025-03-17 12:00:00+00:00,57.8,77.0,1018.5,10.9,15.5,2025-03-17,12,0
2025-03-17 13:00:00+00:00,70.3,72.0,1018.1,11.4,17.3,2025-03-17,13,0
2025-03-17 14:00:00+00:00,59.3,73.0,1018.0,11.0,14.4,2025-03-17,14,0
2025-03-17 15:00:00+00:00,56.8,74.0,1017.1,10.7,15.8,2025-03-17,15,0
2025-03-17 16:00:00+00:00,61.1,73.0,1016.9,11.0,14.8,2025-03-17,16,0
2025-03-17 17:00:00+00:00,57.4,77.0,1017.0,10.8,12.6,2025-03-17,17,0
2025-03-17 18:00:00+00:00,50.7,81.0,1017.2,10.5,11.7,2025-03-17,18,0
2025-03-17 19:00:00+00:00,23.2,85.0,1017.7,10.1,10.8,2025-03-17,19,0
2025-03-17 20:00:00+00:00,11.7,84.0,1018.0,9.9,10.4,2025-03-17,20,0
2025-03-17 21:00:00+00:00,2.1,83.0,1018.1,9.7,10.6,2025-03-17,21,0
2025-03-17 22:00:00+00:00,357.7,82.7,1017.9,9.6,10.8,2025-03-17,22,0
2025-03-17 23:00:00+00:00,182.4,82.3,1017.6,9.7,11.7,2025-03-17,23,0
2025-03-18 00:00:00+00:00,7.1,82.0,1017.3,9.8,12.6,2025-03-18,0,1
2025-03-18 01:00:00+00:00,15.2,81.0,1016.5,9.9,14.8,2025-03-18,1,1
2025-03-18 02:00:00+00:00,6.2,82.0,1016.6,9.6,15.8,2025-03-18,2,1
2025-03-18 03:00:00+00:00,18.1,83.0,1015.8,9.7,17.3,2025-03-18,3,1
2025-03-18 04:00:00+00:00,13.2,84.0,1015.6,9.7,18.4,2025-03-18,4,1
2025-03-18 05:00:00+00:00,18.2,86.0,1015.2,9.8,20.5,2025-03-18,5,1
2025-03-18 06:00:00+00:00,28.8,88.0,1015.3,10.1,21.6,2025-03-18,6,1
2025-03-18 07:00:00+00:00,39.7,90.0,1015.9,10.5,19.4,2025-03-18,7,1
2025-03-18 08:00:00+00:00,44.1,92.0,1016.2,10.7,23.0,2025-03-18,8,1
2025-03-18 09:00:00+00:00,64.1,93.0,1016.7,11.2,27.7,2025-03-18,9,1
2025-03-18 10:00:00+00:00,70.7,92.0,1017.1,11.8,29.2,2025-03-18,10,1
2025-03-18 11:00:00+00:00,70.4,91.0,1017.2,12.0,28.2,2025-03-18,11,1
2025-03-18 12:00:00+00:00,67.9,89.0,1017.2,11.9,27.3,2025-03-18,12,1
2025-03-18 13:00:00+00:00,75.2,85.0,1017.3,12.8,26.3,2025-03-18,13,1
2025-03-18 14:00:00+00:00,67.9,89.0,1016.8,12.5,26.6,2025-03-18,14,1
2025-03-18 15:00:00+00:00,54.8,92.0,1016.5,11.8,26.3,2025-03-18,15,1
2025-03-18 16:00:00+00:00,48.9,90.0,1016.3,12.0,29.2,2025-03-18,16,1
2025-03-18 17:00:00+00:00,52.0,89.0,1016.7,12.2,28.8,2025-03-18,17,1
2025-03-18 18:00:00+00:00,45.4,90.0,1017.1,12.1,28.4,2025-03-18,18,1
2025-03-18 19:00:00+00:00,44.4,92.0,1018.2,11.9,20.9,2025-03-18,19,1
2025-03-18 20:00:00+00:00,28.0,91.7,1018.9,11.8,18.8,2025-03-18,20,1
2025-03-18 21:00:00+00:00,11.6,91.3,1019.6,11.7,16.6,2025-03-18,21,1
2025-03-18 22:00:00+00:00,6.3,91.0,1019.7,11.6,14.8,2025-03-18,22,1
2025-03-18 23:00:00+00:00,8.3,92.0,1020.0,11.5,17.3,2025-03-18,23,1
2025-03-19 00:00:00+00:00,15.9,93.0,1019.8,11.6,20.9,2025-03-19,0,2
2025-03-19 01:00:00+00:00,20.7,92.0,1019.7,11.6,23.0,2025-03-19,1,2
2025-03-19 02:00:00+00:00,17.5,91.0,1019.4,11.7,22.7,2025-03-19,2,2
2025-03-19 03:00:00+00:00,22.3,91.5,1019.2,11.3,23.4,2025-03-19,3,2
2025-03-19 04:00:00+00:00,20.1,92.0,1019.3,11.5,22.5,2025-03-19,4,2
2025-03-19 05:00:00+00:00,11.4,91.5,1019.7,11.3,21.6,2025-03-19,5,2
2025-03-19 06:00:00+00:00,5.5,91.0,1020.1,11.5,21.2,2025-03-19,6,2
2025-03-19 07:00:00+00:00,350.2,94.0,1020.5,12.3,19.8,2025-03-19,7,2
2025-03-19 08:00:00+00:00,344.9,88.0,1021.0,13.1,15.8,2025-03-19,8,2
2025-03-19 09:00:00+00:00,25.6,81.0,1021.2,14.7,18.0,2025-03-19,9,2
2025-03-19 10:00:00+00:00,49.6,78.0,1021.4,15.3,18.4,2025-03-19,10,2
2025-03-19 11:00:00+00:00,56.4,77.0,1021.3,15.5,17.3,2025-03-19,11,2
2025-03-19 12:00:00+00:00,65.1,76.0,1020.9,16.0,18.4,2025-03-19,12,2
2025-03-19 13:00:00+00:00,76.5,75.0,1020.4,16.8,13.7,2025-03-19,13,2
2025-03-19 14:00:00+00:00,91.0,78.0,1020.0,16.5,15.3,2025-03-19,14,2
2025-03-19 15:00:00+00:00,73.1,80.5,1019.3,16.4,16.9,2025-03-19,15,2
2025-03-19 16:00:00+00:00,70.9,83.0,1019.1,15.8,15.1,2025-03-19,16,2
2025-03-19 17:00:00+00:00,64.8,88.0,1019.4,15.1,15.0,2025-03-19,17,2
2025-03-19 18:00:00+00:00,58.6,93.0,1019.8,14.4,14.8,2025-03-19,18,2
2025-03-19 19:00:00+00:00,48.0,95.0,1020.1,13.7,15.8,2025-03-19,19,2
2025-03-19 20:00:00+00:00,42.2,94.0,1020.5,13.5,15.5,2025-03-19,20,2
2025-03-19 21:00:00+00:00,40.1,93.0,1020.7,13.6,18.0,2025-03-19,21,2
2025-03-19 22:00:00+00:00,37.5,92.0,1021.0,13.7,19.8,2025-03-19,22,2
2025-03-19 23:00:00+00:00,37.3,91.0,1020.8,13.9,22.3,2025-03-19,23,2
2025-03-20 00:00:00+00:00,39.7,92.5,1020.7,13.9,22.0,2025-03-20,0,3
2025-03-20 01:00:00+00:00,41.7,94.0,1020.4,13.8,19.4,2025-03-20,1,3
2025-03-20 02:00:00+00:00,37.3,96.0,1020.0,13.8,20.8,2025-03-20,2,3
2025-03-20 03:00:00+00:00,40.6,97.0,1019.0,13.8,22.3,2025-03-20,3,3
2025-03-20 04:00:00+00:00,48.5,96.5,1018.7,13.8,23.0,2025-03-20,4,3
2025-03-20 05:00:00+00:00,52.0,96.0,1018.5,13.7,24.1,2025-03-20,5,3
2025-03-20 06:00:00+00:00,45.4,95.5,1018.8,13.6,24.8,2025-03-20,6,3
2025-03-20 07:00:00+00:00,41.2,95.0,1019.2,13.8,27.7,2025-03-20,7,3
2025-03-20 08:00:00+00:00,41.4,93.0,1019.0,14.2,29.5,2025-03-20,8,3
2025-03-20 09:00:00+00:00,44.2,92.0,1018.8,14.6,29.2,2025-03-20,9,3
2025-03-20 10:00:00+00:00,46.6,89.0,1018.7,15.2,28.3,2025-03-20,10,3
2025-03-20 11:00:00+00:00,49.8,83.0,1018.1,16.3,27.4,2025-03-20,11,3
2025-03-20 12:00:00+00:00,48.6,81.0,1017.5,17.1,25.2,2025-03-20,12,3
2025-03-20 13:00:00+00:00,50.0,77.0,1017.0,17.9,24.5,2025-03-20,13,3
2025-03-20 14:00:00+00:00,53.1,78.5,1016.2,17.8,22.7,2025-03-20,14,3
2025-03-20 15:00:00+00:00,56.2,80.0,1015.3,17.8,20.9,2025-03-20,15,3
2025-03-20 16:00:00+00:00,53.9,84.0,1014.5,17.2,22.0,2025-03-20,16,3
2025-03-20 17:00:00+00:00,54.3,86.0,1014.3,16.5,21.2,2025-03-20,17,3
2025-03-20 18:00:00+00:00,42.6,90.0,1014.5,15.5,22.0,2025-03-20,18,3
2025-03-20 19:00:00+00:00,37.6,92.0,1014.8,14.9,22.7,2025-03-20,19,3
2025-03-20 20:00:00+00:00,38.7,92.2,1015.2,14.4,23.0,2025-03-20,20,3
2025-03-20 21:00:00+00:00,36.8,92.4,1014.8,14.1,23.8,2025-03-20,21,3
2025-03-20 22:00:00+00:00,27.5,92.6,1014.2,13.9,25.6,2025-03-20,22,3
2025-03-21 00:00:00+00:00,357.6,93.0,1012.7,13.1,25.6,2025-03-21,0,4
2025-03-21 01:00:00+00:00,335.6,93.5,1012.5,12.9,21.6,2025-03-21,1,4
2025-03-21 02:00:00+00:00,317.6,94.0,1011.5,12.7,18.7,2025-03-21,2,4
2025-03-21 03:00:00+00:00,286.7,93.0,1010.4,12.5,15.8,2025-03-21,3,4
2025-03-21 04:00:00+00:00,285.9,92.0,1010.3,12.2,13.0,2025-03-21,4,4
2025-03-21 05:00:00+00:00,299.2,92.5,1010.2,11.8,7.9,2025-03-21,5,4
2025-03-21 06:00:00+00:00,335.1,93.0,1009.8,11.6,4.7,2025-03-21,6,4
2025-03-21 07:00:00+00:00,166.0,91.0,1010.6,13.1,8.3,2025-03-21,7,4
2025-03-21 08:00:00+00:00,254.4,93.0,1010.3,13.7,8.6,2025-03-21,8,4
2025-03-21 09:00:00+00:00,244.2,91.0,1011.5,14.7,13.0,2025-03-21,9,4
2025-03-21 10:00:00+00:00,249.4,74.0,1012.1,16.1,19.1,2025-03-21,10,4
2025-03-21 11:00:00+00:00,252.0,56.5,1011.4,17.8,22.5,2025-03-21,11,4
2025-03-21 12:00:00+00:00,254.7,39.0,1010.7,19.4,25.9,2025-03-21,12,4
2025-03-21 13:00:00+00:00,253.3,35.0,1010.3,20.3,28.8,2025-03-21,13,4
2025-03-21 14:00:00+00:00,255.9,33.0,1009.1,20.8,29.9,2025-03-21,14,4
2025-03-21 15:00:00+00:00,248.6,38.0,1008.8,19.9,27.9,2025-03-21,15,4
2025-03-21 16:00:00+00:00,254.3,42.0,1009.0,19.3,25.9,2025-03-21,16,4
2025-03-21 17:00:00+00:00,260.9,47.0,1009.1,18.2,20.9,2025-03-21,17,4
2025-03-21 18:00:00+00:00,264.2,49.0,1009.6,17.2,19.8,2025-03-21,18,4
2025-03-21 19:00:00+00:00,265.8,51.0,1010.2,16.6,20.5,2025-03-21,19,4
2025-03-21 20:00:00+00:00,270.3,52.0,1010.4,16.4,22.7,2025-03-21,20,4
2025-03-21 21:00:00+00:00,259.5,56.0,1010.7,15.7,23.0,2025-03-21,21,4
2025-03-21 22:00:00+00:00,258.5,59.0,1010.3,15.2,20.5,2025-03-21,22,4
2025-03-21 23:00:00+00:00,234.2,64.0,1010.0,14.5,16.2,2025-03-21,23,4
2025-03-22 00:00:00+00:00,224.5,67.0,1009.5,13.4,14.0,2025-03-22,0,5
2025-03-22 01:00:00+00:00,240.2,74.0,1009.1,12.5,14.6,2025-03-22,1,5
2025-03-22 02:00:00+00:00,241.7,75.0,1008.5,12.3,15.1,2025-03-22,2,5
2025-03-22 03:00:00+00:00,265.9,78.0,1007.9,11.5,16.6,2025-03-22,3,5
2025-03-22 04:00:00+00:00,262.7,75.0,1008.4,12.0,17.3,2025-03-22,4,5
2025-03-22 05:00:00+00:00,231.8,71.0,1008.5,12.9,19.1,2025-03-22,5,5
2025-03-22 06:00:00+00:00,245.2,65.0,1008.9,12.5,21.2,2025-03-22,6,5
2025-03-22 07:00:00+00:00,257.7,66.0,1009.4,12.0,20.2,2025-03-22,7,5
2025-03-22 08:00:00+00:00,254.5,62.0,1009.6,12.6,20.5,2025-03-22,8,5
2025-03-22 09:00:00+00:00,251.3,58.0,1009.7,13.2,20.9,2025-03-22,9,5
2025-03-22 10:00:00+00:00,256.9,48.0,1009.4,14.5,27.7,2025-03-22,10,5
2025-03-22 11:00:00+00:00,256.3,46.0,1008.3,14.9,28.4,2025-03-22,11,5
2025-03-22 12:00:00+00:00,256.5,38.0,1007.1,17.3,29.9,2025-03-22,12,5
2025-03-22 13:00:00+00:00,262.6,40.0,1007.0,17.2,33.8,2025-03-22,13,5
2025-03-22 14:00:00+00:00,258.1,44.0,1006.2,17.0,32.4,2025-03-22,14,5
2025-03-22 15:00:00+00:00,264.8,47.0,1006.4,16.5,32.8,2025-03-22,15,5
2025-03-22 16:00:00+00:00,254.7,53.0,1005.8,15.9,26.6,2025-03-22,16,5
2025-03-22 17:00:00+00:00,248.8,52.0,1005.6,16.3,20.2,2025-03-22,17,5
2025-03-22 18:00:00+00:00,254.2,54.0,1006.3,15.6,15.8,2025-03-22,18,5
2025-03-22 19:00:00+00:00,241.7,57.0,1007.1,14.3,17.6,2025-03-22,19,5
2025-03-22 20:00:00+00:00,240.9,60.0,1007.5,13.5,18.7,2025-03-22,20,5
2025-03-22 21:00:00+00:00,249.8,61.0,1008.0,12.7,21.2,2025-03-22,21,5
2025-03-22 22:00:00+00:00,251.0,62.0,1007.9,12.2,22.0,2025-03-22,22,5
2025-03-22 23:00:00+00:00,249.6,62.2,1007.7,12.1,24.5,2025-03-22,23,5
2025-03-23 00:00:00+00:00,252.8,62.5,1007.3,11.6,24.7,2025-03-23,0,6
2025-03-23 01:00:00+00:00,256.4,62.8,1007.7,11.3,24.8,2025-03-23,1,6
2025-03-23 02:00:00+00:00,257.3,63.0,1007.1,11.0,25.0,2025-03-23,2,6
2025-03-23 03:00:00+00:00,258.1,64.0,1006.3,10.9,25.2,2025-03-23,3,6
2025-03-23 04:00:00+00:00,258.9,64.7,1006.4,10.4,25.9,2025-03-23,4,6
2025-03-23 05:00:00+00:00,262.4,65.3,1006.6,10.0,25.0,2025-03-23,5,6
2025-03-23 06:00:00+00:00,266.0,66.0,1006.9,9.7,24.1,2025-03-23,6,6
2025-03-23 07:00:00+00:00,253.5,64.0,1007.5,9.8,24.8,2025-03-23,7,6
2025-03-23 08:00:00+00:00,262.3,62.0,1006.9,11.4,20.9,2025-03-23,8,6
2025-03-23 09:00:00+00:00,271.9,55.0,1007.6,12.8,24.5,2025-03-23,9,6
2025-03-23 10:00:00+00:00,279.2,48.0,1007.9,14.2,23.4,2025-03-23,10,6
2025-03-23 11:00:00+00:00,279.5,45.0,1007.6,15.2,19.8,2025-03-23,11,6
2025-03-23 12:00:00+00:00,286.9,42.0,1007.0,16.2,18.4,2025-03-23,12,6
2025-03-23 13:00:00+00:00,269.4,38.0,1006.6,16.5,17.6,2025-03-23,13,6
2025-03-23 14:00:00+00:00,266.5,39.0,1006.0,16.8,16.9,2025-03-23,14,6
2025-03-23 15:00:00+00:00,268.4,40.0,1005.5,17.1,17.3,2025-03-23,15,6
2025-03-23 16:00:00+00:00,266.6,39.0,1005.7,16.9,16.9,2025-03-23,16,6
2025-03-23 17:00:00+00:00,343.3,46.0,1006.3,16.1,18.7,2025-03-23,17,6
2025-03-23 18:00:00+00:00,45.3,70.0,1007.4,12.7,19.8,2025-03-23,18,6
2025-03-23 19:00:00+00:00,35.3,72.0,1008.4,11.4,24.8,2025-03-23,19,6
2025-03-23 20:00:00+00:00,2.7,80.0,1009.5,10.6,21.2,2025-03-23,20,6
2025-03-23 21:00:00+00:00,336.8,85.0,1010.0,9.9,12.2,2025-03-23,21,6
2025-03-23 22:00:00+00:00,294.8,86.0,1010.6,9.2,11.9,2025-03-23,22,6
2025-03-23 23:00:00+00:00,287.5,85.0,1010.8,8.5,13.3,2025-03-23,23,6
2025-03-24 00:00:00+00:00,295.3,84.0,1010.7,8.0,11.2,2025-03-24,0,0
2025-03-24 01:00:00+00:00,299.3,82.0,1011.2,7.8,8.6,2025-03-24,1,0
2025-03-24 02:00:00+00:00,290.2,80.0,1010.9,7.6,10.6,2025-03-24,2,0
2025-03-24 03:00:00+00:00,281.1,78.0,1010.6,7.4,12.6,2025-03-24,3,0
2025-03-24 04:00:00+00:00,278.6,76.0,1010.7,7.6,12.8,2025-03-24,4,0
2025-03-24 05:00:00+00:00,274.9,73.0,1011.3,7.7,13.0,2025-03-24,5,0
2025-03-24 06:00:00+00:00,271.4,71.0,1011.9,8.1,14.0,2025-03-24,6,0
2025-03-24 07:00:00+00:00,270.8,69.0,1012.9,8.9,15.8,2025-03-24,7,0
2025-03-24 08:00:00+00:00,262.4,70.0,1013.3,11.5,13.3,2025-03-24,8,0
2025-03-24 09:00:00+00:00,262.3,64.0,1013.9,13.1,12.6,2025-03-24,9,0
2025-03-24 10:00:00+00:00,271.4,55.0,1014.2,15.3,10.8,2025-03-24,10,0
2025-03-24 11:00:00+00:00,275.2,48.0,1013.9,16.9,8.6,2025-03-24,11,0
2025-03-24 12:00:00+00:00,201.2,45.5,1013.8,17.5,11.3,2025-03-24,12,0
2025-03-24 13:00:00+00:00,127.2,43.0,1013.7,18.1,14.0,2025-03-24,13,0
2025-03-24 14:00:00+00:00,143.8,45.0,1013.0,17.6,19.1,2025-03-24,14,0
2025-03-24 15:00:00+00:00,127.4,52.0,1013.3,17.0,20.0,2025-03-24,15,0
2025-03-24 16:00:00+00:00,122.8,57.0,1013.6,16.1,20.9,2025-03-24,16,0
2025-03-24 17:00:00+00:00,37.6,68.0,1014.8,14.7,12.6,2025-03-24,17,0
2025-03-24 18:00:00+00:00,20.9,73.0,1015.7,13.6,13.7,2025-03-24,18,0
2025-03-24 19:00:00+00:00,3.9,74.0,1016.1,12.6,11.2,2025-03-24,19,0
2025-03-24 20:00:00+00:00,349.3,80.0,1017.0,11.9,10.8,2025-03-24,20,0
2025-03-24 21:00:00+00:00,355.0,83.0,1017.6,11.1,12.2,2025-03-24,21,0
2025-03-24 22:00:00+00:00,315.0,87.0,1018.1,10.3,10.8,2025-03-24,22,0
2025-03-24 23:00:00+00:00,305.8,86.6,1018.2,10.5,10.4,2025-03-24,23,0
2025-03-25 00:00:00+00:00,296.6,86.1,1018.4,10.7,10.0,2025-03-25,0,1
2025-03-25 01:00:00+00:00,287.4,85.6,1018.5,10.9,9.6,2025-03-25,1,1
2025-03-25 18:00:00+00:00,130.9,78.0,1021.0,14.1,2.5,2025-03-25,18,1
2025-03-25 19:00:00+00:00,306.5,80.3,1021.5,13.2,8.3,2025-03-25,19,1
2025-03-25 20:00:00+00:00,296.7,82.7,1021.6,12.2,8.4,2025-03-25,20,1
2025-03-25 21:00:00+00:00,286.9,85.0,1021.8,11.2,8.6,2025-03-25,21,1
2025-03-25 22:00:00+00:00,271.8,86.0,1021.7,10.7,9.4,2025-03-25,22,1
2025-03-25 23:00:00+00:00,274.6,85.7,1021.6,10.1,10.1,2025-03-25,23,1
2025-03-26 00:00:00+00:00,285.5,85.3,1021.3,9.4,9.7,2025-03-26,0,2
2025-03-26 01:00:00+00:00,288.6,85.0,1020.8,8.8,9.4,2025-03-26,1,2
2025-03-26 02:00:00+00:00,288.1,83.5,1020.5,8.7,10.1,2025-03-26,2,2
2025-03-26 03:00:00+00:00,290.1,82.0,1020.0,8.6,10.8,2025-03-26,3,2
2025-03-26 04:00:00+00:00,291.4,79.0,1019.8,8.4,11.5,2025-03-26,4,2
2025-03-26 05:00:00+00:00,281.3,80.0,1019.7,7.9,9.7,2025-03-26,5,2
2025-03-26 06:00:00+00:00,264.4,82.0,1019.9,7.2,9.4,2025-03-26,6,2
2025-03-26 07:00:00+00:00,277.5,79.5,1020.2,8.5,9.7,2025-03-26,7,2
2025-03-26 08:00:00+00:00,266.1,77.0,1020.1,10.9,8.6,2025-03-26,8,2
2025-03-26 09:00:00+00:00,246.7,66.0,1020.0,13.5,6.1,2025-03-26,9,2
2025-03-26 10:00:00+00:00,213.6,58.0,1020.1,15.4,7.6,2025-03-26,10,2
2025-03-26 11:00:00+00:00,165.0,56.0,1019.5,16.5,9.0,2025-03-26,11,2
2025-03-26 12:00:00+00:00,145.5,54.0,1019.1,17.1,11.9,2025-03-26,12,2
2025-03-26 13:00:00+00:00,131.9,50.0,1018.2,17.4,13.7,2025-03-26,13,2
2025-03-26 14:00:00+00:00,122.9,52.0,1017.2,17.2,15.1,2025-03-26,14,2
2025-03-26 15:00:00+00:00,121.7,53.0,1016.8,16.6,17.3,2025-03-26,15,2
2025-03-26 16:00:00+00:00,124.0,60.0,1016.6,15.3,16.6,2025-03-26,16,2
2025-03-26 17:00:00+00:00,135.6,69.0,1017.1,14.6,13.5,2025-03-26,17,2
2025-03-26 18:00:00+00:00,147.1,78.0,1017.6,13.9,10.4,2025-03-26,18,2
2025-03-26 19:00:00+00:00,18.0,80.0,1018.0,12.7,5.0,2025-03-26,19,2
2025-03-26 20:00:00+00:00,358.7,79.0,1018.1,12.0,5.8,2025-03-26,20,2
2025-03-26 21:00:00+00:00,331.1,81.0,1018.3,11.2,6.7,2025-03-26,21,2
2025-03-26 22:00:00+00:00,316.2,87.0,1018.5,10.0,7.6,2025-03-26,22,2
2025-03-26 23:00:00+00:00,306.9,88.0,1018.4,9.5,7.2,2025-03-26,23,2
2025-03-27 00:00:00+00:00,313.9,85.0,1018.1,9.0,8.3,2025-03-27,0,3
2025-03-27 01:00:00+00:00,312.0,84.0,1017.6,8.5,9.7,2025-03-27,1,3
2025-03-27 02:00:00+00:00,297.8,82.5,1017.2,8.1,7.9,2025-03-27,2,3
2025-03-27 03:00:00+00:00,294.4,81.0,1016.5,7.8,7.6,2025-03-27,3,3
2025-03-27 04:00:00+00:00,295.5,79.0,1016.1,7.5,7.2,2025-03-27,4,3
2025-03-27 05:00:00+00:00,292.0,81.0,1016.2,7.1,6.8,2025-03-27,5,3
2025-03-27 06:00:00+00:00,281.9,83.0,1016.4,6.8,6.5,2025-03-27,6,3
2025-03-27 07:00:00+00:00,294.1,80.0,1016.7,8.0,8.3,2025-03-27,7,3
2025-03-27 08:00:00+00:00,277.6,74.0,1016.8,10.7,5.4,2025-03-27,8,3
2025-03-27 09:00:00+00:00,263.4,66.0,1017.0,13.2,4.0,2025-03-27,9,3
2025-03-27 10:00:00+00:00,137.5,59.0,1016.9,14.9,6.5,2025-03-27,10,3
2025-03-27 11:00:00+00:00,131.0,56.0,1016.4,15.9,9.4,2025-03-27,11,3
2025-03-27 12:00:00+00:00,120.6,59.0,1016.2,16.2,13.0,2025-03-27,12,3
2025-03-27 13:00:00+00:00,103.9,60.3,1015.4,16.4,16.6,2025-03-27,13,3
2025-03-27 14:00:00+00:00,116.2,61.7,1014.8,16.2,17.3,2025-03-27,14,3
2025-03-27 15:00:00+00:00,128.5,63.0,1014.2,15.9,18.0,2025-03-27,15,3
2025-03-27 16:00:00+00:00,128.8,64.0,1014.1,15.7,16.9,2025-03-27,16,3
2025-03-27 17:00:00+00:00,109.9,68.0,1014.6,15.0,15.8,2025-03-27,17,3
2025-03-27 18:00:00+00:00,94.6,76.0,1015.2,13.8,13.3,2025-03-27,18,3
2025-03-27 19:00:00+00:00,355.5,83.0,1016.2,12.6,6.5,2025-03-27,19,3
2025-03-27 20:00:00+00:00,15.2,85.0,1015.9,12.0,5.4,2025-03-27,20,3
2025-03-27 21:00:00+00:00,343.7,86.0,1016.3,11.5,6.5,2025-03-27,21,3
2025-03-27 22:00:00+00:00,324.9,87.0,1016.7,10.7,8.6,2025-03-27,22,3
2025-03-27 23:00:00+00:00,310.6,87.5,1016.6,10.2,8.3,2025-03-27,23,3
2025-03-28 00:00:00+00:00,297.6,88.0,1016.4,9.7,8.4,2025-03-28,0,4
2025-03-28 01:00:00+00:00,291.9,89.0,1016.0,9.6,8.5,2025-03-28,1,4
2025-03-28 02:00:00+00:00,301.2,88.0,1015.5,9.3,8.6,2025-03-28,2,4
2025-03-28 03:00:00+00:00,305.0,84.0,1014.9,9.0,8.3,2025-03-28,3,4
2025-03-28 04:00:00+00:00,290.2,83.0,1015.0,8.8,8.6,2025-03-28,4,4
2025-03-28 05:00:00+00:00,283.9,81.0,1015.0,8.4,7.6,2025-03-28,5,4
2025-03-28 06:00:00+00:00,276.2,79.0,1015.1,8.0,7.9,2025-03-28,6,4
2025-03-28 07:00:00+00:00,268.5,77.0,1015.7,9.7,10.8,2025-03-28,7,4
2025-03-28 08:00:00+00:00,265.7,68.0,1016.2,12.0,8.6,2025-03-28,8,4
2025-03-28 09:00:00+00:00,256.9,57.0,1016.4,14.1,8.3,2025-03-28,9,4
2025-03-28 10:00:00+00:00,2.3,53.0,1016.6,15.7,9.9,2025-03-28,10,4
2025-03-28 11:00:00+00:00,59.1,51.0,1016.2,16.2,11.4,2025-03-28,11,4
2025-03-28 12:00:00+00:00,115.9,49.0,1015.8,16.7,13.0,2025-03-28,12,4
2025-03-28 13:00:00+00:00,144.7,48.0,1015.3,17.0,14.8,2025-03-28,13,4
2025-03-28 14:00:00+00:00,142.0,48.5,1014.3,17.5,13.3,2025-03-28,14,4
2025-03-28 15:00:00+00:00,127.9,49.0,1013.6,17.4,12.2,2025-03-28,15,4
2025-03-28 16:00:00+00:00,127.5,50.0,1013.9,16.9,13.3,2025-03-28,16,4
2025-03-28 17:00:00+00:00,145.9,51.0,1014.2,15.9,12.2,2025-03-28,17,4
2025-03-28 18:00:00+00:00,160.5,67.0,1015.0,14.5,7.9,2025-03-28,18,4
2025-03-28 19:00:00+00:00,254.5,69.0,1015.1,13.1,8.3,2025-03-28,19,4
2025-03-28 20:00:00+00:00,298.9,73.0,1015.6,12.3,9.0,2025-03-28,20,4
2025-03-28 21:00:00+00:00,315.7,76.0,1015.9,11.6,11.9,2025-03-28,21,4
2025-03-28 22:00:00+00:00,318.8,72.0,1016.4,11.4,13.3,2025-03-28,22,4
2025-03-28 23:00:00+00:00,325.7,67.0,1016.8,11.0,16.2,2025-03-28,23,4
2025-03-29 00:00:00+00:00,315.1,64.0,1016.7,10.6,14.8,2025-03-29,0,5
2025-03-29 01:00:00+00:00,287.9,70.0,1017.0,10.2,10.4,2025-03-29,1,5
2025-03-29 02:00:00+00:00,267.2,67.5,1016.8,9.7,13.7,2025-03-29,2,5
2025-03-29 03:00:00+00:00,253.6,65.0,1016.5,9.6,16.6,2025-03-29,3,5
2025-03-29 04:00:00+00:00,256.2,64.0,1016.7,9.4,18.4,2025-03-29,4,5
2025-03-29 05:00:00+00:00,261.8,66.0,1016.8,9.3,17.6,2025-03-29,5,5
2025-03-29 06:00:00+00:00,287.5,68.0,1016.9,8.6,18.4,2025-03-29,6,5
2025-03-29 07:00:00+00:00,262.2,67.0,1017.1,9.9,15.5,2025-03-29,7,5
2025-03-29 08:00:00+00:00,251.5,55.5,1017.4,12.9,14.4,2025-03-29,8,5
2025-03-29 09:00:00+00:00,240.8,44.0,1017.8,15.9,13.3,2025-03-29,9,5
2025-03-29 10:00:00+00:00,262.2,40.0,1018.0,17.3,11.9,2025-03-29,10,5
2025-03-29 11:00:00+00:00,281.5,38.0,1017.6,18.6,15.8,2025-03-29,11,5
2025-03-29 12:00:00+00:00,312.2,36.0,1017.4,18.9,19.8,2025-03-29,12,5
2025-03-29 13:00:00+00:00,307.1,32.0,1016.5,19.8,22.0,2025-03-29,13,5
2025-03-29 14:00:00+00:00,327.2,28.0,1015.9,20.0,25.6,2025-03-29,14,5
2025-03-29 15:00:00+00:00,337.2,26.0,1016.5,19.4,23.0,2025-03-29,15,5
2025-03-29 16:00:00+00:00,325.1,27.0,1016.6,18.8,24.5,2025-03-29,16,5
2025-03-29 17:00:00+00:00,315.4,30.0,1016.7,17.4,25.6,2025-03-29,17,5
2025-03-29 18:00:00+00:00,314.9,32.0,1017.4,15.8,22.0,2025-03-29,18,5
2025-03-29 19:00:00+00:00,271.5,37.0,1017.8,14.2,17.3,2025-03-29,19,5
2025-03-29 20:00:00+00:00,241.6,39.0,1018.1,12.8,13.3,2025-03-29,20,5
2025-03-29 21:00:00+00:00,219.9,42.0,1018.7,11.8,10.4,2025-03-29,21,5
2025-03-29 22:00:00+00:00,253.6,43.0,1019.0,11.0,13.7,2025-03-29,22,5
2025-03-29 23:00:00+00:00,280.2,45.0,1019.1,10.3,8.6,2025-03-29,23,5
2025-03-30 00:00:00+00:00,263.9,51.0,1019.3,8.9,9.0,2025-03-30,0,6
2025-03-30 01:00:00+00:00,280.4,57.0,1019.5,7.8,9.6,2025-03-30,1,6
2025-03-30 02:00:00+00:00,274.7,61.0,1019.4,7.0,10.1,2025-03-30,2,6
2025-03-30 03:00:00+00:00,276.9,64.0,1018.8,6.2,10.8,2025-03-30,3,6
2025-03-30 04:00:00+00:00,271.3,66.0,1018.9,5.9,11.2,2025-03-30,4,6
2025-03-30 05:00:00+00:00,274.7,67.0,1019.3,5.6,11.0,2025-03-30,5,6
2025-03-30 06:00:00+00:00,278.1,68.0,1019.7,5.3,10.8,2025-03-30,6,6
2025-03-30 07:00:00+00:00,279.0,64.0,1020.3,6.6,10.2,2025-03-30,7,6
2025-03-30 08:00:00+00:00,269.9,56.0,1020.2,10.1,9.7,2025-03-30,8,6
2025-03-30 09:00:00+00:00,261.6,48.0,1020.8,13.2,8.3,2025-03-30,9,6
2025-03-30 10:00:00+00:00,246.5,39.0,1021.1,15.7,7.9,2025-03-30,10,6
2025-03-30 11:00:00+00:00,217.2,34.0,1020.6,17.5,9.0,2025-03-30,11,6
2025-03-30 12:00:00+00:00,201.0,29.0,1020.4,18.9,9.7,2025-03-30,12,6
2025-03-30 13:00:00+00:00,167.1,28.0,1020.2,19.5,12.2,2025-03-30,13,6
2025-03-30 14:00:00+00:00,154.4,29.0,1019.7,19.9,11.9,2025-03-30,14,6
2025-03-30 15:00:00+00:00,137.8,30.0,1019.3,19.7,13.3,2025-03-30,15,6
2025-03-30 16:00:00+00:00,131.0,34.0,1019.2,19.2,14.4,2025-03-30,16,6
2025-03-30 17:00:00+00:00,134.0,42.0,1019.3,18.1,13.0,2025-03-30,17,6
2025-03-30 18:00:00+00:00,151.9,55.0,1019.8,16.2,10.1,2025-03-30,18,6
2025-03-30 19:00:00+00:00,163.6,57.5,1020.0,15.0,6.5,2025-03-30,19,6
2025-03-30 20:00:00+00:00,276.9,60.0,1020.4,14.1,5.0,2025-03-30,20,6
2025-03-30 21:00:00+00:00,304.1,61.0,1020.7,13.0,4.3,2025-03-30,21,6
2025-03-30 22:00:00+00:00,312.7,65.0,1021.0,11.9,4.7,2025-03-30,22,6
2025-03-30 23:00:00+00:00,301.7,70.0,1021.1,10.7,6.8,2025-03-30,23,6
2025-03-31 00:00:00+00:00,294.2,73.0,1020.8,10.0,7.6,2025-03-31,0,0
2025-03-31 01:00:00+00:00,284.9,71.7,1020.2,9.1,9.7,2025-03-31,1,0
2025-03-31 02:00:00+00:00,285.5,70.3,1019.4,9.0,9.9,2025-03-31,2,0
2025-03-31 03:00:00+00:00,286.1,69.0,1018.5,8.9,10.1,2025-03-31,3,0
2025-03-31 04:00:00+00:00,278.6,68.0,1018.1,8.7,10.8,2025-03-31,4,0
2025-03-31 05:00:00+00:00,274.8,67.0,1017.9,8.4,10.2,2025-03-31,5,0
2025-03-31 06:00:00+00:00,276.5,66.0,1017.7,7.9,9.7,2025-03-31,6,0
2025-03-31 07:00:00+00:00,279.4,65.0,1018.0,9.4,9.6,2025-03-31,7,0
2025-03-31 08:00:00+00:00,262.2,64.0,1017.6,12.8,9.4,2025-03-31,8,0
2025-03-31 09:00:00+00:00,255.0,55.0,1017.5,16.5,7.6,2025-03-31,9,0
2025-03-31 10:00:00+00:00,229.6,43.0,1017.1,19.8,6.1,2025-03-31,10,0
2025-03-31 11:00:00+00:00,181.7,38.0,1016.7,21.7,7.6,2025-03-31,11,0
2025-03-31 12:00:00+00:00,138.7,37.5,1016.3,22.9,11.2,2025-03-31,12,0
2025-03-31 13:00:00+00:00,138.1,37.0,1015.7,24.2,13.7,2025-03-31,13,0
2025-03-31 14:00:00+00:00,114.2,40.0,1015.0,23.6,15.1,2025-03-31,14,0
2025-03-31 15:00:00+00:00,99.4,44.0,1014.3,21.9,14.0,2025-03-31,15,0
2025-03-31 16:00:00+00:00,90.8,46.0,1014.1,20.2,12.2,2025-03-31,16,0
2025-03-31 17:00:00+00:00,75.3,53.0,1014.2,18.6,11.2,2025-03-31,17,0
2025-03-31 18:00:00+00:00,42.7,66.0,1014.6,16.9,8.3,2025-03-31,18,0
2025-03-31 19:00:00+00:00,14.1,67.0,1014.0,16.0,9.0,2025-03-31,19,0
2025-03-31 20:00:00+00:00,26.7,72.0,1014.5,15.2,12.2,2025-03-31,20,0
2025-03-31 21:00:00+00:00,28.1,72.6,1014.8,14.4,13.7,2025-03-31,21,0
2025-03-31 22:00:00+00:00,19.0,73.2,1015.0,13.7,13.3,2025-03-31,22,0
2025-03-31 23:00:00+00:00,29.6,73.8,1015.0,13.4,13.6,2025-03-31,23,0
2025-04-01 01:00:00+00:00,37.2,75.0,1014.7,12.5,13.7,2025-04-01,1,1
2025-04-01 02:00:00+00:00,24.1,78.0,1013.5,12.4,15.5,2025-04-01,2,1
2025-04-01 03:00:00+00:00,9.5,78.5,1012.7,12.1,15.1,2025-04-01,3,1
2025-04-01 04:00:00+00:00,348.2,79.0,1012.4,11.4,9.7,2025-04-01,4,1
2025-04-01 05:00:00+00:00,316.4,80.0,1012.0,10.1,6.8,2025-04-01,5,1
2025-04-01 06:00:00+00:00,319.1,78.0,1011.7,9.4,6.1,2025-04-01,6,1
2025-04-01 07:00:00+00:00,292.9,76.0,1011.9,10.5,7.6,2025-04-01,7,1
2025-04-01 08:00:00+00:00,306.9,66.0,1011.7,13.8,5.4,2025-04-01,8,1
2025-04-01 09:00:00+00:00,355.3,57.0,1011.4,16.3,3.2,2025-04-01,9,1
2025-04-01 10:00:00+00:00,132.0,54.0,1010.8,17.9,4.7,2025-04-01,10,1
2025-04-01 11:00:00+00:00,136.0,50.0,1010.0,19.4,6.1,2025-04-01,11,1
2025-04-01 12:00:00+00:00,117.8,47.0,1009.1,20.6,12.6,2025-04-01,12,1
2025-04-01 13:00:00+00:00,119.7,50.0,1007.9,20.2,17.6,2025-04-01,13,1
2025-04-01 14:00:00+00:00,106.1,49.0,1006.5,19.7,15.5,2025-04-01,14,1
2025-04-01 15:00:00+00:00,85.7,46.0,1005.7,19.4,14.8,2025-04-01,15,1
2025-04-01 16:00:00+00:00,72.9,52.0,1005.4,18.5,15.8,2025-04-01,16,1
2025-04-01 17:00:00+00:00,61.0,62.0,1005.5,16.9,15.1,2025-04-01,17,1
2025-04-01 18:00:00+00:00,46.4,69.0,1006.0,15.9,15.4,2025-04-01,18,1
2025-04-01 19:00:00+00:00,31.1,75.0,1005.9,14.8,15.8,2025-04-01,19,1
2025-04-01 20:00:00+00:00,28.5,77.0,1006.4,14.4,18.0,2025-04-01,20,1
2025-04-01 21:00:00+00:00,25.9,79.0,1006.8,14.0,20.2,2025-04-01,21,1
2025-04-01 22:00:00+00:00,12.0,77.0,1006.9,13.4,19.1,2025-04-01,22,1
2025-04-01 23:00:00+00:00,6.9,79.0,1006.8,13.0,18.4,2025-04-01,23,1
2025-04-02 00:00:00+00:00,1.3,81.0,1006.6,12.8,20.2,2025-04-02,0,2
2025-04-02 01:00:00+00:00,358.2,82.0,1006.2,13.0,19.8,2025-04-02,1,2
2025-04-02 02:00:00+00:00,346.8,85.0,1005.9,12.3,18.0,2025-04-02,2,2
2025-04-02 03:00:00+00:00,328.1,86.0,1005.4,11.6,17.3,2025-04-02,3,2
2025-04-02 04:00:00+00:00,324.9,87.0,1005.1,11.1,16.2,2025-04-02,4,2
2025-04-02 05:00:00+00:00,314.2,86.0,1005.2,11.1,13.7,2025-04-02,5,2
2025-04-02 06:00:00+00:00,298.1,84.0,1005.4,11.2,11.2,2025-04-02,6,2
2025-04-02 07:00:00+00:00,317.9,79.0,1006.3,13.3,9.6,2025-04-02,7,2
2025-04-02 08:00:00+00:00,307.6,76.0,1006.5,13.9,7.9,2025-04-02,8,2
2025-04-02 09:00:00+00:00,261.4,73.2,1006.6,14.8,9.4,2025-04-02,9,2
2025-04-02 10:00:00+00:00,215.2,70.5,1006.8,15.8,11.0,2025-04-02,10,2
2025-04-02 11:00:00+00:00,169.0,67.8,1006.9,16.7,12.5,2025-04-02,11,2
2025-04-02 12:00:00+00:00,122.8,65.0,1007.0,17.6,14.0,2025-04-02,12,2
2025-04-02 13:00:00+00:00,115.0,66.5,1006.9,17.8,16.2,2025-04-02,13,2
2025-04-02 14:00:00+00:00,116.0,68.0,1006.8,17.1,16.9,2025-04-02,14,2
2025-04-02 15:00:00+00:00,106.3,69.5,1006.6,17.2,17.6,2025-04-02,15,2
2025-04-02 16:00:00+00:00,105.0,71.0,1007.1,16.9,18.7,2025-04-02,16,2
2025-04-02 17:00:00+00:00,99.1,74.5,1008.0,16.4,17.6,2025-04-02,17,2
2025-04-02 18:00:00+00:00,93.2,78.0,1008.9,15.8,16.6,2025-04-02,18,2
2025-04-02 19:00:00+00:00,77.5,82.0,1009.8,15.2,14.4,2025-04-02,19,2
2025-04-02 20:00:00+00:00,52.0,87.0,1011.0,14.4,11.9,2025-04-02,20,2
2025-04-02 21:00:00+00:00,36.4,89.0,1011.7,14.1,13.0,2025-04-02,21,2
2025-04-02 22:00:00+00:00,25.3,88.5,1012.2,13.9,13.3,2025-04-02,22,2
2025-04-02 23:00:00+00:00,19.3,88.0,1012.6,13.6,13.0,2025-04-02,23,2
2025-04-03 00:00:00+00:00,20.2,90.0,1012.8,13.1,12.6,2025-04-03,0,3
2025-04-03 01:00:00+00:00,21.3,92.0,1012.9,13.0,13.7,2025-04-03,1,3
2025-04-03 02:00:00+00:00,26.1,92.5,1012.6,12.9,14.8,2025-04-03,2,3
2025-04-03 03:00:00+00:00,22.3,93.0,1012.5,12.8,16.2,2025-04-03,3,3
2025-04-03 04:00:00+00:00,29.8,94.0,1012.3,13.0,17.3,2025-04-03,4,3
2025-04-03 05:00:00+00:00,31.7,92.3,1012.6,13.4,17.6,2025-04-03,5,3
2025-04-03 06:00:00+00:00,33.3,90.7,1013.0,13.3,18.0,2025-04-03,6,3
2025-04-03 07:00:00+00:00,48.6,89.0,1013.8,14.3,19.1,2025-04-03,7,3
2025-04-03 08:00:00+00:00,51.6,83.0,1013.9,15.0,22.7,2025-04-03,8,3
2025-04-03 09:00:00+00:00,52.7,78.0,1014.1,15.5,23.8,2025-04-03,9,3
2025-04-03 10:00:00+00:00,58.2,72.0,1014.6,16.4,24.8,2025-04-03,10,3
2025-04-03 11:00:00+00:00,56.3,68.0,1014.4,17.0,28.1,2025-04-03,11,3
2025-04-03 12:00:00+00:00,54.8,67.0,1014.2,17.3,29.5,2025-04-03,12,3
2025-04-03 13:00:00+00:00,56.3,61.0,1014.0,17.6,31.0,2025-04-03,13,3
2025-04-03 14:00:00+00:00,53.0,66.0,1013.4,17.1,30.7,2025-04-03,14,3
2025-04-03 15:00:00+00:00,49.8,71.0,1012.8,16.6,30.4,2025-04-03,15,3
2025-04-03 16:00:00+00:00,48.0,75.0,1012.7,16.2,30.1,2025-04-03,16,3
2025-04-03 18:00:00+00:00,39.5,82.0,1012.9,15.4,29.5,2025-04-03,18,3
2025-04-03 19:00:00+00:00,35.1,84.0,1013.0,15.1,28.4,2025-04-03,19,3
2025-04-03 20:00:00+00:00,36.6,88.0,1014.0,14.6,29.9,2025-04-03,20,3
2025-04-03 21:00:00+00:00,30.3,88.5,1013.9,14.7,28.1,2025-04-03,21,3
2025-04-03 22:00:00+00:00,30.1,89.0,1013.8,14.5,28.8,2025-04-03,22,3
2025-04-03 23:00:00+00:00,29.8,89.5,1013.5,14.4,29.5,2025-04-03,23,3
2025-04-04 00:00:00+00:00,32.0,90.0,1012.5,14.2,31.7,2025-04-04,0,4
2025-04-04 01:00:00+00:00,29.5,87.0,1011.4,14.3,34.9,2025-04-04,1,4
2025-04-04 02:00:00+00:00,32.4,86.0,1010.6,14.1,35.6,2025-04-04,2,4
2025-04-04 03:00:00+00:00,27.9,85.0,1010.0,14.0,34.2,2025-04-04,3,4
2025-04-04 04:00:00+00:00,21.2,83.0,1010.3,14.1,31.0,2025-04-04,4,4
2025-04-04 05:00:00+00:00,3.4,82.0,1010.6,14.2,25.9,2025-04-04,5,4
2025-04-04 06:00:00+00:00,11.2,81.0,1009.6,14.2,28.1,2025-04-04,6,4
2025-04-04 07:00:00+00:00,8.6,82.0,1010.6,14.3,24.8,2025-04-04,7,4
2025-04-04 08:00:00+00:00,351.7,77.0,1011.7,15.6,18.0,2025-04-04,8,4
2025-04-04 09:00:00+00:00,28.3,71.0,1012.2,17.0,21.6,2025-04-04,9,4
2025-04-04 10:00:00+00:00,34.0,69.0,1012.4,17.6,19.8,2025-04-04,10,4
2025-04-04 11:00:00+00:00,84.8,67.0,1012.1,18.2,14.4,2025-04-04,11,4
2025-04-04 12:00:00+00:00,135.6,65.0,1011.8,18.8,9.0,2025-04-04,12,4
2025-04-04 13:00:00+00:00,121.4,66.0,1011.3,19.2,10.4,2025-04-04,13,4
2025-04-04 14:00:00+00:00,117.5,67.5,1010.7,19.3,12.2,2025-04-04,14,4
2025-04-04 15:00:00+00:00,92.0,69.0,1010.0,18.6,15.5,2025-04-04,15,4
2025-04-04 16:00:00+00:00,85.8,73.0,1010.2,17.6,16.2,2025-04-04,16,4
2025-04-04 17:00:00+00:00,76.9,78.0,1010.4,16.8,13.7,2025-04-04,17,4
2025-04-04 18:00:00+00:00,64.1,82.0,1011.6,16.0,7.2,2025-04-04,18,4
2025-04-04 19:00:00+00:00,62.2,88.0,1011.5,15.0,8.6,2025-04-04,19,4
2025-04-04 20:00:00+00:00,51.6,91.0,1011.8,14.3,8.3,2025-04-04,20,4
2025-04-04 21:00:00+00:00,5.5,92.0,1012.3,13.9,7.9,2025-04-04,21,4
2025-04-04 22:00:00+00:00,316.4,94.0,1012.5,13.4,6.8,2025-04-04,22,4
2025-04-04 23:00:00+00:00,319.0,96.0,1012.9,12.8,8.6,2025-04-04,23,4
2025-04-05 00:00:00+00:00,296.9,98.0,1012.8,12.2,6.8,2025-04-05,0,5
2025-04-05 01:00:00+00:00,292.9,97.0,1012.7,11.9,7.4,2025-04-05,1,5
2025-04-05 02:00:00+00:00,291.6,95.0,1012.6,11.6,7.9,2025-04-05,2,5
2025-04-05 03:00:00+00:00,260.2,93.0,1012.2,10.9,8.3,2025-04-05,3,5
2025-04-05 04:00:00+00:00,258.8,91.0,1012.3,11.3,13.3,2025-04-05,4,5
2025-04-05 05:00:00+00:00,273.7,81.0,1012.4,12.4,18.0,2025-04-05,5,5
2025-04-05 06:00:00+00:00,280.2,76.0,1013.0,12.9,20.5,2025-04-05,6,5
2025-04-05 07:00:00+00:00,270.8,70.0,1013.7,14.0,17.6,2025-04-05,7,5
2025-04-05 08:00:00+00:00,270.5,62.0,1013.6,15.9,18.7,2025-04-05,8,5
2025-04-05 09:00:00+00:00,270.2,54.0,1013.4,17.8,19.8,2025-04-05,9,5
2025-04-05 10:00:00+00:00,277.9,45.0,1013.1,19.6,18.7,2025-04-05,10,5
2025-04-05 11:00:00+00:00,280.2,37.0,1012.8,21.2,16.2,2025-04-05,11,5
2025-04-05 12:00:00+00:00,276.2,32.0,1012.2,22.6,16.6,2025-04-05,12,5
2025-04-05 13:00:00+00:00,263.2,29.0,1011.8,23.6,15.8,2025-04-05,13,5
2025-04-05 14:00:00+00:00,234.6,28.0,1010.8,23.9,14.8,2025-04-05,14,5
2025-04-05 15:00:00+00:00,209.2,27.0,1009.8,24.2,15.8,2025-04-05,15,5
2025-04-05 16:00:00+00:00,202.3,29.0,1009.4,23.6,18.7,2025-04-05,16,5
2025-04-05 17:00:00+00:00,214.4,35.0,1009.7,22.3,20.5,2025-04-05,17,5
2025-04-05 18:00:00+00:00,326.7,46.0,1010.4,20.2,19.4,2025-04-05,18,5
2025-04-05 19:00:00+00:00,353.3,61.0,1011.6,16.6,17.3,2025-04-05,19,5
2025-04-05 20:00:00+00:00,305.4,62.0,1012.6,16.0,14.8,2025-04-05,20,5
2025-04-05 21:00:00+00:00,306.8,69.0,1012.9,15.3,12.2,2025-04-05,21,5
2025-04-05 22:00:00+00:00,300.6,77.0,1013.0,13.8,12.6,2025-04-05,22,5
2025-04-05 23:00:00+00:00,290.0,79.0,1013.1,13.1,11.9,2025-04-05,23,5
2025-04-06 00:00:00+00:00,290.2,76.0,1013.0,12.8,12.2,2025-04-06,0,6
2025-04-06 01:00:00+00:00,296.8,70.0,1012.9,13.0,12.6,2025-04-06,1,6
2025-04-06 02:00:00+00:00,299.2,65.0,1012.6,13.5,12.2,2025-04-06,2,6
2025-04-06 03:00:00+00:00,296.9,66.0,1012.4,13.3,11.9,2025-04-06,3,6
2025-04-06 04:00:00+00:00,294.7,67.0,1012.3,12.8,11.7,2025-04-06,4,6
2025-04-06 05:00:00+00:00,289.7,69.5,1012.4,12.4,11.4,2025-04-06,5,6
2025-04-06 06:00:00+00:00,284.7,72.0,1012.6,11.9,11.2,2025-04-06,6,6
2025-04-06 07:00:00+00:00,278.4,69.0,1013.1,13.2,11.9,2025-04-06,7,6
2025-04-06 08:00:00+00:00,277.7,63.0,1013.3,15.9,9.7,2025-04-06,8,6
2025-04-06 09:00:00+00:00,273.0,53.0,1013.2,19.1,8.6,2025-04-06,9,6
2025-04-06 10:00:00+00:00,252.2,44.0,1013.1,21.2,6.1,2025-04-06,10,6
2025-04-06 11:00:00+00:00,204.3,39.0,1013.0,22.4,8.3,2025-04-06,11,6
2025-04-06 12:00:00+00:00,178.7,36.0,1012.4,23.0,11.2,2025-04-06,12,6
2025-04-06 13:00:00+00:00,164.8,35.0,1012.3,23.5,12.6,2025-04-06,13,6
2025-04-06 14:00:00+00:00,154.8,34.0,1011.8,23.7,14.0,2025-04-06,14,6
2025-04-06 15:00:00+00:00,151.4,36.0,1011.3,23.4,14.4,2025-04-06,15,6
2025-04-06 16:00:00+00:00,146.8,41.0,1011.4,22.6,15.1,2025-04-06,16,6
2025-04-06 17:00:00+00:00,144.6,47.0,1011.5,21.2,13.7,2025-04-06,17,6
2025-04-06 18:00:00+00:00,146.6,54.0,1012.1,19.6,12.2,2025-04-06,18,6
2025-04-06 19:00:00+00:00,151.2,62.0,1012.7,17.8,10.1,2025-04-06,19,6
2025-04-06 20:00:00+00:00,292.6,64.0,1013.6,17.1,5.8,2025-04-06,20,6
2025-04-06 21:00:00+00:00,298.2,65.0,1013.8,16.7,6.5,2025-04-06,21,6
2025-04-06 22:00:00+00:00,314.2,68.0,1013.9,15.8,6.8,2025-04-06,22,6
2025-04-06 23:00:00+00:00,298.1,74.0,1014.1,14.5,10.4,2025-04-06,23,6
2025-04-07 00:00:00+00:00,296.5,78.0,1014.0,13.4,11.2,2025-04-07,0,0
2025-04-07 01:00:00+00:00,292.5,76.7,1014.4,13.1,10.8,2025-04-07,1,0
2025-04-07 02:00:00+00:00,295.0,75.3,1014.3,13.0,10.9,2025-04-07,2,0
2025-04-07 03:00:00+00:00,297.4,74.0,1014.2,12.8,11.1,2025-04-07,3,0
2025-04-07 04:00:00+00:00,301.2,75.0,1014.4,12.5,11.2,2025-04-07,4,0
2025-04-07 05:00:00+00:00,293.6,76.0,1014.8,12.0,10.8,2025-04-07,5,0
2025-04-07 06:00:00+00:00,291.5,73.0,1015.4,11.9,11.2,2025-04-07,6,0
2025-04-07 07:00:00+00:00,285.8,70.0,1016.1,13.7,10.1,2025-04-07,7,0
2025-04-07 08:00:00+00:00,275.0,60.0,1016.6,17.3,9.0,2025-04-07,8,0
2025-04-07 09:00:00+00:00,279.2,50.0,1017.2,20.5,6.5,2025-04-07,9,0
2025-04-07 10:00:00+00:00,96.1,43.0,1017.7,22.2,10.8,2025-04-07,10,0
2025-04-07 11:00:00+00:00,98.0,40.0,1017.6,22.5,13.0,2025-04-07,11,0
2025-04-07 12:00:00+00:00,104.3,40.5,1017.6,22.4,14.8,2025-04-07,12,0
2025-04-07 13:00:00+00:00,114.0,41.0,1017.6,23.0,16.6,2025-04-07,13,0
2025-04-07 14:00:00+00:00,119.6,45.0,1017.5,22.1,16.9,2025-04-07,14,0
2025-04-07 15:00:00+00:00,118.7,50.0,1017.4,21.4,14.4,2025-04-07,15,0
2025-04-07 16:00:00+00:00,100.8,54.0,1017.6,20.6,13.3,2025-04-07,16,0
2025-04-07 17:00:00+00:00,92.4,58.0,1017.8,19.6,10.4,2025-04-07,17,0
2025-04-07 18:00:00+00:00,97.2,62.0,1018.3,18.7,6.8,2025-04-07,18,0
2025-04-07 19:00:00+00:00,84.6,68.0,1018.9,17.4,5.4,2025-04-07,19,0
2025-04-07 20:00:00+00:00,54.1,72.0,1019.9,16.8,6.8,2025-04-07,20,0
2025-04-07 21:00:00+00:00,19.1,76.0,1020.3,16.0,7.2,2025-04-07,21,0
2025-04-07 22:00:00+00:00,11.9,78.0,1020.6,15.5,7.6,2025-04-07,22,0
2025-04-07 23:00:00+00:00,181.9,80.5,1021.0,14.9,8.1,2025-04-07,23,0
2025-04-08 00:00:00+00:00,351.8,83.0,1021.3,14.3,8.6,2025-04-08,0,1
2025-04-08 01:00:00+00:00,0.5,84.0,1021.2,13.9,10.1,2025-04-08,1,1
2025-04-08 02:00:00+00:00,330.6,84.3,1021.1,12.9,6.8,2025-04-08,2,1
2025-04-08 03:00:00+00:00,338.4,84.7,1021.0,12.8,7.6,2025-04-08,3,1
2025-04-08 04:00:00+00:00,314.9,85.0,1021.2,12.5,7.9,2025-04-08,4,1
2025-04-08 05:00:00+00:00,289.1,87.0,1021.5,11.7,6.5,2025-04-08,5,1
2025-04-08 06:00:00+00:00,289.5,89.0,1021.8,11.0,5.8,2025-04-08,6,1
2025-04-08 07:00:00+00:00,282.2,79.0,1022.9,13.1,5.6,2025-04-08,7,1
2025-04-08 08:00:00+00:00,276.4,70.0,1023.3,15.9,5.4,2025-04-08,8,1
2025-04-08 09:00:00+00:00,89.2,62.0,1023.5,17.9,5.0,2025-04-08,9,1
2025-04-08 10:00:00+00:00,105.2,56.0,1023.4,19.4,7.6,2025-04-08,10,1
2025-04-08 11:00:00+00:00,109.3,52.0,1023.2,20.5,10.4,2025-04-08,11,1
2025-04-08 12:00:00+00:00,104.7,50.0,1022.6,21.0,12.6,2025-04-08,12,1
2025-04-08 13:00:00+00:00,103.9,51.5,1021.9,21.5,14.0,2025-04-08,13,1
2025-04-08 14:00:00+00:00,95.8,53.0,1021.2,21.0,15.1,2025-04-08,14,1
2025-04-08 15:00:00+00:00,91.9,60.0,1020.7,20.3,14.4,2025-04-08,15,1
2025-04-08 16:00:00+00:00,90.5,65.0,1020.6,19.5,13.7,2025-04-08,16,1
2025-04-08 17:00:00+00:00,95.2,71.0,1020.9,18.6,10.8,2025-04-08,17,1
2025-04-08 18:00:00+00:00,78.1,78.0,1021.2,17.6,9.4,2025-04-08,18,1
2025-04-08 19:00:00+00:00,62.9,82.0,1021.3,16.7,8.3,2025-04-08,19,1
2025-04-08 20:00:00+00:00,50.6,86.5,1021.6,16.0,7.6,2025-04-08,20,1
2025-04-08 21:00:00+00:00,38.4,91.0,1021.8,15.4,6.8,2025-04-08,21,1
2025-04-08 22:00:00+00:00,335.1,93.0,1021.9,14.7,5.0,2025-04-08,22,1
2025-04-08 23:00:00+00:00,311.6,94.0,1022.0,14.1,4.3,2025-04-08,23,1
2025-04-09 00:00:00+00:00,310.6,93.3,1021.7,13.5,5.0,2025-04-09,0,2
2025-04-09 01:00:00+00:00,312.6,92.7,1021.1,12.8,4.9,2025-04-09,1,2
2025-04-09 02:00:00+00:00,298.7,92.0,1020.6,12.1,4.8,2025-04-09,2,2
2025-04-09 03:00:00+00:00,295.8,91.0,1020.1,11.6,4.7,2025-04-09,3,2
2025-04-09 04:00:00+00:00,295.0,90.0,1019.9,11.3,6.8,2025-04-09,4,2
2025-04-09 05:00:00+00:00,297.4,89.5,1019.6,11.0,7.2,2025-04-09,5,2
2025-04-09 06:00:00+00:00,298.9,89.0,1019.7,10.9,6.1,2025-04-09,6,2
2025-04-09 07:00:00+00:00,274.8,83.0,1019.6,12.9,5.8,2025-04-09,7,2
2025-04-09 08:00:00+00:00,217.4,70.0,1019.7,15.7,4.7,2025-04-09,8,2
2025-04-09 09:00:00+00:00,142.1,62.0,1019.8,18.0,6.1,2025-04-09,9,2
2025-04-09 10:00:00+00:00,119.9,57.0,1019.7,19.5,9.4,2025-04-09,10,2
2025-04-09 11:00:00+00:00,115.3,55.0,1019.3,20.2,11.2,2025-04-09,11,2
2025-04-09 12:00:00+00:00,119.1,54.0,1018.6,20.7,13.3,2025-04-09,12,2
2025-04-09 13:00:00+00:00,130.7,51.0,1018.0,21.3,12.2,2025-04-09,13,2
2025-04-09 14:00:00+00:00,136.0,47.0,1017.0,21.5,13.7,2025-04-09,14,2
2025-04-09 15:00:00+00:00,130.9,49.0,1016.2,21.0,14.4,2025-04-09,15,2
2025-04-09 16:00:00+00:00,118.1,51.0,1016.1,20.0,13.0,2025-04-09,16,2
2025-04-09 17:00:00+00:00,108.9,58.0,1016.3,18.8,11.0,2025-04-09,17,2
2025-04-09 18:00:00+00:00,99.7,65.0,1016.5,17.7,9.0,2025-04-09,18,2
2025-04-09 19:00:00+00:00,59.1,76.0,1016.9,16.8,10.4,2025-04-09,19,2
2025-04-09 20:00:00+00:00,42.3,82.0,1017.7,15.9,9.7,2025-04-09,20,2
2025-04-09 21:00:00+00:00,40.6,85.0,1018.1,15.5,7.6,2025-04-09,21,2
2025-04-09 22:00:00+00:00,14.5,87.0,1018.2,14.9,7.9,2025-04-09,22,2
2025-04-09 23:00:00+00:00,351.6,88.0,1018.5,14.3,8.1,2025-04-09,23,2
2025-04-10 00:00:00+00:00,344.7,84.0,1018.7,13.6,8.3,2025-04-10,0,3
2025-04-10 01:00:00+00:00,351.8,80.0,1019.2,13.1,8.6,2025-04-10,1,3
2025-04-10 02:00:00+00:00,349.9,78.0,1019.0,12.7,10.1,2025-04-10,2,3
2025-04-10 03:00:00+00:00,353.7,77.0,1018.7,12.3,10.4,2025-04-10,3,3
2025-04-10 04:00:00+00:00,350.2,75.0,1018.8,11.9,10.8,2025-04-10,4,3
2025-04-10 05:00:00+00:00,346.6,74.7,1019.0,11.7,11.2,2025-04-10,5,3
2025-04-10 06:00:00+00:00,345.6,74.3,1019.4,11.6,11.5,2025-04-10,6,3
2025-04-10 07:00:00+00:00,23.8,74.0,1020.3,14.1,14.8,2025-04-10,7,3
2025-04-10 08:00:00+00:00,50.2,80.0,1020.6,15.9,16.6,2025-04-10,8,3
2025-04-10 09:00:00+00:00,66.3,69.0,1020.9,17.4,19.1,2025-04-10,9,3
2025-04-10 10:00:00+00:00,77.3,65.0,1021.2,18.3,18.7,2025-04-10,10,3
2025-04-10 11:00:00+00:00,78.3,61.0,1021.1,19.1,16.6,2025-04-10,11,3
2025-04-10 12:00:00+00:00,79.8,57.0,1021.2,19.9,18.0,2025-04-10,12,3
2025-04-10 13:00:00+00:00,76.4,54.0,1021.0,20.5,19.4,2025-04-10,13,3
2025-04-10 14:00:00+00:00,74.9,59.5,1020.4,19.8,20.2,2025-04-10,14,3
2025-04-10 15:00:00+00:00,73.4,65.0,1019.9,19.0,20.9,2025-04-10,15,3
2025-04-10 16:00:00+00:00,73.9,68.0,1020.2,18.5,19.1,2025-04-10,16,3
2025-04-10 17:00:00+00:00,76.1,70.0,1020.5,17.8,16.2,2025-04-10,17,3
2025-04-10 18:00:00+00:00,76.8,73.0,1020.6,17.3,14.4,2025-04-10,18,3
2025-04-10 19:00:00+00:00,57.5,78.0,1021.0,16.5,12.6,2025-04-10,19,3
2025-04-10 20:00:00+00:00,47.3,80.0,1021.2,15.9,13.0,2025-04-10,20,3
2025-04-10 21:00:00+00:00,41.6,83.0,1021.4,15.3,12.6,2025-04-10,21,3
2025-04-10 22:00:00+00:00,40.1,85.0,1021.8,14.9,12.2,2025-04-10,22,3
2025-04-10 23:00:00+00:00,28.8,87.0,1022.1,14.4,11.9,2025-04-10,23,3
2025-04-11 00:00:00+00:00,18.1,87.5,1021.7,14.0,14.4,2025-04-11,0,4
2025-04-11 01:00:00+00:00,16.5,88.0,1021.1,13.6,15.1,2025-04-11,1,4
2025-04-11 02:00:00+00:00,13.0,89.0,1020.5,12.9,14.0,2025-04-11,2,4
2025-04-11 03:00:00+00:00,20.6,88.0,1019.6,12.7,17.3,2025-04-11,3,4
2025-04-11 04:00:00+00:00,21.9,87.0,1019.7,12.9,16.9,2025-04-11,4,4
2025-04-11 05:00:00+00:00,20.3,85.0,1019.5,13.1,17.3,2025-04-11,5,4
2025-04-11 06:00:00+00:00,19.9,84.0,1019.7,13.4,17.6,2025-04-11,6,4
2025-04-11 07:00:00+00:00,35.4,81.0,1020.2,14.5,18.7,2025-04-11,7,4
2025-04-11 08:00:00+00:00,31.3,80.0,1019.9,15.1,19.8,2025-04-11,8,4
2025-04-11 09:00:00+00:00,49.7,75.0,1019.8,16.2,22.7,2025-04-11,9,4
2025-04-11 10:00:00+00:00,51.6,73.0,1019.6,16.7,23.4,2025-04-11,10,4
2025-04-11 11:00:00+00:00,59.8,68.5,1018.8,17.5,24.1,2025-04-11,11,4
2025-04-11 12:00:00+00:00,68.1,64.0,1018.0,18.4,24.8,2025-04-11,12,4
2025-04-11 13:00:00+00:00,66.9,66.0,1017.8,18.2,22.3,2025-04-11,13,4
2025-04-11 14:00:00+00:00,62.0,64.0,1017.3,18.1,20.9,2025-04-11,14,4
2025-04-11 15:00:00+00:00,63.5,65.0,1016.4,17.8,21.2,2025-04-11,15,4
2025-04-11 16:00:00+00:00,65.2,68.0,1016.1,17.2,18.7,2025-04-11,16,4
2025-04-11 17:00:00+00:00,62.9,71.0,1016.0,16.7,17.6,2025-04-11,17,4
2025-04-11 18:00:00+00:00,59.4,74.0,1015.5,16.2,19.1,2025-04-11,18,4
2025-04-11 19:00:00+00:00,75.1,75.0,1014.9,15.6,15.5,2025-04-11,19,4
2025-04-11 20:00:00+00:00,36.3,82.0,1015.8,15.2,11.9,2025-04-11,20,4
2025-04-11 21:00:00+00:00,32.1,84.0,1015.7,14.8,11.6,2025-04-11,21,4
2025-04-11 22:00:00+00:00,56.1,85.0,1015.4,14.5,11.2,2025-04-11,22,4
2025-04-11 23:00:00+00:00,2.4,87.0,1015.2,14.1,11.5,2025-04-11,23,4
2025-04-12 00:00:00+00:00,329.8,88.0,1014.5,13.5,12.2,2025-04-12,0,5
2025-04-12 01:00:00+00:00,286.5,96.0,1014.4,11.8,8.6,2025-04-12,1,5
2025-04-12 02:00:00+00:00,284.4,94.5,1013.6,11.4,9.4,2025-04-12,2,5
2025-04-12 03:00:00+00:00,287.1,93.0,1013.0,11.6,10.4,2025-04-12,3,5
2025-04-12 04:00:00+00:00,297.9,90.0,1012.4,11.3,9.4,2025-04-12,4,5
2025-04-12 05:00:00+00:00,239.6,88.3,1012.7,11.0,7.6,2025-04-12,5,5
2025-04-12 06:00:00+00:00,281.3,86.7,1013.0,11.1,7.2,2025-04-12,6,5
2025-04-12 07:00:00+00:00,268.4,85.0,1013.4,12.8,8.3,2025-04-12,7,5
2025-04-12 08:00:00+00:00,257.3,77.5,1013.2,14.8,8.1,2025-04-12,8,5
2025-04-12 09:00:00+00:00,246.2,70.0,1013.0,16.7,7.9,2025-04-12,9,5
2025-04-12 10:00:00+00:00,268.0,67.0,1012.8,17.7,5.8,2025-04-12,10,5
2025-04-12 11:00:00+00:00,185.1,63.0,1012.3,19.4,9.0,2025-04-12,11,5
2025-04-12 12:00:00+00:00,171.5,64.0,1011.7,20.0,12.2,2025-04-12,12,5
2025-04-12 13:00:00+00:00,161.1,65.5,1011.3,20.7,15.1,2025-04-12,13,5
2025-04-12 14:00:00+00:00,144.4,67.0,1010.2,20.2,13.7,2025-04-12,14,5
2025-04-12 15:00:00+00:00,125.0,70.0,1008.9,19.5,11.9,2025-04-12,15,5
2025-04-12 16:00:00+00:00,115.1,71.0,1008.2,19.4,14.4,2025-04-12,16,5
2025-04-12 17:00:00+00:00,118.6,77.0,1008.4,17.7,13.0,2025-04-12,17,5
2025-04-12 18:00:00+00:00,59.4,82.0,1008.3,16.9,7.9,2025-04-12,18,5
2025-04-12 19:00:00+00:00,109.3,90.0,1009.3,16.0,10.8,2025-04-12,19,5
2025-04-12 20:00:00+00:00,40.3,91.0,1010.0,16.1,3.6,2025-04-12,20,5
2025-04-12 21:00:00+00:00,335.8,95.0,1009.9,15.3,5.8,2025-04-12,21,5
2025-04-12 22:00:00+00:00,283.0,97.0,1009.9,14.7,7.6,2025-04-12,22,5
2025-04-12 23:00:00+00:00,276.7,96.0,1009.8,14.3,9.0,2025-04-12,23,5
2025-04-13 00:00:00+00:00,279.7,95.0,1009.1,14.2,11.5,2025-04-13,0,6
2025-04-13 01:00:00+00:00,261.9,92.0,1009.0,14.2,12.2,2025-04-13,1,6
2025-04-13 02:00:00+00:00,245.2,87.0,1008.8,14.6,13.0,2025-04-13,2,6
2025-04-13 03:00:00+00:00,265.0,82.0,1008.4,14.9,15.8,2025-04-13,3,6
2025-04-13 04:00:00+00:00,275.6,81.0,1008.5,14.6,14.0,2025-04-13,4,6
2025-04-13 05:00:00+00:00,286.2,82.5,1008.8,13.9,12.6,2025-04-13,5,6
2025-04-13 06:00:00+00:00,296.9,84.0,1009.0,13.2,11.2,2025-04-13,6,6
2025-04-13 07:00:00+00:00,328.0,82.0,1009.5,14.5,10.8,2025-04-13,7,6
2025-04-13 08:00:00+00:00,53.3,76.0,1009.6,16.5,5.4,2025-04-13,8,6
2025-04-13 09:00:00+00:00,82.9,70.0,1010.0,18.0,8.3,2025-04-13,9,6
2025-04-13 10:00:00+00:00,85.6,66.0,1009.8,19.4,10.8,2025-04-13,10,6
2025-04-13 11:00:00+00:00,81.4,63.0,1009.5,20.6,11.9,2025-04-13,11,6
2025-04-13 12:00:00+00:00,82.2,67.0,1008.9,21.1,13.7,2025-04-13,12,6
2025-04-13 13:00:00+00:00,94.7,71.0,1008.6,19.7,9.4,2025-04-13,13,6
2025-04-13 14:00:00+00:00,92.7,72.0,1008.0,19.5,10.1,2025-04-13,14,6
2025-04-13 15:00:00+00:00,98.7,73.0,1007.6,19.0,11.5,2025-04-13,15,6
2025-04-13 16:00:00+00:00,96.8,78.0,1007.4,18.2,9.7,2025-04-13,16,6
2025-04-13 17:00:00+00:00,90.4,80.0,1007.7,17.7,6.8,2025-04-13,17,6
2025-04-13 18:00:00+00:00,72.2,83.0,1008.4,17.1,6.1,2025-04-13,18,6
2025-04-13 19:00:00+00:00,20.2,89.0,1009.2,16.4,5.8,2025-04-13,19,6
2025-04-13 20:00:00+00:00,44.9,92.0,1010.0,16.0,3.6,2025-04-13,20,6
2025-04-13 21:00:00+00:00,276.0,94.0,1010.1,15.6,4.7,2025-04-13,21,6
2025-04-13 22:00:00+00:00,322.4,96.0,1010.2,14.9,3.2,2025-04-13,22,6
2025-04-13 23:00:00+00:00,286.1,97.0,1010.3,14.5,1.8,2025-04-13,23,6
2025-04-14 00:00:00+00:00,16.3,96.0,1009.9,14.1,3.6,2025-04-14,0,0
2025-04-14 01:00:00+00:00,273.5,98.0,1009.7,13.8,5.2,2025-04-14,1,0
2025-04-14 02:00:00+00:00,313.0,97.5,1009.3,13.6,6.7,2025-04-14,2,0
2025-04-14 03:00:00+00:00,352.5,97.0,1008.9,13.5,8.3,2025-04-14,3,0
2025-04-14 04:00:00+00:00,28.0,96.0,1008.8,13.3,10.8,2025-04-14,4,0
2025-04-14 05:00:00+00:00,22.5,95.0,1008.6,13.9,13.0,2025-04-14,5,0
2025-04-14 06:00:00+00:00,1.8,94.0,1009.1,14.4,11.9,2025-04-14,6,0
2025-04-14 07:00:00+00:00,4.7,93.0,1009.3,14.8,10.8,2025-04-14,7,0
2025-04-14 08:00:00+00:00,52.0,88.0,1008.8,15.9,4.0,2025-04-14,8,0
2025-04-14 09:00:00+00:00,171.4,80.0,1008.6,17.1,5.2,2025-04-14,9,0
2025-04-14 10:00:00+00:00,176.2,72.0,1008.4,18.3,6.5,2025-04-14,10,0
2025-04-14 11:00:00+00:00,156.6,68.0,1007.5,19.5,10.4,2025-04-14,11,0
2025-04-14 12:00:00+00:00,136.2,70.0,1006.4,20.0,15.1,2025-04-14,12,0
2025-04-14 13:00:00+00:00,137.4,66.0,1005.1,20.9,17.6,2025-04-14,13,0
2025-04-14 14:00:00+00:00,171.9,73.0,1005.0,19.3,18.4,2025-04-14,14,0
2025-04-14 15:00:00+00:00,137.4,74.0,1004.1,19.5,19.8,2025-04-14,15,0
2025-04-14 16:00:00+00:00,172.3,71.0,1004.0,19.6,17.6,2025-04-14,16,0
2025-04-14 17:00:00+00:00,187.1,68.0,1003.4,20.1,13.3,2025-04-14,17,0
2025-04-14 18:00:00+00:00,191.9,72.0,1003.3,19.5,14.0,2025-04-14,18,0
2025-04-14 19:00:00+00:00,246.3,73.0,1003.7,18.4,14.8,2025-04-14,19,0
2025-04-14 20:00:00+00:00,250.1,66.0,1004.2,18.1,15.8,2025-04-14,20,0
2025-04-14 21:00:00+00:00,249.5,63.0,1004.6,17.5,16.9,2025-04-14,21,0
2025-04-14 22:00:00+00:00,244.4,66.0,1004.9,16.7,15.8,2025-04-14,22,0
2025-04-14 23:00:00+00:00,241.6,65.5,1004.8,16.2,16.6,2025-04-14,23,0
2025-04-15 00:00:00+00:00,238.8,65.0,1004.7,15.8,17.3,2025-04-15,0,1
2025-04-15 01:00:00+00:00,232.3,64.5,1004.3,15.2,17.6,2025-04-15,1,1
2025-04-15 02:00:00+00:00,246.2,64.0,1003.3,14.9,19.8,2025-04-15,2,1
2025-04-15 03:00:00+00:00,250.5,67.0,1002.7,14.5,18.0,2025-04-15,3,1
2025-04-15 04:00:00+00:00,241.5,69.0,1002.5,14.2,16.9,2025-04-15,4,1
2025-04-15 05:00:00+00:00,257.7,65.0,1003.0,14.3,23.0,2025-04-15,5,1
2025-04-15 06:00:00+00:00,262.2,66.0,1003.7,14.0,22.7,2025-04-15,6,1
2025-04-15 07:00:00+00:00,258.9,63.0,1004.1,14.2,25.2,2025-04-15,7,1
2025-04-15 08:00:00+00:00,255.6,60.0,1004.0,15.2,22.0,2025-04-15,8,1
2025-04-15 09:00:00+00:00,264.2,48.0,1003.9,17.1,21.6,2025-04-15,9,1
2025-04-15 10:00:00+00:00,261.1,42.0,1003.8,18.2,22.3,2025-04-15,10,1
2025-04-15 11:00:00+00:00,253.1,37.0,1003.9,19.0,24.8,2025-04-15,11,1
2025-04-15 12:00:00+00:00,250.9,33.0,1003.3,19.3,25.2,2025-04-15,12,1
2025-04-15 13:00:00+00:00,245.8,28.0,1002.7,20.5,23.4,2025-04-15,13,1
2025-04-15 14:00:00+00:00,248.8,29.0,1001.9,20.6,25.2,2025-04-15,14,1
2025-04-15 15:00:00+00:00,250.7,30.0,1001.7,20.1,26.3,2025-04-15,15,1
2025-04-15 16:00:00+00:00,256.1,32.0,1002.2,18.8,29.2,2025-04-15,16,1
2025-04-15 17:00:00+00:00,254.4,37.0,1002.3,17.9,23.4,2025-04-15,17,1
2025-04-15 18:00:00+00:00,246.9,44.0,1003.0,16.4,23.8,2025-04-15,18,1
2025-04-15 19:00:00+00:00,252.4,48.0,1004.3,15.3,23.0,2025-04-15,19,1
2025-04-15 20:00:00+00:00,268.1,48.5,1005.2,14.8,22.6,2025-04-15,20,1
2025-04-15 21:00:00+00:00,283.8,49.0,1006.1,14.2,22.3,2025-04-15,21,1
2025-04-15 22:00:00+00:00,288.8,50.0,1006.8,13.4,21.2,2025-04-15,22,1
2025-04-15 23:00:00+00:00,288.3,52.0,1007.2,12.7,20.5,2025-04-15,23,1
2025-04-16 00:00:00+00:00,283.6,54.0,1007.2,12.1,20.9,2025-04-16,0,2
2025-04-16 01:00:00+00:00,287.3,56.0,1007.3,11.6,21.6,2025-04-16,1,2
2025-04-16 02:00:00+00:00,280.2,60.0,1007.6,10.6,20.5,2025-04-16,2,2
2025-04-16 03:00:00+00:00,279.6,59.5,1007.7,10.4,21.2,2025-04-16,3,2
2025-04-16 04:00:00+00:00,287.6,59.0,1008.1,10.2,20.9,2025-04-16,4,2
2025-04-16 05:00:00+00:00,287.7,58.5,1008.8,9.9,19.8,2025-04-16,5,2
2025-04-16 06:00:00+00:00,286.4,58.0,1009.8,10.0,17.6,2025-04-16,6,2
2025-04-16 07:00:00+00:00,290.8,53.0,1010.7,11.7,20.2,2025-04-16,7,2
2025-04-16 08:00:00+00:00,276.3,45.0,1011.1,13.9,17.6,2025-04-16,8,2
2025-04-16 09:00:00+00:00,274.6,36.0,1011.3,15.8,17.3,2025-04-16,9,2
2025-04-16 10:00:00+00:00,289.2,30.0,1011.4,17.4,18.7,2025-04-16,10,2
2025-04-16 11:00:00+00:00,290.8,26.0,1011.0,18.7,16.2,2025-04-16,11,2
2025-04-16 12:00:00+00:00,285.5,22.0,1010.7,20.1,17.3,2025-04-16,12,2
2025-04-16 13:00:00+00:00,284.3,19.0,1010.3,21.1,17.6,2025-04-16,13,2
2025-04-16 14:00:00+00:00,279.3,17.0,1010.1,20.8,24.8,2025-04-16,14,2
2025-04-16 15:00:00+00:00,284.2,15.0,1009.7,21.2,23.4,2025-04-16,15,2
2025-04-16 16:00:00+00:00,281.4,18.0,1009.8,20.7,29.2,2025-04-16,16,2
2025-04-16 17:00:00+00:00,283.2,23.0,1010.6,19.4,29.4,2025-04-16,17,2
2025-04-16 18:00:00+00:00,285.0,28.0,1011.3,18.0,29.5,2025-04-16,18,2
2025-04-16 19:00:00+00:00,277.8,33.0,1012.4,16.6,26.3,2025-04-16,19,2
2025-04-16 20:00:00+00:00,272.2,40.0,1013.2,15.3,25.9,2025-04-16,20,2
2025-04-16 21:00:00+00:00,273.7,43.0,1013.9,14.8,27.4,2025-04-16,21,2
2025-04-16 22:00:00+00:00,270.4,46.0,1014.4,14.2,27.0,2025-04-16,22,2
2025-04-16 23:00:00+00:00,274.2,50.0,1014.7,13.7,25.2,2025-04-16,23,2
2025-04-17 00:00:00+00:00,268.9,54.0,1014.6,13.1,23.0,2025-04-17,0,3
2025-04-17 01:00:00+00:00,261.8,58.0,1014.5,12.7,21.2,2025-04-17,1,3
2025-04-17 02:00:00+00:00,263.5,60.0,1014.1,12.4,19.4,2025-04-17,2,3
2025-04-17 03:00:00+00:00,277.0,63.0,1014.4,12.0,17.3,2025-04-17,3,3
2025-04-17 04:00:00+00:00,279.7,67.0,1014.6,11.4,15.8,2025-04-17,4,3
2025-04-17 05:00:00+00:00,287.9,72.0,1015.1,10.7,12.6,2025-04-17,5,3
2025-04-17 06:00:00+00:00,293.8,69.5,1015.6,10.6,11.5,2025-04-17,6,3
2025-04-17 07:00:00+00:00,282.3,67.0,1015.2,13.4,10.8,2025-04-17,7,3
2025-04-17 08:00:00+00:00,281.5,51.0,1015.3,15.9,11.9,2025-04-17,8,3
2025-04-17 09:00:00+00:00,280.4,39.0,1015.2,17.8,12.2,2025-04-17,9,3
2025-04-17 10:00:00+00:00,272.2,33.0,1015.3,19.4,10.4,2025-04-17,10,3
2025-04-17 11:00:00+00:00,256.4,29.0,1015.4,20.8,13.0,2025-04-17,11,3
2025-04-17 12:00:00+00:00,272.3,25.0,1014.8,22.3,16.6,2025-04-17,12,3
2025-04-17 13:00:00+00:00,223.7,23.0,1013.8,23.7,23.0,2025-04-17,13,3
2025-04-17 14:00:00+00:00,236.6,23.5,1013.2,24.2,25.0,2025-04-17,14,3
2025-04-17 15:00:00+00:00,249.4,24.0,1012.5,24.6,27.0,2025-04-17,15,3
2025-04-17 16:00:00+00:00,241.6,26.0,1012.6,24.0,25.9,2025-04-17,16,3
2025-04-17 17:00:00+00:00,243.0,27.0,1013.1,23.6,22.3,2025-04-17,17,3
2025-04-17 18:00:00+00:00,243.3,30.0,1013.4,22.7,19.1,2025-04-17,18,3
2025-04-17 19:00:00+00:00,264.0,33.0,1014.1,21.3,19.4,2025-04-17,19,3
2025-04-17 20:00:00+00:00,282.0,35.0,1014.7,20.4,17.2,2025-04-17,20,3
2025-04-17 21:00:00+00:00,338.0,43.0,1015.5,18.7,15.1,2025-04-17,21,3
2025-04-17 22:00:00+00:00,40.1,56.0,1016.4,16.6,8.6,2025-04-17,22,3
2025-04-17 23:00:00+00:00,56.7,64.0,1016.7,15.6,5.0,2025-04-17,23,3
2025-04-18 00:00:00+00:00,284.5,68.0,1016.8,14.6,4.0,2025-04-18,0,4
2025-04-18 01:00:00+00:00,298.9,69.0,1016.3,13.6,10.1,2025-04-18,1,4
2025-04-18 02:00:00+00:00,293.7,68.0,1015.9,13.2,12.2,2025-04-18,2,4
2025-04-18 03:00:00+00:00,307.7,70.0,1015.5,12.6,11.2,2025-04-18,3,4
2025-04-18 04:00:00+00:00,285.2,71.0,1015.3,11.9,9.4,2025-04-18,4,4
2025-04-18 05:00:00+00:00,283.9,74.0,1015.2,11.3,10.4,2025-04-18,5,4
2025-04-18 06:00:00+00:00,281.9,72.0,1015.4,11.4,12.2,2025-04-18,6,4
2025-04-18 07:00:00+00:00,272.1,65.0,1015.4,14.0,11.2,2025-04-18,7,4
2025-04-18 08:00:00+00:00,253.5,54.0,1015.3,17.3,10.8,2025-04-18,8,4
2025-04-18 09:00:00+00:00,254.6,47.0,1015.0,20.3,10.1,2025-04-18,9,4
2025-04-18 10:00:00+00:00,233.8,39.0,1014.8,22.6,9.7,2025-04-18,10,4
2025-04-18 11:00:00+00:00,229.0,36.0,1014.0,23.5,12.4,2025-04-18,11,4
2025-04-18 12:00:00+00:00,224.1,33.0,1013.1,24.4,15.1,2025-04-18,12,4
2025-04-18 13:00:00+00:00,193.5,30.0,1011.9,25.5,25.2,2025-04-18,13,4
2025-04-18 14:00:00+00:00,142.5,39.0,1011.1,23.6,24.5,2025-04-18,14,4
2025-04-18 15:00:00+00:00,131.7,42.0,1010.2,22.1,21.6,2025-04-18,15,4
2025-04-18 16:00:00+00:00,129.8,46.0,1009.6,21.3,19.4,2025-04-18,16,4
2025-04-18 17:00:00+00:00,113.1,54.0,1009.1,20.7,16.6,2025-04-18,17,4
2025-04-18 18:00:00+00:00,83.9,61.0,1008.7,19.9,12.2,2025-04-18,18,4
2025-04-18 19:00:00+00:00,34.6,65.0,1008.5,18.9,8.6,2025-04-18,19,4
2025-04-18 20:00:00+00:00,354.5,68.0,1008.8,18.1,9.4,2025-04-18,20,4
2025-04-18 21:00:00+00:00,333.3,69.0,1009.0,17.3,10.4,2025-04-18,21,4
2025-04-18 22:00:00+00:00,324.1,71.0,1008.8,16.6,8.6,2025-04-18,22,4
2025-04-18 23:00:00+00:00,288.2,76.0,1008.3,15.5,7.9,2025-04-18,23,4
2025-04-19 00:00:00+00:00,265.6,64.0,1007.9,16.3,12.6,2025-04-19,0,5
2025-04-19 01:00:00+00:00,268.5,58.0,1007.3,16.6,15.1,2025-04-19,1,5
2025-04-19 02:00:00+00:00,275.2,59.0,1006.4,16.2,15.5,2025-04-19,2,5
2025-04-19 03:00:00+00:00,276.8,60.0,1005.8,16.5,20.5,2025-04-19,3,5
2025-04-19 04:00:00+00:00,264.5,63.0,1005.5,16.1,18.7,2025-04-19,4,5
2025-04-19 05:00:00+00:00,258.0,65.0,1005.5,15.6,19.0,2025-04-19,5,5
2025-04-19 06:00:00+00:00,257.3,62.0,1005.6,16.4,19.4,2025-04-19,6,5
2025-04-19 07:00:00+00:00,254.1,59.0,1005.6,17.1,20.9,2025-04-19,7,5
2025-04-19 08:00:00+00:00,255.2,50.5,1005.6,18.4,25.8,2025-04-19,8,5
2025-04-19 09:00:00+00:00,256.3,42.0,1005.5,19.7,30.6,2025-04-19,9,5
2025-04-19 10:00:00+00:00,260.5,35.0,1005.8,19.9,32.0,2025-04-19,10,5
2025-04-19 11:00:00+00:00,256.0,30.0,1005.4,20.3,32.8,2025-04-19,11,5
2025-04-19 12:00:00+00:00,258.5,27.0,1005.7,20.4,33.8,2025-04-19,12,5
2025-04-19 13:00:00+00:00,264.6,23.0,1005.6,20.7,32.0,2025-04-19,13,5
2025-04-19 14:00:00+00:00,255.9,22.0,1005.2,21.3,28.8,2025-04-19,14,5
2025-04-19 15:00:00+00:00,261.3,21.0,1004.8,21.2,29.9,2025-04-19,15,5
2025-04-19 16:00:00+00:00,256.4,21.5,1004.7,21.2,29.2,2025-04-19,16,5
2025-04-19 17:00:00+00:00,259.1,22.0,1005.0,20.5,29.5,2025-04-19,17,5
2025-04-19 18:00:00+00:00,260.8,27.0,1005.5,19.4,28.1,2025-04-19,18,5
2025-04-19 19:00:00+00:00,270.5,32.0,1007.0,17.6,25.6,2025-04-19,19,5
2025-04-19 20:00:00+00:00,263.7,34.0,1008.0,16.5,20.2,2025-04-19,20,5
2025-04-19 21:00:00+00:00,260.2,38.0,1008.6,15.6,16.2,2025-04-19,21,5
2025-04-19 22:00:00+00:00,253.9,41.0,1009.2,15.0,15.1,2025-04-19,22,5
2025-04-19 23:00:00+00:00,244.7,44.0,1009.4,14.1,15.8,2025-04-19,23,5
2025-04-20 00:00:00+00:00,247.7,48.0,1009.3,13.4,16.9,2025-04-20,0,6
2025-04-20 01:00:00+00:00,259.6,54.0,1009.2,12.8,18.4,2025-04-20,1,6
2025-04-20 02:00:00+00:00,267.9,55.0,1009.0,12.3,17.6,2025-04-20,2,6
2025-04-20 03:00:00+00:00,268.0,58.0,1008.6,11.8,17.3,2025-04-20,3,6
2025-04-20 04:00:00+00:00,256.0,59.0,1008.9,11.5,18.0,2025-04-20,4,6
2025-04-20 05:00:00+00:00,246.7,59.5,1009.4,11.4,18.4,2025-04-20,5,6
2025-04-20 06:00:00+00:00,237.4,60.0,1010.0,11.2,18.7,2025-04-20,6,6
2025-04-20 07:00:00+00:00,264.1,54.0,1010.3,12.6,22.0,2025-04-20,7,6
2025-04-20 08:00:00+00:00,261.3,50.0,1010.2,14.1,24.5,2025-04-20,8,6
2025-04-20 09:00:00+00:00,266.8,49.0,1010.4,14.5,24.8,2025-04-20,9,6
2025-04-20 10:00:00+00:00,271.9,44.0,1010.3,16.4,22.3,2025-04-20,10,6
2025-04-20 11:00:00+00:00,271.3,34.0,1010.0,18.7,14.8,2025-04-20,11,6
2025-04-20 12:00:00+00:00,264.0,32.0,1009.9,19.5,12.2,2025-04-20,12,6
2025-04-20 13:00:00+00:00,266.9,30.0,1009.7,20.6,12.6,2025-04-20,13,6
2025-04-20 14:00:00+00:00,248.3,27.0,1008.9,21.4,15.3,2025-04-20,14,6
2025-04-20 15:00:00+00:00,3.7,39.0,1009.2,19.0,18.0,2025-04-20,15,6
2025-04-20 16:00:00+00:00,70.6,37.0,1009.6,18.5,12.2,2025-04-20,16,6
2025-04-20 17:00:00+00:00,55.4,42.0,1009.9,18.4,9.0,2025-04-20,17,6
2025-04-20 18:00:00+00:00,42.6,45.0,1010.9,17.6,6.1,2025-04-20,18,6
2025-04-20 19:00:00+00:00,55.5,47.0,1011.5,17.0,12.2,2025-04-20,19,6
2025-04-20 20:00:00+00:00,30.2,52.0,1012.6,16.2,10.4,2025-04-20,20,6
2025-04-20 21:00:00+00:00,344.0,56.0,1013.1,15.3,7.9,2025-04-20,21,6
2025-04-20 22:00:00+00:00,307.2,60.0,1013.5,14.6,7.6,2025-04-20,22,6
2025-04-20 23:00:00+00:00,297.0,65.0,1013.8,13.6,6.5,2025-04-20,23,6
2025-04-21 00:00:00+00:00,281.9,69.0,1013.9,12.5,7.8,2025-04-21,0,0
2025-04-21 01:00:00+00:00,273.4,76.0,1014.2,11.2,9.0,2025-04-21,1,0
2025-04-21 02:00:00+00:00,275.0,73.0,1014.3,10.8,9.7,2025-04-21,2,0
2025-04-21 03:00:00+00:00,276.6,70.0,1014.5,10.5,10.4,2025-04-21,3,0
2025-04-21 04:00:00+00:00,274.8,69.0,1014.6,10.3,11.2,2025-04-21,4,0
2025-04-21 05:00:00+00:00,271.9,67.0,1014.9,10.4,11.9,2025-04-21,5,0
2025-04-21 06:00:00+00:00,280.6,64.0,1015.7,11.0,13.3,2025-04-21,6,0
2025-04-21 07:00:00+00:00,278.3,56.0,1016.3,13.3,14.0,2025-04-21,7,0
2025-04-21 08:00:00+00:00,269.5,49.0,1016.8,16.7,11.5,2025-04-21,8,0
2025-04-21 09:00:00+00:00,259.8,40.0,1017.0,19.3,10.4,2025-04-21,9,0
2025-04-21 10:00:00+00:00,180.4,35.0,1016.9,21.0,7.9,2025-04-21,10,0
2025-04-21 11:00:00+00:00,151.9,32.0,1016.7,22.1,11.2,2025-04-21,11,0
2025-04-21 12:00:00+00:00,130.8,31.5,1016.4,22.7,14.8,2025-04-21,12,0
2025-04-21 13:00:00+00:00,121.7,31.0,1015.9,23.3,20.9,2025-04-21,13,0
2025-04-21 14:00:00+00:00,108.9,36.0,1015.6,21.8,24.1,2025-04-21,14,0
2025-04-21 15:00:00+00:00,117.8,42.0,1015.4,20.7,21.6,2025-04-21,15,0
2025-04-21 16:00:00+00:00,131.9,54.0,1015.5,18.8,22.0,2025-04-21,16,0
2025-04-21 17:00:00+00:00,99.3,56.0,1015.9,19.1,19.8,2025-04-21,17,0
2025-04-21 18:00:00+00:00,70.8,58.0,1016.3,18.2,16.2,2025-04-21,18,0
2025-04-21 19:00:00+00:00,34.9,68.0,1016.5,16.9,14.8,2025-04-21,19,0
2025-04-21 20:00:00+00:00,26.1,70.0,1017.4,16.4,14.4,2025-04-21,20,0
2025-04-21 21:00:00+00:00,23.6,73.0,1017.6,15.9,14.8,2025-04-21,21,0
2025-04-21 22:00:00+00:00,3.7,72.0,1017.7,15.3,13.0,2025-04-21,22,0
2025-04-21 23:00:00+00:00,152.2,75.0,1017.7,14.6,11.2,2025-04-21,23,0
2025-04-22 00:00:00+00:00,300.8,78.0,1017.8,13.9,9.4,2025-04-22,0,1
2025-04-22 01:00:00+00:00,286.2,83.0,1017.2,13.0,6.1,2025-04-22,1,1
2025-04-22 02:00:00+00:00,293.7,81.0,1016.9,12.7,6.3,2025-04-22,2,1
2025-04-22 03:00:00+00:00,293.4,79.7,1016.3,12.3,6.5,2025-04-22,3,1
2025-04-22 04:00:00+00:00,290.9,78.3,1016.4,12.0,6.1,2025-04-22,4,1
2025-04-22 05:00:00+00:00,278.0,77.0,1016.5,12.4,7.9,2025-04-22,5,1
2025-04-22 06:00:00+00:00,294.8,76.0,1017.3,12.6,8.3,2025-04-22,6,1
2025-04-22 07:00:00+00:00,251.7,72.0,1018.1,14.8,10.4,2025-04-22,7,1
2025-04-22 08:00:00+00:00,222.7,60.0,1018.3,17.5,8.6,2025-04-22,8,1
2025-04-22 09:00:00+00:00,221.4,50.0,1018.2,19.9,9.7,2025-04-22,9,1
2025-04-22 10:00:00+00:00,203.4,45.0,1018.0,21.3,13.7,2025-04-22,10,1
2025-04-22 11:00:00+00:00,192.0,46.0,1017.6,21.5,13.3,2025-04-22,11,1
2025-04-22 12:00:00+00:00,39.8,53.0,1017.3,20.1,15.8,2025-04-22,12,1
2025-04-22 13:00:00+00:00,276.4,72.0,1017.5,17.9,19.4,2025-04-22,13,1
2025-04-22 14:00:00+00:00,154.3,76.0,1017.3,17.8,16.2,2025-04-22,14,1
2025-04-22 15:00:00+00:00,75.4,78.0,1018.0,16.5,13.3,2025-04-22,15,1
2025-04-22 16:00:00+00:00,358.7,82.0,1017.9,16.4,6.5,2025-04-22,16,1
2025-04-22 17:00:00+00:00,58.5,81.0,1018.9,16.6,9.7,2025-04-22,17,1
2025-04-22 18:00:00+00:00,85.6,85.0,1019.6,16.4,7.6,2025-04-22,18,1
2025-04-22 19:00:00+00:00,286.7,89.0,1020.1,15.5,6.8,2025-04-22,19,1
2025-04-22 20:00:00+00:00,253.6,91.0,1020.9,14.8,6.3,2025-04-22,20,1
2025-04-22 21:00:00+00:00,220.5,93.0,1021.7,14.2,5.8,2025-04-22,21,1
2025-04-22 22:00:00+00:00,272.5,96.0,1021.9,13.6,6.2,2025-04-22,22,1
2025-04-22 23:00:00+00:00,283.3,95.5,1022.0,13.0,6.5,2025-04-22,23,1
2025-04-23 00:00:00+00:00,281.2,95.0,1021.8,12.6,8.3,2025-04-23,0,2
2025-04-23 01:00:00+00:00,284.3,93.5,1021.7,11.9,9.0,2025-04-23,1,2
2025-04-23 02:00:00+00:00,283.1,92.0,1021.5,11.6,9.4,2025-04-23,2,2
2025-04-23 03:00:00+00:00,292.7,88.0,1021.2,11.3,10.1,2025-04-23,3,2
2025-04-23 04:00:00+00:00,289.1,85.0,1021.1,11.0,9.4,2025-04-23,4,2
2025-04-23 05:00:00+00:00,282.5,84.5,1021.4,10.5,10.1,2025-04-23,5,2
2025-04-23 06:00:00+00:00,281.2,84.0,1022.3,10.4,9.6,2025-04-23,6,2
2025-04-23 07:00:00+00:00,285.6,81.0,1022.7,12.2,9.0,2025-04-23,7,2
2025-04-23 08:00:00+00:00,293.8,72.0,1022.8,15.0,6.8,2025-04-23,8,2
2025-04-23 09:00:00+00:00,286.1,57.0,1022.9,17.4,4.7,2025-04-23,9,2
2025-04-23 10:00:00+00:00,137.2,50.0,1022.6,18.9,7.6,2025-04-23,10,2
2025-04-23 11:00:00+00:00,146.1,46.0,1022.2,19.9,9.4,2025-04-23,11,2
2025-04-23 12:00:00+00:00,152.6,43.0,1021.6,20.6,13.0,2025-04-23,12,2
2025-04-23 13:00:00+00:00,146.3,46.0,1021.3,20.8,16.2,2025-04-23,13,2
2025-04-23 14:00:00+00:00,133.4,50.0,1020.3,20.6,18.4,2025-04-23,14,2
2025-04-23 15:00:00+00:00,131.0,53.0,1019.5,20.3,19.8,2025-04-23,15,2
2025-04-23 16:00:00+00:00,125.5,58.0,1019.3,19.6,18.0,2025-04-23,16,2
2025-04-23 17:00:00+00:00,108.7,66.0,1019.4,18.8,16.4,2025-04-23,17,2
2025-04-23 18:00:00+00:00,91.9,74.0,1019.6,18.1,14.8,2025-04-23,18,2
2025-04-23 19:00:00+00:00,52.0,83.0,1020.1,16.7,8.3,2025-04-23,19,2
2025-04-23 20:00:00+00:00,5.7,88.0,1020.7,15.6,5.4,2025-04-23,20,2
2025-04-23 21:00:00+00:00,343.6,89.0,1020.9,14.7,7.2,2025-04-23,21,2
2025-04-23 22:00:00+00:00,339.9,84.0,1021.0,14.2,8.6,2025-04-23,22,2
2025-04-23 23:00:00+00:00,314.3,81.0,1020.8,13.7,6.8,2025-04-23,23,2
2025-04-24 00:00:00+00:00,297.4,83.0,1020.6,13.0,5.8,2025-04-24,0,3
2025-04-24 01:00:00+00:00,289.1,84.0,1020.5,12.4,6.8,2025-04-24,1,3
2025-04-24 02:00:00+00:00,286.3,86.0,1019.9,12.0,7.0,2025-04-24,2,3
2025-04-24 03:00:00+00:00,295.0,85.0,1019.8,11.8,7.2,2025-04-24,3,3
2025-04-24 04:00:00+00:00,299.2,84.3,1019.5,11.6,7.6,2025-04-24,4,3
2025-04-24 05:00:00+00:00,291.9,83.7,1019.6,11.3,7.8,2025-04-24,5,3
2025-04-24 06:00:00+00:00,279.8,83.0,1020.0,11.8,7.9,2025-04-24,6,3
2025-04-24 07:00:00+00:00,275.0,76.0,1020.1,14.5,6.1,2025-04-24,7,3
2025-04-24 08:00:00+00:00,262.5,68.0,1019.8,17.6,3.6,2025-04-24,8,3
2025-04-24 09:00:00+00:00,208.3,57.0,1019.7,20.3,4.7,2025-04-24,9,3
2025-04-24 10:00:00+00:00,163.4,50.0,1019.8,22.0,8.3,2025-04-24,10,3
2025-04-24 11:00:00+00:00,146.1,44.0,1019.4,22.7,13.0,2025-04-24,11,3
2025-04-24 12:00:00+00:00,130.6,45.0,1018.9,22.6,15.8,2025-04-24,12,3
2025-04-24 13:00:00+00:00,124.1,49.0,1018.4,22.8,16.9,2025-04-24,13,3
2025-04-24 14:00:00+00:00,116.4,53.5,1017.8,22.0,17.4,2025-04-24,14,3
2025-04-24 15:00:00+00:00,108.7,58.0,1017.1,21.1,18.0,2025-04-24,15,3
2025-04-24 16:00:00+00:00,100.1,65.0,1016.9,20.4,16.9,2025-04-24,16,3
2025-04-24 17:00:00+00:00,91.5,70.0,1017.0,19.4,12.6,2025-04-24,17,3
2025-04-24 18:00:00+00:00,66.4,75.0,1017.1,18.3,9.4,2025-04-24,18,3
2025-04-24 19:00:00+00:00,39.3,82.0,1017.6,17.1,6.5,2025-04-24,19,3
2025-04-24 20:00:00+00:00,337.5,79.0,1018.3,16.4,6.8,2025-04-24,20,3
2025-04-24 21:00:00+00:00,314.1,81.0,1018.5,15.9,7.6,2025-04-24,21,3
2025-04-24 22:00:00+00:00,304.2,83.0,1018.2,15.3,6.3,2025-04-24,22,3
2025-04-24 23:00:00+00:00,273.9,85.0,1017.8,14.7,5.0,2025-04-24,23,3
2025-04-25 00:00:00+00:00,274.7,85.5,1017.6,14.3,4.8,2025-04-25,0,4
2025-04-25 01:00:00+00:00,305.1,86.0,1017.0,13.6,4.7,2025-04-25,1,4
2025-04-25 02:00:00+00:00,326.5,87.0,1016.2,13.2,5.4,2025-04-25,2,4
2025-04-25 03:00:00+00:00,305.0,86.0,1015.8,13.1,4.0,2025-04-25,3,4
2025-04-25 04:00:00+00:00,13.3,87.0,1015.9,12.8,3.2,2025-04-25,4,4
2025-04-25 05:00:00+00:00,25.0,88.0,1016.1,13.1,6.5,2025-04-25,5,4
2025-04-25 06:00:00+00:00,9.1,90.0,1016.7,13.6,6.1,2025-04-25,6,4
2025-04-25 07:00:00+00:00,4.0,86.0,1016.9,15.4,7.6,2025-04-25,7,4
2025-04-25 08:00:00+00:00,45.3,81.0,1016.7,17.1,7.4,2025-04-25,8,4
2025-04-25 09:00:00+00:00,85.8,72.0,1016.5,18.8,7.2,2025-04-25,9,4
2025-04-25 10:00:00+00:00,99.5,67.0,1016.2,20.1,8.3,2025-04-25,10,4
2025-04-25 11:00:00+00:00,104.8,66.0,1015.6,20.8,9.8,2025-04-25,11,4
2025-04-25 12:00:00+00:00,110.0,65.0,1015.0,21.5,11.2,2025-04-25,12,4
2025-04-25 13:00:00+00:00,100.1,64.0,1014.2,21.4,12.6,2025-04-25,13,4
2025-04-25 14:00:00+00:00,98.5,66.0,1013.5,21.0,14.8,2025-04-25,14,4
2025-04-25 15:00:00+00:00,94.1,68.0,1013.1,20.6,14.2,2025-04-25,15,4
2025-04-25 16:00:00+00:00,76.6,68.5,1012.8,20.1,13.7,2025-04-25,16,4
2025-04-25 17:00:00+00:00,68.1,69.0,1012.7,19.6,13.5,2025-04-25,17,4
2025-04-25 18:00:00+00:00,52.8,72.0,1012.8,18.8,13.3,2025-04-25,18,4
2025-04-25 19:00:00+00:00,41.0,77.0,1013.0,18.0,11.9,2025-04-25,19,4
2025-04-25 20:00:00+00:00,34.6,81.0,1013.1,17.3,9.0,2025-04-25,20,4
2025-04-25 21:00:00+00:00,3.1,87.0,1013.2,16.7,6.8,2025-04-25,21,4
2025-04-25 22:00:00+00:00,349.6,90.0,1013.1,16.1,5.8,2025-04-25,22,4
2025-04-25 23:00:00+00:00,19.9,91.0,1013.2,15.7,6.8,2025-04-25,23,4
2025-04-26 00:00:00+00:00,46.6,92.0,1013.3,15.5,6.5,2025-04-26,0,5
2025-04-26 01:00:00+00:00,280.4,93.0,1012.4,14.6,8.3,2025-04-26,1,5
2025-04-26 02:00:00+00:00,280.8,92.0,1011.5,14.2,9.7,2025-04-26,2,5
2025-04-26 03:00:00+00:00,288.1,83.0,1011.2,14.8,15.5,2025-04-26,3,5
2025-04-26 04:00:00+00:00,49.6,86.0,1011.9,14.4,14.4,2025-04-26,4,5
2025-04-26 05:00:00+00:00,50.6,96.0,1012.7,14.0,10.1,2025-04-26,5,5
2025-04-26 06:00:00+00:00,31.3,92.5,1013.7,14.6,7.8,2025-04-26,6,5
2025-04-26 07:00:00+00:00,95.4,89.0,1014.1,16.0,5.4,2025-04-26,7,5
2025-04-26 08:00:00+00:00,110.8,81.0,1014.4,18.0,7.4,2025-04-26,8,5
2025-04-26 09:00:00+00:00,126.3,73.0,1014.8,19.9,9.4,2025-04-26,9,5
2025-04-26 10:00:00+00:00,123.7,68.0,1015.2,20.9,11.9,2025-04-26,10,5
2025-04-26 11:00:00+00:00,129.0,64.0,1015.3,21.5,13.7,2025-04-26,11,5
2025-04-26 12:00:00+00:00,134.0,63.0,1015.5,21.1,14.4,2025-04-26,12,5
2025-04-26 13:00:00+00:00,136.0,58.0,1015.4,21.4,13.8,2025-04-26,13,5
2025-04-26 14:00:00+00:00,131.5,56.0,1015.2,22.0,13.3,2025-04-26,14,5
2025-04-26 15:00:00+00:00,127.9,56.5,1014.7,21.2,13.0,2025-04-26,15,5
2025-04-26 16:00:00+00:00,119.6,57.0,1015.0,20.8,14.4,2025-04-26,16,5
2025-04-26 17:00:00+00:00,124.4,62.0,1015.5,20.1,12.6,2025-04-26,17,5
2025-04-26 18:00:00+00:00,116.0,69.0,1016.2,19.3,10.4,2025-04-26,18,5
2025-04-26 19:00:00+00:00,77.1,80.0,1017.3,17.8,5.8,2025-04-26,19,5
2025-04-26 20:00:00+00:00,24.9,83.0,1018.8,16.9,7.9,2025-04-26,20,5
2025-04-26 21:00:00+00:00,348.2,81.0,1019.7,16.4,6.1,2025-04-26,21,5
2025-04-26 22:00:00+00:00,293.4,84.0,1020.3,15.9,7.2,2025-04-26,22,5
2025-04-26 23:00:00+00:00,324.4,74.0,1020.4,16.0,9.7,2025-04-26,23,5
2025-04-27 00:00:00+00:00,352.8,56.0,1020.1,15.8,15.1,2025-04-27,0,6
2025-04-27 01:00:00+00:00,334.8,59.0,1020.2,14.9,18.0,2025-04-27,1,6
2025-04-27 02:00:00+00:00,313.8,67.0,1020.1,13.7,15.8,2025-04-27,2,6
2025-04-27 03:00:00+00:00,300.7,69.0,1019.7,12.8,14.0,2025-04-27,3,6
2025-04-27 04:00:00+00:00,283.9,67.0,1019.6,12.0,11.5,2025-04-27,4,6
2025-04-27 05:00:00+00:00,275.5,65.5,1019.8,12.2,13.0,2025-04-27,5,6
2025-04-27 06:00:00+00:00,267.2,64.0,1020.0,12.4,14.4,2025-04-27,6,6
2025-04-27 07:00:00+00:00,275.9,62.0,1020.3,14.4,11.5,2025-04-27,7,6
2025-04-27 08:00:00+00:00,253.9,47.0,1020.4,17.5,10.4,2025-04-27,8,6
2025-04-27 09:00:00+00:00,227.9,40.0,1020.5,19.3,7.9,2025-04-27,9,6
2025-04-27 10:00:00+00:00,207.7,37.0,1020.7,20.7,7.6,2025-04-27,10,6
2025-04-27 11:00:00+00:00,183.2,34.0,1020.6,21.7,11.5,2025-04-27,11,6
2025-04-27 12:00:00+00:00,150.4,35.0,1020.1,22.0,16.6,2025-04-27,12,6
2025-04-27 13:00:00+00:00,122.8,36.0,1020.6,21.8,17.6,2025-04-27,13,6
2025-04-27 14:00:00+00:00,123.4,35.0,1020.2,21.5,16.2,2025-04-27,14,6
2025-04-27 15:00:00+00:00,120.2,34.0,1019.8,21.4,16.6,2025-04-27,15,6
2025-04-27 16:00:00+00:00,114.5,36.0,1020.0,21.3,16.4,2025-04-27,16,6
2025-04-27 17:00:00+00:00,110.7,42.0,1020.3,20.2,16.2,2025-04-27,17,6
2025-04-27 18:00:00+00:00,116.3,49.0,1020.8,18.9,13.0,2025-04-27,18,6
2025-04-27 19:00:00+00:00,113.5,60.0,1021.3,17.4,6.5,2025-04-27,19,6
2025-04-27 20:00:00+00:00,143.2,63.0,1021.9,17.0,5.2,2025-04-27,20,6
2025-04-27 21:00:00+00:00,303.2,69.0,1022.6,16.2,4.0,2025-04-27,21,6
2025-04-27 22:00:00+00:00,357.1,70.0,1023.2,15.7,4.7,2025-04-27,22,6
2025-04-27 23:00:00+00:00,14.3,71.0,1023.5,15.0,5.4,2025-04-27,23,6
2025-04-28 00:00:00+00:00,19.9,73.5,1023.4,14.7,6.8,2025-04-28,0,0
2025-04-28 01:00:00+00:00,334.8,76.0,1023.2,13.2,6.1,2025-04-28,1,0
2025-04-28 02:00:00+00:00,321.2,77.0,1022.7,12.7,6.4,2025-04-28,2,0
2025-04-28 03:00:00+00:00,307.5,78.0,1022.2,12.2,6.8,2025-04-28,3,0
2025-04-28 04:00:00+00:00,300.1,79.0,1021.9,11.4,7.2,2025-04-28,4,0
2025-04-28 05:00:00+00:00,298.7,83.0,1022.0,10.7,7.5,2025-04-28,5,0
2025-04-28 06:00:00+00:00,290.8,80.0,1022.5,11.2,7.9,2025-04-28,6,0
2025-04-28 07:00:00+00:00,276.7,68.0,1023.0,14.4,6.8,2025-04-28,7,0
2025-04-28 08:00:00+00:00,277.0,54.0,1022.8,17.5,5.8,2025-04-28,8,0
2025-04-28 09:00:00+00:00,198.6,44.0,1022.9,19.6,3.2,2025-04-28,9,0
2025-04-28 10:00:00+00:00,126.5,42.0,1022.8,20.7,6.8,2025-04-28,10,0
2025-04-28 11:00:00+00:00,120.8,43.6,1022.7,20.3,7.2,2025-04-28,11,0
2025-04-28 12:00:00+00:00,115.2,45.1,1022.6,20.0,7.6,2025-04-28,12,0
2025-04-29 06:00:00+00:00,13.4,73.0,1020.5,13.6,14.4,2025-04-29,6,1
2025-04-29 07:00:00+00:00,24.4,67.0,1020.7,15.7,16.0,2025-04-29,7,1
2025-04-29 08:00:00+00:00,47.9,66.5,1020.6,17.5,17.6,2025-04-29,8,1
2025-04-29 09:00:00+00:00,63.8,66.0,1020.6,18.5,18.7,2025-04-29,9,1
2025-04-29 10:00:00+00:00,74.7,63.0,1020.5,19.1,19.1,2025-04-29,10,1
2025-04-29 11:00:00+00:00,83.2,60.0,1020.4,19.8,18.7,2025-04-29,11,1
2025-04-29 12:00:00+00:00,86.4,59.0,1019.9,20.2,19.0,2025-04-29,12,1
2025-04-29 13:00:00+00:00,85.5,54.0,1019.6,20.8,19.4,2025-04-29,13,1
2025-04-29 14:00:00+00:00,81.5,55.0,1019.0,20.6,19.1,2025-04-29,14,1
2025-04-29 15:00:00+00:00,78.9,56.0,1018.2,20.3,18.0,2025-04-29,15,1
2025-04-29 16:00:00+00:00,75.1,57.0,1018.1,20.0,17.3,2025-04-29,16,1
2025-04-29 17:00:00+00:00,67.1,59.0,1018.0,19.3,17.6,2025-04-29,17,1
2025-04-29 18:00:00+00:00,66.4,68.0,1018.1,18.3,16.6,2025-04-29,18,1
2025-04-29 19:00:00+00:00,57.7,77.0,1018.3,17.2,15.5,2025-04-29,19,1
2025-04-29 20:00:00+00:00,53.6,81.0,1018.8,16.8,14.8,2025-04-29,20,1
2025-04-29 21:00:00+00:00,47.2,82.0,1018.9,16.6,18.0,2025-04-29,21,1
2025-04-29 22:00:00+00:00,34.3,84.0,1019.5,16.2,15.8,2025-04-29,22,1
2025-04-29 23:00:00+00:00,30.2,84.5,1019.4,16.1,15.1,2025-04-29,23,1
2025-04-30 00:00:00+00:00,29.6,85.0,1019.3,15.6,14.8,2025-04-30,0,2
2025-04-30 01:00:00+00:00,27.8,83.5,1018.7,15.1,16.6,2025-04-30,1,2
2025-04-30 02:00:00+00:00,26.5,82.0,1018.2,15.0,19.8,2025-04-30,2,2
2025-04-30 03:00:00+00:00,27.0,81.7,1018.1,14.8,20.5,2025-04-30,3,2
2025-04-30 04:00:00+00:00,26.0,81.3,1017.9,15.0,22.3,2025-04-30,4,2
2025-04-30 05:00:00+00:00,25.3,81.0,1017.8,14.8,23.4,2025-04-30,5,2
2025-04-30 06:00:00+00:00,31.1,78.0,1018.2,15.2,21.6,2025-04-30,6,2
2025-04-30 07:00:00+00:00,34.6,75.0,1018.5,16.6,23.8,2025-04-30,7,2
2025-04-30 08:00:00+00:00,49.0,74.0,1018.7,17.4,25.6,2025-04-30,8,2
2025-04-30 09:00:00+00:00,58.9,70.0,1018.8,18.3,25.2,2025-04-30,9,2
2025-04-30 10:00:00+00:00,68.4,66.0,1018.7,19.0,25.9,2025-04-30,10,2
2025-04-30 11:00:00+00:00,64.0,60.0,1018.5,20.0,27.0,2025-04-30,11,2
2025-04-30 12:00:00+00:00,67.2,62.0,1018.3,19.8,27.7,2025-04-30,12,2
2025-04-30 13:00:00+00:00,67.3,64.0,1018.1,19.5,28.1,2025-04-30,13,2
2025-04-30 14:00:00+00:00,63.1,65.0,1017.5,19.4,27.0,2025-04-30,14,2
2025-04-30 15:00:00+00:00,64.1,62.0,1016.8,19.9,26.6,2025-04-30,15,2
2025-04-30 16:00:00+00:00,64.3,66.0,1016.7,19.3,27.4,2025-04-30,16,2
2025-04-30 17:00:00+00:00,59.6,68.0,1016.7,19.0,28.4,2025-04-30,17,2
2025-04-30 18:00:00+00:00,52.6,72.0,1016.6,18.3,26.4,2025-04-30,18,2
2025-04-30 19:00:00+00:00,44.6,80.0,1016.7,17.2,24.5,2025-04-30,19,2
2025-04-30 20:00:00+00:00,39.2,79.5,1017.2,16.9,22.7,2025-04-30,20,2
2025-04-30 21:00:00+00:00,30.7,79.0,1017.8,16.7,22.0,2025-04-30,21,2
2025-04-30 22:00:00+00:00,23.7,78.7,1017.8,16.5,22.3,2025-04-30,22,2
2025-04-30 23:00:00+00:00,23.6,78.3,1017.7,16.3,22.7,2025-04-30,23,2
2025-05-01 00:00:00+00:00,24.9,78.0,1017.2,16.1,24.5,2025-05-01,0,3
2025-05-01 01:00:00+00:00,27.3,77.0,1016.6,15.8,24.6,2025-05-01,1,3
2025-05-01 02:00:00+00:00,23.4,78.0,1016.2,15.5,24.7,2025-05-01,2,3
2025-05-01 03:00:00+00:00,25.1,78.5,1015.9,15.3,24.8,2025-05-01,3,3
2025-05-01 04:00:00+00:00,26.8,79.0,1016.0,15.1,25.9,2025-05-01,4,3
2025-05-01 05:00:00+00:00,23.5,80.0,1016.2,14.9,26.3,2025-05-01,5,3
2025-05-01 06:00:00+00:00,26.8,78.0,1016.6,15.4,27.7,2025-05-01,6,3
2025-05-01 07:00:00+00:00,30.0,72.0,1017.0,17.3,28.4,2025-05-01,7,3
2025-05-01 08:00:00+00:00,35.7,67.0,1017.0,18.8,26.3,2025-05-01,8,3
2025-05-01 09:00:00+00:00,47.8,62.0,1017.1,20.0,27.0,2025-05-01,9,3
2025-05-01 10:00:00+00:00,54.4,61.0,1017.2,20.4,28.1,2025-05-01,10,3
2025-05-01 11:00:00+00:00,58.7,60.5,1017.2,20.6,27.0,2025-05-01,11,3
2025-05-01 12:00:00+00:00,58.3,60.0,1017.0,21.2,25.9,2025-05-01,12,3
2025-05-01 13:00:00+00:00,60.4,55.0,1016.3,22.5,24.8,2025-05-01,13,3
2025-05-01 14:00:00+00:00,61.7,56.0,1015.6,22.1,24.1,2025-05-01,14,3
2025-05-01 15:00:00+00:00,64.4,58.0,1015.1,22.0,23.0,2025-05-01,15,3
2025-05-01 16:00:00+00:00,63.1,62.0,1015.0,21.4,21.2,2025-05-01,16,3
2025-05-01 17:00:00+00:00,63.7,66.0,1015.0,20.7,20.2,2025-05-01,17,3
2025-05-01 18:00:00+00:00,60.3,73.0,1015.1,19.6,18.0,2025-05-01,18,3
2025-05-01 19:00:00+00:00,61.8,79.0,1015.5,18.2,15.5,2025-05-01,19,3
2025-05-01 20:00:00+00:00,54.5,82.0,1016.4,17.7,16.6,2025-05-01,20,3
2025-05-01 21:00:00+00:00,48.9,81.7,1016.8,17.6,17.6,2025-05-01,21,3
2025-05-01 22:00:00+00:00,47.0,81.3,1016.9,17.3,18.4,2025-05-01,22,3
2025-05-01 23:00:00+00:00,19.3,81.0,1016.3,17.0,20.9,2025-05-01,23,3
2025-05-02 00:00:00+00:00,12.4,84.0,1016.0,16.2,19.1,2025-05-02,0,4
2025-05-02 01:00:00+00:00,10.5,85.0,1015.4,16.0,20.5,2025-05-02,1,4
2025-05-02 02:00:00+00:00,3.4,88.0,1015.1,15.5,18.7,2025-05-02,2,4
2025-05-02 03:00:00+00:00,19.0,87.7,1014.5,15.3,19.8,2025-05-02,3,4
2025-05-02 04:00:00+00:00,41.7,87.3,1014.2,15.5,21.2,2025-05-02,4,4
2025-05-02 05:00:00+00:00,41.2,87.0,1013.9,15.9,25.9,2025-05-02,5,4
2025-05-02 06:00:00+00:00,41.0,84.0,1014.4,16.5,22.7,2025-05-02,6,4
2025-05-02 07:00:00+00:00,39.4,80.0,1015.5,17.5,24.8,2025-05-02,7,4
2025-05-02 08:00:00+00:00,44.9,75.0,1014.8,18.4,27.0,2025-05-02,8,4
2025-05-02 09:00:00+00:00,56.5,72.0,1015.0,19.5,26.3,2025-05-02,9,4
2025-05-02 10:00:00+00:00,61.9,68.0,1014.8,20.7,26.6,2025-05-02,10,4
2025-05-02 11:00:00+00:00,62.5,65.0,1014.6,21.4,23.8,2025-05-02,11,4
2025-05-02 12:00:00+00:00,66.4,63.0,1014.1,22.0,23.4,2025-05-02,12,4
2025-05-02 13:00:00+00:00,67.4,64.0,1014.0,21.6,19.8,2025-05-02,13,4
2025-05-02 14:00:00+00:00,54.5,66.0,1013.9,21.2,18.7,2025-05-02,14,4
2025-05-02 15:00:00+00:00,46.1,62.0,1013.1,21.8,20.2,2025-05-02,15,4
2025-05-02 16:00:00+00:00,61.6,64.0,1012.9,21.6,19.1,2025-05-02,16,4
2025-05-02 17:00:00+00:00,60.5,68.0,1013.4,21.2,16.9,2025-05-02,17,4
2025-05-02 18:00:00+00:00,61.5,73.0,1013.3,20.5,13.3,2025-05-02,18,4
2025-05-02 19:00:00+00:00,82.1,81.0,1014.3,18.2,13.0,2025-05-02,19,4
2025-05-02 20:00:00+00:00,73.8,85.0,1015.2,17.4,11.9,2025-05-02,20,4
2025-05-02 21:00:00+00:00,64.0,86.0,1015.6,17.1,13.7,2025-05-02,21,4
2025-05-02 22:00:00+00:00,353.6,88.0,1016.0,16.8,11.9,2025-05-02,22,4
2025-05-02 23:00:00+00:00,279.1,90.0,1016.2,16.5,9.0,2025-05-02,23,4
2025-05-03 00:00:00+00:00,243.2,90.7,1016.5,16.4,7.6,2025-05-03,0,5
2025-05-03 01:00:00+00:00,289.7,91.3,1015.8,16.6,9.0,2025-05-03,1,5
2025-05-03 02:00:00+00:00,299.2,92.0,1015.2,16.2,7.2,2025-05-03,2,5
2025-05-03 03:00:00+00:00,288.9,95.0,1014.8,15.5,5.8,2025-05-03,3,5
2025-05-03 04:00:00+00:00,295.3,96.0,1014.4,15.1,7.9,2025-05-03,4,5
2025-05-03 05:00:00+00:00,298.5,95.0,1014.9,14.4,5.4,2025-05-03,5,5
2025-05-03 06:00:00+00:00,287.7,93.0,1015.3,14.8,6.8,2025-05-03,6,5
2025-05-03 07:00:00+00:00,242.3,82.0,1015.4,17.4,10.8,2025-05-03,7,5
2025-05-03 08:00:00+00:00,228.8,72.0,1015.1,20.0,5.4,2025-05-03,8,5
2025-05-03 09:00:00+00:00,215.5,63.0,1014.9,21.9,4.3,2025-05-03,9,5
2025-05-03 10:00:00+00:00,151.0,57.0,1014.7,23.6,7.9,2025-05-03,10,5
2025-05-03 11:00:00+00:00,142.3,53.0,1014.4,24.8,13.3,2025-05-03,11,5
2025-05-03 12:00:00+00:00,123.5,52.0,1013.7,25.3,20.2,2025-05-03,12,5
2025-05-03 13:00:00+00:00,131.2,57.0,1013.1,24.5,19.4,2025-05-03,13,5
2025-05-03 14:00:00+00:00,133.3,60.0,1012.1,23.9,17.6,2025-05-03,14,5
2025-05-03 15:00:00+00:00,145.7,59.0,1011.2,24.2,16.6,2025-05-03,15,5
2025-05-03 16:00:00+00:00,140.1,63.0,1011.2,23.1,16.9,2025-05-03,16,5
2025-05-03 17:00:00+00:00,145.4,68.0,1011.3,22.0,14.4,2025-05-03,17,5
2025-05-03 18:00:00+00:00,159.1,72.0,1011.2,21.6,12.2,2025-05-03,18,5
2025-05-03 19:00:00+00:00,118.1,76.0,1011.6,20.6,15.8,2025-05-03,19,5
2025-05-03 20:00:00+00:00,60.1,80.0,1012.1,20.1,8.6,2025-05-03,20,5
2025-05-03 21:00:00+00:00,21.3,84.0,1012.3,19.2,7.2,2025-05-03,21,5
2025-05-03 22:00:00+00:00,336.5,85.0,1012.4,18.6,8.3,2025-05-03,22,5
2025-05-03 23:00:00+00:00,266.6,84.0,1012.3,18.4,12.2,2025-05-03,23,5
2025-05-04 00:00:00+00:00,286.2,68.0,1012.1,19.0,19.4,2025-05-04,0,6
2025-05-04 01:00:00+00:00,291.7,55.0,1011.7,19.2,20.5,2025-05-04,1,6
2025-05-04 02:00:00+00:00,284.6,57.0,1011.2,18.7,19.8,2025-05-04,2,6
2025-05-04 03:00:00+00:00,280.3,56.0,1010.9,18.4,20.5,2025-05-04,3,6
2025-05-04 04:00:00+00:00,275.4,57.0,1011.0,18.1,22.3,2025-05-04,4,6
2025-05-04 05:00:00+00:00,281.6,59.0,1010.9,17.6,23.0,2025-05-04,5,6
2025-05-04 06:00:00+00:00,283.4,58.0,1011.2,18.3,20.2,2025-05-04,6,6
2025-05-04 07:00:00+00:00,267.7,57.0,1011.1,19.0,18.4,2025-05-04,7,6
2025-05-04 08:00:00+00:00,271.9,51.0,1011.0,20.5,20.9,2025-05-04,8,6
2025-05-04 09:00:00+00:00,275.7,42.0,1010.8,22.2,21.6,2025-05-04,9,6
2025-05-04 10:00:00+00:00,267.9,36.0,1010.3,23.9,21.2,2025-05-04,10,6
2025-05-04 11:00:00+00:00,260.5,30.0,1009.4,25.4,22.0,2025-05-04,11,6
2025-05-04 12:00:00+00:00,262.5,28.0,1008.8,26.0,24.1,2025-05-04,12,6
2025-05-04 13:00:00+00:00,259.2,26.0,1008.3,26.6,22.3,2025-05-04,13,6
2025-05-04 14:00:00+00:00,257.7,25.0,1007.7,26.2,25.9,2025-05-04,14,6
2025-05-04 15:00:00+00:00,265.5,28.0,1007.2,25.9,25.8,2025-05-04,15,6
2025-05-04 16:00:00+00:00,267.1,27.5,1006.8,25.6,25.6,2025-05-04,16,6
2025-05-04 17:00:00+00:00,269.7,27.0,1007.0,25.4,25.2,2025-05-04,17,6
2025-05-04 18:00:00+00:00,277.5,30.5,1007.1,24.6,24.5,2025-05-04,18,6
2025-05-04 19:00:00+00:00,261.5,34.0,1008.1,22.7,26.3,2025-05-04,19,6
2025-05-04 20:00:00+00:00,272.6,37.0,1009.1,21.7,23.0,2025-05-04,20,6
2025-05-04 21:00:00+00:00,274.9,41.0,1009.8,20.8,20.5,2025-05-04,21,6
2025-05-04 22:00:00+00:00,273.2,44.0,1009.9,19.9,21.2,2025-05-04,22,6
2025-05-04 23:00:00+00:00,269.9,48.0,1009.8,19.1,22.0,2025-05-04,23,6
2025-05-05 00:00:00+00:00,267.9,51.0,1009.6,18.5,20.9,2025-05-05,0,0
2025-05-05 01:00:00+00:00,267.5,54.0,1009.5,18.0,21.2,2025-05-05,1,0
2025-05-05 02:00:00+00:00,271.7,56.0,1009.0,17.5,21.6,2025-05-05,2,0
2025-05-05 03:00:00+00:00,272.7,58.0,1008.6,16.9,23.4,2025-05-05,3,0
2025-05-05 04:00:00+00:00,278.8,57.3,1008.7,16.7,22.3,2025-05-05,4,0
2025-05-05 05:00:00+00:00,282.8,56.7,1008.8,16.5,20.2,2025-05-05,5,0
2025-05-05 06:00:00+00:00,287.1,56.0,1009.2,17.0,19.1,2025-05-05,6,0
2025-05-05 07:00:00+00:00,281.5,52.0,1009.3,18.5,15.8,2025-05-05,7,0
2025-05-05 08:00:00+00:00,279.3,46.0,1009.2,20.5,18.7,2025-05-05,8,0
2025-05-05 09:00:00+00:00,290.6,39.0,1009.0,22.3,19.1,2025-05-05,9,0
2025-05-05 10:00:00+00:00,293.6,34.0,1008.7,23.9,16.6,2025-05-05,10,0
2025-05-05 11:00:00+00:00,289.3,30.0,1008.2,25.1,16.4,2025-05-05,11,0
2025-05-05 12:00:00+00:00,265.8,29.0,1007.6,25.7,16.2,2025-05-05,12,0
2025-05-05 13:00:00+00:00,321.9,33.0,1007.4,25.0,20.9,2025-05-05,13,0
2025-05-05 14:00:00+00:00,63.9,38.0,1007.1,23.3,17.6,2025-05-05,14,0
2025-05-05 15:00:00+00:00,345.8,36.0,1007.4,23.8,15.8,2025-05-05,15,0
2025-05-05 16:00:00+00:00,150.5,35.0,1006.9,21.8,10.8,2025-05-05,16,0
2025-05-05 17:00:00+00:00,330.3,58.0,1008.6,19.9,21.6,2025-05-05,17,0
2025-05-05 18:00:00+00:00,290.6,55.0,1008.4,19.8,11.2,2025-05-05,18,0
2025-05-05 19:00:00+00:00,302.3,58.0,1009.3,19.7,7.9,2025-05-05,19,0
2025-05-05 20:00:00+00:00,358.8,60.0,1009.9,19.0,8.4,2025-05-05,20,0
2025-05-05 21:00:00+00:00,262.9,63.0,1010.4,18.2,9.0,2025-05-05,21,0
2025-05-05 22:00:00+00:00,290.7,66.0,1010.5,17.9,11.2,2025-05-05,22,0
2025-05-05 23:00:00+00:00,311.7,64.0,1010.6,17.4,13.3,2025-05-05,23,0
2025-05-06 00:00:00+00:00,331.0,56.0,1010.6,16.6,11.9,2025-05-06,0,1
2025-05-06 01:00:00+00:00,315.8,66.0,1010.7,15.9,7.2,2025-05-06,1,1
2025-05-06 02:00:00+00:00,296.9,70.0,1010.9,15.3,6.6,2025-05-06,2,1
2025-05-06 03:00:00+00:00,258.3,73.0,1011.0,14.8,6.1,2025-05-06,3,1
2025-05-06 04:00:00+00:00,249.0,75.0,1011.4,14.1,6.8,2025-05-06,4,1
2025-05-06 05:00:00+00:00,299.6,76.0,1011.8,13.4,7.6,2025-05-06,5,1
2025-05-06 06:00:00+00:00,309.7,69.0,1012.4,13.8,9.7,2025-05-06,6,1
2025-05-06 07:00:00+00:00,292.9,54.0,1013.5,14.8,9.4,2025-05-06,7,1
2025-05-06 08:00:00+00:00,285.0,45.0,1013.7,16.3,7.9,2025-05-06,8,1
2025-05-06 09:00:00+00:00,253.0,40.0,1013.8,17.7,5.0,2025-05-06,9,1
2025-05-06 10:00:00+00:00,221.1,36.0,1013.6,19.2,6.8,2025-05-06,10,1
2025-05-06 11:00:00+00:00,223.6,32.0,1013.2,20.5,10.1,2025-05-06,11,1
2025-05-06 12:00:00+00:00,274.6,26.0,1012.5,22.0,11.9,2025-05-06,12,1
2025-05-06 13:00:00+00:00,108.6,24.0,1011.7,22.7,23.8,2025-05-06,13,1
2025-05-06 14:00:00+00:00,113.6,37.0,1011.4,20.7,24.5,2025-05-06,14,1
2025-05-06 15:00:00+00:00,115.7,43.0,1011.1,19.2,26.3,2025-05-06,15,1
2025-05-06 16:00:00+00:00,135.0,42.5,1011.3,19.1,25.9,2025-05-06,16,1
2025-05-06 17:00:00+00:00,123.4,42.0,1011.9,19.0,24.8,2025-05-06,17,1
2025-05-06 18:00:00+00:00,115.1,48.0,1012.6,17.9,23.8,2025-05-06,18,1
2025-05-06 19:00:00+00:00,112.0,60.0,1013.7,16.8,22.7,2025-05-06,19,1
2025-05-06 20:00:00+00:00,86.9,66.0,1014.6,16.4,20.9,2025-05-06,20,1
2025-05-06 21:00:00+00:00,57.6,67.0,1015.1,16.2,16.2,2025-05-06,21,1
2025-05-06 22:00:00+00:00,21.0,68.0,1015.6,15.8,13.0,2025-05-06,22,1
2025-05-06 23:00:00+00:00,7.3,67.0,1015.5,15.6,12.6,2025-05-06,23,1
2025-05-07 00:00:00+00:00,6.9,64.0,1015.4,15.5,11.9,2025-05-07,0,2
2025-05-07 01:00:00+00:00,0.2,59.0,1015.2,14.8,9.0,2025-05-07,1,2
2025-05-07 02:00:00+00:00,358.3,60.0,1015.0,14.4,9.4,2025-05-07,2,2
2025-05-07 03:00:00+00:00,355.9,61.0,1014.7,14.2,9.0,2025-05-07,3,2
2025-05-07 04:00:00+00:00,355.0,63.0,1014.5,14.0,8.6,2025-05-07,4,2
2025-05-07 05:00:00+00:00,6.1,61.0,1014.9,14.7,9.0,2025-05-07,5,2
2025-05-07 06:00:00+00:00,31.8,60.0,1015.6,15.1,11.2,2025-05-07,6,2
2025-05-07 07:00:00+00:00,47.3,50.0,1015.9,16.4,14.8,2025-05-07,7,2
2025-05-07 08:00:00+00:00,70.9,49.0,1016.0,17.3,14.4,2025-05-07,8,2
2025-05-07 09:00:00+00:00,93.1,51.0,1016.2,18.6,12.2,2025-05-07,9,2
2025-05-07 10:00:00+00:00,95.4,53.0,1016.1,18.1,11.2,2025-05-07,10,2
2025-05-07 11:00:00+00:00,108.7,52.0,1016.0,18.4,10.1,2025-05-07,11,2
2025-05-07 12:00:00+00:00,126.3,47.0,1015.4,19.6,11.2,2025-05-07,12,2
2025-05-07 13:00:00+00:00,122.4,44.0,1014.8,20.6,11.9,2025-05-07,13,2
2025-05-07 14:00:00+00:00,115.8,46.0,1013.9,20.7,15.1,2025-05-07,14,2
2025-05-07 15:00:00+00:00,110.3,51.0,1013.2,20.0,16.2,2025-05-07,15,2
2025-05-07 16:00:00+00:00,106.8,58.0,1013.0,18.6,15.1,2025-05-07,16,2
2025-05-07 17:00:00+00:00,106.1,59.0,1013.2,18.2,14.8,2025-05-07,17,2
2025-05-07 18:00:00+00:00,112.8,63.0,1013.4,17.8,11.5,2025-05-07,18,2
2025-05-07 19:00:00+00:00,110.3,71.0,1013.6,17.1,13.3,2025-05-07,19,2
2025-05-07 20:00:00+00:00,114.5,76.0,1013.9,16.6,9.7,2025-05-07,20,2
2025-05-07 21:00:00+00:00,126.0,84.0,1014.4,16.1,7.2,2025-05-07,21,2
2025-05-07 22:00:00+00:00,349.4,88.0,1014.2,15.8,4.3,2025-05-07,22,2
2025-05-07 23:00:00+00:00,56.8,92.0,1014.0,15.3,5.0,2025-05-07,23,2
2025-05-08 00:00:00+00:00,295.6,94.0,1013.8,15.0,2.9,2025-05-08,0,3
2025-05-08 01:00:00+00:00,334.8,93.0,1013.5,14.8,4.3,2025-05-08,1,3
2025-05-08 02:00:00+00:00,256.3,95.0,1012.5,14.6,5.4,2025-05-08,2,3
2025-05-08 03:00:00+00:00,250.6,94.0,1011.9,14.2,3.6,2025-05-08,3,3
2025-05-08 04:00:00+00:00,231.9,94.5,1011.7,13.8,2.9,2025-05-08,4,3
2025-05-08 05:00:00+00:00,258.3,95.0,1011.8,13.3,5.4,2025-05-08,5,3
2025-05-08 06:00:00+00:00,275.3,89.0,1012.1,14.1,5.8,2025-05-08,6,3
2025-05-08 07:00:00+00:00,290.3,83.0,1012.2,15.6,3.6,2025-05-08,7,3
2025-05-08 08:00:00+00:00,155.5,72.0,1012.2,17.0,4.0,2025-05-08,8,3
2025-05-08 09:00:00+00:00,138.6,69.0,1012.3,17.9,5.8,2025-05-08,9,3
2025-05-08 10:00:00+00:00,119.2,70.0,1011.9,18.0,9.0,2025-05-08,10,3
2025-05-08 11:00:00+00:00,131.8,64.0,1011.7,19.3,9.4,2025-05-08,11,3
2025-05-08 12:00:00+00:00,142.7,67.0,1011.5,19.6,10.4,2025-05-08,12,3
2025-05-08 13:00:00+00:00,87.4,70.0,1011.2,18.2,10.8,2025-05-08,13,3
2025-05-08 14:00:00+00:00,120.1,66.0,1010.7,19.3,15.5,2025-05-08,14,3
2025-05-08 15:00:00+00:00,134.9,67.0,1010.5,19.2,13.5,2025-05-08,15,3
2025-05-08 16:00:00+00:00,152.6,71.0,1010.7,18.3,11.5,2025-05-08,16,3
2025-05-08 17:00:00+00:00,150.8,73.0,1010.6,18.1,17.6,2025-05-08,17,3
2025-05-08 18:00:00+00:00,114.9,77.0,1010.5,17.7,10.1,2025-05-08,18,3
2025-05-08 19:00:00+00:00,353.7,88.0,1010.4,16.1,5.0,2025-05-08,19,3
2025-05-08 20:00:00+00:00,355.5,93.0,1010.9,15.3,6.5,2025-05-08,20,3
2025-05-08 21:00:00+00:00,336.0,95.0,1011.3,14.6,4.3,2025-05-08,21,3
2025-05-08 22:00:00+00:00,310.1,95.5,1011.5,14.2,4.0,2025-05-08,22,3
2025-05-08 23:00:00+00:00,309.5,96.0,1011.0,13.8,4.3,2025-05-08,23,3
2025-05-09 00:00:00+00:00,301.4,95.8,1010.9,13.2,5.0,2025-05-09,0,4
2025-05-09 01:00:00+00:00,275.7,95.5,1011.3,12.5,5.8,2025-05-09,1,4
2025-05-09 02:00:00+00:00,296.9,95.2,1010.8,12.0,7.2,2025-05-09,2,4
2025-05-09 03:00:00+00:00,296.0,95.0,1010.5,11.6,8.6,2025-05-09,3,4
2025-05-09 04:00:00+00:00,290.8,93.0,1010.6,11.4,10.4,2025-05-09,4,4
2025-05-09 05:00:00+00:00,298.1,92.0,1010.7,11.3,9.0,2025-05-09,5,4
2025-05-09 06:00:00+00:00,291.6,91.0,1011.0,12.2,8.6,2025-05-09,6,4
2025-05-09 07:00:00+00:00,291.5,81.0,1011.4,14.8,8.2,2025-05-09,7,4
2025-05-09 08:00:00+00:00,322.7,72.0,1011.9,17.0,7.9,2025-05-09,8,4
2025-05-09 09:00:00+00:00,86.1,67.0,1012.0,18.5,8.6,2025-05-09,9,4
2025-05-09 10:00:00+00:00,105.8,66.0,1012.0,19.3,12.2,2025-05-09,10,4
2025-05-09 11:00:00+00:00,106.5,67.0,1012.1,19.6,13.0,2025-05-09,11,4
2025-05-09 12:00:00+00:00,103.6,64.0,1011.8,20.4,13.3,2025-05-09,12,4
2025-05-09 13:00:00+00:00,100.8,68.0,1011.6,19.9,12.6,2025-05-09,13,4
2025-05-09 14:00:00+00:00,104.5,70.0,1011.3,19.8,13.7,2025-05-09,14,4
2025-05-09 15:00:00+00:00,116.1,71.0,1010.6,19.5,15.1,2025-05-09,15,4
2025-05-09 16:00:00+00:00,113.8,70.0,1010.7,19.4,15.8,2025-05-09,16,4
2025-05-09 17:00:00+00:00,104.3,69.0,1010.8,19.0,14.8,2025-05-09,17,4
2025-05-09 18:00:00+00:00,85.8,76.0,1010.9,18.7,15.0,2025-05-09,18,4
2025-05-09 19:00:00+00:00,66.4,80.0,1011.6,17.9,15.1,2025-05-09,19,4
2025-05-09 20:00:00+00:00,28.1,84.0,1012.3,17.2,10.1,2025-05-09,20,4
2025-05-09 21:00:00+00:00,29.4,83.5,1012.8,16.9,13.7,2025-05-09,21,4
2025-05-09 22:00:00+00:00,31.3,83.0,1013.1,16.7,14.8,2025-05-09,22,4
2025-05-09 23:00:00+00:00,34.8,86.0,1013.3,16.3,13.3,2025-05-09,23,4
2025-05-10 00:00:00+00:00,35.1,88.0,1013.2,16.1,11.2,2025-05-10,0,5
2025-05-10 01:00:00+00:00,25.2,91.0,1013.2,15.8,10.8,2025-05-10,1,5
2025-05-10 02:00:00+00:00,31.2,89.0,1013.0,15.7,11.5,2025-05-10,2,5
2025-05-10 03:00:00+00:00,36.0,90.0,1012.7,15.6,10.1,2025-05-10,3,5
2025-05-10 04:00:00+00:00,33.1,89.0,1012.8,15.7,10.8,2025-05-10,4,5
2025-05-10 05:00:00+00:00,29.7,88.5,1012.9,15.6,11.5,2025-05-10,5,5
2025-05-10 06:00:00+00:00,31.1,88.0,1013.0,15.9,14.0,2025-05-10,6,5
2025-05-10 07:00:00+00:00,47.4,83.0,1013.1,17.2,13.7,2025-05-10,7,5
2025-05-10 08:00:00+00:00,73.6,81.0,1013.0,17.9,13.3,2025-05-10,8,5
2025-05-10 09:00:00+00:00,97.0,77.0,1013.0,18.7,14.0,2025-05-10,9,5
2025-05-10 10:00:00+00:00,125.8,74.0,1012.9,19.3,18.0,2025-05-10,10,5
2025-05-10 11:00:00+00:00,135.1,75.5,1012.6,19.5,18.1,2025-05-10,11,5
2025-05-10 12:00:00+00:00,124.6,77.0,1011.6,19.3,18.3,2025-05-10,12,5
2025-05-10 13:00:00+00:00,112.0,66.0,1010.9,20.2,18.4,2025-05-10,13,5
2025-05-10 14:00:00+00:00,96.7,72.0,1010.8,19.7,14.0,2025-05-10,14,5
2025-05-10 15:00:00+00:00,116.7,74.0,1010.9,19.0,9.4,2025-05-10,15,5
2025-05-10 16:00:00+00:00,154.2,82.0,1011.1,17.7,7.6,2025-05-10,16,5
2025-05-10 17:00:00+00:00,227.7,84.0,1010.9,17.6,3.6,2025-05-10,17,5
2025-05-10 18:00:00+00:00,256.6,85.0,1010.8,16.9,7.6,2025-05-10,18,5
2025-05-10 19:00:00+00:00,274.4,91.0,1011.8,16.2,10.4,2025-05-10,19,5
2025-05-10 20:00:00+00:00,266.6,93.0,1012.0,15.7,7.6,2025-05-10,20,5
2025-05-10 21:00:00+00:00,269.2,95.0,1012.3,15.0,9.4,2025-05-10,21,5
2025-05-10 22:00:00+00:00,285.3,94.0,1012.2,14.7,8.3,2025-05-10,22,5
2025-05-10 23:00:00+00:00,279.0,95.0,1012.2,14.1,7.9,2025-05-10,23,5
2025-05-11 00:00:00+00:00,258.5,96.0,1011.8,13.5,8.6,2025-05-11,0,6
2025-05-11 01:00:00+00:00,269.4,97.0,1011.9,13.2,8.3,2025-05-11,1,6
2025-05-11 02:00:00+00:00,280.8,96.0,1011.8,12.5,6.8,2025-05-11,2,6
2025-05-11 03:00:00+00:00,284.0,94.0,1011.7,12.1,7.6,2025-05-11,3,6
2025-05-11 04:00:00+00:00,274.8,92.0,1011.6,11.8,9.0,2025-05-11,4,6
2025-05-11 05:00:00+00:00,288.3,91.0,1011.6,11.6,9.4,2025-05-11,5,6
2025-05-11 06:00:00+00:00,296.1,87.0,1011.9,12.7,10.8,2025-05-11,6,6
2025-05-11 07:00:00+00:00,265.5,84.0,1012.1,14.9,7.6,2025-05-11,7,6
2025-05-11 08:00:00+00:00,272.4,74.0,1012.2,17.5,7.2,2025-05-11,8,6
2025-05-11 09:00:00+00:00,251.2,64.0,1012.1,20.0,9.7,2025-05-11,9,6
2025-05-11 10:00:00+00:00,251.6,49.0,1011.9,21.4,13.3,2025-05-11,10,6
2025-05-11 11:00:00+00:00,241.8,42.0,1011.4,22.4,15.1,2025-05-11,11,6
2025-05-11 12:00:00+00:00,240.7,36.0,1010.7,23.5,17.3,2025-05-11,12,6
2025-05-11 13:00:00+00:00,244.1,31.0,1010.0,24.2,18.4,2025-05-11,13,6
2025-05-11 14:00:00+00:00,266.4,30.0,1009.2,24.8,17.8,2025-05-11,14,6
2025-05-11 15:00:00+00:00,253.3,31.8,1008.7,24.7,17.3,2025-05-11,15,6
2025-05-11 16:00:00+00:00,241.8,33.5,1008.5,24.6,16.9,2025-05-11,16,6
2025-05-11 17:00:00+00:00,235.9,35.2,1008.8,24.0,18.7,2025-05-11,17,6
2025-05-11 18:00:00+00:00,230.2,37.0,1009.1,22.6,17.6,2025-05-11,18,6
2025-05-11 19:00:00+00:00,2.5,55.0,1010.4,19.6,23.0,2025-05-11,19,6
2025-05-11 20:00:00+00:00,11.5,77.0,1011.8,17.4,22.3,2025-05-11,20,6
2025-05-11 21:00:00+00:00,20.8,79.0,1012.6,16.8,18.7,2025-05-11,21,6
2025-05-11 22:00:00+00:00,340.9,82.0,1012.7,16.1,13.7,2025-05-11,22,6
2025-05-11 23:00:00+00:00,315.2,86.0,1013.1,14.8,9.4,2025-05-11,23,6
2025-05-12 00:00:00+00:00,275.9,87.0,1013.2,13.5,7.2,2025-05-12,0,0
2025-05-12 01:00:00+00:00,282.7,78.0,1013.5,13.0,7.9,2025-05-12,1,0
2025-05-12 02:00:00+00:00,293.1,76.0,1013.6,12.6,9.7,2025-05-12,2,0
2025-05-12 03:00:00+00:00,294.7,74.0,1013.3,12.0,10.2,2025-05-12,3,0
2025-05-12 04:00:00+00:00,300.4,72.0,1013.7,11.9,10.8,2025-05-12,4,0
2025-05-12 05:00:00+00:00,290.1,71.0,1013.8,11.5,10.4,2025-05-12,5,0
2025-05-12 06:00:00+00:00,284.4,70.0,1014.4,12.3,11.9,2025-05-12,6,0
2025-05-12 07:00:00+00:00,282.6,63.0,1014.4,15.3,10.1,2025-05-12,7,0
2025-05-12 08:00:00+00:00,283.6,54.0,1014.5,18.2,8.3,2025-05-12,8,0
2025-05-12 09:00:00+00:00,239.6,46.0,1014.7,20.6,8.6,2025-05-12,9,0
2025-05-12 10:00:00+00:00,194.5,38.0,1014.5,22.1,10.4,2025-05-12,10,0
2025-05-12 11:00:00+00:00,207.3,30.0,1014.2,23.3,15.1,2025-05-12,11,0
2025-05-12 12:00:00+00:00,205.7,26.0,1013.8,23.8,19.1,2025-05-12,12,0
2025-05-12 13:00:00+00:00,142.7,41.0,1013.5,22.4,23.0,2025-05-12,13,0
2025-05-12 14:00:00+00:00,137.4,49.0,1012.7,21.8,24.5,2025-05-12,14,0
2025-05-12 15:00:00+00:00,139.9,50.0,1012.2,21.0,22.3,2025-05-12,15,0
2025-05-12 16:00:00+00:00,135.8,48.0,1011.6,21.3,23.0,2025-05-12,16,0
2025-05-12 17:00:00+00:00,116.6,52.0,1011.7,21.0,17.6,2025-05-12,17,0
2025-05-12 18:00:00+00:00,80.5,65.0,1012.0,19.9,12.2,2025-05-12,18,0
2025-05-12 19:00:00+00:00,57.4,75.0,1012.7,18.5,14.8,2025-05-12,19,0
2025-05-12 20:00:00+00:00,45.6,77.0,1013.1,17.8,13.3,2025-05-12,20,0
2025-05-12 21:00:00+00:00,15.6,78.0,1013.6,17.4,12.2,2025-05-12,21,0
2025-05-12 22:00:00+00:00,358.9,80.0,1013.8,16.7,11.5,2025-05-12,22,0
2025-05-12 23:00:00+00:00,328.4,83.0,1014.0,15.6,10.8,2025-05-12,23,0
2025-05-13 00:00:00+00:00,314.9,86.0,1013.6,14.6,12.2,2025-05-13,0,1
2025-05-13 01:00:00+00:00,305.2,85.0,1013.4,14.5,11.5,2025-05-13,1,1
2025-05-13 02:00:00+00:00,295.4,85.5,1013.2,14.1,9.0,2025-05-13,2,1
2025-05-13 03:00:00+00:00,297.6,86.0,1012.8,13.4,7.6,2025-05-13,3,1
2025-05-13 04:00:00+00:00,296.1,85.5,1012.9,12.9,7.2,2025-05-13,4,1
2025-05-13 05:00:00+00:00,293.3,85.0,1013.0,12.3,7.8,2025-05-13,5,1
2025-05-13 06:00:00+00:00,297.4,79.0,1013.6,13.3,8.3,2025-05-13,6,1
2025-05-13 07:00:00+00:00,300.5,68.0,1014.0,16.4,5.8,2025-05-13,7,1
2025-05-13 08:00:00+00:00,9.1,57.0,1014.1,18.9,4.0,2025-05-13,8,1
2025-05-13 09:00:00+00:00,96.9,55.0,1014.3,20.1,6.5,2025-05-13,9,1
2025-05-13 10:00:00+00:00,81.2,54.0,1014.1,21.0,8.3,2025-05-13,10,1
2025-05-13 11:00:00+00:00,82.6,51.0,1013.7,21.9,10.4,2025-05-13,11,1
2025-05-13 12:00:00+00:00,62.8,53.5,1013.5,22.4,13.0,2025-05-13,12,1
2025-05-13 13:00:00+00:00,73.7,56.0,1013.1,22.1,15.1,2025-05-13,13,1
2025-05-13 14:00:00+00:00,94.7,57.0,1012.5,21.7,13.7,2025-05-13,14,1
2025-05-13 15:00:00+00:00,71.5,61.0,1012.2,21.3,9.0,2025-05-13,15,1
2025-05-13 16:00:00+00:00,76.2,62.0,1011.9,20.9,10.1,2025-05-13,16,1
2025-05-13 17:00:00+00:00,75.0,67.0,1012.0,20.5,12.6,2025-05-13,17,1
2025-05-13 18:00:00+00:00,91.4,74.0,1012.2,19.6,11.2,2025-05-13,18,1
2025-05-13 19:00:00+00:00,88.8,79.0,1013.0,18.6,8.6,2025-05-13,19,1
2025-05-13 20:00:00+00:00,65.0,84.0,1013.4,17.9,9.7,2025-05-13,20,1
2025-05-13 21:00:00+00:00,76.4,87.0,1013.8,17.6,9.4,2025-05-13,21,1
2025-05-13 22:00:00+00:00,45.4,88.0,1014.1,17.3,8.3,2025-05-13,22,1
2025-05-13 23:00:00+00:00,34.0,89.5,1014.0,16.9,7.6,2025-05-13,23,1
2025-05-14 00:00:00+00:00,24.3,91.0,1013.7,16.3,9.0,2025-05-14,0,2
2025-05-14 01:00:00+00:00,14.2,90.0,1013.8,16.0,8.3,2025-05-14,1,2
2025-05-14 02:00:00+00:00,13.9,91.0,1013.8,15.1,8.6,2025-05-14,2,2
2025-05-14 03:00:00+00:00,51.8,93.0,1013.7,14.9,16.2,2025-05-14,3,2
2025-05-14 04:00:00+00:00,330.6,94.0,1013.7,14.2,12.6,2025-05-14,4,2
2025-05-14 05:00:00+00:00,310.2,93.0,1014.0,13.8,11.9,2025-05-14,5,2
2025-05-14 06:00:00+00:00,308.7,92.0,1014.3,14.1,11.5,2025-05-14,6,2
2025-05-14 07:00:00+00:00,2.4,86.0,1014.7,14.7,14.8,2025-05-14,7,2
2025-05-14 08:00:00+00:00,40.4,80.0,1014.8,16.9,15.8,2025-05-14,8,2
2025-05-14 09:00:00+00:00,51.7,77.0,1014.9,17.7,17.6,2025-05-14,9,2
2025-05-14 10:00:00+00:00,65.9,74.0,1015.1,18.6,15.8,2025-05-14,10,2
2025-05-14 11:00:00+00:00,78.1,73.0,1014.9,19.4,13.3,2025-05-14,11,2
2025-05-14 12:00:00+00:00,63.9,70.0,1014.4,19.6,15.8,2025-05-14,12,2
2025-05-14 13:00:00+00:00,68.7,67.0,1014.2,20.0,19.1,2025-05-14,13,2
2025-05-14 14:00:00+00:00,57.9,61.0,1013.6,20.4,18.7,2025-05-14,14,2
2025-05-14 15:00:00+00:00,65.0,58.0,1012.9,20.8,18.4,2025-05-14,15,2
2025-05-14 16:00:00+00:00,73.9,61.0,1012.8,20.3,18.0,2025-05-14,16,2
2025-05-14 17:00:00+00:00,71.5,65.0,1013.1,19.8,16.6,2025-05-14,17,2
2025-05-14 18:00:00+00:00,62.8,72.0,1013.6,18.9,15.8,2025-05-14,18,2
2025-05-14 19:00:00+00:00,45.0,74.5,1014.1,18.7,10.1,2025-05-14,19,2
2025-05-14 20:00:00+00:00,44.8,77.0,1014.9,17.9,11.5,2025-05-14,20,2
2025-05-14 21:00:00+00:00,40.8,82.0,1015.2,17.2,10.8,2025-05-14,21,2
2025-05-14 22:00:00+00:00,345.9,84.0,1015.4,16.7,10.4,2025-05-14,22,2
2025-05-14 23:00:00+00:00,321.4,86.0,1015.0,15.7,10.1,2025-05-14,23,2
2025-05-15 00:00:00+00:00,304.7,84.5,1014.6,14.7,9.7,2025-05-15,0,3
2025-05-15 01:00:00+00:00,299.6,83.0,1014.2,14.3,8.6,2025-05-15,1,3
2025-05-15 02:00:00+00:00,291.6,82.5,1013.9,13.8,6.8,2025-05-15,2,3
2025-05-15 03:00:00+00:00,288.7,82.0,1013.8,13.4,7.2,2025-05-15,3,3
2025-05-15 04:00:00+00:00,291.4,81.0,1013.7,13.0,7.9,2025-05-15,4,3
2025-05-15 05:00:00+00:00,299.8,79.0,1013.9,13.4,7.6,2025-05-15,5,3
2025-05-15 06:00:00+00:00,292.9,75.0,1014.5,13.7,7.9,2025-05-15,6,3
2025-05-15 07:00:00+00:00,283.9,66.0,1014.9,16.5,6.8,2025-05-15,7,3
2025-05-15 08:00:00+00:00,285.5,54.0,1015.0,19.3,5.0,2025-05-15,8,3
2025-05-15 09:00:00+00:00,254.0,47.0,1015.0,21.0,4.3,2025-05-15,9,3
2025-05-15 10:00:00+00:00,117.2,43.0,1015.1,22.0,7.9,2025-05-15,10,3
2025-05-15 11:00:00+00:00,130.4,41.0,1014.9,22.6,11.2,2025-05-15,11,3
2025-05-15 12:00:00+00:00,126.6,38.0,1014.3,23.3,12.6,2025-05-15,12,3
2025-05-15 13:00:00+00:00,107.2,40.0,1014.1,23.1,10.8,2025-05-15,13,3
2025-05-15 14:00:00+00:00,55.9,41.0,1014.0,23.0,8.3,2025-05-15,14,3
2025-05-15 15:00:00+00:00,31.6,39.0,1013.7,23.5,9.7,2025-05-15,15,3
2025-05-15 16:00:00+00:00,270.8,41.0,1013.8,22.9,10.8,2025-05-15,16,3
2025-05-15 17:00:00+00:00,242.4,43.0,1014.1,22.5,9.0,2025-05-15,17,3
2025-05-15 18:00:00+00:00,242.6,44.0,1014.3,22.1,7.9,2025-05-15,18,3
2025-05-15 19:00:00+00:00,224.1,42.0,1014.7,21.2,9.4,2025-05-15,19,3
2025-05-15 20:00:00+00:00,290.0,48.0,1015.3,20.2,9.7,2025-05-15,20,3
2025-05-15 21:00:00+00:00,281.1,54.0,1015.4,19.1,10.1,2025-05-15,21,3
2025-05-15 22:00:00+00:00,282.4,58.0,1015.4,18.3,11.9,2025-05-15,22,3
2025-05-15 23:00:00+00:00,284.7,62.0,1015.0,17.4,11.5,2025-05-15,23,3
2025-05-16 00:00:00+00:00,282.9,64.0,1014.8,16.7,12.2,2025-05-16,0,4
2025-05-16 01:00:00+00:00,288.6,65.0,1014.6,16.2,13.0,2025-05-16,1,4
2025-05-16 02:00:00+00:00,291.2,66.0,1014.4,15.8,12.2,2025-05-16,2,4
2025-05-16 03:00:00+00:00,279.0,67.0,1014.3,15.4,10.1,2025-05-16,3,4
2025-05-16 04:00:00+00:00,268.4,70.0,1014.1,14.7,11.5,2025-05-16,4,4
2025-05-16 05:00:00+00:00,272.2,72.0,1014.3,14.0,12.2,2025-05-16,5,4
2025-05-16 06:00:00+00:00,273.0,70.0,1014.6,14.5,11.5,2025-05-16,6,4
2025-05-16 07:00:00+00:00,271.4,59.0,1014.8,17.2,10.4,2025-05-16,7,4
2025-05-16 08:00:00+00:00,265.7,49.0,1014.7,19.8,8.3,2025-05-16,8,4
2025-05-16 09:00:00+00:00,239.9,41.0,1014.6,22.1,6.5,2025-05-16,9,4
2025-05-16 10:00:00+00:00,185.0,36.0,1014.5,23.9,8.3,2025-05-16,10,4
2025-05-16 11:00:00+00:00,154.6,32.0,1014.4,25.1,13.7,2025-05-16,11,4
2025-05-16 12:00:00+00:00,139.1,31.0,1014.2,25.9,15.5,2025-05-16,12,4
2025-05-16 13:00:00+00:00,128.6,29.0,1013.8,26.5,17.3,2025-05-16,13,4
2025-05-16 14:00:00+00:00,115.0,33.0,1013.5,25.5,22.0,2025-05-16,14,4
2025-05-16 15:00:00+00:00,123.4,39.0,1013.4,24.2,18.0,2025-05-16,15,4
2025-05-16 16:00:00+00:00,112.4,41.0,1013.2,23.9,15.8,2025-05-16,16,4
2025-05-16 17:00:00+00:00,114.0,45.0,1013.4,23.3,14.8,2025-05-16,17,4
2025-05-16 18:00:00+00:00,105.8,52.0,1013.6,22.3,11.9,2025-05-16,18,4
2025-05-16 19:00:00+00:00,49.0,60.0,1013.8,21.6,10.8,2025-05-16,19,4
2025-05-16 20:00:00+00:00,355.0,61.0,1014.6,20.9,8.3,2025-05-16,20,4
2025-05-16 21:00:00+00:00,19.1,57.0,1015.2,20.6,14.4,2025-05-16,21,4
2025-05-16 22:00:00+00:00,5.6,58.0,1015.7,19.7,17.6,2025-05-16,22,4
2025-05-16 23:00:00+00:00,357.6,61.0,1015.8,18.6,14.8,2025-05-16,23,4
2025-05-17 00:00:00+00:00,4.7,64.0,1015.9,17.9,15.5,2025-05-17,0,5
2025-05-17 01:00:00+00:00,327.0,65.0,1015.8,17.2,11.2,2025-05-17,1,5
2025-05-17 02:00:00+00:00,293.3,66.0,1015.8,16.3,8.6,2025-05-17,2,5
2025-05-17 03:00:00+00:00,288.0,69.0,1015.7,15.3,7.6,2025-05-17,3,5
2025-05-17 04:00:00+00:00,294.0,73.0,1015.8,14.6,7.9,2025-05-17,4,5
2025-05-17 05:00:00+00:00,312.7,76.0,1015.9,14.0,8.3,2025-05-17,5,5
2025-05-17 06:00:00+00:00,304.1,71.0,1016.4,15.2,9.0,2025-05-17,6,5
2025-05-17 07:00:00+00:00,311.1,55.0,1016.8,18.7,11.9,2025-05-17,7,5
2025-05-17 08:00:00+00:00,8.6,50.0,1016.6,20.9,11.2,2025-05-17,8,5
2025-05-17 09:00:00+00:00,64.4,46.0,1016.6,22.5,10.8,2025-05-17,9,5
2025-05-17 10:00:00+00:00,90.3,44.0,1016.5,23.6,11.2,2025-05-17,10,5
2025-05-17 11:00:00+00:00,93.2,46.0,1016.3,24.3,13.7,2025-05-17,11,5
2025-05-17 12:00:00+00:00,95.4,49.0,1015.8,24.4,15.5,2025-05-17,12,5
2025-05-17 13:00:00+00:00,97.5,50.0,1015.2,24.3,14.4,2025-05-17,13,5
2025-05-17 14:00:00+00:00,96.0,52.0,1014.7,24.2,14.8,2025-05-17,14,5
2025-05-17 15:00:00+00:00,97.1,54.0,1014.3,23.7,15.5,2025-05-17,15,5
2025-05-17 16:00:00+00:00,107.1,57.0,1014.2,23.1,14.6,2025-05-17,16,5
2025-05-17 17:00:00+00:00,85.0,56.0,1014.3,22.6,13.7,2025-05-17,17,5
2025-05-17 18:00:00+00:00,71.3,63.0,1014.2,21.4,13.0,2025-05-17,18,5
2025-05-17 19:00:00+00:00,54.5,68.0,1014.4,20.4,14.8,2025-05-17,19,5
2025-05-17 20:00:00+00:00,43.1,72.0,1015.0,19.7,16.2,2025-05-17,20,5
2025-05-17 21:00:00+00:00,39.6,74.0,1015.7,19.3,17.6,2025-05-17,21,5
2025-05-17 22:00:00+00:00,22.8,75.0,1016.4,18.9,17.3,2025-05-17,22,5
2025-05-17 23:00:00+00:00,10.7,76.0,1016.5,18.3,14.8,2025-05-17,23,5
2025-05-18 00:00:00+00:00,2.5,78.0,1016.2,17.7,12.6,2025-05-18,0,6
2025-05-18 01:00:00+00:00,339.4,81.0,1016.1,17.1,11.5,2025-05-18,1,6
2025-05-18 02:00:00+00:00,313.1,86.0,1015.8,16.1,10.4,2025-05-18,2,6
2025-05-18 03:00:00+00:00,292.3,90.0,1015.6,15.2,9.4,2025-05-18,3,6
2025-05-18 04:00:00+00:00,296.8,92.0,1015.5,14.7,9.0,2025-05-18,4,6
2025-05-18 05:00:00+00:00,299.5,90.0,1015.6,14.5,7.6,2025-05-18,5,6
2025-05-18 06:00:00+00:00,302.8,82.0,1015.9,15.7,5.0,2025-05-18,6,6
2025-05-18 07:00:00+00:00,273.7,70.0,1016.4,18.6,4.0,2025-05-18,7,6
2025-05-18 08:00:00+00:00,234.1,59.0,1016.6,21.1,3.6,2025-05-18,8,6
2025-05-18 09:00:00+00:00,186.9,50.0,1016.8,23.3,4.7,2025-05-18,9,6
2025-05-18 10:00:00+00:00,115.8,43.0,1016.3,25.1,9.7,2025-05-18,10,6
2025-05-18 11:00:00+00:00,117.7,40.0,1016.1,26.1,13.3,2025-05-18,11,6
2025-05-18 12:00:00+00:00,120.6,37.0,1015.5,26.3,15.8,2025-05-18,12,6
2025-05-18 13:00:00+00:00,120.2,38.0,1015.2,25.8,15.1,2025-05-18,13,6
2025-05-18 14:00:00+00:00,116.1,39.0,1014.6,25.3,16.6,2025-05-18,14,6
2025-05-18 15:00:00+00:00,116.8,42.0,1014.1,24.8,15.5,2025-05-18,15,6
2025-05-18 16:00:00+00:00,98.2,46.0,1014.1,24.2,14.0,2025-05-18,16,6
2025-05-18 17:00:00+00:00,91.8,51.0,1014.2,23.2,12.4,2025-05-18,17,6
2025-05-18 18:00:00+00:00,79.5,57.0,1014.2,22.3,10.8,2025-05-18,18,6
2025-05-18 19:00:00+00:00,55.7,60.0,1014.6,20.9,13.3,2025-05-18,19,6
2025-05-18 20:00:00+00:00,31.2,62.0,1015.3,20.2,11.9,2025-05-18,20,6
2025-05-18 21:00:00+00:00,22.6,63.0,1015.9,19.8,11.2,2025-05-18,21,6
2025-05-18 22:00:00+00:00,13.5,65.0,1015.8,19.4,12.2,2025-05-18,22,6
2025-05-18 23:00:00+00:00,351.5,67.0,1015.7,18.6,10.8,2025-05-18,23,6
2025-05-19 00:00:00+00:00,329.5,68.0,1015.3,17.7,9.4,2025-05-19,0,0
2025-05-19 01:00:00+00:00,315.9,69.5,1014.8,17.2,8.3,2025-05-19,1,0
2025-05-19 02:00:00+00:00,305.6,71.0,1014.6,16.1,7.2,2025-05-19,2,0
2025-05-19 03:00:00+00:00,300.2,72.0,1014.1,15.2,7.6,2025-05-19,3,0
2025-05-19 04:00:00+00:00,295.8,70.0,1013.8,14.9,9.4,2025-05-19,4,0
2025-05-19 05:00:00+00:00,294.6,68.0,1013.7,14.6,8.3,2025-05-19,5,0
2025-05-19 06:00:00+00:00,275.6,63.0,1013.9,15.8,8.0,2025-05-19,6,0
2025-05-19 07:00:00+00:00,274.7,53.0,1014.4,18.8,7.6,2025-05-19,7,0
2025-05-19 08:00:00+00:00,215.7,43.0,1014.2,22.0,9.0,2025-05-19,8,0
2025-05-19 09:00:00+00:00,194.4,37.0,1014.1,24.7,11.5,2025-05-19,9,0
2025-05-19 10:00:00+00:00,233.0,31.0,1013.4,26.9,15.1,2025-05-19,10,0
2025-05-19 11:00:00+00:00,251.4,25.0,1012.7,28.7,17.6,2025-05-19,11,0
2025-05-19 12:00:00+00:00,253.2,23.0,1012.1,29.6,20.9,2025-05-19,12,0
2025-05-19 13:00:00+00:00,253.8,24.0,1011.8,29.4,24.5,2025-05-19,13,0
2025-05-19 14:00:00+00:00,266.6,23.0,1011.6,29.1,29.5,2025-05-19,14,0
2025-05-19 15:00:00+00:00,268.8,20.0,1011.3,28.7,32.4,2025-05-19,15,0
2025-05-19 16:00:00+00:00,274.7,16.0,1011.0,29.0,29.5,2025-05-19,16,0
2025-05-19 17:00:00+00:00,278.5,18.0,1011.4,28.1,26.6,2025-05-19,17,0
2025-05-19 18:00:00+00:00,289.1,19.0,1012.1,27.1,22.3,2025-05-19,18,0
2025-05-19 19:00:00+00:00,296.4,25.0,1014.0,24.9,23.0,2025-05-19,19,0
2025-05-19 20:00:00+00:00,294.0,29.0,1014.8,23.5,18.7,2025-05-19,20,0
2025-05-19 21:00:00+00:00,290.3,31.0,1015.9,22.3,19.4,2025-05-19,21,0
2025-05-19 22:00:00+00:00,291.5,34.0,1016.5,21.1,18.0,2025-05-19,22,0
2025-05-19 23:00:00+00:00,300.1,38.0,1016.9,20.0,15.5,2025-05-19,23,0
2025-05-20 00:00:00+00:00,299.4,40.0,1017.0,19.2,13.0,2025-05-20,0,1
2025-05-20 01:00:00+00:00,300.9,44.0,1016.8,18.3,12.2,2025-05-20,1,1
2025-05-20 02:00:00+00:00,291.5,46.0,1016.7,17.7,11.5,2025-05-20,2,1
2025-05-20 03:00:00+00:00,295.5,48.0,1016.8,17.2,11.9,2025-05-20,3,1
2025-05-20 04:00:00+00:00,302.9,50.0,1016.8,16.6,12.4,2025-05-20,4,1
2025-05-20 05:00:00+00:00,304.3,52.0,1017.3,16.0,12.8,2025-05-20,5,1
2025-05-20 06:00:00+00:00,300.4,49.0,1017.9,16.9,13.3,2025-05-20,6,1
2025-05-20 07:00:00+00:00,296.3,44.0,1019.0,19.3,12.2,2025-05-20,7,1
2025-05-20 08:00:00+00:00,277.6,37.0,1018.7,21.8,11.2,2025-05-20,8,1
2025-05-20 09:00:00+00:00,258.4,30.0,1018.6,24.1,8.6,2025-05-20,9,1
2025-05-20 10:00:00+00:00,252.0,27.0,1018.3,25.8,6.1,2025-05-20,10,1
2025-05-20 11:00:00+00:00,188.6,25.0,1018.2,27.1,11.2,2025-05-20,11,1
2025-05-20 12:00:00+00:00,170.1,22.0,1017.6,28.0,17.3,2025-05-20,12,1
2025-05-20 13:00:00+00:00,141.5,23.0,1016.9,28.3,22.0,2025-05-20,13,1
2025-05-20 14:00:00+00:00,127.8,24.0,1016.5,27.8,23.0,2025-05-20,14,1
2025-05-20 15:00:00+00:00,126.0,25.0,1016.1,27.4,22.3,2025-05-20,15,1
2025-05-20 16:00:00+00:00,129.7,27.0,1016.2,26.3,22.0,2025-05-20,16,1
2025-05-20 17:00:00+00:00,133.7,33.0,1016.2,24.9,19.4,2025-05-20,17,1
2025-05-20 18:00:00+00:00,144.7,37.0,1016.5,23.9,16.2,2025-05-20,18,1
2025-05-20 19:00:00+00:00,99.7,50.0,1017.6,22.4,18.0,2025-05-20,19,1
2025-05-20 20:00:00+00:00,47.8,56.0,1018.4,21.6,14.0,2025-05-20,20,1
2025-05-20 21:00:00+00:00,10.8,58.0,1019.1,21.2,7.2,2025-05-20,21,1
2025-05-20 22:00:00+00:00,19.4,57.0,1019.4,21.0,7.6,2025-05-20,22,1
2025-05-20 23:00:00+00:00,11.7,56.0,1019.5,20.7,8.3,2025-05-20,23,1
2025-05-21 00:00:00+00:00,347.9,54.0,1019.3,19.9,8.1,2025-05-21,0,2
2025-05-21 01:00:00+00:00,327.6,55.0,1019.0,18.5,7.9,2025-05-21,1,2
2025-05-21 02:00:00+00:00,304.0,56.0,1018.8,17.5,9.0,2025-05-21,2,2
2025-05-21 03:00:00+00:00,290.2,58.0,1018.5,16.8,10.1,2025-05-21,3,2
2025-05-21 04:00:00+00:00,289.3,56.3,1018.3,16.4,8.6,2025-05-21,4,2
2025-05-21 05:00:00+00:00,293.3,54.7,1018.5,16.0,9.4,2025-05-21,5,2
2025-05-21 06:00:00+00:00,290.5,53.0,1018.9,17.2,10.1,2025-05-21,6,2
2025-05-21 07:00:00+00:00,281.9,46.0,1019.4,19.8,9.0,2025-05-21,7,2
2025-05-21 08:00:00+00:00,271.1,38.0,1019.2,22.9,8.3,2025-05-21,8,2
2025-05-21 09:00:00+00:00,222.4,33.0,1019.1,25.0,7.2,2025-05-21,9,2
2025-05-21 10:00:00+00:00,171.2,30.0,1018.5,26.4,13.0,2025-05-21,10,2
2025-05-21 11:00:00+00:00,149.8,31.0,1018.1,26.8,19.1,2025-05-21,11,2
2025-05-21 12:00:00+00:00,140.6,38.0,1017.5,26.0,22.3,2025-05-21,12,2
2025-05-21 13:00:00+00:00,134.0,43.0,1016.8,25.5,20.9,2025-05-21,13,2
2025-05-21 14:00:00+00:00,126.9,44.0,1016.0,25.3,20.2,2025-05-21,14,2
2025-05-21 15:00:00+00:00,122.5,42.0,1015.1,25.5,20.9,2025-05-21,15,2
2025-05-21 16:00:00+00:00,114.8,43.0,1014.3,25.3,21.6,2025-05-21,16,2
2025-05-21 17:00:00+00:00,104.6,47.0,1014.0,25.0,18.4,2025-05-21,17,2
2025-05-21 18:00:00+00:00,85.6,53.0,1013.9,24.0,14.4,2025-05-21,18,2
2025-05-21 19:00:00+00:00,43.1,62.0,1014.4,22.3,10.8,2025-05-21,19,2
2025-05-21 20:00:00+00:00,28.6,63.0,1014.9,21.5,14.4,2025-05-21,20,2
2025-05-21 21:00:00+00:00,16.1,61.0,1015.2,21.4,14.8,2025-05-21,21,2
2025-05-21 22:00:00+00:00,34.3,63.0,1015.3,20.7,12.2,2025-05-21,22,2
2025-05-21 23:00:00+00:00,52.2,68.0,1015.2,20.1,15.5,2025-05-21,23,2
2025-05-22 00:00:00+00:00,302.8,66.0,1014.8,19.7,13.3,2025-05-22,0,3
2025-05-22 01:00:00+00:00,294.4,64.0,1014.0,19.2,9.7,2025-05-22,1,3
2025-05-22 02:00:00+00:00,321.1,65.0,1013.9,18.5,9.0,2025-05-22,2,3
2025-05-22 03:00:00+00:00,302.7,66.0,1013.8,18.1,8.3,2025-05-22,3,3
2025-05-22 04:00:00+00:00,238.5,67.0,1013.9,17.6,7.6,2025-05-22,4,3
2025-05-22 05:00:00+00:00,260.9,65.5,1014.3,17.8,8.3,2025-05-22,5,3
2025-05-22 06:00:00+00:00,293.7,64.0,1015.1,18.6,9.4,2025-05-22,6,3
2025-05-22 07:00:00+00:00,242.1,63.0,1015.7,20.4,12.6,2025-05-22,7,3
2025-05-22 08:00:00+00:00,221.8,58.0,1015.9,21.7,10.8,2025-05-22,8,3
2025-05-22 09:00:00+00:00,202.8,54.0,1015.8,23.1,11.2,2025-05-22,9,3
2025-05-22 10:00:00+00:00,184.0,49.0,1015.6,24.3,13.0,2025-05-22,10,3
2025-05-22 11:00:00+00:00,174.1,46.0,1015.4,25.2,16.9,2025-05-22,11,3
2025-05-22 12:00:00+00:00,156.5,47.0,1015.0,25.0,20.9,2025-05-22,12,3
2025-05-22 13:00:00+00:00,134.9,48.0,1014.6,24.0,18.4,2025-05-22,13,3
2025-05-22 14:00:00+00:00,131.6,46.0,1014.5,23.5,15.1,2025-05-22,14,3
2025-05-22 15:00:00+00:00,133.9,44.0,1013.7,24.0,15.8,2025-05-22,15,3
2025-05-22 16:00:00+00:00,129.2,42.0,1013.8,23.8,15.5,2025-05-22,16,3
2025-05-22 17:00:00+00:00,143.3,44.0,1013.8,23.1,16.2,2025-05-22,17,3
2025-05-22 18:00:00+00:00,155.0,44.5,1014.4,22.6,15.1,2025-05-22,18,3
2025-05-22 19:00:00+00:00,165.8,45.0,1015.2,21.8,7.6,2025-05-22,19,3
2025-05-22 20:00:00+00:00,157.8,48.0,1015.8,21.2,3.2,2025-05-22,20,3
2025-05-22 21:00:00+00:00,121.4,53.0,1016.4,20.9,4.7,2025-05-22,21,3
2025-05-22 22:00:00+00:00,359.2,50.0,1016.2,20.6,6.5,2025-05-22,22,3
2025-05-22 23:00:00+00:00,323.2,53.0,1016.1,20.0,6.8,2025-05-22,23,3
2025-05-23 00:00:00+00:00,346.6,48.0,1015.7,19.8,13.0,2025-05-23,0,4
2025-05-23 01:00:00+00:00,347.1,51.0,1016.0,18.7,9.7,2025-05-23,1,4
2025-05-23 02:00:00+00:00,339.3,49.0,1015.5,17.4,8.6,2025-05-23,2,4
2025-05-23 03:00:00+00:00,306.1,50.0,1015.7,17.1,7.6,2025-05-23,3,4
2025-05-23 04:00:00+00:00,309.0,52.0,1015.9,16.9,9.4,2025-05-23,4,4
2025-05-23 05:00:00+00:00,328.9,54.0,1016.2,15.6,12.6,2025-05-23,5,4
2025-05-23 06:00:00+00:00,309.7,51.0,1016.4,16.2,10.1,2025-05-23,6,4
2025-05-23 07:00:00+00:00,9.5,50.0,1017.2,18.0,16.9,2025-05-23,7,4
2025-05-23 08:00:00+00:00,52.8,47.0,1017.4,19.2,18.4,2025-05-23,8,4
2025-05-23 09:00:00+00:00,72.2,52.0,1017.5,19.6,17.6,2025-05-23,9,4
2025-05-23 10:00:00+00:00,92.6,56.0,1017.7,20.3,12.2,2025-05-23,10,4
2025-05-23 11:00:00+00:00,108.9,50.0,1017.6,21.2,13.3,2025-05-23,11,4
2025-05-23 12:00:00+00:00,106.8,53.0,1017.4,20.8,17.3,2025-05-23,12,4
2025-05-23 13:00:00+00:00,115.8,62.0,1017.6,20.4,16.2,2025-05-23,13,4
2025-05-23 14:00:00+00:00,121.2,60.0,1017.2,20.5,13.7,2025-05-23,14,4
2025-05-23 15:00:00+00:00,126.2,58.0,1017.0,21.0,12.2,2025-05-23,15,4
2025-05-23 16:00:00+00:00,121.7,59.0,1016.9,20.8,13.3,2025-05-23,16,4
2025-05-23 17:00:00+00:00,128.6,63.0,1017.3,20.3,13.2,2025-05-23,17,4
2025-05-23 18:00:00+00:00,149.4,68.0,1017.6,19.7,13.1,2025-05-23,18,4
2025-05-23 19:00:00+00:00,157.5,64.0,1017.8,19.6,13.0,2025-05-23,19,4
2025-05-23 20:00:00+00:00,143.3,72.0,1018.3,19.0,12.6,2025-05-23,20,4
2025-05-23 21:00:00+00:00,188.6,77.0,1018.8,18.4,9.4,2025-05-23,21,4
2025-05-23 22:00:00+00:00,272.2,76.0,1018.9,18.1,6.8,2025-05-23,22,4
2025-05-23 23:00:00+00:00,278.0,75.0,1018.8,17.6,10.1,2025-05-23,23,4
2025-05-24 00:00:00+00:00,276.1,72.0,1018.6,17.0,11.2,2025-05-24,0,5
2025-05-24 01:00:00+00:00,270.4,75.0,1018.5,16.4,10.4,2025-05-24,1,5
2025-05-24 02:00:00+00:00,271.2,76.0,1018.0,15.9,12.2,2025-05-24,2,5
2025-05-24 03:00:00+00:00,288.3,72.0,1017.9,15.5,10.4,2025-05-24,3,5
2025-05-24 04:00:00+00:00,305.2,66.0,1018.0,15.0,8.3,2025-05-24,4,5
2025-05-24 05:00:00+00:00,292.2,63.0,1018.4,14.3,8.6,2025-05-24,5,5
2025-05-24 06:00:00+00:00,284.2,58.0,1019.2,15.1,9.0,2025-05-24,6,5
2025-05-24 07:00:00+00:00,284.0,49.0,1019.7,17.5,7.6,2025-05-24,7,5
2025-05-24 08:00:00+00:00,298.8,37.0,1019.6,20.2,5.0,2025-05-24,8,5
2025-05-24 09:00:00+00:00,96.5,30.0,1019.5,22.4,9.0,2025-05-24,9,5
2025-05-24 10:00:00+00:00,102.1,29.0,1019.6,23.5,12.2,2025-05-24,10,5
2025-05-24 11:00:00+00:00,112.5,32.0,1019.5,24.0,14.0,2025-05-24,11,5
2025-05-24 12:00:00+00:00,116.8,35.0,1019.1,24.1,16.2,2025-05-24,12,5
2025-05-24 13:00:00+00:00,103.0,37.0,1018.8,24.4,18.0,2025-05-24,13,5
2025-05-24 14:00:00+00:00,111.2,38.0,1018.5,24.1,19.4,2025-05-24,14,5
2025-05-24 15:00:00+00:00,113.0,41.0,1018.1,23.8,19.8,2025-05-24,15,5
2025-05-24 16:00:00+00:00,104.8,45.0,1017.9,23.6,15.5,2025-05-24,16,5
2025-05-24 17:00:00+00:00,94.0,46.0,1017.8,23.1,14.0,2025-05-24,17,5
2025-05-24 18:00:00+00:00,61.0,53.0,1018.3,22.5,12.6,2025-05-24,18,5
2025-05-24 19:00:00+00:00,42.0,55.0,1018.6,21.6,11.5,2025-05-24,19,5
2025-05-24 20:00:00+00:00,34.9,56.0,1019.3,20.8,14.8,2025-05-24,20,5
2025-05-24 21:00:00+00:00,10.2,53.0,1019.8,20.1,13.7,2025-05-24,21,5
2025-05-24 22:00:00+00:00,328.2,56.0,1019.9,19.2,10.4,2025-05-24,22,5
2025-05-24 23:00:00+00:00,306.7,60.0,1019.8,18.3,7.6,2025-05-24,23,5
2025-05-25 00:00:00+00:00,287.5,64.0,1019.6,17.5,7.2,2025-05-25,0,6
2025-05-25 01:00:00+00:00,285.0,62.0,1019.4,17.0,7.6,2025-05-25,1,6
2025-05-25 02:00:00+00:00,290.5,64.0,1019.3,16.4,7.9,2025-05-25,2,6
2025-05-25 03:00:00+00:00,290.7,63.5,1019.0,16.0,8.3,2025-05-25,3,6
2025-05-25 04:00:00+00:00,283.6,63.0,1018.8,15.5,8.6,2025-05-25,4,6
2025-05-25 05:00:00+00:00,287.3,60.0,1019.0,15.2,9.0,2025-05-25,5,6
2025-05-25 06:00:00+00:00,284.9,57.0,1019.3,16.6,8.6,2025-05-25,6,6
2025-05-25 07:00:00+00:00,276.9,49.0,1019.6,19.6,6.8,2025-05-25,7,6
2025-05-25 08:00:00+00:00,259.3,38.0,1019.9,22.9,4.3,2025-05-25,8,6
2025-05-25 09:00:00+00:00,117.9,33.0,1019.6,25.0,8.6,2025-05-25,9,6
2025-05-25 10:00:00+00:00,108.1,32.0,1019.4,26.2,10.8,2025-05-25,10,6
2025-05-25 11:00:00+00:00,108.9,32.5,1019.2,26.6,14.8,2025-05-25,11,6
2025-05-25 12:00:00+00:00,111.3,33.0,1018.8,26.7,16.2,2025-05-25,12,6
2025-05-25 13:00:00+00:00,114.5,35.0,1018.6,26.8,17.3,2025-05-25,13,6
2025-05-25 14:00:00+00:00,110.5,37.0,1018.0,26.4,18.0,2025-05-25,14,6
2025-05-25 15:00:00+00:00,106.2,41.0,1017.5,26.0,16.6,2025-05-25,15,6
2025-05-25 16:00:00+00:00,101.8,43.0,1017.3,25.6,13.3,2025-05-25,16,6
2025-05-25 17:00:00+00:00,88.7,45.0,1017.2,24.9,12.6,2025-05-25,17,6
2025-05-25 18:00:00+00:00,55.4,47.0,1017.5,24.2,10.4,2025-05-25,18,6
2025-05-25 19:00:00+00:00,29.9,49.0,1017.8,23.6,14.4,2025-05-25,19,6
2025-05-25 20:00:00+00:00,25.7,51.0,1018.2,22.8,16.6,2025-05-25,20,6
2025-05-25 21:00:00+00:00,20.6,55.0,1018.5,22.1,13.0,2025-05-25,21,6
2025-05-25 22:00:00+00:00,0.6,59.0,1019.2,21.4,7.9,2025-05-25,22,6
2025-05-25 23:00:00+00:00,38.8,65.0,1019.4,20.5,4.7,2025-05-25,23,6
2025-05-26 00:00:00+00:00,5.1,68.0,1019.1,19.8,7.6,2025-05-26,0,0
2025-05-26 01:00:00+00:00,312.6,69.0,1019.0,19.0,5.8,2025-05-26,1,0
2025-05-26 02:00:00+00:00,324.7,70.0,1018.8,18.4,7.6,2025-05-26,2,0
2025-05-26 03:00:00+00:00,293.1,69.5,1018.7,18.0,7.2,2025-05-26,3,0
2025-05-26 04:00:00+00:00,305.6,69.0,1018.6,17.7,6.5,2025-05-26,4,0
2025-05-26 05:00:00+00:00,335.2,68.0,1019.0,17.5,7.2,2025-05-26,5,0
2025-05-26 06:00:00+00:00,7.2,62.0,1019.6,18.9,9.4,2025-05-26,6,0
2025-05-26 07:00:00+00:00,45.7,60.0,1020.2,20.8,11.5,2025-05-26,7,0
2025-05-26 08:00:00+00:00,56.6,58.0,1020.5,22.6,17.3,2025-05-26,8,0
2025-05-26 09:00:00+00:00,63.1,51.0,1020.6,24.2,19.1,2025-05-26,9,0
2025-05-26 10:00:00+00:00,72.9,49.0,1020.6,25.0,18.7,2025-05-26,10,0
2025-05-26 11:00:00+00:00,81.9,50.0,1020.5,25.2,18.0,2025-05-26,11,0
2025-05-26 12:00:00+00:00,83.1,51.0,1020.5,25.0,17.8,2025-05-26,12,0
2025-05-26 13:00:00+00:00,80.0,51.5,1020.4,25.2,17.6,2025-05-26,13,0
2025-05-26 14:00:00+00:00,81.4,52.0,1019.9,25.0,17.1,2025-05-26,14,0
2025-05-26 15:00:00+00:00,86.4,57.0,1019.4,24.4,16.6,2025-05-26,15,0
2025-05-26 16:00:00+00:00,87.3,64.0,1019.1,23.7,14.0,2025-05-26,16,0
2025-05-26 17:00:00+00:00,85.4,70.0,1019.2,23.0,12.2,2025-05-26,17,0
2025-05-26 18:00:00+00:00,72.7,67.5,1019.5,22.5,10.8,2025-05-26,18,0
2025-05-26 19:00:00+00:00,68.9,65.0,1019.6,22.0,13.3,2025-05-26,19,0
2025-05-26 20:00:00+00:00,53.2,64.0,1019.7,21.5,13.0,2025-05-26,20,0
2025-05-26 21:00:00+00:00,35.7,63.0,1020.4,21.3,12.8,2025-05-26,21,0
2025-05-26 22:00:00+00:00,28.1,65.0,1020.8,21.2,12.6,2025-05-26,22,0
2025-05-26 23:00:00+00:00,25.1,69.0,1020.9,20.8,10.8,2025-05-26,23,0
2025-05-27 00:00:00+00:00,27.3,74.0,1020.5,20.1,9.7,2025-05-27,0,1
2025-05-27 01:00:00+00:00,330.1,75.5,1020.4,19.6,7.9,2025-05-27,1,1
2025-05-27 02:00:00+00:00,313.4,77.0,1020.2,18.9,5.8,2025-05-27,2,1
2025-05-27 03:00:00+00:00,334.1,78.0,1020.4,18.1,6.1,2025-05-27,3,1
2025-05-27 04:00:00+00:00,333.0,77.5,1020.5,17.6,5.9,2025-05-27,4,1
2025-05-27 05:00:00+00:00,324.2,77.0,1021.0,17.4,5.8,2025-05-27,5,1
2025-05-27 06:00:00+00:00,315.5,70.0,1021.6,18.7,7.6,2025-05-27,6,1
2025-05-27 07:00:00+00:00,57.5,65.0,1021.9,20.9,9.7,2025-05-27,7,1
2025-05-27 08:00:00+00:00,64.9,55.0,1022.5,22.6,12.2,2025-05-27,8,1
2025-05-27 09:00:00+00:00,78.9,50.0,1022.8,23.9,13.0,2025-05-27,9,1
2025-05-27 10:00:00+00:00,98.6,49.0,1022.9,24.5,13.3,2025-05-27,10,1
2025-05-27 11:00:00+00:00,106.1,44.0,1022.8,25.1,13.7,2025-05-27,11,1
2025-05-27 12:00:00+00:00,103.0,39.0,1022.8,25.4,15.5,2025-05-27,12,1
2025-05-27 13:00:00+00:00,104.4,40.0,1022.6,25.4,14.8,2025-05-27,13,1
2025-05-27 14:00:00+00:00,106.7,41.0,1022.1,25.3,14.0,2025-05-27,14,1
2025-05-27 15:00:00+00:00,115.0,42.0,1021.7,25.0,13.3,2025-05-27,15,1
2025-05-27 16:00:00+00:00,110.5,41.0,1021.1,24.5,12.2,2025-05-27,16,1
2025-05-27 17:00:00+00:00,106.3,45.0,1021.3,23.7,11.9,2025-05-27,17,1
2025-05-27 18:00:00+00:00,106.1,51.0,1021.5,22.8,10.8,2025-05-27,18,1
2025-05-27 19:00:00+00:00,90.5,62.0,1021.7,21.6,8.6,2025-05-27,19,1
2025-05-27 20:00:00+00:00,97.2,66.0,1022.1,21.0,5.0,2025-05-27,20,1
2025-05-27 21:00:00+00:00,163.3,67.0,1022.7,20.8,4.3,2025-05-27,21,1
2025-05-27 22:00:00+00:00,199.1,68.0,1022.9,20.5,3.6,2025-05-27,22,1
2025-05-27 23:00:00+00:00,235.9,69.0,1023.0,20.1,3.4,2025-05-27,23,1
2025-05-28 00:00:00+00:00,258.9,70.5,1022.8,19.9,3.2,2025-05-28,0,2
2025-05-28 01:00:00+00:00,263.3,72.0,1022.3,19.3,3.4,2025-05-28,1,2
2025-05-28 02:00:00+00:00,287.8,73.0,1022.2,18.7,3.6,2025-05-28,2,2
2025-05-28 03:00:00+00:00,286.6,74.0,1022.0,18.0,5.0,2025-05-28,3,2
2025-05-28 04:00:00+00:00,304.3,73.5,1022.2,17.4,4.8,2025-05-28,4,2
2025-05-28 05:00:00+00:00,327.6,73.0,1022.4,17.3,4.7,2025-05-28,5,2
2025-05-28 06:00:00+00:00,334.3,67.0,1023.0,18.6,4.3,2025-05-28,6,2
2025-05-28 07:00:00+00:00,326.9,58.0,1023.8,21.0,3.6,2025-05-28,7,2
2025-05-28 08:00:00+00:00,110.2,49.0,1024.0,23.3,2.9,2025-05-28,8,2
2025-05-28 09:00:00+00:00,132.7,42.0,1023.8,25.3,5.4,2025-05-28,9,2
2025-05-28 10:00:00+00:00,133.5,38.0,1023.7,26.9,10.1,2025-05-28,10,2
2025-05-28 11:00:00+00:00,130.4,37.0,1023.4,28.0,14.4,2025-05-28,11,2
2025-05-28 12:00:00+00:00,130.3,38.0,1022.9,28.6,16.2,2025-05-28,12,2
2025-05-28 13:00:00+00:00,119.8,39.0,1022.4,28.8,15.8,2025-05-28,13,2
2025-05-28 14:00:00+00:00,117.7,41.0,1021.8,28.3,16.9,2025-05-28,14,2
2025-05-28 15:00:00+00:00,107.7,40.0,1021.4,27.8,18.0,2025-05-28,15,2
2025-05-28 16:00:00+00:00,94.1,43.0,1021.5,26.7,16.2,2025-05-28,16,2
2025-05-28 17:00:00+00:00,83.9,51.0,1021.6,25.1,15.8,2025-05-28,17,2
2025-05-28 18:00:00+00:00,81.2,56.0,1022.0,24.2,12.2,2025-05-28,18,2
2025-05-28 19:00:00+00:00,58.6,65.0,1022.2,23.1,11.5,2025-05-28,19,2
2025-05-28 20:00:00+00:00,32.8,66.0,1022.5,22.3,10.8,2025-05-28,20,2
2025-05-28 21:00:00+00:00,49.3,65.0,1023.0,22.1,11.5,2025-05-28,21,2
2025-05-28 22:00:00+00:00,260.3,64.5,1022.9,21.7,8.3,2025-05-28,22,2
2025-05-28 23:00:00+00:00,290.7,64.0,1022.8,21.5,5.4,2025-05-28,23,2
2025-05-29 00:00:00+00:00,297.2,62.0,1022.3,21.2,5.0,2025-05-29,0,3
2025-05-29 01:00:00+00:00,309.9,67.0,1022.2,20.4,3.2,2025-05-29,1,3
2025-05-29 02:00:00+00:00,316.7,69.0,1022.1,19.9,2.5,2025-05-29,2,3
2025-05-29 03:00:00+00:00,318.9,70.0,1021.7,19.4,3.2,2025-05-29,3,3
2025-05-29 04:00:00+00:00,315.3,72.0,1021.6,19.0,3.4,2025-05-29,4,3
2025-05-29 05:00:00+00:00,342.9,70.0,1022.1,18.8,3.6,2025-05-29,5,3
2025-05-29 06:00:00+00:00,17.5,68.0,1022.7,20.0,5.8,2025-05-29,6,3
2025-05-29 07:00:00+00:00,27.6,61.0,1022.9,21.9,4.0,2025-05-29,7,3
2025-05-29 08:00:00+00:00,89.4,52.0,1022.8,24.4,7.2,2025-05-29,8,3
2025-05-29 09:00:00+00:00,95.0,46.0,1022.7,26.4,10.4,2025-05-29,9,3
2025-05-29 10:00:00+00:00,90.5,47.0,1022.7,26.9,15.5,2025-05-29,10,3
2025-05-29 11:00:00+00:00,91.4,51.0,1022.6,26.8,13.7,2025-05-29,11,3
2025-05-29 12:00:00+00:00,97.3,48.0,1022.6,27.4,12.6,2025-05-29,12,3
2025-05-29 13:00:00+00:00,99.5,43.0,1021.9,28.4,11.9,2025-05-29,13,3
2025-05-29 14:00:00+00:00,103.6,42.0,1021.1,28.3,11.5,2025-05-29,14,3
2025-05-29 15:00:00+00:00,95.3,38.0,1020.5,28.0,13.3,2025-05-29,15,3
2025-05-29 16:00:00+00:00,99.9,37.0,1020.1,27.5,13.0,2025-05-29,16,3
2025-05-29 17:00:00+00:00,90.3,39.0,1019.6,27.2,10.8,2025-05-29,17,3
2025-05-29 18:00:00+00:00,61.2,43.0,1019.7,26.2,12.6,2025-05-29,18,3
2025-05-29 19:00:00+00:00,53.4,52.0,1019.8,24.3,13.7,2025-05-29,19,3
2025-05-29 20:00:00+00:00,50.7,58.0,1020.5,23.2,14.8,2025-05-29,20,3
2025-05-29 21:00:00+00:00,61.0,63.0,1021.3,22.3,15.8,2025-05-29,21,3
2025-05-29 22:00:00+00:00,30.8,67.0,1021.8,21.7,13.3,2025-05-29,22,3
2025-05-29 23:00:00+00:00,351.1,70.0,1022.0,21.3,9.0,2025-05-29,23,3
2025-05-30 00:00:00+00:00,355.1,71.0,1021.5,20.9,6.8,2025-05-30,0,4
2025-05-30 01:00:00+00:00,303.3,71.5,1021.1,20.3,5.4,2025-05-30,1,4
2025-05-30 02:00:00+00:00,304.7,72.0,1020.7,19.9,4.0,2025-05-30,2,4
2025-05-30 03:00:00+00:00,316.4,74.0,1020.5,19.3,3.2,2025-05-30,3,4
2025-05-30 04:00:00+00:00,318.6,75.0,1020.3,19.0,4.0,2025-05-30,4,4
2025-05-30 05:00:00+00:00,322.2,69.7,1020.5,18.9,3.6,2025-05-30,5,4
2025-05-30 06:00:00+00:00,175.0,64.3,1020.6,20.8,3.2,2025-05-30,6,4
2025-05-30 07:00:00+00:00,27.9,59.0,1020.7,22.6,2.9,2025-05-30,7,4
2025-05-30 08:00:00+00:00,99.9,50.0,1020.6,25.1,4.7,2025-05-30,8,4
2025-05-30 09:00:00+00:00,103.0,45.0,1020.6,26.9,10.4,2025-05-30,9,4
2025-05-30 10:00:00+00:00,114.3,44.0,1020.3,27.5,13.7,2025-05-30,10,4
2025-05-30 11:00:00+00:00,111.2,43.0,1020.2,27.8,13.3,2025-05-30,11,4
2025-05-30 12:00:00+00:00,103.6,42.0,1020.1,28.4,12.6,2025-05-30,12,4
2025-05-30 13:00:00+00:00,104.7,37.0,1019.6,29.2,13.7,2025-05-30,13,4
2025-05-30 14:00:00+00:00,101.2,32.0,1019.0,29.5,14.8,2025-05-30,14,4
2025-05-30 15:00:00+00:00,110.8,35.0,1018.3,28.6,16.6,2025-05-30,15,4
2025-05-30 16:00:00+00:00,86.1,43.0,1018.5,27.7,12.6,2025-05-30,16,4
2025-05-30 17:00:00+00:00,73.3,48.0,1018.8,26.9,13.3,2025-05-30,17,4
2025-05-30 18:00:00+00:00,41.0,54.0,1019.0,25.8,13.7,2025-05-30,18,4
2025-05-30 19:00:00+00:00,66.6,59.0,1019.3,24.6,14.8,2025-05-30,19,4
2025-05-30 20:00:00+00:00,41.1,63.0,1020.1,23.7,12.2,2025-05-30,20,4
2025-05-30 21:00:00+00:00,53.2,66.0,1020.4,23.1,14.8,2025-05-30,21,4
2025-05-30 22:00:00+00:00,18.2,70.0,1020.6,22.6,7.9,2025-05-30,22,4
2025-05-30 23:00:00+00:00,38.4,73.0,1020.2,22.0,7.2,2025-05-30,23,4
2025-05-31 00:00:00+00:00,356.7,76.0,1019.9,21.4,6.5,2025-05-31,0,5
2025-05-31 01:00:00+00:00,333.0,72.0,1019.8,21.3,7.9,2025-05-31,1,5
2025-05-31 02:00:00+00:00,5.1,74.0,1019.7,20.7,6.5,2025-05-31,2,5
2025-05-31 03:00:00+00:00,7.6,75.0,1019.5,20.5,5.0,2025-05-31,3,5
2025-05-31 04:00:00+00:00,284.2,76.0,1019.6,20.0,4.0,2025-05-31,4,5
2025-05-31 05:00:00+00:00,293.8,72.0,1019.8,19.7,5.4,2025-05-31,5,5
2025-05-31 06:00:00+00:00,285.5,68.0,1019.9,21.0,4.7,2025-05-31,6,5
2025-05-31 07:00:00+00:00,174.4,63.0,1020.4,22.9,4.0,2025-05-31,7,5
2025-05-31 08:00:00+00:00,147.6,52.0,1020.4,25.5,4.7,2025-05-31,8,5
2025-05-31 09:00:00+00:00,138.2,45.0,1020.3,27.7,7.9,2025-05-31,9,5
2025-05-31 10:00:00+00:00,128.2,43.0,1020.1,29.2,13.0,2025-05-31,10,5
2025-05-31 11:00:00+00:00,126.5,41.0,1020.0,29.8,16.2,2025-05-31,11,5
2025-06-02 06:00:00+00:00,335.1,57.0,1016.2,21.6,7.9,2025-06-02,6,0
2025-06-02 07:00:00+00:00,16.2,52.0,1016.8,23.5,8.6,2025-06-02,7,0
2025-06-02 08:00:00+00:00,48.5,49.0,1017.0,24.9,11.2,2025-06-02,8,0
2025-06-02 09:00:00+00:00,63.7,44.0,1016.8,26.3,14.4,2025-06-02,9,0
2025-06-02 10:00:00+00:00,86.4,36.0,1016.7,27.7,13.7,2025-06-02,10,0
2025-06-02 11:00:00+00:00,105.5,33.0,1016.6,28.4,12.6,2025-06-02,11,0
2025-06-02 12:00:00+00:00,105.8,34.5,1016.4,28.6,13.7,2025-06-02,12,0
2025-06-02 13:00:00+00:00,78.8,36.0,1015.9,28.7,19.4,2025-06-02,13,0
2025-06-02 14:00:00+00:00,70.5,37.5,1015.1,28.9,20.5,2025-06-02,14,0
2025-06-02 15:00:00+00:00,68.5,39.0,1014.5,27.9,22.0,2025-06-02,15,0
2025-06-02 16:00:00+00:00,61.2,49.0,1014.4,26.5,22.7,2025-06-02,16,0
2025-06-02 17:00:00+00:00,54.7,53.0,1014.6,25.5,19.8,2025-06-02,17,0
2025-06-02 18:00:00+00:00,55.4,59.0,1014.9,24.9,20.5,2025-06-02,18,0
2025-06-02 19:00:00+00:00,55.0,63.0,1015.2,23.6,20.2,2025-06-02,19,0
2025-06-02 20:00:00+00:00,45.4,65.0,1015.4,23.0,20.9,2025-06-02,20,0
2025-06-02 21:00:00+00:00,40.8,63.0,1016.0,22.7,21.2,2025-06-02,21,0
2025-06-02 22:00:00+00:00,32.3,62.0,1015.9,22.4,21.6,2025-06-02,22,0
2025-06-02 23:00:00+00:00,23.1,61.0,1015.7,22.1,19.1,2025-06-02,23,0
2025-06-03 00:00:00+00:00,4.3,63.0,1015.0,21.7,16.9,2025-06-03,0,1
2025-06-03 01:00:00+00:00,14.1,65.0,1014.7,21.2,20.2,2025-06-03,1,1
2025-06-03 02:00:00+00:00,0.3,65.5,1014.3,20.8,16.6,2025-06-03,2,1
2025-06-03 03:00:00+00:00,334.3,66.0,1013.6,20.4,13.0,2025-06-03,3,1
2025-06-03 04:00:00+00:00,293.1,68.0,1013.4,19.5,9.4,2025-06-03,4,1
2025-06-03 05:00:00+00:00,290.0,70.0,1013.3,19.0,7.2,2025-06-03,5,1
2025-06-03 06:00:00+00:00,276.9,65.0,1013.7,20.2,6.8,2025-06-03,6,1
2025-06-03 07:00:00+00:00,277.2,56.0,1014.1,22.4,5.8,2025-06-03,7,1
2025-06-03 08:00:00+00:00,268.3,49.0,1013.8,24.1,4.7,2025-06-03,8,1
2025-06-03 09:00:00+00:00,174.2,44.0,1013.6,25.5,5.8,2025-06-03,9,1
2025-06-03 10:00:00+00:00,131.2,41.0,1013.1,26.7,11.2,2025-06-03,10,1
2025-06-03 11:00:00+00:00,114.0,42.0,1012.4,27.2,13.0,2025-06-03,11,1
2025-06-03 12:00:00+00:00,103.1,43.0,1011.8,27.7,14.4,2025-06-03,12,1
2025-06-03 13:00:00+00:00,106.6,47.0,1011.6,26.6,18.7,2025-06-03,13,1
2025-06-03 14:00:00+00:00,113.1,55.0,1011.4,25.2,20.2,2025-06-03,14,1
2025-06-03 15:00:00+00:00,132.2,58.0,1011.0,24.6,17.6,2025-06-03,15,1
2025-06-03 16:00:00+00:00,128.4,54.0,1010.5,25.4,16.2,2025-06-03,16,1
2025-06-03 17:00:00+00:00,292.9,66.0,1012.2,23.5,12.6,2025-06-03,17,1
2025-06-03 18:00:00+00:00,45.5,62.0,1011.1,23.4,10.1,2025-06-03,18,1
2025-06-03 19:00:00+00:00,230.4,74.0,1011.9,21.7,5.4,2025-06-03,19,1
2025-06-03 20:00:00+00:00,237.7,76.0,1012.0,21.6,8.3,2025-06-03,20,1
2025-06-03 21:00:00+00:00,266.1,79.0,1012.2,21.2,9.7,2025-06-03,21,1
2025-06-03 22:00:00+00:00,283.4,82.0,1012.3,20.8,10.4,2025-06-03,22,1
2025-06-03 23:00:00+00:00,275.2,83.0,1012.2,20.3,10.1,2025-06-03,23,1
2025-06-04 00:00:00+00:00,260.0,80.0,1012.2,19.9,12.6,2025-06-04,0,2
2025-06-04 01:00:00+00:00,273.4,72.0,1012.1,19.6,13.0,2025-06-04,1,2
2025-06-04 02:00:00+00:00,276.0,70.0,1011.8,19.4,13.7,2025-06-04,2,2
2025-06-04 03:00:00+00:00,274.2,68.0,1011.9,19.0,12.6,2025-06-04,3,2
2025-06-04 04:00:00+00:00,271.8,65.0,1012.1,18.8,14.4,2025-06-04,4,2
2025-06-04 05:00:00+00:00,292.2,64.5,1012.6,18.4,14.0,2025-06-04,5,2
2025-06-04 06:00:00+00:00,304.3,64.0,1013.3,19.1,14.8,2025-06-04,6,2
2025-06-04 07:00:00+00:00,284.6,59.5,1014.3,20.3,13.7,2025-06-04,7,2
2025-06-04 08:00:00+00:00,288.4,55.0,1014.2,22.8,11.9,2025-06-04,8,2
2025-06-04 09:00:00+00:00,255.5,50.0,1014.1,24.8,11.2,2025-06-04,9,2
2025-06-04 10:00:00+00:00,179.9,46.0,1013.8,26.3,10.4,2025-06-04,10,2
2025-06-04 11:00:00+00:00,151.8,42.0,1013.5,27.5,11.2,2025-06-04,11,2
2025-06-04 12:00:00+00:00,129.4,41.0,1013.3,28.2,15.1,2025-06-04,12,2
2025-06-04 13:00:00+00:00,143.0,42.0,1013.0,28.2,18.7,2025-06-04,13,2
2025-06-04 14:00:00+00:00,128.5,44.0,1012.4,28.3,19.8,2025-06-04,14,2
2025-06-04 15:00:00+00:00,124.8,45.5,1012.2,27.7,20.2,2025-06-04,15,2
2025-06-04 16:00:00+00:00,126.0,47.0,1012.1,26.2,23.8,2025-06-04,16,2
2025-06-04 17:00:00+00:00,123.2,55.0,1012.2,25.0,19.4,2025-06-04,17,2
2025-06-04 18:00:00+00:00,116.0,64.0,1012.2,24.4,16.6,2025-06-04,18,2
2025-06-04 19:00:00+00:00,37.1,70.0,1013.0,23.3,14.0,2025-06-04,19,2
2025-06-04 20:00:00+00:00,34.0,71.0,1013.7,22.5,13.8,2025-06-04,20,2
2025-06-04 21:00:00+00:00,31.0,72.0,1014.4,21.6,13.7,2025-06-04,21,2
2025-06-04 22:00:00+00:00,5.5,75.0,1014.9,21.4,14.0,2025-06-04,22,2
2025-06-04 23:00:00+00:00,346.2,79.0,1014.8,20.8,16.2,2025-06-04,23,2
2025-06-05 00:00:00+00:00,329.5,81.0,1014.6,20.1,10.4,2025-06-05,0,3
2025-06-05 01:00:00+00:00,304.7,83.0,1014.7,19.6,7.2,2025-06-05,1,3
2025-06-05 02:00:00+00:00,283.3,87.0,1014.5,19.1,6.1,2025-06-05,2,3
2025-06-05 03:00:00+00:00,287.4,85.5,1014.3,18.6,6.6,2025-06-05,3,3
2025-06-05 04:00:00+00:00,285.0,84.0,1014.6,17.9,7.2,2025-06-05,4,3
2025-06-05 05:00:00+00:00,292.6,82.0,1014.8,17.4,6.8,2025-06-05,5,3
2025-06-05 06:00:00+00:00,283.9,74.0,1015.3,18.5,6.5,2025-06-05,6,3
2025-06-05 07:00:00+00:00,284.5,60.0,1015.7,21.0,4.7,2025-06-05,7,3
2025-06-05 08:00:00+00:00,58.9,51.0,1015.9,23.5,11.2,2025-06-05,8,3
2025-06-05 09:00:00+00:00,79.6,52.0,1016.1,24.7,13.7,2025-06-05,9,3
2025-06-05 10:00:00+00:00,92.6,53.0,1016.2,25.6,15.1,2025-06-05,10,3
2025-06-05 11:00:00+00:00,92.0,54.0,1016.3,26.1,14.4,2025-06-05,11,3
2025-06-05 12:00:00+00:00,90.8,51.0,1016.0,26.7,13.7,2025-06-05,12,3
2025-06-05 13:00:00+00:00,99.6,50.5,1015.6,26.9,14.0,2025-06-05,13,3
2025-06-05 14:00:00+00:00,94.0,50.0,1014.9,27.1,14.4,2025-06-05,14,3
2025-06-05 15:00:00+00:00,103.6,53.0,1014.6,26.7,13.7,2025-06-05,15,3
2025-06-05 16:00:00+00:00,102.5,59.0,1014.2,25.7,14.0,2025-06-05,16,3
2025-06-05 17:00:00+00:00,91.6,60.0,1014.3,25.1,12.6,2025-06-05,17,3
2025-06-05 18:00:00+00:00,91.4,62.0,1014.6,24.7,12.4,2025-06-05,18,3
2025-06-05 19:00:00+00:00,63.5,75.0,1015.2,23.2,12.2,2025-06-05,19,3
2025-06-05 20:00:00+00:00,58.8,80.0,1015.9,22.2,13.3,2025-06-05,20,3
2025-06-05 21:00:00+00:00,47.0,83.0,1016.6,21.8,14.0,2025-06-05,21,3
2025-06-05 22:00:00+00:00,30.1,86.0,1016.9,21.3,10.8,2025-06-05,22,3
2025-06-05 23:00:00+00:00,2.0,89.0,1016.8,20.8,6.8,2025-06-05,23,3
2025-06-06 00:00:00+00:00,333.9,90.0,1016.7,20.3,5.4,2025-06-06,0,4
2025-06-06 01:00:00+00:00,317.0,94.0,1016.5,19.9,4.7,2025-06-06,1,4
2025-06-06 02:00:00+00:00,302.8,93.0,1016.1,19.3,5.0,2025-06-06,2,4
2025-06-06 03:00:00+00:00,298.1,92.0,1015.7,18.8,5.4,2025-06-06,3,4
2025-06-06 04:00:00+00:00,300.9,91.0,1015.5,18.3,6.1,2025-06-06,4,4
2025-06-06 05:00:00+00:00,294.2,90.0,1015.6,17.9,5.4,2025-06-06,5,4
2025-06-06 06:00:00+00:00,301.3,84.0,1016.0,19.2,4.0,2025-06-06,6,4
2025-06-06 07:00:00+00:00,3.2,73.0,1016.7,22.0,2.2,2025-06-06,7,4
2025-06-06 08:00:00+00:00,69.5,62.0,1017.1,23.8,6.1,2025-06-06,8,4
2025-06-06 09:00:00+00:00,83.7,54.0,1016.9,25.2,9.0,2025-06-06,9,4
2025-06-06 10:00:00+00:00,91.3,52.0,1017.0,26.1,11.9,2025-06-06,10,4
2025-06-06 11:00:00+00:00,93.6,53.0,1016.9,26.4,13.0,2025-06-06,11,4
2025-06-06 12:00:00+00:00,94.2,52.0,1016.5,26.7,13.7,2025-06-06,12,4
2025-06-06 13:00:00+00:00,105.8,45.0,1016.2,27.4,14.4,2025-06-06,13,4
2025-06-06 14:00:00+00:00,108.7,46.0,1015.5,27.5,15.8,2025-06-06,14,4
2025-06-06 15:00:00+00:00,108.1,42.0,1015.1,27.3,15.1,2025-06-06,15,4
2025-06-06 16:00:00+00:00,99.3,43.0,1014.9,26.7,14.8,2025-06-06,16,4
2025-06-06 17:00:00+00:00,95.8,48.0,1014.5,26.0,12.2,2025-06-06,17,4
2025-06-06 18:00:00+00:00,84.3,53.0,1014.7,25.1,9.7,2025-06-06,18,4
2025-06-06 19:00:00+00:00,53.2,60.0,1015.3,23.8,12.6,2025-06-06,19,4
2025-06-06 20:00:00+00:00,42.5,63.0,1015.7,23.2,13.3,2025-06-06,20,4
2025-06-06 21:00:00+00:00,48.2,68.0,1016.2,22.7,14.0,2025-06-06,21,4
2025-06-06 22:00:00+00:00,56.7,75.0,1016.3,22.1,12.2,2025-06-06,22,4
2025-06-06 23:00:00+00:00,41.2,82.0,1016.0,21.5,10.8,2025-06-06,23,4
2025-06-07 00:00:00+00:00,6.8,85.0,1015.8,21.0,8.6,2025-06-07,0,5
2025-06-07 01:00:00+00:00,333.1,88.0,1015.7,20.2,7.9,2025-06-07,1,5
2025-06-07 02:00:00+00:00,302.9,87.5,1015.1,19.6,7.2,2025-06-07,2,5
2025-06-07 03:00:00+00:00,283.2,87.0,1014.7,19.2,5.4,2025-06-07,3,5
2025-06-07 04:00:00+00:00,277.7,86.0,1014.6,18.8,5.8,2025-06-07,4,5
2025-06-07 05:00:00+00:00,283.7,82.0,1014.7,18.6,6.1,2025-06-07,5,5
2025-06-07 06:00:00+00:00,279.4,74.0,1014.9,19.7,6.5,2025-06-07,6,5
2025-06-07 07:00:00+00:00,250.9,60.0,1015.1,22.2,6.1,2025-06-07,7,5
2025-06-07 08:00:00+00:00,100.1,50.0,1015.5,24.9,6.5,2025-06-07,8,5
2025-06-07 09:00:00+00:00,89.8,45.0,1015.6,26.7,11.2,2025-06-07,9,5
2025-06-07 10:00:00+00:00,95.7,49.0,1015.7,27.1,15.5,2025-06-07,10,5
2025-06-07 11:00:00+00:00,100.7,52.0,1015.6,27.2,15.1,2025-06-07,11,5
2025-06-07 12:00:00+00:00,102.0,53.0,1015.2,27.5,16.2,2025-06-07,12,5
2025-06-07 13:00:00+00:00,103.9,48.0,1014.7,28.0,15.5,2025-06-07,13,5
2025-06-07 14:00:00+00:00,98.7,47.0,1014.2,27.8,15.1,2025-06-07,14,5
2025-06-07 15:00:00+00:00,95.0,49.0,1013.6,27.7,14.8,2025-06-07,15,5
2025-06-07 16:00:00+00:00,86.0,52.0,1013.3,27.4,15.1,2025-06-07,16,5
2025-06-07 17:00:00+00:00,70.2,54.0,1013.6,26.8,16.2,2025-06-07,17,5
2025-06-07 18:00:00+00:00,60.4,58.0,1013.8,25.9,17.3,2025-06-07,18,5
2025-06-07 19:00:00+00:00,52.1,64.0,1014.8,24.3,16.2,2025-06-07,19,5
2025-06-07 20:00:00+00:00,51.7,73.0,1015.5,23.7,13.7,2025-06-07,20,5
2025-06-07 21:00:00+00:00,69.9,79.0,1016.5,23.2,11.2,2025-06-07,21,5
2025-06-07 22:00:00+00:00,57.9,84.0,1016.6,22.6,10.8,2025-06-07,22,5
2025-06-07 23:00:00+00:00,351.8,86.0,1017.0,22.1,6.5,2025-06-07,23,5
2025-06-08 00:00:00+00:00,340.3,87.0,1016.7,21.7,9.0,2025-06-08,0,6
2025-06-08 01:00:00+00:00,316.8,87.3,1016.8,21.2,5.8,2025-06-08,1,6
2025-06-08 02:00:00+00:00,347.9,87.7,1016.7,20.8,6.1,2025-06-08,2,6
2025-06-08 03:00:00+00:00,22.8,88.0,1016.9,20.3,10.8,2025-06-08,3,6
2025-06-08 04:00:00+00:00,40.0,90.0,1017.5,20.5,16.6,2025-06-08,4,6
2025-06-08 05:00:00+00:00,35.3,88.0,1018.1,20.6,17.3,2025-06-08,5,6
2025-06-08 06:00:00+00:00,19.6,84.0,1018.9,21.8,16.2,2025-06-08,6,6
2025-06-08 07:00:00+00:00,38.6,79.0,1019.4,22.9,17.3,2025-06-08,7,6
2025-06-08 08:00:00+00:00,57.4,71.0,1020.0,24.4,17.6,2025-06-08,8,6
2025-06-08 09:00:00+00:00,68.3,67.0,1020.1,25.2,17.5,2025-06-08,9,6
2025-06-08 10:00:00+00:00,78.9,65.0,1020.4,25.6,17.3,2025-06-08,10,6
2025-06-08 11:00:00+00:00,79.9,59.0,1020.6,26.7,17.6,2025-06-08,11,6
2025-06-08 12:00:00+00:00,80.0,57.0,1020.4,27.2,16.9,2025-06-08,12,6
2025-06-08 13:00:00+00:00,80.3,61.0,1020.0,26.8,16.2,2025-06-08,13,6
2025-06-08 14:00:00+00:00,82.0,60.0,1019.6,27.0,15.1,2025-06-08,14,6
2025-06-08 15:00:00+00:00,86.0,61.5,1019.1,27.2,15.5,2025-06-08,15,6
2025-06-08 16:00:00+00:00,93.4,63.0,1018.8,26.3,14.8,2025-06-08,16,6
2025-06-08 17:00:00+00:00,97.4,69.0,1019.0,25.3,14.4,2025-06-08,17,6
2025-06-08 18:00:00+00:00,93.4,74.0,1019.2,24.4,14.8,2025-06-08,18,6
2025-06-08 19:00:00+00:00,83.4,78.0,1020.0,23.3,12.6,2025-06-08,19,6
2025-06-08 20:00:00+00:00,77.8,78.7,1020.6,23.0,9.4,2025-06-08,20,6
2025-06-08 21:00:00+00:00,68.7,79.3,1021.1,22.8,9.0,2025-06-08,21,6
2025-06-08 22:00:00+00:00,58.8,80.0,1021.4,22.6,6.8,2025-06-08,22,6
2025-06-08 23:00:00+00:00,56.6,84.0,1021.3,22.2,6.1,2025-06-08,23,6
2025-06-09 00:00:00+00:00,33.7,87.0,1021.2,21.8,5.0,2025-06-09,0,0
2025-06-09 01:00:00+00:00,33.0,88.5,1020.7,21.6,3.6,2025-06-09,1,0
2025-06-09 02:00:00+00:00,20.9,90.0,1020.3,21.4,4.0,2025-06-09,2,0
2025-06-09 03:00:00+00:00,36.8,93.0,1019.9,21.0,5.0,2025-06-09,3,0
2025-06-09 04:00:00+00:00,34.2,95.0,1019.7,20.5,4.3,2025-06-09,4,0
2025-06-09 05:00:00+00:00,233.7,96.0,1019.8,20.3,3.9,2025-06-09,5,0
2025-06-09 06:00:00+00:00,187.9,89.0,1020.1,21.4,3.6,2025-06-09,6,0
2025-06-09 07:00:00+00:00,72.8,76.0,1020.7,22.8,3.2,2025-06-09,7,0
2025-06-09 08:00:00+00:00,129.5,68.0,1020.8,24.3,6.1,2025-06-09,8,0
2025-06-09 09:00:00+00:00,130.0,66.0,1021.0,24.9,9.7,2025-06-09,9,0
2025-06-09 10:00:00+00:00,124.8,67.0,1021.0,25.3,11.2,2025-06-09,10,0
2025-06-09 11:00:00+00:00,125.8,66.0,1020.9,25.7,11.5,2025-06-09,11,0
2025-06-09 12:00:00+00:00,122.4,64.0,1020.5,25.9,12.6,2025-06-09,12,0
2025-06-09 13:00:00+00:00,122.0,62.0,1020.3,26.6,13.3,2025-06-09,13,0
2025-06-09 14:00:00+00:00,116.7,60.0,1019.6,27.0,14.0,2025-06-09,14,0
2025-06-09 15:00:00+00:00,125.1,57.0,1019.4,26.8,14.4,2025-06-09,15,0
2025-06-09 16:00:00+00:00,124.1,56.0,1019.2,26.1,13.0,2025-06-09,16,0
2025-06-09 17:00:00+00:00,131.6,59.5,1019.3,26.0,13.3,2025-06-09,17,0
2025-06-09 18:00:00+00:00,133.6,63.0,1019.9,25.0,10.8,2025-06-09,18,0
2025-06-09 19:00:00+00:00,131.5,74.0,1020.2,23.5,9.4,2025-06-09,19,0
2025-06-09 20:00:00+00:00,150.4,76.0,1020.6,23.2,9.0,2025-06-09,20,0
2025-06-09 21:00:00+00:00,169.3,78.0,1020.9,22.8,8.6,2025-06-09,21,0
2025-06-09 22:00:00+00:00,177.4,79.0,1021.0,22.6,5.4,2025-06-09,22,0
2025-06-09 23:00:00+00:00,85.9,80.0,1020.6,22.5,7.2,2025-06-09,23,0
2025-06-10 00:00:00+00:00,104.7,81.0,1020.3,22.3,7.4,2025-06-10,0,1
2025-06-10 01:00:00+00:00,212.1,82.0,1019.9,22.1,7.6,2025-06-10,1,1
2025-06-10 02:00:00+00:00,30.2,86.0,1019.2,21.4,6.5,2025-06-10,2,1
2025-06-10 03:00:00+00:00,336.7,89.0,1018.9,20.7,7.9,2025-06-10,3,1
2025-06-10 04:00:00+00:00,344.5,90.0,1018.8,20.2,5.0,2025-06-10,4,1
2025-06-10 05:00:00+00:00,3.6,89.0,1018.9,20.0,6.8,2025-06-10,5,1
2025-06-10 06:00:00+00:00,31.5,81.0,1019.2,21.4,8.3,2025-06-10,6,1
2025-06-10 07:00:00+00:00,47.6,68.0,1019.3,23.5,4.0,2025-06-10,7,1
2025-06-10 08:00:00+00:00,124.9,64.0,1019.7,25.0,6.5,2025-06-10,8,1
2025-06-10 09:00:00+00:00,126.4,61.0,1019.9,26.2,9.4,2025-06-10,9,1
2025-06-10 10:00:00+00:00,124.2,57.0,1019.8,27.6,11.2,2025-06-10,10,1
2025-06-10 11:00:00+00:00,124.7,51.0,1019.6,28.7,12.6,2025-06-10,11,1
2025-06-10 12:00:00+00:00,122.4,46.0,1019.4,29.3,14.4,2025-06-10,12,1
2025-06-10 13:00:00+00:00,121.9,41.0,1018.7,30.4,14.8,2025-06-10,13,1
2025-06-10 14:00:00+00:00,118.0,40.0,1018.2,30.2,15.1,2025-06-10,14,1
2025-06-10 15:00:00+00:00,114.0,41.0,1017.5,29.6,14.4,2025-06-10,15,1
2025-06-10 16:00:00+00:00,110.1,44.0,1017.2,28.3,11.2,2025-06-10,16,1
2025-06-10 17:00:00+00:00,117.2,45.0,1017.4,27.9,10.8,2025-06-10,17,1
2025-06-10 18:00:00+00:00,96.6,53.0,1017.5,26.4,11.2,2025-06-10,18,1
2025-06-10 19:00:00+00:00,94.6,65.0,1017.2,25.1,14.0,2025-06-10,19,1
2025-06-10 20:00:00+00:00,121.4,71.0,1018.2,24.2,11.5,2025-06-10,20,1
2025-06-10 21:00:00+00:00,81.5,73.0,1018.8,24.0,6.1,2025-06-10,21,1
2025-06-10 22:00:00+00:00,12.3,74.0,1018.6,23.6,7.9,2025-06-10,22,1
2025-06-10 23:00:00+00:00,1.3,75.0,1018.1,23.1,5.8,2025-06-10,23,1
2025-06-11 00:00:00+00:00,304.6,76.0,1017.5,22.6,3.6,2025-06-11,0,2
2025-06-11 01:00:00+00:00,302.6,74.0,1017.1,22.3,6.5,2025-06-11,1,2
2025-06-11 02:00:00+00:00,303.4,72.0,1016.7,21.8,7.2,2025-06-11,2,2
2025-06-11 03:00:00+00:00,270.7,71.3,1016.3,21.0,4.0,2025-06-11,3,2
2025-06-11 04:00:00+00:00,281.9,70.7,1015.9,20.6,4.3,2025-06-11,4,2
2025-06-11 05:00:00+00:00,275.0,70.0,1016.1,20.3,7.6,2025-06-11,5,2
2025-06-11 06:00:00+00:00,331.1,62.0,1015.7,21.6,5.4,2025-06-11,6,2
2025-06-11 07:00:00+00:00,228.7,55.0,1016.5,24.2,5.8,2025-06-11,7,2
2025-06-11 08:00:00+00:00,102.4,47.0,1015.8,26.3,4.7,2025-06-11,8,2
2025-06-11 09:00:00+00:00,85.9,50.0,1014.9,26.9,11.2,2025-06-11,9,2
2025-06-11 10:00:00+00:00,161.7,53.0,1015.7,26.3,11.5,2025-06-11,10,2
2025-06-11 11:00:00+00:00,96.9,41.0,1015.5,29.7,6.1,2025-06-11,11,2
2025-06-11 12:00:00+00:00,109.9,38.5,1015.0,30.5,7.9,2025-06-11,12,2
2025-06-11 13:00:00+00:00,122.9,36.0,1014.4,31.3,9.7,2025-06-11,13,2
2025-06-11 14:00:00+00:00,105.0,31.0,1013.5,32.4,11.2,2025-06-11,14,2
2025-06-11 15:00:00+00:00,121.0,30.5,1012.8,31.8,12.6,2025-06-11,15,2
2025-06-11 16:00:00+00:00,119.4,30.0,1012.7,31.1,11.9,2025-06-11,16,2
2025-06-11 17:00:00+00:00,112.3,36.0,1012.2,29.4,15.8,2025-06-11,17,2
2025-06-11 18:00:00+00:00,111.4,50.0,1012.3,27.2,15.5,2025-06-11,18,2
2025-06-11 19:00:00+00:00,106.3,60.0,1012.6,25.6,12.2,2025-06-11,19,2
2025-06-11 20:00:00+00:00,46.8,67.0,1012.9,24.7,11.5,2025-06-11,20,2
2025-06-11 21:00:00+00:00,9.9,65.5,1013.6,24.4,8.6,2025-06-11,21,2
2025-06-11 22:00:00+00:00,5.2,64.0,1013.5,24.1,11.5,2025-06-11,22,2
2025-06-11 23:00:00+00:00,8.8,63.0,1013.4,23.6,10.4,2025-06-11,23,2
2025-06-12 00:00:00+00:00,11.3,64.5,1013.1,23.3,9.4,2025-06-12,0,3
2025-06-12 01:00:00+00:00,340.3,66.0,1012.7,22.7,7.9,2025-06-12,1,3
2025-06-12 02:00:00+00:00,321.6,68.0,1012.4,22.0,5.8,2025-06-12,2,3
2025-06-12 03:00:00+00:00,300.6,67.0,1011.9,21.5,4.0,2025-06-12,3,3
2025-06-12 04:00:00+00:00,304.3,66.0,1011.8,20.7,7.2,2025-06-12,4,3
2025-06-12 05:00:00+00:00,301.6,64.0,1012.4,20.3,7.0,2025-06-12,5,3
2025-06-12 06:00:00+00:00,296.9,57.0,1012.7,21.7,6.7,2025-06-12,6,3
2025-06-12 07:00:00+00:00,327.5,47.0,1013.2,24.5,6.5,2025-06-12,7,3
2025-06-12 08:00:00+00:00,145.0,42.0,1013.5,26.8,6.8,2025-06-12,8,3
2025-06-12 09:00:00+00:00,101.6,41.0,1013.6,28.0,11.2,2025-06-12,9,3
2025-06-12 10:00:00+00:00,94.1,46.0,1013.5,28.5,13.0,2025-06-12,10,3
2025-06-12 11:00:00+00:00,97.9,49.0,1013.6,28.7,13.7,2025-06-12,11,3
2025-06-12 12:00:00+00:00,103.1,45.0,1013.4,29.5,13.3,2025-06-12,12,3
2025-06-12 13:00:00+00:00,108.3,43.0,1013.3,29.7,15.5,2025-06-12,13,3
2025-06-12 14:00:00+00:00,100.1,45.5,1012.8,29.4,14.8,2025-06-12,14,3
2025-06-12 15:00:00+00:00,88.9,48.0,1012.4,28.9,14.4,2025-06-12,15,3
2025-06-12 16:00:00+00:00,83.9,55.0,1012.6,28.0,15.5,2025-06-12,16,3
2025-06-12 17:00:00+00:00,86.4,62.0,1012.7,27.0,14.8,2025-06-12,17,3
2025-06-12 18:00:00+00:00,80.5,67.0,1013.1,26.1,12.6,2025-06-12,18,3
2025-06-12 19:00:00+00:00,74.9,72.0,1013.9,25.0,11.9,2025-06-12,19,3
2025-06-12 20:00:00+00:00,67.7,78.0,1014.2,24.1,11.5,2025-06-12,20,3
2025-06-12 21:00:00+00:00,64.4,80.0,1015.1,23.8,9.0,2025-06-12,21,3
2025-06-12 22:00:00+00:00,21.9,82.0,1015.2,23.5,7.2,2025-06-12,22,3
2025-06-12 23:00:00+00:00,343.4,83.0,1015.1,23.2,5.4,2025-06-12,23,3
2025-06-13 00:00:00+00:00,160.6,85.0,1015.3,22.9,7.6,2025-06-13,0,4
2025-06-13 01:00:00+00:00,336.1,88.0,1015.1,22.7,10.8,2025-06-13,1,4
2025-06-13 02:00:00+00:00,298.2,90.0,1015.0,22.2,7.6,2025-06-13,2,4
2025-06-13 03:00:00+00:00,186.7,91.0,1015.1,22.1,4.0,2025-06-13,3,4
2025-06-13 04:00:00+00:00,78.9,92.0,1015.2,21.8,4.3,2025-06-13,4,4
2025-06-13 05:00:00+00:00,1.9,90.0,1015.4,21.9,9.4,2025-06-13,5,4
2025-06-13 06:00:00+00:00,325.2,82.0,1016.4,22.7,10.1,2025-06-13,6,4
2025-06-13 07:00:00+00:00,35.1,73.0,1017.0,24.2,10.8,2025-06-13,7,4
2025-06-13 08:00:00+00:00,57.2,64.0,1016.9,25.9,13.0,2025-06-13,8,4
2025-06-13 09:00:00+00:00,78.6,58.0,1017.0,27.3,11.2,2025-06-13,9,4
2025-06-13 10:00:00+00:00,86.0,57.0,1017.0,28.3,14.8,2025-06-13,10,4
2025-06-13 11:00:00+00:00,84.4,59.0,1016.9,28.5,18.4,2025-06-13,11,4
2025-06-13 12:00:00+00:00,87.0,61.0,1017.0,28.3,17.5,2025-06-13,12,4
2025-06-13 13:00:00+00:00,84.7,58.0,1016.6,28.8,16.6,2025-06-13,13,4
2025-06-13 14:00:00+00:00,84.0,61.0,1016.4,28.5,17.3,2025-06-13,14,4
2025-06-13 15:00:00+00:00,74.5,60.0,1016.7,28.2,16.6,2025-06-13,15,4
2025-06-13 16:00:00+00:00,74.2,61.0,1016.0,27.7,18.4,2025-06-13,16,4
2025-06-13 17:00:00+00:00,74.0,66.0,1016.3,26.9,14.8,2025-06-13,17,4
2025-06-13 18:00:00+00:00,71.8,70.0,1016.4,26.1,14.2,2025-06-13,18,4
2025-06-13 19:00:00+00:00,80.1,75.0,1017.3,25.1,13.7,2025-06-13,19,4
2025-06-13 20:00:00+00:00,75.0,79.0,1017.8,24.6,10.8,2025-06-13,20,4
2025-06-13 21:00:00+00:00,63.5,79.7,1018.4,24.4,9.7,2025-06-13,21,4
2025-06-13 22:00:00+00:00,43.5,80.3,1018.6,24.2,10.8,2025-06-13,22,4
2025-06-13 23:00:00+00:00,40.9,81.0,1018.5,23.9,12.2,2025-06-13,23,4
2025-06-14 00:00:00+00:00,17.4,82.0,1018.2,23.4,10.1,2025-06-14,0,5
2025-06-14 01:00:00+00:00,319.1,86.0,1018.0,22.9,9.4,2025-06-14,1,5
2025-06-14 02:00:00+00:00,282.6,87.0,1017.6,22.5,7.6,2025-06-14,2,5
2025-06-14 03:00:00+00:00,276.4,88.0,1017.1,22.1,5.8,2025-06-14,3,5
2025-06-14 04:00:00+00:00,292.1,90.0,1017.3,21.5,5.4,2025-06-14,4,5
2025-06-14 05:00:00+00:00,316.6,86.0,1017.8,21.2,6.5,2025-06-14,5,5
2025-06-14 06:00:00+00:00,337.0,82.0,1018.0,22.8,9.0,2025-06-14,6,5
2025-06-14 07:00:00+00:00,35.0,71.0,1018.3,24.7,10.8,2025-06-14,7,5
2025-06-14 08:00:00+00:00,67.0,62.0,1018.7,26.2,9.7,2025-06-14,8,5
2025-06-14 09:00:00+00:00,81.6,54.0,1018.3,27.7,10.1,2025-06-14,9,5
2025-06-14 10:00:00+00:00,102.2,49.0,1018.4,29.0,10.4,2025-06-14,10,5
2025-06-14 11:00:00+00:00,107.0,46.0,1018.3,29.8,12.6,2025-06-14,11,5
2025-06-14 12:00:00+00:00,105.9,44.0,1017.7,30.0,14.0,2025-06-14,12,5
2025-06-14 13:00:00+00:00,98.4,43.0,1017.2,29.9,13.5,2025-06-14,13,5
2025-06-14 14:00:00+00:00,96.9,42.5,1017.0,30.0,13.0,2025-06-14,14,5
2025-06-14 15:00:00+00:00,78.0,42.0,1016.9,30.1,14.0,2025-06-14,15,5
2025-06-14 16:00:00+00:00,94.0,47.0,1016.4,28.7,13.3,2025-06-14,16,5
2025-06-14 17:00:00+00:00,108.3,48.0,1016.2,28.2,11.2,2025-06-14,17,5
2025-06-14 18:00:00+00:00,100.3,57.0,1016.5,26.7,10.4,2025-06-14,18,5
2025-06-14 19:00:00+00:00,102.0,64.0,1016.9,25.9,9.0,2025-06-14,19,5
2025-06-14 20:00:00+00:00,67.2,69.0,1017.2,25.2,6.8,2025-06-14,20,5
2025-06-14 21:00:00+00:00,62.8,74.0,1017.9,24.8,6.5,2025-06-14,21,5
2025-06-14 22:00:00+00:00,70.7,76.0,1018.1,24.5,6.8,2025-06-14,22,5
2025-06-14 23:00:00+00:00,45.8,79.0,1018.0,24.0,7.2,2025-06-14,23,5
2025-06-15 00:00:00+00:00,26.4,81.0,1017.8,23.5,8.6,2025-06-15,0,6
2025-06-15 01:00:00+00:00,310.3,84.0,1017.9,23.2,10.1,2025-06-15,1,6
2025-06-15 02:00:00+00:00,315.4,86.0,1017.4,22.9,9.0,2025-06-15,2,6
2025-06-15 03:00:00+00:00,289.3,84.0,1017.3,22.6,6.5,2025-06-15,3,6
2025-06-15 04:00:00+00:00,287.2,85.0,1017.5,22.4,6.1,2025-06-15,4,6
2025-06-15 05:00:00+00:00,297.2,81.0,1017.6,22.0,6.5,2025-06-15,5,6
2025-06-15 06:00:00+00:00,298.3,77.0,1018.1,23.2,5.4,2025-06-15,6,6
2025-06-15 07:00:00+00:00,37.4,67.0,1018.7,25.2,8.3,2025-06-15,7,6
2025-06-15 08:00:00+00:00,45.8,54.0,1019.1,27.1,9.0,2025-06-15,8,6
2025-06-15 09:00:00+00:00,71.2,48.0,1019.2,28.6,13.7,2025-06-15,9,6
2025-06-15 10:00:00+00:00,77.1,49.5,1019.5,29.3,19.1,2025-06-15,10,6
2025-06-15 11:00:00+00:00,77.8,51.0,1019.6,29.4,21.6,2025-06-15,11,6
2025-06-15 12:00:00+00:00,75.2,50.0,1019.4,29.5,22.7,2025-06-15,12,6
2025-06-15 13:00:00+00:00,77.5,47.0,1018.7,30.1,21.6,2025-06-15,13,6
2025-06-15 14:00:00+00:00,82.1,48.0,1018.3,30.0,19.8,2025-06-15,14,6
2025-06-15 15:00:00+00:00,73.7,49.0,1018.4,29.8,15.5,2025-06-15,15,6
2025-06-15 16:00:00+00:00,69.5,48.0,1018.5,29.4,15.1,2025-06-15,16,6
2025-06-15 17:00:00+00:00,80.1,52.0,1018.3,27.7,14.8,2025-06-15,17,6
2025-06-15 18:00:00+00:00,80.7,56.3,1018.8,27.1,13.3,2025-06-15,18,6
2025-06-15 19:00:00+00:00,81.3,60.7,1019.4,26.5,11.9,2025-06-15,19,6
2025-06-15 20:00:00+00:00,81.9,65.0,1019.9,25.9,10.4,2025-06-15,20,6
2025-06-15 21:00:00+00:00,58.2,72.0,1020.5,25.0,16.6,2025-06-15,21,6
2025-06-15 22:00:00+00:00,37.8,71.0,1020.8,24.8,18.4,2025-06-15,22,6
2025-06-15 23:00:00+00:00,42.5,70.0,1020.9,24.6,18.0,2025-06-15,23,6
2025-06-16 00:00:00+00:00,33.2,69.0,1020.8,24.3,16.6,2025-06-16,0,0
2025-06-16 01:00:00+00:00,341.9,70.0,1020.3,23.9,15.1,2025-06-16,1,0
2025-06-16 02:00:00+00:00,303.2,72.0,1020.2,23.5,12.2,2025-06-16,2,0
2025-06-16 03:00:00+00:00,301.5,74.0,1020.4,23.0,14.4,2025-06-16,3,0
2025-06-16 04:00:00+00:00,325.5,77.0,1020.3,22.3,14.2,2025-06-16,4,0
2025-06-16 05:00:00+00:00,326.1,72.0,1021.2,21.9,14.0,2025-06-16,5,0
2025-06-16 06:00:00+00:00,13.1,67.0,1021.9,23.7,19.4,2025-06-16,6,0
2025-06-16 07:00:00+00:00,38.8,54.0,1022.0,25.9,16.6,2025-06-16,7,0
2025-06-16 08:00:00+00:00,53.0,50.0,1022.3,27.1,20.2,2025-06-16,8,0
2025-06-16 09:00:00+00:00,69.8,56.0,1022.9,27.3,19.4,2025-06-16,9,0
2025-06-16 10:00:00+00:00,78.8,57.0,1023.0,27.7,17.3,2025-06-16,10,0
2025-06-16 11:00:00+00:00,86.3,54.0,1022.9,28.2,15.8,2025-06-16,11,0
2025-06-16 12:00:00+00:00,85.4,52.0,1022.4,28.7,16.2,2025-06-16,12,0
2025-06-16 13:00:00+00:00,89.3,52.5,1021.6,28.8,15.8,2025-06-16,13,0
2025-06-16 14:00:00+00:00,94.7,53.0,1021.1,28.7,14.8,2025-06-16,14,0
2025-06-16 15:00:00+00:00,99.9,55.0,1020.5,28.6,12.2,2025-06-16,15,0
2025-06-16 16:00:00+00:00,97.8,56.0,1020.2,28.5,11.5,2025-06-16,16,0
2025-06-16 17:00:00+00:00,106.1,61.0,1019.8,27.4,10.0,2025-06-16,17,0
2025-06-16 18:00:00+00:00,109.9,64.0,1019.7,26.5,8.6,2025-06-16,18,0
2025-06-16 19:00:00+00:00,142.8,69.0,1019.8,25.4,9.7,2025-06-16,19,0
2025-06-16 20:00:00+00:00,144.2,74.0,1020.0,24.8,7.6,2025-06-16,20,0
2025-06-16 21:00:00+00:00,161.3,78.0,1020.2,24.5,7.2,2025-06-16,21,0
2025-06-16 22:00:00+00:00,184.4,79.0,1020.6,24.3,4.0,2025-06-16,22,0
2025-06-16 23:00:00+00:00,359.5,80.0,1020.5,24.1,4.3,2025-06-16,23,0
2025-06-17 00:00:00+00:00,346.7,82.0,1020.2,23.9,4.8,2025-06-17,0,1
2025-06-17 01:00:00+00:00,140.5,84.0,1020.0,23.7,5.4,2025-06-17,1,1
2025-06-17 02:00:00+00:00,70.3,85.0,1019.7,23.4,5.0,2025-06-17,2,1
2025-06-17 03:00:00+00:00,36.1,85.5,1019.5,23.2,5.4,2025-06-17,3,1
2025-06-17 04:00:00+00:00,13.5,86.0,1019.4,23.0,6.1,2025-06-17,4,1
2025-06-17 05:00:00+00:00,353.4,84.0,1019.7,22.7,7.2,2025-06-17,5,1
2025-06-17 06:00:00+00:00,346.9,82.0,1020.0,23.4,6.5,2025-06-17,6,1
2025-06-17 07:00:00+00:00,32.0,74.0,1019.9,24.8,5.0,2025-06-17,7,1
2025-06-17 08:00:00+00:00,139.0,64.0,1019.7,26.8,3.6,2025-06-17,8,1
2025-06-17 09:00:00+00:00,140.5,56.0,1019.6,28.8,6.8,2025-06-17,9,1
2025-06-17 10:00:00+00:00,123.8,53.0,1019.2,30.2,14.4,2025-06-17,10,1
2025-06-17 11:00:00+00:00,115.1,56.0,1019.0,30.3,16.6,2025-06-17,11,1
2025-06-17 12:00:00+00:00,109.6,54.5,1019.0,30.1,16.4,2025-06-17,12,1
2025-06-17 13:00:00+00:00,110.8,53.0,1018.9,30.3,16.2,2025-06-17,13,1
2025-06-17 14:00:00+00:00,106.5,53.5,1018.9,30.1,15.5,2025-06-17,14,1
2025-06-17 15:00:00+00:00,102.2,54.0,1018.9,29.9,14.8,2025-06-17,15,1
2025-06-17 16:00:00+00:00,82.7,55.0,1018.7,29.7,12.2,2025-06-17,16,1
2025-06-17 17:00:00+00:00,85.4,56.0,1018.4,29.0,11.2,2025-06-17,17,1
2025-06-17 18:00:00+00:00,109.9,60.0,1018.3,28.0,11.9,2025-06-17,18,1
2025-06-17 19:00:00+00:00,104.4,62.0,1018.4,27.1,7.6,2025-06-17,19,1
2025-06-17 20:00:00+00:00,125.2,68.0,1018.6,26.1,5.4,2025-06-17,20,1
2025-06-17 21:00:00+00:00,139.5,72.0,1019.3,25.6,5.0,2025-06-17,21,1
2025-06-17 22:00:00+00:00,39.9,75.0,1019.7,25.2,6.5,2025-06-17,22,1
2025-06-17 23:00:00+00:00,48.8,81.0,1019.8,24.6,14.0,2025-06-17,23,1
2025-06-18 00:00:00+00:00,51.4,85.0,1020.0,24.1,17.6,2025-06-18,0,2
2025-06-18 01:00:00+00:00,54.7,89.0,1020.1,23.6,14.8,2025-06-18,1,2
2025-06-18 02:00:00+00:00,37.6,91.0,1020.2,23.3,14.4,2025-06-18,2,2
2025-06-18 03:00:00+00:00,23.1,92.0,1020.2,23.0,13.3,2025-06-18,3,2
2025-06-18 04:00:00+00:00,357.4,93.0,1020.3,22.5,13.2,2025-06-18,4,2
2025-06-18 05:00:00+00:00,351.1,89.5,1020.5,22.2,13.0,2025-06-18,5,2
2025-06-18 06:00:00+00:00,328.0,86.0,1020.6,22.9,10.8,2025-06-18,6,2
2025-06-18 07:00:00+00:00,28.0,78.0,1020.7,24.8,6.8,2025-06-18,7,2
2025-06-18 08:00:00+00:00,113.0,69.0,1020.6,26.3,8.2,2025-06-18,8,2
2025-06-18 09:00:00+00:00,117.9,63.0,1020.5,27.5,9.7,2025-06-18,9,2
2025-06-18 10:00:00+00:00,115.3,60.0,1020.4,28.2,12.6,2025-06-18,10,2
2025-06-18 11:00:00+00:00,105.8,56.0,1020.4,28.8,14.0,2025-06-18,11,2
2025-06-18 12:00:00+00:00,95.8,51.0,1020.3,29.1,15.5,2025-06-18,12,2
2025-06-18 13:00:00+00:00,105.8,50.5,1020.0,29.7,15.1,2025-06-18,13,2
2025-06-18 14:00:00+00:00,111.5,50.0,1019.4,29.8,14.4,2025-06-18,14,2
2025-06-18 15:00:00+00:00,113.1,52.0,1019.1,29.1,13.0,2025-06-18,15,2
2025-06-18 16:00:00+00:00,106.4,53.0,1018.9,28.3,11.9,2025-06-18,16,2
2025-06-18 17:00:00+00:00,114.0,55.0,1018.7,28.0,11.0,2025-06-18,17,2
2025-06-18 18:00:00+00:00,115.3,61.0,1018.9,27.2,10.1,2025-06-18,18,2
2025-06-18 19:00:00+00:00,90.3,69.0,1019.1,25.9,9.4,2025-06-18,19,2
2025-06-18 20:00:00+00:00,81.6,74.0,1019.2,25.1,8.6,2025-06-18,20,2
2025-06-18 21:00:00+00:00,80.3,76.0,1020.0,24.8,7.9,2025-06-18,21,2
2025-06-18 22:00:00+00:00,46.0,77.0,1020.3,24.6,7.6,2025-06-18,22,2
2025-06-18 23:00:00+00:00,28.1,78.0,1020.2,24.3,7.9,2025-06-18,23,2
2025-06-19 00:00:00+00:00,19.9,79.0,1020.0,23.8,9.0,2025-06-19,0,3
2025-06-19 01:00:00+00:00,64.3,77.0,1019.4,23.6,5.0,2025-06-19,1,3
2025-06-19 02:00:00+00:00,36.8,79.0,1019.2,23.3,4.0,2025-06-19,2,3
2025-06-19 03:00:00+00:00,8.3,80.0,1018.9,22.9,5.4,2025-06-19,3,3
2025-06-19 04:00:00+00:00,348.2,82.0,1018.7,22.4,6.8,2025-06-19,4,3
2025-06-19 05:00:00+00:00,323.0,83.0,1018.8,22.1,6.5,2025-06-19,5,3
2025-06-19 06:00:00+00:00,289.8,76.0,1018.9,23.3,5.4,2025-06-19,6,3
2025-06-19 07:00:00+00:00,324.1,74.0,1019.3,24.9,4.3,2025-06-19,7,3
2025-06-19 08:00:00+00:00,116.6,64.0,1019.1,26.8,4.7,2025-06-19,8,3
2025-06-19 09:00:00+00:00,112.1,57.0,1019.0,28.4,8.3,2025-06-19,9,3
2025-06-19 10:00:00+00:00,104.4,54.0,1018.9,29.4,11.9,2025-06-19,10,3
2025-06-19 11:00:00+00:00,103.5,51.0,1018.7,29.8,13.3,2025-06-19,11,3
2025-06-19 12:00:00+00:00,104.4,51.5,1018.6,29.7,14.4,2025-06-19,12,3
2025-06-19 13:00:00+00:00,109.3,52.0,1018.4,29.6,16.9,2025-06-19,13,3
2025-06-19 14:00:00+00:00,111.8,49.0,1018.2,29.8,16.2,2025-06-19,14,3
2025-06-19 15:00:00+00:00,117.0,46.0,1018.0,30.2,13.7,2025-06-19,15,3
2025-06-19 16:00:00+00:00,112.4,47.0,1017.9,29.6,12.2,2025-06-19,16,3
2025-06-19 17:00:00+00:00,108.8,51.0,1017.8,28.8,11.9,2025-06-19,17,3
2025-06-19 18:00:00+00:00,120.7,57.0,1017.9,28.0,10.1,2025-06-19,18,3
2025-06-19 19:00:00+00:00,112.0,64.0,1018.4,26.4,10.8,2025-06-19,19,3
2025-06-19 20:00:00+00:00,98.8,69.0,1018.6,25.8,7.9,2025-06-19,20,3
2025-06-19 21:00:00+00:00,77.5,73.0,1019.4,25.6,7.6,2025-06-19,21,3
2025-06-19 22:00:00+00:00,66.4,77.0,1019.6,25.3,6.8,2025-06-19,22,3
2025-06-19 23:00:00+00:00,52.3,80.0,1020.0,25.0,8.6,2025-06-19,23,3
2025-06-20 00:00:00+00:00,35.2,79.0,1019.9,24.6,9.0,2025-06-20,0,4
2025-06-20 01:00:00+00:00,357.4,78.0,1019.4,24.4,7.2,2025-06-20,1,4
2025-06-20 02:00:00+00:00,311.1,76.0,1019.1,24.2,6.8,2025-06-20,2,4
2025-06-20 03:00:00+00:00,311.7,74.0,1019.0,23.8,5.4,2025-06-20,3,4
2025-06-20 04:00:00+00:00,326.1,73.5,1019.0,23.3,5.0,2025-06-20,4,4
2025-06-20 05:00:00+00:00,323.6,73.0,1019.2,23.1,4.0,2025-06-20,5,4
2025-06-20 06:00:00+00:00,298.6,69.0,1019.6,24.1,4.3,2025-06-20,6,4
2025-06-20 07:00:00+00:00,171.9,67.0,1020.1,25.8,6.1,2025-06-20,7,4
2025-06-20 08:00:00+00:00,162.0,58.0,1020.2,27.7,4.3,2025-06-20,8,4
2025-06-20 09:00:00+00:00,151.7,51.0,1019.9,29.8,6.1,2025-06-20,9,4
2025-06-20 10:00:00+00:00,138.0,44.0,1019.5,31.8,9.0,2025-06-20,10,4
2025-06-20 11:00:00+00:00,130.7,42.0,1019.1,32.9,14.4,2025-06-20,11,4
2025-06-20 12:00:00+00:00,127.7,43.0,1018.8,33.1,17.3,2025-06-20,12,4
2025-06-20 13:00:00+00:00,128.8,42.0,1018.2,33.3,17.6,2025-06-20,13,4
2025-06-20 14:00:00+00:00,124.5,41.0,1018.3,33.0,13.3,2025-06-20,14,4
2025-06-20 15:00:00+00:00,125.4,39.0,1017.6,32.4,14.8,2025-06-20,15,4
2025-06-20 16:00:00+00:00,130.9,40.5,1017.1,32.2,16.2,2025-06-20,16,4
2025-06-20 17:00:00+00:00,128.5,42.0,1017.2,32.0,13.0,2025-06-20,17,4
2025-06-20 18:00:00+00:00,101.7,49.0,1017.2,30.7,10.4,2025-06-20,18,4
2025-06-20 19:00:00+00:00,77.6,57.0,1017.3,28.7,12.2,2025-06-20,19,4
2025-06-20 20:00:00+00:00,54.1,66.0,1017.3,27.2,8.6,2025-06-20,20,4
2025-06-20 21:00:00+00:00,41.6,69.0,1018.0,27.0,9.7,2025-06-20,21,4
2025-06-20 22:00:00+00:00,45.3,72.0,1018.1,26.6,10.8,2025-06-20,22,4
2025-06-20 23:00:00+00:00,34.9,73.0,1018.2,25.9,9.7,2025-06-20,23,4
2025-06-21 00:00:00+00:00,17.6,74.0,1017.8,25.4,10.8,2025-06-21,0,5
2025-06-21 01:00:00+00:00,2.3,75.0,1017.3,24.6,10.1,2025-06-21,1,5
2025-06-21 02:00:00+00:00,349.7,76.5,1016.9,24.3,7.9,2025-06-21,2,5
2025-06-21 03:00:00+00:00,308.8,78.0,1016.5,23.7,6.1,2025-06-21,3,5
2025-06-21 04:00:00+00:00,314.7,79.0,1016.8,23.4,5.8,2025-06-21,4,5
2025-06-21 05:00:00+00:00,4.9,78.0,1016.9,23.2,6.1,2025-06-21,5,5
2025-06-21 06:00:00+00:00,358.8,72.0,1017.2,24.3,5.4,2025-06-21,6,5
2025-06-21 07:00:00+00:00,67.8,66.0,1017.6,26.1,3.2,2025-06-21,7,5
2025-06-21 08:00:00+00:00,139.7,58.0,1017.6,28.1,4.3,2025-06-21,8,5
2025-06-21 09:00:00+00:00,143.2,52.0,1017.5,30.1,7.2,2025-06-21,9,5
2025-06-21 10:00:00+00:00,130.8,46.0,1017.2,31.8,11.9,2025-06-21,10,5
2025-06-21 11:00:00+00:00,116.0,47.0,1016.9,32.3,14.0,2025-06-21,11,5
2025-06-21 12:00:00+00:00,114.5,46.0,1017.0,32.1,15.5,2025-06-21,12,5
2025-06-21 13:00:00+00:00,113.5,43.5,1017.2,32.2,15.8,2025-06-21,13,5
2025-06-21 14:00:00+00:00,116.5,41.0,1016.9,32.3,14.0,2025-06-21,14,5
2025-06-21 15:00:00+00:00,114.9,42.0,1016.3,31.9,15.8,2025-06-21,15,5
2025-06-21 16:00:00+00:00,106.5,47.0,1016.5,30.9,13.0,2025-06-21,16,5
2025-06-21 17:00:00+00:00,97.1,48.0,1016.2,30.8,13.3,2025-06-21,17,5
2025-06-21 18:00:00+00:00,91.9,56.0,1016.1,29.3,11.2,2025-06-21,18,5
2025-06-21 19:00:00+00:00,60.9,60.0,1016.5,28.2,9.0,2025-06-21,19,5
2025-06-21 20:00:00+00:00,46.4,67.0,1017.2,27.3,8.6,2025-06-21,20,5
2025-06-21 21:00:00+00:00,49.6,74.0,1017.9,26.7,9.4,2025-06-21,21,5
2025-06-21 22:00:00+00:00,35.9,77.0,1018.3,26.3,10.1,2025-06-21,22,5
2025-06-21 23:00:00+00:00,37.6,79.0,1018.2,25.9,10.4,2025-06-21,23,5
2025-06-22 00:00:00+00:00,31.9,80.0,1018.1,25.4,10.8,2025-06-22,0,6
2025-06-22 01:00:00+00:00,38.1,84.0,1017.6,24.7,8.3,2025-06-22,1,6
2025-06-22 02:00:00+00:00,18.0,85.0,1017.5,24.4,9.0,2025-06-22,2,6
2025-06-22 03:00:00+00:00,19.1,84.5,1017.4,24.1,11.2,2025-06-22,3,6
2025-06-22 04:00:00+00:00,345.3,84.0,1017.5,23.8,10.4,2025-06-22,4,6
2025-06-22 05:00:00+00:00,310.3,83.0,1017.8,23.5,9.7,2025-06-22,5,6
2025-06-22 06:00:00+00:00,284.2,77.0,1018.0,24.7,9.0,2025-06-22,6,6
2025-06-22 07:00:00+00:00,250.5,69.0,1018.9,26.2,5.0,2025-06-22,7,6
2025-06-22 08:00:00+00:00,175.5,60.0,1018.8,28.1,2.9,2025-06-22,8,6
2025-06-22 09:00:00+00:00,162.4,53.0,1018.7,30.0,4.7,2025-06-22,9,6
2025-06-22 10:00:00+00:00,137.9,45.0,1018.4,31.9,8.6,2025-06-22,10,6
2025-06-22 11:00:00+00:00,126.6,43.0,1018.0,33.1,12.6,2025-06-22,11,6
2025-06-22 12:00:00+00:00,122.8,44.0,1017.8,33.3,15.5,2025-06-22,12,6
2025-06-22 13:00:00+00:00,116.3,42.0,1017.4,33.0,15.8,2025-06-22,13,6
2025-06-22 14:00:00+00:00,125.8,41.0,1017.0,32.5,18.0,2025-06-22,14,6
2025-06-22 15:00:00+00:00,129.3,38.0,1016.6,32.2,19.1,2025-06-22,15,6
2025-06-22 16:00:00+00:00,126.3,40.0,1016.7,31.6,18.4,2025-06-22,16,6
2025-06-22 17:00:00+00:00,114.2,42.0,1016.8,30.7,17.6,2025-06-22,17,6
2025-06-22 18:00:00+00:00,86.7,48.0,1017.5,29.2,15.1,2025-06-22,18,6
2025-06-22 19:00:00+00:00,58.6,52.0,1018.3,28.1,11.9,2025-06-22,19,6
2025-06-22 20:00:00+00:00,69.1,57.0,1018.8,27.5,16.2,2025-06-22,20,6
2025-06-22 21:00:00+00:00,57.9,58.0,1019.7,27.2,11.9,2025-06-22,21,6
2025-06-22 22:00:00+00:00,72.0,60.0,1019.8,26.7,7.6,2025-06-22,22,6
2025-06-22 23:00:00+00:00,80.3,63.0,1019.9,26.2,5.4,2025-06-22,23,6
2025-06-23 00:00:00+00:00,129.0,68.0,1019.4,25.7,4.3,2025-06-23,0,0
2025-06-23 01:00:00+00:00,259.5,72.0,1019.2,24.8,2.9,2025-06-23,1,0
2025-06-23 02:00:00+00:00,275.3,70.0,1018.5,24.5,5.8,2025-06-23,2,0
2025-06-23 03:00:00+00:00,285.6,69.0,1017.9,24.0,5.9,2025-06-23,3,0
2025-06-23 04:00:00+00:00,289.0,67.0,1017.7,23.5,6.0,2025-06-23,4,0
2025-06-23 05:00:00+00:00,286.0,63.0,1018.0,23.1,6.1,2025-06-23,5,0
2025-06-23 06:00:00+00:00,262.0,56.0,1018.2,24.1,6.8,2025-06-23,6,0
2025-06-23 07:00:00+00:00,244.2,45.0,1018.7,26.5,5.8,2025-06-23,7,0
2025-06-23 08:00:00+00:00,186.7,34.0,1018.9,29.2,7.2,2025-06-23,8,0
2025-06-23 09:00:00+00:00,154.9,30.0,1018.7,31.1,9.7,2025-06-23,9,0
2025-06-23 10:00:00+00:00,140.1,32.0,1018.8,32.0,12.6,2025-06-23,10,0
2025-06-23 11:00:00+00:00,129.7,34.0,1018.9,32.4,14.4,2025-06-23,11,0
2025-06-23 12:00:00+00:00,125.2,38.0,1018.5,32.7,16.6,2025-06-23,12,0
2025-06-23 13:00:00+00:00,122.5,37.5,1017.7,33.4,18.4,2025-06-23,13,0
2025-06-23 14:00:00+00:00,123.2,37.0,1017.2,32.7,18.7,2025-06-23,14,0
2025-06-23 15:00:00+00:00,132.5,36.5,1016.9,32.4,16.2,2025-06-23,15,0
2025-06-23 16:00:00+00:00,138.3,36.0,1016.7,32.2,15.1,2025-06-23,16,0
2025-06-23 17:00:00+00:00,122.5,39.0,1016.5,31.1,16.2,2025-06-23,17,0
2025-06-23 18:00:00+00:00,105.5,47.0,1016.6,29.7,14.0,2025-06-23,18,0
2025-06-23 19:00:00+00:00,67.3,53.0,1017.3,28.2,8.6,2025-06-23,19,0
2025-06-23 20:00:00+00:00,39.0,55.0,1017.7,27.5,10.4,2025-06-23,20,0
2025-06-23 21:00:00+00:00,43.2,54.0,1018.4,27.1,15.1,2025-06-23,21,0
2025-06-23 22:00:00+00:00,27.8,52.0,1018.5,26.9,14.2,2025-06-23,22,0
2025-06-23 23:00:00+00:00,3.8,49.0,1018.3,26.6,13.3,2025-06-23,23,0
2025-06-24 00:00:00+00:00,333.2,46.0,1017.7,26.0,9.0,2025-06-24,0,1
2025-06-24 01:00:00+00:00,2.2,48.0,1017.1,25.5,9.7,2025-06-24,1,1
2025-06-24 02:00:00+00:00,359.1,50.0,1016.6,24.9,7.6,2025-06-24,2,1
2025-06-24 03:00:00+00:00,337.8,52.0,1016.4,24.2,6.5,2025-06-24,3,1
2025-06-24 04:00:00+00:00,317.9,54.0,1016.5,23.6,6.8,2025-06-24,4,1
2025-06-24 05:00:00+00:00,303.4,51.5,1016.6,23.0,7.2,2025-06-24,5,1
2025-06-24 06:00:00+00:00,297.3,49.0,1016.6,24.3,5.8,2025-06-24,6,1
2025-06-24 07:00:00+00:00,254.4,39.0,1016.7,26.8,4.3,2025-06-24,7,1
2025-06-24 08:00:00+00:00,157.7,34.0,1016.6,29.2,4.7,2025-06-24,8,1
2025-06-24 09:00:00+00:00,135.9,31.0,1016.5,31.3,6.1,2025-06-24,9,1
2025-06-24 10:00:00+00:00,121.0,30.0,1016.3,32.8,12.2,2025-06-24,10,1
2025-06-24 11:00:00+00:00,116.2,31.0,1016.1,33.1,14.4,2025-06-24,11,1
2025-06-24 12:00:00+00:00,114.1,31.5,1015.8,33.2,14.8,2025-06-24,12,1
2025-06-24 13:00:00+00:00,111.9,32.0,1015.7,33.1,15.8,2025-06-24,13,1
2025-06-24 14:00:00+00:00,109.7,32.5,1014.9,33.0,15.5,2025-06-24,14,1
2025-06-24 15:00:00+00:00,107.7,33.0,1014.5,32.6,16.2,2025-06-24,15,1
2025-06-24 16:00:00+00:00,108.0,36.0,1014.2,32.3,15.1,2025-06-24,16,1
2025-06-24 17:00:00+00:00,113.1,39.0,1014.3,31.2,14.2,2025-06-24,17,1
2025-06-24 18:00:00+00:00,108.0,49.0,1014.5,29.7,13.3,2025-06-24,18,1
2025-06-24 19:00:00+00:00,64.1,52.0,1014.6,28.3,9.7,2025-06-24,19,1
2025-06-24 20:00:00+00:00,36.0,55.0,1014.9,27.7,11.5,2025-06-24,20,1
2025-06-24 21:00:00+00:00,34.4,57.0,1015.4,27.2,9.7,2025-06-24,21,1
2025-06-24 22:00:00+00:00,45.0,59.0,1015.6,26.6,7.9,2025-06-24,22,1
2025-06-24 23:00:00+00:00,63.5,61.0,1015.4,26.1,6.8,2025-06-24,23,1
2025-06-25 00:00:00+00:00,46.5,64.0,1015.2,25.4,7.9,2025-06-25,0,2
2025-06-25 01:00:00+00:00,30.2,58.0,1014.5,24.7,7.2,2025-06-25,1,2
2025-06-25 02:00:00+00:00,345.7,56.0,1013.9,24.1,6.5,2025-06-25,2,2
2025-06-25 03:00:00+00:00,320.5,54.0,1013.7,23.4,7.6,2025-06-25,3,2
2025-06-25 04:00:00+00:00,307.6,51.0,1013.4,22.8,7.0,2025-06-25,4,2
2025-06-25 05:00:00+00:00,302.0,48.0,1013.3,22.4,6.5,2025-06-25,5,2
2025-06-25 06:00:00+00:00,286.7,44.0,1013.7,23.6,6.1,2025-06-25,6,2
2025-06-25 07:00:00+00:00,288.1,37.0,1014.1,25.8,5.0,2025-06-25,7,2
2025-06-25 08:00:00+00:00,241.3,32.0,1014.6,28.6,4.3,2025-06-25,8,2
2025-06-25 09:00:00+00:00,126.3,29.0,1014.5,30.5,4.7,2025-06-25,9,2
2025-06-25 10:00:00+00:00,119.6,28.0,1014.4,32.0,8.3,2025-06-25,10,2
2025-06-25 11:00:00+00:00,118.6,29.0,1014.1,32.7,12.6,2025-06-25,11,2
2025-06-25 12:00:00+00:00,118.5,31.0,1013.5,32.8,15.1,2025-06-25,12,2
2025-06-25 13:00:00+00:00,118.2,33.5,1013.3,32.9,16.2,2025-06-25,13,2
2025-06-25 14:00:00+00:00,110.1,36.0,1012.7,32.0,16.9,2025-06-25,14,2
2025-06-25 15:00:00+00:00,111.6,39.0,1012.4,31.9,15.8,2025-06-25,15,2
2025-06-25 16:00:00+00:00,110.1,45.0,1011.8,31.3,17.3,2025-06-25,16,2
2025-06-25 17:00:00+00:00,109.1,52.0,1011.9,30.0,15.8,2025-06-25,17,2
2025-06-25 18:00:00+00:00,112.6,60.0,1012.1,28.4,13.7,2025-06-25,18,2
2025-06-25 19:00:00+00:00,68.1,64.0,1012.7,27.6,8.6,2025-06-25,19,2
2025-06-25 20:00:00+00:00,61.8,65.0,1013.4,27.1,6.5,2025-06-25,20,2
2025-06-25 21:00:00+00:00,26.4,67.0,1014.2,26.8,6.8,2025-06-25,21,2
2025-06-25 22:00:00+00:00,353.6,66.3,1014.1,26.5,7.6,2025-06-25,22,2
2025-06-25 23:00:00+00:00,313.9,65.7,1013.9,26.0,6.5,2025-06-25,23,2
2025-06-26 00:00:00+00:00,279.2,65.0,1013.8,25.7,6.8,2025-06-26,0,3
2025-06-26 01:00:00+00:00,276.1,69.0,1013.6,25.1,7.2,2025-06-26,1,3
2025-06-26 02:00:00+00:00,286.7,64.0,1013.5,24.3,8.6,2025-06-26,2,3
2025-06-26 03:00:00+00:00,285.0,45.0,1013.6,24.1,10.8,2025-06-26,3,3
2025-06-26 04:00:00+00:00,27.1,43.0,1014.7,23.4,9.7,2025-06-26,4,3
2025-06-26 05:00:00+00:00,257.7,41.0,1015.4,23.3,6.5,2025-06-26,5,3
2025-06-26 06:00:00+00:00,282.3,35.0,1016.2,24.5,10.4,2025-06-26,6,3
2025-06-26 07:00:00+00:00,310.2,30.0,1017.1,26.9,3.6,2025-06-26,7,3
2025-06-26 08:00:00+00:00,62.6,26.0,1017.7,29.4,7.2,2025-06-26,8,3
2025-06-26 09:00:00+00:00,83.8,31.0,1018.1,30.3,14.4,2025-06-26,9,3
2025-06-26 10:00:00+00:00,86.1,40.0,1018.5,30.4,17.6,2025-06-26,10,3
2025-06-26 11:00:00+00:00,79.2,42.0,1018.8,30.9,20.2,2025-06-26,11,3
2025-06-26 12:00:00+00:00,85.4,44.0,1018.6,31.0,18.7,2025-06-26,12,3
2025-06-26 13:00:00+00:00,97.0,47.0,1018.7,31.2,16.2,2025-06-26,13,3
2025-06-26 14:00:00+00:00,104.6,48.0,1018.5,31.3,14.4,2025-06-26,14,3
2025-06-26 15:00:00+00:00,112.4,51.0,1018.2,30.8,14.2,2025-06-26,15,3
2025-06-26 16:00:00+00:00,102.7,53.0,1017.9,30.1,14.0,2025-06-26,16,3
2025-06-26 17:00:00+00:00,98.7,55.0,1017.5,29.6,13.0,2025-06-26,17,3
2025-06-26 18:00:00+00:00,109.5,63.0,1018.2,28.4,11.5,2025-06-26,18,3
2025-06-26 19:00:00+00:00,114.3,67.0,1019.0,26.9,11.2,2025-06-26,19,3
2025-06-26 20:00:00+00:00,99.5,70.0,1020.0,26.4,8.3,2025-06-26,20,3
2025-06-26 21:00:00+00:00,80.3,71.0,1021.0,26.3,5.4,2025-06-26,21,3
2025-06-26 22:00:00+00:00,16.2,73.0,1021.6,26.0,3.6,2025-06-26,22,3
2025-06-26 23:00:00+00:00,348.5,74.0,1022.0,25.6,6.8,2025-06-26,23,3
2025-06-27 00:00:00+00:00,327.3,75.0,1021.9,25.2,7.2,2025-06-27,0,4
2025-06-27 01:00:00+00:00,295.5,75.5,1021.8,24.6,5.4,2025-06-27,1,4
2025-06-27 02:00:00+00:00,287.3,76.0,1021.5,24.0,3.6,2025-06-27,2,4
2025-06-27 03:00:00+00:00,286.5,75.7,1021.4,23.4,3.2,2025-06-27,3,4
2025-06-27 04:00:00+00:00,291.7,75.3,1021.7,22.9,4.7,2025-06-27,4,4
2025-06-27 05:00:00+00:00,309.9,75.0,1022.0,22.6,5.8,2025-06-27,5,4
2025-06-27 06:00:00+00:00,309.3,70.0,1022.3,23.7,6.1,2025-06-27,6,4
2025-06-27 07:00:00+00:00,284.6,59.0,1022.7,26.3,5.0,2025-06-27,7,4
2025-06-27 08:00:00+00:00,217.3,49.0,1022.7,28.5,4.0,2025-06-27,8,4
2025-06-27 09:00:00+00:00,139.9,41.0,1022.8,30.3,7.2,2025-06-27,9,4
2025-06-27 10:00:00+00:00,132.0,37.0,1022.8,31.5,10.4,2025-06-27,10,4
2025-06-27 11:00:00+00:00,127.4,36.0,1022.6,32.3,13.3,2025-06-27,11,4
2025-06-27 12:00:00+00:00,127.6,35.0,1022.0,32.7,16.2,2025-06-27,12,4
2025-06-27 13:00:00+00:00,126.2,41.0,1021.8,32.5,16.9,2025-06-27,13,4
2025-06-27 14:00:00+00:00,126.1,47.0,1021.3,32.0,18.0,2025-06-27,14,4
2025-06-27 15:00:00+00:00,122.2,52.0,1020.6,31.6,21.6,2025-06-27,15,4
2025-06-27 16:00:00+00:00,115.9,48.0,1020.3,31.3,20.5,2025-06-27,16,4
2025-06-27 17:00:00+00:00,114.8,52.0,1020.2,30.7,19.4,2025-06-27,17,4
2025-06-27 18:00:00+00:00,99.9,58.0,1020.6,29.6,14.8,2025-06-27,18,4
2025-06-27 19:00:00+00:00,74.1,67.0,1020.9,27.8,13.3,2025-06-27,19,4
2025-06-27 20:00:00+00:00,48.7,71.0,1021.4,27.1,11.2,2025-06-27,20,4
2025-06-27 21:00:00+00:00,35.8,69.0,1022.3,27.0,12.6,2025-06-27,21,4
2025-06-27 22:00:00+00:00,17.9,63.0,1022.9,26.8,11.5,2025-06-27,22,4
2025-06-27 23:00:00+00:00,359.4,61.0,1022.8,26.6,9.7,2025-06-27,23,4
2025-06-28 00:00:00+00:00,348.5,63.0,1022.6,26.2,8.6,2025-06-28,0,5
2025-06-28 01:00:00+00:00,321.5,65.0,1022.5,25.4,6.5,2025-06-28,1,5
2025-06-28 02:00:00+00:00,339.0,67.0,1022.1,24.7,4.7,2025-06-28,2,5
2025-06-28 03:00:00+00:00,352.8,69.0,1021.9,24.3,3.6,2025-06-28,3,5
2025-06-28 04:00:00+00:00,332.1,68.0,1022.0,23.9,4.3,2025-06-28,4,5
2025-06-28 05:00:00+00:00,303.1,67.0,1022.1,23.7,5.8,2025-06-28,5,5
2025-06-28 06:00:00+00:00,303.8,62.0,1022.3,24.9,6.5,2025-06-28,6,5
2025-06-28 07:00:00+00:00,273.3,51.0,1022.4,27.3,4.7,2025-06-28,7,5
2025-06-28 08:00:00+00:00,210.2,40.0,1022.5,30.0,3.2,2025-06-28,8,5
2025-06-28 09:00:00+00:00,152.6,34.0,1022.3,32.3,6.1,2025-06-28,9,5
2025-06-28 10:00:00+00:00,127.0,32.0,1022.2,33.7,10.8,2025-06-28,10,5
2025-06-28 11:00:00+00:00,117.8,33.0,1022.0,34.3,14.0,2025-06-28,11,5
2025-06-28 12:00:00+00:00,114.8,34.0,1021.8,34.1,15.5,2025-06-28,12,5
2025-06-28 13:00:00+00:00,121.9,33.0,1021.5,34.6,15.1,2025-06-28,13,5
2025-06-28 14:00:00+00:00,120.0,34.0,1021.0,34.3,15.5,2025-06-28,14,5
2025-06-28 15:00:00+00:00,113.4,33.0,1020.6,34.2,15.8,2025-06-28,15,5
2025-06-28 16:00:00+00:00,116.9,35.0,1020.0,33.9,16.6,2025-06-28,16,5
2025-06-28 17:00:00+00:00,111.0,40.0,1019.7,33.1,16.9,2025-06-28,17,5
2025-06-28 18:00:00+00:00,90.5,46.0,1019.8,32.1,14.8,2025-06-28,18,5
2025-06-28 19:00:00+00:00,55.0,51.0,1020.0,30.6,8.3,2025-06-28,19,5
2025-06-28 20:00:00+00:00,21.3,50.5,1020.1,29.9,9.0,2025-06-28,20,5
2025-06-28 21:00:00+00:00,33.6,50.0,1020.5,29.6,9.7,2025-06-28,21,5
2025-06-28 22:00:00+00:00,36.1,49.0,1020.7,29.0,11.2,2025-06-28,22,5
2025-06-28 23:00:00+00:00,346.8,50.0,1020.9,28.2,9.7,2025-06-28,23,5
2025-06-29 00:00:00+00:00,303.7,51.0,1020.7,27.5,6.8,2025-06-29,0,6
2025-06-29 01:00:00+00:00,349.2,52.0,1020.5,26.9,9.7,2025-06-29,1,6
2025-06-29 02:00:00+00:00,321.2,50.0,1020.1,26.2,7.2,2025-06-29,2,6
2025-06-29 03:00:00+00:00,303.5,49.0,1019.5,25.6,6.1,2025-06-29,3,6
2025-06-29 04:00:00+00:00,290.8,48.0,1019.6,25.1,6.5,2025-06-29,4,6
2025-06-29 05:00:00+00:00,297.5,46.0,1019.5,24.8,5.8,2025-06-29,5,6
2025-06-29 06:00:00+00:00,297.1,41.0,1019.8,26.1,5.4,2025-06-29,6,6
2025-06-29 07:00:00+00:00,279.9,38.0,1020.1,28.5,5.8,2025-06-29,7,6
2025-06-29 08:00:00+00:00,272.9,30.0,1020.2,31.7,3.2,2025-06-29,8,6
2025-06-29 09:00:00+00:00,99.6,26.0,1020.1,33.7,10.1,2025-06-29,9,6
2025-06-29 10:00:00+00:00,98.7,31.0,1020.0,33.8,13.7,2025-06-29,10,6
2025-06-29 11:00:00+00:00,96.8,35.0,1019.9,34.0,14.8,2025-06-29,11,6
2025-06-29 12:00:00+00:00,102.1,34.0,1019.8,34.5,14.4,2025-06-29,12,6
2025-06-29 13:00:00+00:00,111.7,30.0,1019.3,35.1,14.8,2025-06-29,13,6
2025-06-29 14:00:00+00:00,110.1,32.0,1018.6,35.0,14.0,2025-06-29,14,6
2025-06-29 15:00:00+00:00,111.9,36.0,1018.0,34.2,15.5,2025-06-29,15,6
2025-06-29 16:00:00+00:00,117.9,38.0,1017.8,33.7,13.3,2025-06-29,16,6
2025-06-29 17:00:00+00:00,115.7,41.0,1017.4,32.8,11.5,2025-06-29,17,6
2025-06-29 18:00:00+00:00,99.6,45.0,1017.3,31.6,9.7,2025-06-29,18,6
2025-06-29 19:00:00+00:00,112.3,52.0,1017.2,30.0,7.6,2025-06-29,19,6
2025-06-29 20:00:00+00:00,100.7,55.0,1017.5,29.0,5.0,2025-06-29,20,6
2025-06-29 21:00:00+00:00,38.9,58.0,1018.1,28.7,4.0,2025-06-29,21,6
2025-06-29 22:00:00+00:00,1.0,60.0,1017.9,28.4,4.3,2025-06-29,22,6
2025-06-29 23:00:00+00:00,313.2,59.5,1017.8,27.8,3.2,2025-06-29,23,6
2025-06-30 00:00:00+00:00,294.7,59.0,1017.6,27.4,4.7,2025-06-30,0,0
2025-06-30 01:00:00+00:00,281.8,51.0,1017.1,27.0,6.1,2025-06-30,1,0
2025-06-30 02:00:00+00:00,278.2,48.0,1016.5,26.2,5.9,2025-06-30,2,0
2025-06-30 03:00:00+00:00,280.3,47.0,1016.0,25.4,5.8,2025-06-30,3,0
2025-06-30 04:00:00+00:00,280.6,46.5,1015.7,24.7,6.5,2025-06-30,4,0
2025-06-30 05:00:00+00:00,280.2,46.0,1015.8,24.2,6.1,2025-06-30,5,0
2025-06-30 06:00:00+00:00,278.9,42.0,1015.8,25.4,5.8,2025-06-30,6,0
2025-06-30 07:00:00+00:00,268.8,37.0,1016.4,28.2,6.5,2025-06-30,7,0
2025-06-30 08:00:00+00:00,221.7,30.0,1016.5,31.3,4.3,2025-06-30,8,0
2025-06-30 09:00:00+00:00,167.9,27.0,1016.2,33.6,7.2,2025-06-30,9,0
2025-06-30 10:00:00+00:00,144.5,26.0,1016.0,35.2,12.6,2025-06-30,10,0
2025-06-30 11:00:00+00:00,131.8,29.0,1015.8,35.5,16.9,2025-06-30,11,0
2025-06-30 12:00:00+00:00,123.5,32.0,1015.5,34.8,17.3,2025-06-30,12,0
2025-06-30 13:00:00+00:00,120.3,31.0,1015.3,35.1,16.2,2025-06-30,13,0
2025-06-30 14:00:00+00:00,118.9,32.0,1015.1,34.7,16.6,2025-06-30,14,0
2025-06-30 15:00:00+00:00,105.4,33.0,1014.6,34.2,16.3,2025-06-30,15,0
2025-06-30 16:00:00+00:00,97.2,35.0,1014.1,33.5,16.1,2025-06-30,16,0
2025-06-30 17:00:00+00:00,96.2,42.0,1014.4,32.2,15.8,2025-06-30,17,0
2025-06-30 18:00:00+00:00,80.1,50.0,1014.6,30.8,13.3,2025-06-30,18,0
2025-06-30 19:00:00+00:00,65.3,58.0,1015.0,29.4,14.4,2025-06-30,19,0
2025-06-30 20:00:00+00:00,54.2,64.0,1015.5,28.3,13.7,2025-06-30,20,0
2025-06-30 21:00:00+00:00,49.5,67.0,1016.2,27.9,9.7,2025-06-30,21,0
2025-06-30 22:00:00+00:00,34.7,70.0,1016.1,27.6,5.8,2025-06-30,22,0
2025-06-30 23:00:00+00:00,275.3,71.0,1016.0,27.1,3.2,2025-06-30,23,0
2025-07-01 00:00:00+00:00,286.7,69.0,1015.9,26.8,4.7,2025-07-01,0,1
2025-07-01 01:00:00+00:00,283.0,68.0,1015.5,26.2,5.4,2025-07-01,1,1
2025-07-01 02:00:00+00:00,279.3,69.0,1014.9,25.5,4.3,2025-07-01,2,1
2025-07-01 03:00:00+00:00,260.5,67.0,1014.8,24.8,4.7,2025-07-01,3,1
2025-07-01 04:00:00+00:00,276.6,65.0,1014.9,24.4,7.6,2025-07-01,4,1
2025-07-01 05:00:00+00:00,296.8,58.0,1015.0,24.0,6.1,2025-07-01,5,1
2025-07-01 06:00:00+00:00,301.7,49.0,1015.1,25.3,5.4,2025-07-01,6,1
2025-07-01 07:00:00+00:00,277.4,40.0,1015.5,27.4,4.7,2025-07-01,7,1
2025-07-01 08:00:00+00:00,213.4,34.0,1015.6,30.1,5.1,2025-07-01,8,1
2025-07-01 09:00:00+00:00,170.9,30.0,1015.5,32.4,5.4,2025-07-01,9,1
2025-07-01 10:00:00+00:00,142.5,29.7,1015.4,33.8,10.1,2025-07-01,10,1
2025-07-01 11:00:00+00:00,129.2,29.3,1015.2,34.8,12.6,2025-07-01,11,1
2025-07-01 12:00:00+00:00,121.7,29.0,1014.9,35.3,14.4,2025-07-01,12,1
2025-07-01 13:00:00+00:00,114.1,27.0,1014.7,35.8,15.1,2025-07-01,13,1
2025-07-01 14:00:00+00:00,121.8,27.5,1014.1,35.4,16.6,2025-07-01,14,1
2025-07-01 15:00:00+00:00,129.3,28.0,1013.7,35.1,14.4,2025-07-01,15,1
2025-07-01 16:00:00+00:00,123.6,31.0,1013.6,34.4,13.7,2025-07-01,16,1
2025-07-01 17:00:00+00:00,127.1,37.0,1013.5,32.9,13.3,2025-07-01,17,1
2025-07-01 18:00:00+00:00,116.1,46.0,1013.8,31.3,12.6,2025-07-01,18,1
2025-07-01 19:00:00+00:00,100.8,56.0,1014.2,29.6,8.6,2025-07-01,19,1
2025-07-01 20:00:00+00:00,84.3,62.0,1014.7,28.7,7.6,2025-07-01,20,1
2025-07-01 21:00:00+00:00,85.0,70.0,1015.3,28.0,6.5,2025-07-01,21,1
2025-07-01 22:00:00+00:00,104.4,75.0,1015.6,27.5,4.3,2025-07-01,22,1
2025-07-01 23:00:00+00:00,128.6,77.0,1015.4,27.1,3.2,2025-07-01,23,1
2025-07-02 00:00:00+00:00,284.3,80.0,1015.3,26.6,2.5,2025-07-02,0,2
2025-07-02 01:00:00+00:00,306.5,81.0,1015.0,26.3,3.2,2025-07-02,1,2
2025-07-02 02:00:00+00:00,303.8,81.5,1014.5,25.9,5.0,2025-07-02,2,2
2025-07-02 03:00:00+00:00,294.3,82.0,1014.6,25.3,5.2,2025-07-02,3,2
2025-07-02 04:00:00+00:00,273.3,80.0,1014.5,24.9,5.4,2025-07-02,4,2
2025-07-02 05:00:00+00:00,279.2,73.0,1014.4,24.5,6.8,2025-07-02,5,2
2025-07-02 06:00:00+00:00,269.7,59.0,1014.5,25.8,8.6,2025-07-02,6,2
2025-07-02 07:00:00+00:00,259.6,40.0,1014.8,28.3,6.8,2025-07-02,7,2
2025-07-02 08:00:00+00:00,199.3,33.0,1014.8,31.3,6.1,2025-07-02,8,2
2025-07-02 09:00:00+00:00,163.6,29.0,1014.9,33.6,7.6,2025-07-02,9,2
2025-07-02 10:00:00+00:00,140.3,27.0,1014.8,35.1,10.1,2025-07-02,10,2
2025-07-02 11:00:00+00:00,129.7,26.0,1014.8,35.8,13.7,2025-07-02,11,2
2025-07-02 12:00:00+00:00,125.0,26.5,1014.6,35.6,16.2,2025-07-02,12,2
2025-07-02 13:00:00+00:00,120.4,27.0,1014.5,35.5,16.9,2025-07-02,13,2
2025-07-02 14:00:00+00:00,120.5,31.0,1014.4,34.4,17.6,2025-07-02,14,2
2025-07-02 15:00:00+00:00,122.1,36.0,1014.2,33.8,15.1,2025-07-02,15,2
2025-07-02 16:00:00+00:00,124.2,40.0,1014.0,33.3,14.4,2025-07-02,16,2
2025-07-02 17:00:00+00:00,115.5,43.0,1014.3,32.6,13.0,2025-07-02,17,2
2025-07-02 18:00:00+00:00,113.7,47.0,1014.5,31.6,9.7,2025-07-02,18,2
2025-07-02 19:00:00+00:00,104.4,54.0,1015.1,30.4,9.0,2025-07-02,19,2
2025-07-02 20:00:00+00:00,95.8,65.0,1015.8,29.2,7.6,2025-07-02,20,2
2025-07-02 21:00:00+00:00,89.8,71.0,1016.8,28.5,6.8,2025-07-02,21,2
2025-07-02 22:00:00+00:00,73.9,79.0,1017.1,28.0,6.1,2025-07-02,22,2
2025-07-02 23:00:00+00:00,67.1,84.0,1017.6,27.4,6.5,2025-07-02,23,2
2025-07-03 00:00:00+00:00,66.4,87.0,1017.6,27.1,5.8,2025-07-03,0,3
2025-07-03 01:00:00+00:00,45.8,90.0,1017.7,26.6,7.2,2025-07-03,1,3
2025-07-03 02:00:00+00:00,43.3,93.0,1017.8,26.1,8.3,2025-07-03,2,3
2025-07-03 03:00:00+00:00,37.0,94.0,1017.8,25.8,9.4,2025-07-03,3,3
2025-07-03 04:00:00+00:00,30.6,93.0,1018.2,25.5,10.4,2025-07-03,4,3
2025-07-03 05:00:00+00:00,3.2,92.0,1018.4,25.3,11.2,2025-07-03,5,3
2025-07-03 06:00:00+00:00,5.8,80.0,1019.1,26.4,11.9,2025-07-03,6,3
2025-07-03 07:00:00+00:00,28.1,69.0,1019.7,28.0,10.8,2025-07-03,7,3
2025-07-03 08:00:00+00:00,70.0,62.0,1020.2,29.5,11.9,2025-07-03,8,3
2025-07-03 09:00:00+00:00,84.6,59.0,1020.5,30.4,13.7,2025-07-03,9,3
2025-07-03 10:00:00+00:00,91.8,58.0,1020.6,30.9,14.8,2025-07-03,10,3
2025-07-03 11:00:00+00:00,96.8,57.0,1020.8,31.2,15.8,2025-07-03,11,3
2025-07-03 12:00:00+00:00,97.0,50.0,1020.6,31.6,15.5,2025-07-03,12,3
2025-07-03 13:00:00+00:00,103.0,48.0,1020.3,32.2,14.8,2025-07-03,13,3
2025-07-03 14:00:00+00:00,109.8,48.3,1020.0,32.3,13.0,2025-07-03,14,3
2025-07-03 15:00:00+00:00,108.3,48.7,1019.8,32.2,11.5,2025-07-03,15,3
2025-07-03 16:00:00+00:00,109.8,49.0,1019.3,31.8,11.2,2025-07-03,16,3
2025-07-03 17:00:00+00:00,97.8,52.0,1019.2,31.2,10.4,2025-07-03,17,3
2025-07-03 18:00:00+00:00,103.3,61.0,1019.2,30.0,10.8,2025-07-03,18,3
2025-07-03 19:00:00+00:00,105.3,68.0,1019.5,28.8,10.4,2025-07-03,19,3
2025-07-03 20:00:00+00:00,105.0,76.0,1020.0,28.0,8.6,2025-07-03,20,3
2025-07-03 21:00:00+00:00,103.9,79.0,1020.7,27.7,5.8,2025-07-03,21,3
2025-07-03 22:00:00+00:00,130.4,81.0,1020.8,27.3,3.2,2025-07-03,22,3
2025-07-03 23:00:00+00:00,2.0,84.0,1021.0,26.9,2.5,2025-07-03,23,3
2025-07-04 00:00:00+00:00,341.8,85.0,1020.8,26.6,3.2,2025-07-04,0,4
2025-07-04 01:00:00+00:00,322.0,86.0,1020.6,26.1,3.4,2025-07-04,1,4
2025-07-04 02:00:00+00:00,312.4,87.0,1020.4,25.7,3.6,2025-07-04,2,4
2025-07-04 03:00:00+00:00,306.6,88.0,1020.2,25.2,4.7,2025-07-04,3,4
2025-07-04 04:00:00+00:00,290.7,87.0,1020.3,24.6,4.8,2025-07-04,4,4
2025-07-04 05:00:00+00:00,288.2,83.0,1020.4,24.1,5.0,2025-07-04,5,4
2025-07-04 06:00:00+00:00,292.6,73.0,1020.6,25.0,5.9,2025-07-04,6,4
2025-07-04 07:00:00+00:00,257.8,53.0,1021.3,27.3,6.8,2025-07-04,7,4
2025-07-04 08:00:00+00:00,207.6,47.0,1021.2,29.4,5.0,2025-07-04,8,4
2025-07-04 09:00:00+00:00,141.2,42.0,1021.1,31.2,5.8,2025-07-04,9,4
2025-07-04 10:00:00+00:00,120.9,39.0,1021.0,32.6,10.1,2025-07-04,10,4
2025-07-04 11:00:00+00:00,113.3,39.3,1020.9,33.0,13.3,2025-07-04,11,4
2025-07-04 12:00:00+00:00,108.8,39.7,1020.6,32.9,14.4,2025-07-04,12,4
2025-07-04 13:00:00+00:00,92.7,40.0,1020.3,33.1,14.6,2025-07-04,13,4
2025-07-04 14:00:00+00:00,96.9,42.0,1019.8,32.8,14.8,2025-07-04,14,4
2025-07-04 15:00:00+00:00,97.1,44.0,1019.4,32.5,15.1,2025-07-04,15,4
2025-07-04 16:00:00+00:00,105.0,52.0,1019.0,31.2,14.0,2025-07-04,16,4
2025-07-04 17:00:00+00:00,119.4,57.0,1018.6,30.5,13.3,2025-07-04,17,4
2025-07-04 18:00:00+00:00,106.5,61.0,1018.9,29.8,11.9,2025-07-04,18,4
2025-07-04 19:00:00+00:00,97.4,68.0,1019.1,28.7,9.7,2025-07-04,19,4
2025-07-04 20:00:00+00:00,93.3,74.0,1019.4,27.9,7.6,2025-07-04,20,4
2025-07-04 21:00:00+00:00,63.2,78.0,1019.8,27.5,5.0,2025-07-04,21,4
2025-07-04 22:00:00+00:00,33.7,79.0,1019.9,27.2,3.6,2025-07-04,22,4
2025-07-04 23:00:00+00:00,322.0,80.0,1019.6,26.9,4.3,2025-07-04,23,4
2025-07-05 00:00:00+00:00,265.5,81.0,1019.1,26.6,5.0,2025-07-05,0,5
2025-07-05 01:00:00+00:00,272.7,82.0,1018.7,26.3,3.6,2025-07-05,1,5
2025-07-05 02:00:00+00:00,277.7,84.0,1018.1,25.8,4.0,2025-07-05,2,5
2025-07-05 03:00:00+00:00,246.7,83.3,1017.9,25.4,4.2,2025-07-05,3,5
2025-07-05 04:00:00+00:00,261.0,82.7,1017.6,24.8,4.3,2025-07-05,4,5
2025-07-05 05:00:00+00:00,269.6,82.0,1017.8,24.7,6.1,2025-07-05,5,5
2025-07-05 06:00:00+00:00,277.1,73.0,1017.9,25.6,6.8,2025-07-05,6,5
2025-07-05 07:00:00+00:00,244.4,59.0,1018.0,27.7,7.9,2025-07-05,7,5
2025-07-05 08:00:00+00:00,130.0,50.0,1018.2,29.9,4.3,2025-07-05,8,5
2025-07-05 09:00:00+00:00,98.2,44.0,1018.0,31.4,9.0,2025-07-05,9,5
2025-07-05 10:00:00+00:00,115.0,40.0,1017.7,32.4,11.5,2025-07-05,10,5
2025-07-05 11:00:00+00:00,119.1,36.0,1017.4,33.3,13.3,2025-07-05,11,5
2025-07-05 12:00:00+00:00,113.2,36.5,1016.8,33.4,14.4,2025-07-05,12,5
2025-07-05 13:00:00+00:00,85.4,37.0,1017.2,33.5,13.7,2025-07-05,13,5
2025-07-05 14:00:00+00:00,95.9,38.3,1016.6,33.6,14.6,2025-07-05,14,5
2025-07-05 15:00:00+00:00,88.9,39.7,1015.9,33.2,15.5,2025-07-05,15,5
2025-07-05 16:00:00+00:00,94.2,41.0,1015.4,32.5,14.4,2025-07-05,16,5
2025-07-05 17:00:00+00:00,109.0,49.0,1015.3,31.5,13.7,2025-07-05,17,5
2025-07-05 18:00:00+00:00,126.1,50.0,1015.5,30.4,12.2,2025-07-05,18,5
2025-07-05 19:00:00+00:00,162.2,52.0,1015.8,29.8,8.3,2025-07-05,19,5
2025-07-05 20:00:00+00:00,193.5,48.0,1016.3,29.5,6.1,2025-07-05,20,5
2025-07-05 21:00:00+00:00,179.1,49.0,1016.2,29.1,7.2,2025-07-05,21,5
2025-07-05 22:00:00+00:00,142.1,54.0,1016.0,28.5,5.8,2025-07-05,22,5
2025-07-05 23:00:00+00:00,76.0,62.0,1015.8,27.9,2.9,2025-07-05,23,5
2025-07-06 00:00:00+00:00,277.8,61.0,1015.4,27.6,5.0,2025-07-06,0,6
2025-07-06 01:00:00+00:00,265.1,65.0,1015.2,25.5,7.6,2025-07-06,1,6
2025-07-06 02:00:00+00:00,279.8,68.0,1014.7,25.1,6.8,2025-07-06,2,6
2025-07-06 03:00:00+00:00,286.1,69.0,1014.3,24.7,7.6,2025-07-06,3,6
2025-07-06 04:00:00+00:00,284.6,68.0,1014.4,24.4,7.9,2025-07-06,4,6
2025-07-06 05:00:00+00:00,277.6,66.0,1014.5,24.1,8.3,2025-07-06,5,6
2025-07-06 06:00:00+00:00,274.0,60.0,1014.6,25.2,7.4,2025-07-06,6,6
2025-07-06 07:00:00+00:00,51.8,45.0,1015.0,27.2,6.5,2025-07-06,7,6
2025-07-06 08:00:00+00:00,100.1,42.0,1015.2,29.1,7.2,2025-07-06,8,6
2025-07-06 09:00:00+00:00,119.3,40.0,1014.7,30.4,8.3,2025-07-06,9,6
2025-07-06 10:00:00+00:00,117.2,38.0,1014.3,31.7,9.4,2025-07-06,10,6
2025-07-06 11:00:00+00:00,116.6,35.0,1013.8,32.8,11.2,2025-07-06,11,6
2025-07-06 12:00:00+00:00,123.1,33.0,1013.2,33.7,13.3,2025-07-06,12,6
2025-07-06 13:00:00+00:00,126.8,30.0,1012.5,34.2,16.2,2025-07-06,13,6
2025-07-06 14:00:00+00:00,129.5,32.0,1011.7,33.8,17.6,2025-07-06,14,6
2025-07-06 15:00:00+00:00,134.1,43.0,1011.0,32.9,18.0,2025-07-06,15,6
2025-07-06 16:00:00+00:00,132.8,48.0,1010.4,32.5,19.4,2025-07-06,16,6
2025-07-06 17:00:00+00:00,128.0,51.0,1009.8,32.0,19.1,2025-07-06,17,6
2025-07-06 18:00:00+00:00,124.1,54.0,1009.6,31.1,18.7,2025-07-06,18,6
2025-07-06 19:00:00+00:00,134.8,60.0,1009.3,30.2,16.2,2025-07-06,19,6
2025-07-06 20:00:00+00:00,53.4,66.0,1009.4,29.2,17.3,2025-07-06,20,6
2025-07-06 21:00:00+00:00,27.3,68.0,1010.5,28.6,22.3,2025-07-06,21,6
2025-07-06 22:00:00+00:00,35.1,65.0,1011.1,28.7,31.7,2025-07-06,22,6
2025-07-06 23:00:00+00:00,46.4,71.0,1011.3,27.8,25.2,2025-07-06,23,6
2025-07-07 00:00:00+00:00,47.3,68.0,1011.0,27.6,22.3,2025-07-07,0,0
2025-07-07 01:00:00+00:00,60.2,74.0,1011.8,27.3,18.4,2025-07-07,1,0
2025-07-07 02:00:00+00:00,65.3,65.0,1011.8,27.0,19.8,2025-07-07,2,0
2025-07-07 03:00:00+00:00,23.5,54.0,1011.7,26.8,23.8,2025-07-07,3,0
2025-07-07 04:00:00+00:00,21.8,55.0,1011.6,26.0,21.2,2025-07-07,4,0
2025-07-07 05:00:00+00:00,28.9,56.0,1011.7,25.6,19.8,2025-07-07,5,0
2025-07-07 06:00:00+00:00,32.8,51.0,1012.0,26.3,20.2,2025-07-07,6,0
2025-07-07 07:00:00+00:00,46.9,54.0,1012.2,27.5,18.0,2025-07-07,7,0
2025-07-07 08:00:00+00:00,60.6,51.0,1012.4,28.5,18.7,2025-07-07,8,0
2025-07-07 09:00:00+00:00,70.6,49.0,1012.3,29.0,17.6,2025-07-07,9,0
2025-07-07 10:00:00+00:00,82.4,50.0,1012.2,29.3,16.6,2025-07-07,10,0
2025-07-07 11:00:00+00:00,99.0,54.0,1012.1,29.7,15.5,2025-07-07,11,0
2025-07-07 12:00:00+00:00,107.7,55.0,1011.7,30.3,16.6,2025-07-07,12,0
2025-07-07 13:00:00+00:00,103.4,60.0,1011.5,29.5,18.0,2025-07-07,13,0
2025-07-07 14:00:00+00:00,102.8,57.0,1010.6,30.1,16.2,2025-07-07,14,0
2025-07-07 15:00:00+00:00,122.1,55.0,1010.0,30.2,19.4,2025-07-07,15,0
2025-07-07 16:00:00+00:00,134.0,57.0,1009.1,29.9,20.9,2025-07-07,16,0
2025-07-07 17:00:00+00:00,126.0,60.0,1008.9,29.4,18.7,2025-07-07,17,0
2025-07-07 18:00:00+00:00,115.3,64.0,1009.3,28.7,15.1,2025-07-07,18,0
2025-07-07 19:00:00+00:00,84.8,68.0,1010.0,28.2,11.9,2025-07-07,19,0
2025-07-07 20:00:00+00:00,67.3,72.0,1010.9,27.5,10.4,2025-07-07,20,0
2025-07-07 21:00:00+00:00,66.5,71.5,1011.8,27.4,11.9,2025-07-07,21,0
2025-07-07 22:00:00+00:00,72.4,71.0,1012.3,27.4,11.5,2025-07-07,22,0
2025-07-07 23:00:00+00:00,70.1,65.0,1012.8,27.2,12.6,2025-07-07,23,0
2025-07-08 00:00:00+00:00,64.1,59.0,1013.0,27.1,22.0,2025-07-08,0,1
2025-07-08 01:00:00+00:00,57.5,52.0,1013.0,26.7,18.4,2025-07-08,1,1
2025-07-08 02:00:00+00:00,97.4,53.0,1012.9,26.2,14.4,2025-07-08,2,1
2025-07-08 03:00:00+00:00,89.2,56.0,1013.1,25.8,12.2,2025-07-08,3,1
2025-07-08 04:00:00+00:00,105.8,58.0,1013.4,25.5,14.4,2025-07-08,4,1
2025-07-08 05:00:00+00:00,82.4,59.0,1013.9,25.2,19.8,2025-07-08,5,1
2025-07-08 06:00:00+00:00,75.4,53.0,1014.7,25.5,20.5,2025-07-08,6,1
2025-07-08 07:00:00+00:00,79.3,51.5,1015.4,25.9,19.1,2025-07-08,7,1
2025-07-08 08:00:00+00:00,80.1,50.0,1015.9,26.5,18.6,2025-07-08,8,1
2025-07-08 09:00:00+00:00,83.5,45.0,1016.0,27.4,18.0,2025-07-08,9,1
2025-07-08 10:00:00+00:00,87.2,40.0,1016.1,28.2,16.6,2025-07-08,10,1
2025-07-08 11:00:00+00:00,95.2,39.0,1015.9,29.0,15.5,2025-07-08,11,1
2025-07-08 12:00:00+00:00,110.9,44.0,1015.8,29.1,14.0,2025-07-08,12,1
2025-07-08 13:00:00+00:00,102.4,48.0,1015.7,29.6,11.5,2025-07-08,13,1
2025-07-08 14:00:00+00:00,98.1,53.0,1015.1,30.1,13.7,2025-07-08,14,1
2025-07-08 15:00:00+00:00,98.9,58.0,1014.9,28.6,16.2,2025-07-08,15,1
2025-07-08 16:00:00+00:00,105.4,64.0,1014.1,28.1,18.0,2025-07-08,16,1
2025-07-08 17:00:00+00:00,126.1,68.0,1013.9,27.7,19.1,2025-07-08,17,1
2025-07-08 18:00:00+00:00,127.1,71.5,1014.3,27.4,17.3,2025-07-08,18,1
2025-07-08 19:00:00+00:00,119.5,75.0,1014.8,27.0,14.4,2025-07-08,19,1
2025-07-08 20:00:00+00:00,116.2,77.0,1015.2,26.7,13.0,2025-07-08,20,1
2025-07-08 21:00:00+00:00,108.9,80.0,1016.1,26.3,10.8,2025-07-08,21,1
2025-07-08 22:00:00+00:00,102.0,81.0,1016.7,26.2,10.1,2025-07-08,22,1
2025-07-08 23:00:00+00:00,88.8,83.0,1016.8,26.1,10.4,2025-07-08,23,1
2025-07-09 00:00:00+00:00,79.0,84.0,1016.9,26.0,12.2,2025-07-09,0,2
2025-07-09 01:00:00+00:00,81.0,87.0,1016.8,25.5,11.2,2025-07-09,1,2
2025-07-09 02:00:00+00:00,81.8,85.0,1016.8,25.7,12.6,2025-07-09,2,2
2025-07-09 03:00:00+00:00,113.0,86.0,1016.4,25.6,16.2,2025-07-09,3,2
2025-07-09 04:00:00+00:00,96.0,85.0,1016.7,25.5,15.5,2025-07-09,4,2
2025-07-09 05:00:00+00:00,117.4,84.0,1016.9,25.4,16.6,2025-07-09,5,2
2025-07-09 06:00:00+00:00,116.6,83.0,1017.5,25.7,17.6,2025-07-09,6,2
2025-07-09 07:00:00+00:00,71.2,84.0,1017.9,24.8,7.2,2025-07-09,7,2
2025-07-09 08:00:00+00:00,120.6,78.0,1017.8,26.5,13.7,2025-07-09,8,2
2025-07-09 09:00:00+00:00,135.6,71.0,1017.8,27.8,16.2,2025-07-09,9,2
2025-07-09 10:00:00+00:00,115.6,72.0,1018.1,27.6,18.0,2025-07-09,10,2
2025-07-09 11:00:00+00:00,106.7,70.0,1017.9,28.3,19.4,2025-07-09,11,2
2025-07-09 12:00:00+00:00,115.3,68.0,1017.6,29.0,22.3,2025-07-09,12,2
2025-07-09 13:00:00+00:00,110.0,71.0,1017.8,28.5,19.4,2025-07-09,13,2
2025-07-09 14:00:00+00:00,111.5,70.0,1017.1,28.4,20.5,2025-07-09,14,2
2025-07-09 15:00:00+00:00,117.0,67.0,1016.3,29.2,22.7,2025-07-09,15,2
2025-07-09 16:00:00+00:00,99.1,68.0,1016.7,29.1,22.2,2025-07-09,16,2
2025-07-09 17:00:00+00:00,113.3,70.0,1016.6,28.5,21.6,2025-07-09,17,2
2025-07-09 18:00:00+00:00,128.1,73.0,1016.5,27.9,23.8,2025-07-09,18,2
2025-07-09 19:00:00+00:00,123.7,75.0,1016.6,27.4,22.0,2025-07-09,19,2
2025-07-09 20:00:00+00:00,107.9,78.0,1016.4,26.8,21.6,2025-07-09,20,2
2025-07-09 21:00:00+00:00,73.4,80.0,1017.3,26.6,15.8,2025-07-09,21,2
2025-07-09 22:00:00+00:00,64.6,82.0,1017.5,26.2,12.6,2025-07-09,22,2
2025-07-09 23:00:00+00:00,41.8,84.0,1017.4,25.8,10.8,2025-07-09,23,2
2025-07-10 00:00:00+00:00,12.3,86.0,1017.3,25.4,10.4,2025-07-10,0,3
2025-07-10 01:00:00+00:00,0.7,87.0,1016.9,25.0,10.1,2025-07-10,1,3
2025-07-10 02:00:00+00:00,347.1,87.7,1016.3,24.7,12.2,2025-07-10,2,3
2025-07-10 03:00:00+00:00,327.9,88.3,1016.1,24.3,11.5,2025-07-10,3,3
2025-07-10 04:00:00+00:00,310.7,89.0,1016.0,23.9,11.2,2025-07-10,4,3
2025-07-10 05:00:00+00:00,306.9,91.0,1016.1,23.5,9.4,2025-07-10,5,3
2025-07-10 06:00:00+00:00,306.8,88.0,1016.4,24.4,10.1,2025-07-10,6,3
2025-07-10 07:00:00+00:00,322.4,76.0,1016.6,26.5,13.0,2025-07-10,7,3
2025-07-10 08:00:00+00:00,359.8,69.0,1016.8,27.9,9.4,2025-07-10,8,3
2025-07-10 09:00:00+00:00,70.0,64.0,1016.6,29.2,5.4,2025-07-10,9,3
2025-07-10 10:00:00+00:00,105.6,60.0,1016.5,30.1,8.6,2025-07-10,10,3
2025-07-10 11:00:00+00:00,107.2,58.0,1016.2,31.0,12.2,2025-07-10,11,3
2025-07-10 12:00:00+00:00,96.1,59.0,1015.8,31.2,13.3,2025-07-10,12,3
2025-07-10 13:00:00+00:00,114.0,61.0,1015.5,31.0,20.5,2025-07-10,13,3
2025-07-10 14:00:00+00:00,108.1,62.0,1014.8,30.6,21.2,2025-07-10,14,3
2025-07-10 15:00:00+00:00,112.1,62.3,1014.5,30.4,20.5,2025-07-10,15,3
2025-07-10 16:00:00+00:00,101.6,62.7,1013.7,29.7,19.8,2025-07-10,16,3
2025-07-10 17:00:00+00:00,106.3,63.0,1013.8,29.4,18.4,2025-07-10,17,3
2025-07-10 18:00:00+00:00,77.3,66.0,1013.5,28.7,16.6,2025-07-10,18,3
2025-07-10 19:00:00+00:00,64.5,73.0,1014.4,27.0,13.0,2025-07-10,19,3
2025-07-10 20:00:00+00:00,53.4,78.0,1014.8,26.2,13.3,2025-07-10,20,3
2025-07-10 21:00:00+00:00,56.5,82.0,1015.5,25.9,14.4,2025-07-10,21,3
2025-07-10 22:00:00+00:00,66.4,83.0,1015.4,25.8,14.8,2025-07-10,22,3
2025-07-10 23:00:00+00:00,55.1,84.0,1015.4,25.6,14.4,2025-07-10,23,3
2025-07-11 00:00:00+00:00,44.7,86.0,1014.8,25.4,14.0,2025-07-11,0,4
2025-07-11 01:00:00+00:00,30.7,86.5,1014.5,25.3,12.2,2025-07-11,1,4
2025-07-11 02:00:00+00:00,21.3,87.0,1013.8,25.2,10.8,2025-07-11,2,4
2025-07-11 03:00:00+00:00,357.1,87.5,1013.5,24.8,9.4,2025-07-11,3,4
2025-07-11 04:00:00+00:00,330.8,88.0,1013.3,24.3,10.4,2025-07-11,4,4
2025-07-11 05:00:00+00:00,309.5,89.0,1013.5,24.0,11.5,2025-07-11,5,4
2025-07-11 06:00:00+00:00,284.8,87.0,1013.4,24.8,10.1,2025-07-11,6,4
2025-07-11 07:00:00+00:00,273.4,77.0,1013.6,26.4,6.1,2025-07-11,7,4
2025-07-11 08:00:00+00:00,237.7,65.0,1013.4,28.3,5.0,2025-07-11,8,4
2025-07-11 09:00:00+00:00,182.5,58.0,1012.9,29.7,6.1,2025-07-11,9,4
2025-07-11 10:00:00+00:00,141.8,54.0,1012.5,30.8,13.0,2025-07-11,10,4
2025-07-11 11:00:00+00:00,130.3,56.5,1012.2,31.4,16.9,2025-07-11,11,4
2025-07-11 12:00:00+00:00,118.4,59.0,1012.0,30.8,19.8,2025-07-11,12,4
2025-07-11 13:00:00+00:00,119.9,58.0,1011.7,30.6,23.4,2025-07-11,13,4
2025-07-11 14:00:00+00:00,118.5,58.5,1010.9,30.5,24.5,2025-07-11,14,4
2025-07-11 15:00:00+00:00,112.3,59.0,1010.2,30.2,24.8,2025-07-11,15,4
2025-07-11 16:00:00+00:00,112.2,62.0,1010.1,29.8,23.4,2025-07-11,16,4
2025-07-11 17:00:00+00:00,101.1,66.0,1009.9,28.9,22.0,2025-07-11,17,4
2025-07-11 18:00:00+00:00,87.5,75.0,1010.2,27.9,20.5,2025-07-11,18,4
2025-07-11 19:00:00+00:00,78.4,80.0,1010.6,26.7,22.0,2025-07-11,19,4
2025-07-11 20:00:00+00:00,66.6,82.0,1010.9,26.1,22.3,2025-07-11,20,4
2025-07-11 21:00:00+00:00,56.5,81.0,1011.3,26.2,18.7,2025-07-11,21,4
2025-07-11 22:00:00+00:00,55.2,82.0,1011.2,26.0,19.1,2025-07-11,22,4
2025-07-11 23:00:00+00:00,41.8,83.0,1011.1,25.8,16.9,2025-07-11,23,4
2025-07-12 00:00:00+00:00,32.7,82.0,1010.5,25.6,13.7,2025-07-12,0,5
2025-07-12 01:00:00+00:00,41.1,81.0,1010.3,25.5,13.4,2025-07-12,1,5
2025-07-12 02:00:00+00:00,32.5,80.0,1009.6,25.4,13.0,2025-07-12,2,5
2025-07-12 03:00:00+00:00,16.5,79.0,1009.2,24.9,12.2,2025-07-12,3,5
2025-07-12 04:00:00+00:00,350.1,77.0,1008.8,24.5,16.6,2025-07-12,4,5
2025-07-12 05:00:00+00:00,338.7,78.0,1008.9,24.4,16.0,2025-07-12,5,5
2025-07-12 06:00:00+00:00,359.2,76.0,1009.1,24.8,15.5,2025-07-12,6,5
2025-07-12 07:00:00+00:00,276.8,73.0,1009.3,25.7,8.6,2025-07-12,7,5
2025-07-12 08:00:00+00:00,306.5,63.0,1009.6,26.6,7.2,2025-07-12,8,5
2025-07-12 09:00:00+00:00,61.2,67.0,1009.8,26.0,24.5,2025-07-12,9,5
2025-07-12 10:00:00+00:00,51.0,76.0,1010.4,24.2,28.1,2025-07-12,10,5
2025-07-12 11:00:00+00:00,64.0,67.0,1010.2,25.9,18.0,2025-07-12,11,5
2025-07-12 12:00:00+00:00,87.7,62.0,1009.7,27.6,12.6,2025-07-12,12,5
2025-07-12 13:00:00+00:00,150.9,71.0,1010.2,25.6,10.1,2025-07-12,13,5
2025-07-12 14:00:00+00:00,92.2,70.5,1009.8,26.2,14.4,2025-07-12,14,5
2025-07-12 15:00:00+00:00,56.9,70.0,1010.1,26.4,15.1,2025-07-12,15,5
2025-07-12 16:00:00+00:00,217.4,71.0,1010.4,25.8,11.5,2025-07-12,16,5
2025-07-12 17:00:00+00:00,189.3,73.0,1009.5,25.3,13.7,2025-07-12,17,5
2025-07-12 18:00:00+00:00,163.4,72.0,1009.1,25.2,8.6,2025-07-12,18,5
2025-07-12 19:00:00+00:00,124.7,67.0,1009.9,26.1,9.7,2025-07-12,19,5
2025-07-12 20:00:00+00:00,81.2,77.0,1010.5,25.1,10.4,2025-07-12,20,5
2025-07-12 21:00:00+00:00,92.3,82.0,1011.7,24.6,8.6,2025-07-12,21,5
2025-07-12 22:00:00+00:00,83.3,84.0,1012.1,24.2,6.8,2025-07-12,22,5
2025-07-12 23:00:00+00:00,39.6,87.0,1012.2,23.8,5.0,2025-07-12,23,5
2025-07-13 00:00:00+00:00,354.0,88.0,1012.1,23.5,5.4,2025-07-13,0,6
2025-07-13 01:00:00+00:00,309.1,80.0,1012.5,22.5,7.2,2025-07-13,1,6
2025-07-13 02:00:00+00:00,303.3,79.5,1012.2,22.0,6.8,2025-07-13,2,6
2025-07-13 03:00:00+00:00,294.7,79.0,1012.2,21.5,7.9,2025-07-13,3,6
2025-07-13 04:00:00+00:00,290.7,76.0,1012.3,21.0,8.3,2025-07-13,4,6
2025-07-13 05:00:00+00:00,267.6,74.0,1012.6,20.5,7.9,2025-07-13,5,6
2025-07-13 06:00:00+00:00,274.8,70.0,1012.9,21.2,10.1,2025-07-13,6,6
2025-07-13 07:00:00+00:00,277.8,56.0,1013.5,23.7,7.9,2025-07-13,7,6
2025-07-13 08:00:00+00:00,219.0,45.0,1013.6,26.8,5.8,2025-07-13,8,6
2025-07-13 09:00:00+00:00,177.0,38.0,1013.7,29.0,7.2,2025-07-13,9,6
2025-07-13 10:00:00+00:00,149.6,33.0,1013.6,30.9,10.4,2025-07-13,10,6
2025-07-13 11:00:00+00:00,134.6,35.5,1013.6,32.0,16.6,2025-07-13,11,6
2025-07-13 12:00:00+00:00,125.9,38.0,1013.5,31.9,21.6,2025-07-13,12,6
2025-07-13 13:00:00+00:00,120.0,39.0,1013.4,31.8,22.0,2025-07-13,13,6
2025-07-13 14:00:00+00:00,118.9,44.0,1013.3,31.1,23.4,2025-07-13,14,6
2025-07-13 15:00:00+00:00,117.2,45.0,1013.1,30.9,23.2,2025-07-13,15,6
2025-07-13 16:00:00+00:00,115.6,50.0,1012.8,30.2,23.0,2025-07-13,16,6
2025-07-13 17:00:00+00:00,109.4,56.0,1013.0,29.5,20.9,2025-07-13,17,6
2025-07-13 18:00:00+00:00,95.9,66.0,1013.6,28.3,14.4,2025-07-13,18,6
2025-07-13 19:00:00+00:00,77.6,73.0,1014.6,26.7,11.9,2025-07-13,19,6
2025-07-13 20:00:00+00:00,59.9,78.0,1015.4,26.1,12.2,2025-07-13,20,6
2025-07-13 21:00:00+00:00,51.8,80.0,1016.4,25.7,13.0,2025-07-13,21,6
2025-07-13 22:00:00+00:00,36.5,83.0,1017.0,25.3,12.2,2025-07-13,22,6
2025-07-13 23:00:00+00:00,31.4,84.0,1017.6,24.9,10.8,2025-07-13,23,6
2025-07-14 00:00:00+00:00,30.8,85.0,1017.7,24.4,11.2,2025-07-14,0,0
2025-07-14 01:00:00+00:00,10.2,84.0,1018.0,24.3,6.8,2025-07-14,1,0
2025-07-14 02:00:00+00:00,353.5,83.0,1017.7,23.8,8.6,2025-07-14,2,0
2025-07-14 03:00:00+00:00,342.4,78.0,1017.4,23.7,10.4,2025-07-14,3,0
2025-07-14 04:00:00+00:00,324.9,79.0,1017.9,23.3,7.6,2025-07-14,4,0
2025-07-14 05:00:00+00:00,324.3,80.0,1018.2,22.8,11.5,2025-07-14,5,0
2025-07-14 06:00:00+00:00,306.2,76.0,1019.0,23.9,9.4,2025-07-14,6,0
2025-07-14 07:00:00+00:00,232.8,69.0,1019.8,25.9,3.6,2025-07-14,7,0
2025-07-14 08:00:00+00:00,129.0,64.0,1020.0,27.2,5.8,2025-07-14,8,0
2025-07-14 09:00:00+00:00,87.2,58.0,1019.9,28.6,8.6,2025-07-14,9,0
2025-07-14 10:00:00+00:00,85.7,54.0,1019.7,29.8,11.9,2025-07-14,10,0
2025-07-14 11:00:00+00:00,95.6,55.0,1019.8,30.2,13.7,2025-07-14,11,0
2025-07-14 12:00:00+00:00,97.0,53.0,1019.5,30.4,14.4,2025-07-14,12,0
2025-07-14 13:00:00+00:00,99.2,53.5,1019.1,30.5,16.2,2025-07-14,13,0
2025-07-14 14:00:00+00:00,100.8,54.0,1018.8,30.2,17.6,2025-07-14,14,0
2025-07-14 15:00:00+00:00,102.4,57.0,1018.4,29.9,16.6,2025-07-14,15,0
2025-07-14 16:00:00+00:00,93.0,58.0,1018.1,29.6,14.4,2025-07-14,16,0
2025-07-14 17:00:00+00:00,92.4,58.5,1017.8,29.3,13.7,2025-07-14,17,0
2025-07-14 18:00:00+00:00,95.6,59.0,1017.9,28.5,13.0,2025-07-14,18,0
2025-07-14 19:00:00+00:00,95.5,65.0,1018.6,27.0,10.4,2025-07-14,19,0
2025-07-14 20:00:00+00:00,84.3,70.0,1019.0,26.3,7.6,2025-07-14,20,0
2025-07-14 21:00:00+00:00,71.4,74.0,1019.7,26.0,5.8,2025-07-14,21,0
2025-07-14 22:00:00+00:00,27.1,79.0,1019.8,25.6,4.0,2025-07-14,22,0
2025-07-14 23:00:00+00:00,325.1,81.0,1019.6,25.2,4.7,2025-07-14,23,0
2025-07-15 00:00:00+00:00,292.1,83.0,1019.3,24.6,5.0,2025-07-15,0,1
2025-07-15 01:00:00+00:00,287.7,81.0,1019.1,24.4,4.3,2025-07-15,1,1
2025-07-15 02:00:00+00:00,284.4,80.0,1018.7,24.3,5.8,2025-07-15,2,1
2025-07-15 03:00:00+00:00,305.8,81.0,1018.4,23.6,5.4,2025-07-15,3,1
2025-07-15 04:00:00+00:00,320.5,82.0,1018.6,22.6,5.0,2025-07-15,4,1
2025-07-15 05:00:00+00:00,336.3,83.0,1018.9,22.1,5.4,2025-07-15,5,1
2025-07-15 06:00:00+00:00,26.8,77.0,1019.4,23.3,7.2,2025-07-15,6,1
2025-07-15 07:00:00+00:00,42.2,66.0,1019.7,25.5,7.9,2025-07-15,7,1
2025-07-15 08:00:00+00:00,73.2,60.0,1020.1,27.2,8.3,2025-07-15,8,1
2025-07-15 09:00:00+00:00,94.8,52.0,1020.0,29.0,9.7,2025-07-15,9,1
2025-07-15 10:00:00+00:00,103.0,50.0,1019.9,30.0,12.2,2025-07-15,10,1
2025-07-15 11:00:00+00:00,106.1,52.0,1019.8,30.3,13.7,2025-07-15,11,1
2025-07-15 12:00:00+00:00,104.6,51.0,1019.6,30.6,14.4,2025-07-15,12,1
2025-07-15 13:00:00+00:00,99.9,52.5,1019.2,30.9,15.8,2025-07-15,13,1
2025-07-15 14:00:00+00:00,101.1,54.0,1018.6,30.8,16.2,2025-07-15,14,1
2025-07-15 15:00:00+00:00,98.0,55.0,1018.0,30.5,16.9,2025-07-15,15,1
2025-07-15 16:00:00+00:00,93.4,56.0,1017.7,30.0,16.0,2025-07-15,16,1
2025-07-15 17:00:00+00:00,92.5,57.0,1017.5,29.3,15.1,2025-07-15,17,1
2025-07-15 18:00:00+00:00,90.7,61.0,1017.9,28.6,12.2,2025-07-15,18,1
2025-07-15 19:00:00+00:00,102.7,70.0,1018.7,27.4,9.0,2025-07-15,19,1
2025-07-15 20:00:00+00:00,85.6,73.0,1019.1,26.8,7.9,2025-07-15,20,1
2025-07-15 21:00:00+00:00,87.2,71.0,1020.0,26.7,4.0,2025-07-15,21,1
2025-07-15 22:00:00+00:00,252.5,73.0,1020.2,26.4,3.2,2025-07-15,22,1
2025-07-15 23:00:00+00:00,240.9,74.0,1020.1,26.2,4.3,2025-07-15,23,1
2025-07-16 00:00:00+00:00,226.0,77.0,1020.0,25.8,2.9,2025-07-16,0,2
2025-07-16 01:00:00+00:00,249.6,74.0,1019.7,25.5,5.0,2025-07-16,1,2
2025-07-16 02:00:00+00:00,280.7,76.0,1019.3,25.0,4.7,2025-07-16,2,2
2025-07-16 03:00:00+00:00,305.8,74.0,1018.9,24.4,3.6,2025-07-16,3,2
2025-07-16 04:00:00+00:00,291.8,73.5,1018.7,23.8,4.0,2025-07-16,4,2
2025-07-16 05:00:00+00:00,289.7,73.0,1019.0,23.5,4.3,2025-07-16,5,2
2025-07-16 06:00:00+00:00,309.8,66.0,1019.1,24.6,5.4,2025-07-16,6,2
2025-07-16 07:00:00+00:00,306.9,57.0,1019.5,26.9,3.2,2025-07-16,7,2
2025-07-16 08:00:00+00:00,134.9,52.0,1019.6,28.8,4.3,2025-07-16,8,2
2025-07-16 09:00:00+00:00,135.6,47.0,1019.5,30.3,6.8,2025-07-16,9,2
2025-07-16 10:00:00+00:00,134.1,43.0,1019.2,31.6,10.4,2025-07-16,10,2
2025-07-16 11:00:00+00:00,130.2,40.0,1018.7,32.3,13.7,2025-07-16,11,2
2025-07-16 12:00:00+00:00,126.4,39.0,1018.3,32.7,15.5,2025-07-16,12,2
2025-07-16 13:00:00+00:00,125.3,41.0,1018.0,33.0,16.9,2025-07-16,13,2
2025-07-16 14:00:00+00:00,120.3,43.0,1017.4,32.5,18.7,2025-07-16,14,2
2025-07-16 15:00:00+00:00,116.1,48.0,1016.7,31.8,18.4,2025-07-16,15,2
2025-07-16 16:00:00+00:00,111.7,51.0,1016.1,31.4,18.7,2025-07-16,16,2
2025-07-16 17:00:00+00:00,108.2,54.0,1015.7,31.3,16.6,2025-07-16,17,2
2025-07-16 18:00:00+00:00,99.8,58.0,1015.5,30.4,13.3,2025-07-16,18,2
2025-07-16 19:00:00+00:00,67.9,69.0,1015.6,28.8,9.4,2025-07-16,19,2
2025-07-16 20:00:00+00:00,33.5,72.0,1015.9,28.2,11.7,2025-07-16,20,2
2025-07-16 21:00:00+00:00,15.3,69.0,1016.4,28.0,14.0,2025-07-16,21,2
2025-07-16 22:00:00+00:00,322.5,64.0,1016.5,27.9,11.9,2025-07-16,22,2
2025-07-16 23:00:00+00:00,292.9,60.0,1016.2,28.0,8.3,2025-07-16,23,2
2025-07-17 00:00:00+00:00,274.9,57.0,1015.6,27.9,8.4,2025-07-17,0,3
2025-07-17 01:00:00+00:00,286.8,53.0,1015.4,27.2,8.6,2025-07-17,1,3
2025-07-17 02:00:00+00:00,288.1,54.0,1014.8,26.6,7.9,2025-07-17,2,3
2025-07-17 03:00:00+00:00,294.1,55.0,1014.4,26.0,7.2,2025-07-17,3,3
2025-07-17 04:00:00+00:00,272.1,57.0,1014.2,25.4,5.4,2025-07-17,4,3
2025-07-17 05:00:00+00:00,333.1,55.0,1014.4,25.0,4.3,2025-07-17,5,3
2025-07-17 06:00:00+00:00,23.4,53.0,1014.6,26.1,6.5,2025-07-17,6,3
2025-07-17 07:00:00+00:00,113.7,49.0,1014.8,28.4,7.6,2025-07-17,7,3
2025-07-17 08:00:00+00:00,92.2,46.0,1014.9,30.6,6.8,2025-07-17,8,3
2025-07-17 09:00:00+00:00,91.1,47.0,1014.8,31.8,11.2,2025-07-17,9,3
2025-07-17 10:00:00+00:00,90.7,48.0,1014.6,32.3,14.4,2025-07-17,10,3
2025-07-17 11:00:00+00:00,83.4,51.0,1014.4,32.6,16.2,2025-07-17,11,3
2025-07-17 12:00:00+00:00,81.0,49.5,1013.8,32.8,16.9,2025-07-17,12,3
2025-07-17 13:00:00+00:00,80.0,48.0,1013.3,33.5,16.2,2025-07-17,13,3
2025-07-17 14:00:00+00:00,79.7,48.5,1012.5,33.4,17.6,2025-07-17,14,3
2025-07-17 15:00:00+00:00,72.3,49.0,1011.8,33.2,18.4,2025-07-17,15,3
2025-07-17 16:00:00+00:00,61.5,51.3,1011.5,32.7,19.4,2025-07-17,16,3
2025-07-17 17:00:00+00:00,52.5,53.7,1011.2,32.1,23.0,2025-07-17,17,3
2025-07-17 18:00:00+00:00,42.7,56.0,1010.7,30.8,22.0,2025-07-17,18,3
2025-07-17 19:00:00+00:00,53.1,67.0,1011.3,29.2,21.4,2025-07-17,19,3
2025-07-17 20:00:00+00:00,45.4,73.0,1011.6,27.9,20.9,2025-07-17,20,3
2025-07-17 21:00:00+00:00,47.4,72.0,1012.1,27.8,19.1,2025-07-17,21,3
2025-07-17 22:00:00+00:00,34.7,73.0,1012.0,27.3,18.0,2025-07-17,22,3
2025-07-17 23:00:00+00:00,20.6,74.0,1012.0,26.9,14.8,2025-07-17,23,3
2025-07-18 00:00:00+00:00,4.8,77.0,1011.6,26.4,12.2,2025-07-18,0,4
2025-07-18 01:00:00+00:00,322.5,78.0,1011.4,26.1,9.4,2025-07-18,1,4
2025-07-18 02:00:00+00:00,237.1,81.0,1010.8,25.7,6.5,2025-07-18,2,4
2025-07-18 03:00:00+00:00,248.0,83.0,1010.4,25.3,5.0,2025-07-18,3,4
2025-07-18 04:00:00+00:00,254.5,86.0,1010.3,24.7,4.7,2025-07-18,4,4
2025-07-18 05:00:00+00:00,156.7,88.0,1010.2,24.4,3.6,2025-07-18,5,4
2025-07-18 06:00:00+00:00,58.6,83.0,1010.7,25.4,6.1,2025-07-18,6,4
2025-07-18 07:00:00+00:00,78.9,77.0,1011.3,26.9,7.9,2025-07-18,7,4
2025-07-18 08:00:00+00:00,88.7,70.0,1011.5,28.2,10.8,2025-07-18,8,4
2025-07-18 09:00:00+00:00,89.8,65.0,1011.3,29.4,13.0,2025-07-18,9,4
2025-07-18 10:00:00+00:00,92.7,60.0,1011.0,30.6,13.7,2025-07-18,10,4
2025-07-18 11:00:00+00:00,95.2,56.0,1010.8,31.6,14.8,2025-07-18,11,4
2025-07-18 12:00:00+00:00,94.4,54.0,1010.3,32.2,15.5,2025-07-18,12,4
2025-07-18 13:00:00+00:00,90.8,51.0,1009.7,32.5,15.1,2025-07-18,13,4
2025-07-18 14:00:00+00:00,92.7,49.0,1008.7,32.9,15.5,2025-07-18,14,4
2025-07-18 15:00:00+00:00,95.8,52.0,1007.8,32.8,15.1,2025-07-18,15,4
2025-07-18 16:00:00+00:00,83.1,59.0,1007.3,31.8,14.4,2025-07-18,16,4
2025-07-18 17:00:00+00:00,67.7,64.0,1006.8,31.0,14.0,2025-07-18,17,4
2025-07-18 18:00:00+00:00,46.0,65.0,1007.0,30.3,15.8,2025-07-18,18,4
2025-07-18 19:00:00+00:00,47.0,70.0,1007.1,29.1,16.9,2025-07-18,19,4
2025-07-18 20:00:00+00:00,58.1,71.0,1007.0,28.5,18.7,2025-07-18,20,4
2025-07-18 21:00:00+00:00,53.9,75.0,1007.7,27.9,15.8,2025-07-18,21,4
2025-07-18 22:00:00+00:00,42.0,79.0,1007.5,27.2,16.2,2025-07-18,22,4
2025-07-18 23:00:00+00:00,38.9,81.0,1007.6,26.9,14.0,2025-07-18,23,4
2025-07-19 00:00:00+00:00,5.4,82.0,1007.2,26.4,12.2,2025-07-19,0,5
2025-07-19 01:00:00+00:00,266.2,88.0,1007.0,26.0,7.6,2025-07-19,1,5
2025-07-19 02:00:00+00:00,240.3,90.0,1006.3,25.6,5.8,2025-07-19,2,5
2025-07-19 03:00:00+00:00,311.3,90.5,1006.5,25.3,5.0,2025-07-19,3,5
2025-07-19 04:00:00+00:00,304.1,91.0,1006.9,24.9,6.5,2025-07-19,4,5
2025-07-19 05:00:00+00:00,279.4,94.0,1007.5,24.1,4.7,2025-07-19,5,5
2025-07-19 06:00:00+00:00,243.2,88.0,1008.1,24.9,6.8,2025-07-19,6,5
2025-07-19 07:00:00+00:00,29.8,76.0,1008.4,26.7,9.4,2025-07-19,7,5
2025-07-19 08:00:00+00:00,104.3,63.0,1008.8,28.6,7.9,2025-07-19,8,5
2025-07-19 09:00:00+00:00,118.8,54.0,1008.8,30.1,10.8,2025-07-19,9,5
2025-07-19 10:00:00+00:00,119.3,48.0,1008.9,31.2,14.0,2025-07-19,10,5
2025-07-19 11:00:00+00:00,100.2,49.0,1008.6,31.1,22.0,2025-07-19,11,5
2025-07-19 12:00:00+00:00,91.8,52.0,1008.2,31.0,22.7,2025-07-19,12,5
2025-07-19 13:00:00+00:00,98.5,47.0,1007.9,31.5,28.1,2025-07-19,13,5
2025-07-19 14:00:00+00:00,99.2,52.0,1007.8,30.5,25.9,2025-07-19,14,5
2025-07-19 15:00:00+00:00,108.4,48.0,1007.7,31.1,26.6,2025-07-19,15,5
2025-07-19 16:00:00+00:00,103.6,51.0,1007.6,30.6,21.6,2025-07-19,16,5
2025-07-19 17:00:00+00:00,95.2,56.0,1007.6,30.0,19.1,2025-07-19,17,5
2025-07-19 18:00:00+00:00,89.4,63.0,1007.5,29.0,16.2,2025-07-19,18,5
2025-07-19 19:00:00+00:00,80.2,69.0,1007.8,28.1,15.8,2025-07-19,19,5
2025-07-19 20:00:00+00:00,48.0,73.0,1008.2,27.2,14.0,2025-07-19,20,5
2025-07-19 21:00:00+00:00,10.8,72.0,1008.4,27.1,13.3,2025-07-19,21,5
2025-07-19 22:00:00+00:00,11.6,69.0,1008.6,27.0,11.5,2025-07-19,22,5
2025-07-19 23:00:00+00:00,31.9,71.0,1008.7,26.5,8.6,2025-07-19,23,5
2025-07-20 00:00:00+00:00,260.9,74.0,1008.4,25.9,7.6,2025-07-20,0,6
2025-07-20 01:00:00+00:00,325.8,77.0,1008.1,25.5,5.8,2025-07-20,1,6
2025-07-20 02:00:00+00:00,268.0,76.0,1007.5,25.1,6.5,2025-07-20,2,6
2025-07-20 03:00:00+00:00,286.6,75.0,1007.2,24.7,6.1,2025-07-20,3,6
2025-07-20 04:00:00+00:00,288.8,73.0,1007.4,24.0,7.6,2025-07-20,4,6
2025-07-20 05:00:00+00:00,278.7,66.0,1007.5,23.4,8.6,2025-07-20,5,6
2025-07-20 06:00:00+00:00,267.2,48.0,1007.9,24.5,10.4,2025-07-20,6,6
2025-07-20 07:00:00+00:00,241.5,31.0,1008.3,27.5,13.0,2025-07-20,7,6
2025-07-20 08:00:00+00:00,247.9,26.0,1008.1,30.6,14.8,2025-07-20,8,6
2025-07-20 09:00:00+00:00,250.6,24.0,1007.8,32.6,18.0,2025-07-20,9,6
2025-07-20 10:00:00+00:00,249.2,21.0,1007.3,34.6,17.6,2025-07-20,10,6
2025-07-20 11:00:00+00:00,248.3,18.0,1006.7,36.4,17.3,2025-07-20,11,6
2025-07-20 12:00:00+00:00,241.8,16.0,1006.0,37.7,18.0,2025-07-20,12,6
2025-07-20 13:00:00+00:00,238.8,14.0,1005.2,38.7,19.1,2025-07-20,13,6
2025-07-20 14:00:00+00:00,226.2,12.0,1004.8,38.9,23.8,2025-07-20,14,6
2025-07-20 15:00:00+00:00,225.9,19.0,1004.2,39.2,26.6,2025-07-20,15,6
2025-07-20 16:00:00+00:00,194.6,26.0,1003.9,36.5,27.7,2025-07-20,16,6
2025-07-20 17:00:00+00:00,158.6,36.0,1003.5,34.4,28.8,2025-07-20,17,6
2025-07-20 18:00:00+00:00,149.5,39.0,1003.6,33.2,28.4,2025-07-20,18,6
2025-07-20 19:00:00+00:00,145.2,42.0,1004.2,32.1,23.4,2025-07-20,19,6
2025-07-20 20:00:00+00:00,167.7,48.0,1004.9,31.0,16.2,2025-07-20,20,6
2025-07-20 21:00:00+00:00,174.1,51.0,1005.5,30.4,7.2,2025-07-20,21,6
2025-07-20 22:00:00+00:00,213.8,52.0,1005.6,29.9,8.6,2025-07-20,22,6
2025-07-20 23:00:00+00:00,270.3,39.0,1005.9,30.4,15.1,2025-07-20,23,6
2025-07-21 00:00:00+00:00,277.0,28.0,1006.1,30.7,17.3,2025-07-21,0,0
2025-07-21 01:00:00+00:00,280.8,29.0,1006.5,30.0,18.0,2025-07-21,1,0
2025-07-21 02:00:00+00:00,279.1,30.0,1006.7,29.1,17.3,2025-07-21,2,0
2025-07-21 03:00:00+00:00,281.3,32.0,1006.9,28.1,15.5,2025-07-21,3,0
2025-07-21 04:00:00+00:00,272.9,33.0,1007.6,27.1,15.1,2025-07-21,4,0
2025-07-21 05:00:00+00:00,268.4,34.0,1008.4,26.2,14.8,2025-07-21,5,0
2025-07-21 06:00:00+00:00,267.5,32.5,1009.3,26.7,14.4,2025-07-21,6,0
2025-07-21 07:00:00+00:00,252.7,31.0,1009.9,28.6,12.6,2025-07-21,7,0
2025-07-21 08:00:00+00:00,254.1,27.0,1010.4,30.4,8.3,2025-07-21,8,0
2025-07-21 09:00:00+00:00,114.0,28.0,1010.6,31.4,14.4,2025-07-21,9,0
2025-07-21 10:00:00+00:00,113.1,34.0,1010.9,31.3,23.0,2025-07-21,10,0
2025-07-21 11:00:00+00:00,97.2,41.0,1011.2,30.4,26.6,2025-07-21,11,0
2025-07-21 12:00:00+00:00,92.4,38.0,1011.3,30.6,25.6,2025-07-21,12,0
2025-07-21 13:00:00+00:00,85.7,35.0,1011.4,30.9,26.3,2025-07-21,13,0
2025-07-21 14:00:00+00:00,80.7,38.0,1011.2,30.7,25.2,2025-07-21,14,0
2025-07-21 15:00:00+00:00,81.5,43.0,1011.4,30.5,20.9,2025-07-21,15,0
2025-07-21 16:00:00+00:00,101.4,55.0,1011.5,29.6,19.4,2025-07-21,16,0
2025-07-21 17:00:00+00:00,97.8,61.0,1011.4,28.8,17.3,2025-07-21,17,0
2025-07-21 18:00:00+00:00,92.7,63.0,1011.8,28.4,16.2,2025-07-21,18,0
2025-07-21 19:00:00+00:00,73.6,66.0,1012.6,27.8,12.6,2025-07-21,19,0
2025-07-21 20:00:00+00:00,65.7,73.0,1013.3,27.2,13.7,2025-07-21,20,0
2025-07-21 21:00:00+00:00,57.2,74.0,1014.2,26.9,12.6,2025-07-21,21,0
2025-07-21 22:00:00+00:00,58.3,74.5,1014.6,26.8,12.2,2025-07-21,22,0
2025-07-21 23:00:00+00:00,57.6,75.0,1014.9,26.6,11.9,2025-07-21,23,0
2025-07-22 00:00:00+00:00,42.9,76.0,1014.8,26.4,12.2,2025-07-22,0,1
2025-07-22 01:00:00+00:00,26.3,74.0,1015.0,25.8,12.6,2025-07-22,1,1
2025-07-22 02:00:00+00:00,17.5,72.0,1014.9,25.5,12.2,2025-07-22,2,1
2025-07-22 03:00:00+00:00,8.2,72.3,1015.0,25.1,12.6,2025-07-22,3,1
2025-07-22 04:00:00+00:00,11.9,72.7,1015.1,25.0,13.7,2025-07-22,4,1
2025-07-22 05:00:00+00:00,15.3,73.0,1015.5,24.9,14.0,2025-07-22,5,1
2025-07-22 06:00:00+00:00,20.3,72.0,1016.0,25.4,14.4,2025-07-22,6,1
2025-07-22 07:00:00+00:00,27.6,68.0,1016.4,26.4,13.7,2025-07-22,7,1
2025-07-22 08:00:00+00:00,57.4,62.0,1016.6,27.8,13.3,2025-07-22,8,1
2025-07-22 09:00:00+00:00,86.8,56.0,1016.7,29.1,12.6,2025-07-22,9,1
2025-07-22 10:00:00+00:00,102.3,55.0,1016.6,29.7,11.5,2025-07-22,10,1
2025-07-22 11:00:00+00:00,107.7,52.0,1016.4,30.5,11.2,2025-07-22,11,1
2025-07-22 12:00:00+00:00,115.7,53.5,1016.1,30.9,13.3,2025-07-22,12,1
2025-07-22 13:00:00+00:00,124.9,55.0,1015.6,30.5,16.2,2025-07-22,13,1
2025-07-22 14:00:00+00:00,120.6,56.0,1014.7,30.9,20.9,2025-07-22,14,1
2025-07-22 15:00:00+00:00,120.5,61.0,1014.2,30.4,23.8,2025-07-22,15,1
2025-07-22 16:00:00+00:00,121.5,60.5,1013.7,29.8,24.8,2025-07-22,16,1
2025-07-22 17:00:00+00:00,124.2,60.0,1013.3,29.3,22.7,2025-07-22,17,1
2025-07-22 18:00:00+00:00,128.5,65.0,1013.2,28.6,24.8,2025-07-22,18,1
2025-07-22 19:00:00+00:00,120.2,73.0,1013.7,27.4,21.6,2025-07-22,19,1
2025-07-22 20:00:00+00:00,105.5,78.0,1013.9,26.9,20.2,2025-07-22,20,1
2025-07-22 21:00:00+00:00,108.2,78.2,1014.5,26.8,17.3,2025-07-22,21,1
2025-07-22 22:00:00+00:00,96.9,78.5,1014.6,26.6,15.5,2025-07-22,22,1
2025-07-22 23:00:00+00:00,73.4,78.8,1014.5,26.5,11.9,2025-07-22,23,1
2025-07-23 00:00:00+00:00,57.3,79.0,1014.2,26.2,9.4,2025-07-23,0,2
2025-07-23 01:00:00+00:00,41.8,78.7,1013.8,26.0,7.2,2025-07-23,1,2
2025-07-23 02:00:00+00:00,10.8,78.3,1013.4,25.6,8.3,2025-07-23,2,2
2025-07-23 03:00:00+00:00,11.7,78.0,1013.0,25.4,7.6,2025-07-23,3,2
2025-07-23 04:00:00+00:00,344.8,77.0,1012.8,25.2,8.3,2025-07-23,4,2
2025-07-23 05:00:00+00:00,328.5,76.0,1012.9,24.9,7.6,2025-07-23,5,2
2025-07-23 06:00:00+00:00,324.3,74.0,1013.4,25.3,8.6,2025-07-23,6,2
2025-07-23 07:00:00+00:00,329.4,73.0,1013.5,26.6,5.8,2025-07-23,7,2
2025-07-23 08:00:00+00:00,20.0,66.0,1013.4,28.1,3.2,2025-07-23,8,2
2025-07-23 09:00:00+00:00,142.5,59.0,1012.9,29.6,4.0,2025-07-23,9,2
2025-07-23 10:00:00+00:00,135.7,55.0,1012.5,30.6,10.1,2025-07-23,10,2
2025-07-23 11:00:00+00:00,130.1,54.0,1012.0,31.5,15.5,2025-07-23,11,2
2025-07-23 12:00:00+00:00,125.2,55.0,1011.4,31.8,18.7,2025-07-23,12,2
2025-07-23 13:00:00+00:00,118.8,56.0,1011.1,30.9,22.3,2025-07-23,13,2
2025-07-23 14:00:00+00:00,112.2,57.0,1010.5,30.8,23.4,2025-07-23,14,2
2025-07-23 15:00:00+00:00,90.6,63.0,1010.3,29.3,22.0,2025-07-23,15,2
2025-07-23 16:00:00+00:00,80.8,68.0,1010.1,28.5,19.4,2025-07-23,16,2
2025-07-23 17:00:00+00:00,73.6,70.0,1010.3,28.1,22.0,2025-07-23,17,2
2025-07-23 18:00:00+00:00,62.9,70.5,1010.9,27.4,23.8,2025-07-23,18,2
2025-07-23 19:00:00+00:00,55.6,71.0,1011.0,26.9,18.4,2025-07-23,19,2
2025-07-23 20:00:00+00:00,53.0,70.0,1011.6,27.1,15.5,2025-07-23,20,2
2025-07-23 21:00:00+00:00,58.9,69.0,1012.4,27.0,14.0,2025-07-23,21,2
2025-07-23 22:00:00+00:00,55.1,68.0,1012.5,27.1,15.1,2025-07-23,22,2
2025-07-23 23:00:00+00:00,55.8,72.0,1012.8,26.8,14.8,2025-07-23,23,2
2025-07-24 00:00:00+00:00,64.7,76.0,1012.7,26.1,16.6,2025-07-24,0,3
2025-07-24 01:00:00+00:00,59.9,79.0,1012.4,25.6,20.2,2025-07-24,1,3
2025-07-24 02:00:00+00:00,54.8,67.0,1012.3,25.4,29.9,2025-07-24,2,3
2025-07-24 03:00:00+00:00,44.0,63.0,1012.5,24.2,32.8,2025-07-24,3,3
2025-07-24 04:00:00+00:00,39.8,64.0,1012.6,23.3,27.7,2025-07-24,4,3
2025-07-24 05:00:00+00:00,28.0,54.0,1012.7,23.4,25.6,2025-07-24,5,3
2025-07-24 06:00:00+00:00,41.6,53.0,1012.9,23.4,22.7,2025-07-24,6,3
2025-07-24 07:00:00+00:00,47.4,49.0,1013.1,24.8,26.3,2025-07-24,7,3
2025-07-24 08:00:00+00:00,59.5,50.0,1013.3,24.6,28.4,2025-07-24,8,3
2025-07-24 09:00:00+00:00,64.8,54.0,1014.1,24.3,23.8,2025-07-24,9,3
2025-07-24 10:00:00+00:00,61.6,53.0,1014.2,24.2,22.0,2025-07-24,10,3
2025-07-24 11:00:00+00:00,64.2,52.0,1014.6,24.2,18.4,2025-07-24,11,3
2025-07-24 12:00:00+00:00,78.0,54.0,1014.3,23.5,14.0,2025-07-24,12,3
2025-07-24 13:00:00+00:00,56.3,74.0,1013.5,22.9,26.3,2025-07-24,13,3
2025-07-24 14:00:00+00:00,56.2,73.0,1013.2,22.8,24.5,2025-07-24,14,3
2025-07-24 15:00:00+00:00,52.8,72.0,1013.0,22.1,25.6,2025-07-24,15,3
2025-07-24 16:00:00+00:00,54.3,78.0,1013.3,21.3,23.8,2025-07-24,16,3
2025-07-24 17:00:00+00:00,63.3,87.0,1013.9,20.2,22.3,2025-07-24,17,3
2025-07-24 18:00:00+00:00,53.6,84.0,1013.8,20.5,14.0,2025-07-24,18,3
2025-07-24 19:00:00+00:00,43.1,79.0,1014.5,21.4,19.4,2025-07-24,19,3
2025-07-24 20:00:00+00:00,1.5,79.5,1014.7,21.3,14.4,2025-07-24,20,3
2025-07-24 21:00:00+00:00,2.3,80.0,1015.4,21.3,11.9,2025-07-24,21,3
2025-07-24 22:00:00+00:00,4.0,81.0,1015.9,21.2,13.0,2025-07-24,22,3
2025-07-24 23:00:00+00:00,349.2,82.0,1016.0,21.2,12.2,2025-07-24,23,3
2025-07-25 00:00:00+00:00,317.1,83.0,1015.7,21.2,10.8,2025-07-25,0,4
2025-07-25 01:00:00+00:00,322.4,92.0,1016.2,20.1,13.7,2025-07-25,1,4
2025-07-25 02:00:00+00:00,327.7,91.0,1015.7,20.0,13.3,2025-07-25,2,4
2025-07-25 03:00:00+00:00,320.4,90.0,1015.4,19.8,13.7,2025-07-25,3,4
2025-07-25 04:00:00+00:00,319.8,89.0,1015.2,19.5,13.4,2025-07-25,4,4
2025-07-25 05:00:00+00:00,317.7,84.0,1015.3,19.0,13.0,2025-07-25,5,4
2025-07-25 06:00:00+00:00,317.6,75.0,1015.8,19.2,12.2,2025-07-25,6,4
2025-07-25 07:00:00+00:00,321.3,63.0,1016.3,21.7,12.6,2025-07-25,7,4
2025-07-25 08:00:00+00:00,20.7,48.0,1016.8,23.7,13.3,2025-07-25,8,4
2025-07-25 09:00:00+00:00,53.6,47.0,1017.1,24.9,12.6,2025-07-25,9,4
2025-07-25 10:00:00+00:00,76.2,49.0,1017.4,25.4,8.6,2025-07-25,10,4
2025-07-25 11:00:00+00:00,92.8,48.0,1017.3,26.4,10.8,2025-07-25,11,4
2025-07-25 12:00:00+00:00,108.8,50.0,1016.9,26.2,11.5,2025-07-25,12,4
2025-07-25 13:00:00+00:00,131.2,51.0,1017.3,26.3,11.9,2025-07-25,13,4
2025-07-25 14:00:00+00:00,146.1,58.0,1016.8,25.6,14.4,2025-07-25,14,4
2025-07-25 15:00:00+00:00,132.9,53.0,1015.9,26.5,12.6,2025-07-25,15,4
2025-07-25 16:00:00+00:00,146.1,54.0,1015.8,26.4,14.8,2025-07-25,16,4
2025-07-25 17:00:00+00:00,157.2,58.0,1015.4,25.9,19.1,2025-07-25,17,4
2025-07-25 18:00:00+00:00,158.4,62.0,1015.7,25.3,18.4,2025-07-25,18,4
2025-07-25 19:00:00+00:00,148.2,67.0,1016.2,24.5,16.2,2025-07-25,19,4
2025-07-25 20:00:00+00:00,144.8,72.0,1017.3,24.0,14.0,2025-07-25,20,4
2025-07-25 21:00:00+00:00,150.9,76.0,1018.1,23.8,10.4,2025-07-25,21,4
2025-07-25 22:00:00+00:00,207.5,78.0,1018.2,23.5,10.8,2025-07-25,22,4
2025-07-25 23:00:00+00:00,290.9,73.0,1018.1,22.7,6.1,2025-07-25,23,4
2025-07-26 00:00:00+00:00,309.0,72.0,1017.8,22.2,8.6,2025-07-26,0,5
2025-07-26 01:00:00+00:00,303.6,71.0,1017.7,21.6,9.4,2025-07-26,1,5
2025-07-26 02:00:00+00:00,298.2,74.0,1017.2,21.0,9.7,2025-07-26,2,5
2025-07-26 03:00:00+00:00,292.0,76.0,1016.9,20.4,8.6,2025-07-26,3,5
2025-07-26 04:00:00+00:00,287.2,77.0,1016.8,19.9,8.8,2025-07-26,4,5
2025-07-26 05:00:00+00:00,284.1,75.5,1017.0,19.6,9.0,2025-07-26,5,5
2025-07-26 06:00:00+00:00,286.4,74.0,1017.6,20.2,9.4,2025-07-26,6,5
2025-07-26 07:00:00+00:00,266.6,64.0,1018.3,22.4,7.9,2025-07-26,7,5
2025-07-26 08:00:00+00:00,255.4,59.0,1018.2,24.8,6.1,2025-07-26,8,5
2025-07-26 09:00:00+00:00,187.0,53.0,1018.1,26.5,5.0,2025-07-26,9,5
2025-07-26 10:00:00+00:00,139.1,50.0,1017.9,27.8,7.9,2025-07-26,10,5
2025-07-26 11:00:00+00:00,130.0,49.0,1017.7,28.7,11.2,2025-07-26,11,5
2025-07-26 12:00:00+00:00,123.2,48.0,1017.4,28.9,14.4,2025-07-26,12,5
2025-07-26 13:00:00+00:00,122.4,50.0,1017.2,28.6,17.6,2025-07-26,13,5
2025-07-26 14:00:00+00:00,122.8,51.0,1016.8,28.8,22.7,2025-07-26,14,5
2025-07-26 15:00:00+00:00,120.6,52.0,1016.5,28.6,23.8,2025-07-26,15,5
2025-07-26 16:00:00+00:00,118.5,53.0,1016.4,28.3,20.9,2025-07-26,16,5
2025-07-26 17:00:00+00:00,106.9,54.0,1016.3,27.9,19.1,2025-07-26,17,5
2025-07-26 18:00:00+00:00,95.7,56.0,1016.5,27.3,17.3,2025-07-26,18,5
2025-07-26 19:00:00+00:00,90.0,63.0,1017.2,26.3,16.6,2025-07-26,19,5
2025-07-26 20:00:00+00:00,97.2,66.0,1018.1,25.9,12.2,2025-07-26,20,5
2025-07-26 21:00:00+00:00,38.2,69.0,1018.9,25.5,6.5,2025-07-26,21,5
2025-07-26 22:00:00+00:00,340.4,70.0,1019.0,24.9,7.8,2025-07-26,22,5
2025-07-26 23:00:00+00:00,314.4,69.3,1018.7,24.1,9.0,2025-07-26,23,5
2025-07-27 00:00:00+00:00,309.6,68.7,1018.4,23.4,10.1,2025-07-27,0,6
2025-07-27 01:00:00+00:00,301.8,68.0,1018.1,23.0,8.6,2025-07-27,1,6
2025-07-27 02:00:00+00:00,295.1,70.0,1017.7,22.5,7.9,2025-07-27,2,6
2025-07-27 03:00:00+00:00,282.4,71.0,1017.4,21.9,7.8,2025-07-27,3,6
2025-07-27 04:00:00+00:00,282.6,70.0,1017.3,21.4,7.6,2025-07-27,4,6
2025-07-27 05:00:00+00:00,291.6,69.0,1017.2,20.8,6.5,2025-07-27,5,6
2025-07-27 06:00:00+00:00,313.5,68.0,1017.6,21.4,6.1,2025-07-27,6,6
2025-07-27 07:00:00+00:00,313.4,56.0,1018.0,24.1,4.7,2025-07-27,7,6
2025-07-27 08:00:00+00:00,89.4,46.0,1018.2,26.9,5.4,2025-07-27,8,6
2025-07-27 09:00:00+00:00,129.0,41.0,1017.9,28.8,7.2,2025-07-27,9,6
2025-07-27 10:00:00+00:00,125.1,39.0,1017.6,30.1,9.4,2025-07-27,10,6
2025-07-27 11:00:00+00:00,128.6,38.0,1017.2,30.7,13.3,2025-07-27,11,6
2025-07-27 12:00:00+00:00,125.9,40.0,1016.6,31.0,15.8,2025-07-27,12,6
2025-07-27 13:00:00+00:00,125.2,42.0,1015.5,31.2,19.4,2025-07-27,13,6
2025-07-27 14:00:00+00:00,113.6,47.0,1014.7,31.0,18.2,2025-07-27,14,6
2025-07-27 15:00:00+00:00,107.3,49.0,1013.8,31.2,16.9,2025-07-27,15,6
2025-07-27 16:00:00+00:00,87.8,51.0,1013.4,31.1,15.5,2025-07-27,16,6
2025-07-27 17:00:00+00:00,83.6,56.0,1013.0,29.8,16.2,2025-07-27,17,6
2025-07-27 18:00:00+00:00,60.1,59.0,1013.3,28.4,16.6,2025-07-27,18,6
2025-07-27 19:00:00+00:00,38.7,62.0,1013.7,27.3,13.3,2025-07-27,19,6
2025-07-27 20:00:00+00:00,27.0,70.0,1014.2,26.7,13.7,2025-07-27,20,6
2025-07-27 21:00:00+00:00,18.9,67.0,1014.9,26.6,15.1,2025-07-27,21,6
2025-07-27 22:00:00+00:00,359.3,65.0,1015.2,26.6,14.8,2025-07-27,22,6
2025-07-27 23:00:00+00:00,0.6,66.0,1015.0,25.9,13.7,2025-07-27,23,6
2025-07-28 00:00:00+00:00,351.4,69.0,1014.9,25.1,11.9,2025-07-28,0,0
2025-07-28 01:00:00+00:00,319.4,66.0,1014.7,24.5,10.1,2025-07-28,1,0
2025-07-28 02:00:00+00:00,305.5,67.0,1014.4,23.9,8.6,2025-07-28,2,0
2025-07-28 03:00:00+00:00,299.5,69.0,1014.1,23.2,7.2,2025-07-28,3,0
2025-07-28 04:00:00+00:00,289.0,72.0,1014.0,22.4,6.5,2025-07-28,4,0
2025-09-17 11:00:00+00:00,128.2,52.0,1022.3,29.5,11.9,2025-09-17,11,2
2025-09-17 12:00:00+00:00,116.5,51.0,1021.8,29.7,14.0,2025-09-17,12,2
2025-09-17 13:00:00+00:00,107.3,57.0,1022.0,29.4,15.1,2025-09-17,13,2
2025-09-17 14:00:00+00:00,100.4,59.0,1021.4,29.0,16.6,2025-09-17,14,2
2025-09-17 15:00:00+00:00,101.9,62.0,1020.8,28.3,17.3,2025-09-17,15,2
2025-09-17 16:00:00+00:00,97.3,65.0,1020.8,27.6,16.9,2025-09-17,16,2
2025-09-17 17:00:00+00:00,87.3,70.0,1020.9,26.9,15.8,2025-09-17,17,2
2025-09-17 18:00:00+00:00,75.8,77.0,1021.1,25.8,14.8,2025-09-17,18,2
2025-09-17 19:00:00+00:00,68.1,80.0,1021.8,25.1,10.8,2025-09-17,19,2
2025-09-17 20:00:00+00:00,56.6,82.0,1022.4,25.0,8.6,2025-09-17,20,2
2025-09-17 21:00:00+00:00,37.0,83.0,1022.8,24.8,6.8,2025-09-17,21,2
2025-09-17 22:00:00+00:00,3.9,84.0,1023.0,24.4,5.8,2025-09-17,22,2
2025-09-17 23:00:00+00:00,345.1,86.0,1022.9,24.0,5.0,2025-09-17,23,2
2025-09-18 00:00:00+00:00,311.8,87.0,1022.7,23.7,4.3,2025-09-18,0,3
2025-09-18 01:00:00+00:00,301.4,88.0,1022.6,23.2,4.0,2025-09-18,1,3
2025-09-18 02:00:00+00:00,304.4,89.0,1021.8,22.7,3.6,2025-09-18,2,3
2025-09-18 03:00:00+00:00,308.3,90.0,1021.8,22.1,4.3,2025-09-18,3,3
2025-09-18 04:00:00+00:00,308.4,91.0,1021.9,21.5,5.0,2025-09-18,4,3
2025-09-18 05:00:00+00:00,314.5,87.3,1021.8,21.1,5.4,2025-09-18,5,3
2025-09-18 06:00:00+00:00,310.4,83.7,1022.3,20.9,4.7,2025-09-18,6,3
2025-09-18 07:00:00+00:00,319.7,80.0,1022.9,22.0,3.9,2025-09-18,7,3
2025-09-18 08:00:00+00:00,25.6,67.0,1023.1,24.5,3.2,2025-09-18,8,3
2025-09-18 09:00:00+00:00,88.8,61.0,1023.5,26.4,5.4,2025-09-18,9,3
2025-09-18 10:00:00+00:00,98.3,56.0,1023.4,27.8,8.3,2025-09-18,10,3
2025-09-18 11:00:00+00:00,97.7,55.0,1023.3,28.5,11.2,2025-09-18,11,3
2025-09-18 12:00:00+00:00,96.2,58.0,1022.8,28.7,13.3,2025-09-18,12,3
2025-09-18 13:00:00+00:00,96.9,57.0,1023.0,29.0,14.4,2025-09-18,13,3
2025-09-18 14:00:00+00:00,98.5,58.0,1022.4,28.8,15.1,2025-09-18,14,3
2025-09-18 15:00:00+00:00,100.6,59.0,1022.2,28.3,14.5,2025-09-18,15,3
2025-09-18 16:00:00+00:00,100.0,60.0,1022.1,27.5,13.9,2025-09-18,16,3
2025-09-18 17:00:00+00:00,99.4,66.0,1022.4,26.5,13.3,2025-09-18,17,3
2025-09-18 18:00:00+00:00,84.4,74.0,1022.7,25.5,10.8,2025-09-18,18,3
2025-09-18 19:00:00+00:00,74.4,80.0,1023.4,25.3,9.7,2025-09-18,19,3
2025-09-18 20:00:00+00:00,64.5,80.5,1023.6,25.1,9.0,2025-09-18,20,3
2025-09-18 21:00:00+00:00,53.3,81.0,1023.8,24.7,6.8,2025-09-18,21,3
2025-09-18 22:00:00+00:00,16.0,80.7,1024.1,24.4,5.4,2025-09-18,22,3
2025-09-18 23:00:00+00:00,1.7,80.3,1024.0,24.1,6.8,2025-09-18,23,3
2025-09-19 00:00:00+00:00,353.6,80.0,1023.6,23.7,6.5,2025-09-19,0,4
2025-09-19 01:00:00+00:00,342.5,81.0,1023.4,23.3,4.7,2025-09-19,1,4
2025-09-19 02:00:00+00:00,308.1,83.0,1022.8,22.7,4.0,2025-09-19,2,4
2025-09-19 03:00:00+00:00,305.5,86.0,1022.6,22.2,4.3,2025-09-19,3,4
2025-09-19 04:00:00+00:00,314.5,87.0,1022.4,21.9,5.8,2025-09-19,4,4
2025-09-19 05:00:00+00:00,315.0,88.0,1022.6,21.4,6.1,2025-09-19,5,4
2025-09-19 06:00:00+00:00,311.0,84.0,1023.1,21.2,5.8,2025-09-19,6,4
2025-09-19 07:00:00+00:00,318.9,80.0,1023.5,22.5,6.1,2025-09-19,7,4
2025-09-19 08:00:00+00:00,9.5,70.0,1023.8,24.7,5.4,2025-09-19,8,4
2025-09-19 09:00:00+00:00,102.7,68.0,1024.3,26.1,6.8,2025-09-19,9,4
2025-09-19 10:00:00+00:00,103.7,64.0,1024.1,27.1,9.0,2025-09-19,10,4
2025-09-19 11:00:00+00:00,106.1,63.0,1023.8,27.5,10.1,2025-09-19,11,4
2025-09-19 12:00:00+00:00,101.8,60.0,1023.1,28.3,11.2,2025-09-19,12,4
2025-09-19 13:00:00+00:00,102.0,57.0,1022.9,29.0,13.3,2025-09-19,13,4
2025-09-19 14:00:00+00:00,101.2,56.0,1022.1,28.7,14.4,2025-09-19,14,4
2025-09-19 15:00:00+00:00,98.7,58.0,1021.9,28.2,15.1,2025-09-19,15,4
2025-09-19 16:00:00+00:00,97.1,62.0,1022.1,27.4,14.8,2025-09-19,16,4
2025-09-19 17:00:00+00:00,94.0,67.0,1022.4,26.4,12.6,2025-09-19,17,4
2025-09-19 18:00:00+00:00,88.8,73.0,1022.5,25.6,11.2,2025-09-19,18,4
2025-09-19 19:00:00+00:00,86.1,74.0,1022.9,25.2,9.7,2025-09-19,19,4
2025-09-19 20:00:00+00:00,79.6,75.0,1023.6,25.0,7.9,2025-09-19,20,4
2025-09-19 21:00:00+00:00,57.1,76.0,1023.4,24.8,5.8,2025-09-19,21,4
2025-09-19 22:00:00+00:00,38.7,79.0,1023.2,24.3,6.5,2025-09-19,22,4
2025-09-19 23:00:00+00:00,28.6,80.0,1023.1,23.9,6.7,2025-09-19,23,4
2025-09-20 00:00:00+00:00,350.0,82.0,1022.9,23.3,7.0,2025-09-20,0,5
2025-09-20 01:00:00+00:00,322.8,85.0,1022.8,22.5,7.2,2025-09-20,1,5
2025-09-20 02:00:00+00:00,313.6,86.0,1022.1,22.0,7.9,2025-09-20,2,5
2025-09-20 03:00:00+00:00,310.0,87.0,1021.5,21.5,8.3,2025-09-20,3,5
2025-09-20 04:00:00+00:00,305.1,89.0,1021.2,20.9,7.2,2025-09-20,4,5
2025-09-20 05:00:00+00:00,298.7,90.0,1020.9,20.4,9.0,2025-09-20,5,5
2025-09-20 06:00:00+00:00,304.0,88.0,1021.0,20.3,8.3,2025-09-20,6,5
2025-09-20 07:00:00+00:00,294.7,80.0,1020.9,21.2,7.4,2025-09-20,7,5
2025-09-20 08:00:00+00:00,287.0,67.0,1021.0,23.9,6.5,2025-09-20,8,5
2025-09-20 09:00:00+00:00,205.1,62.0,1020.8,25.8,4.0,2025-09-20,9,5
2025-09-20 10:00:00+00:00,154.9,57.0,1020.7,27.2,6.8,2025-09-20,10,5
2025-09-20 11:00:00+00:00,134.5,52.0,1020.1,28.2,9.4,2025-09-20,11,5
2025-09-20 12:00:00+00:00,122.2,54.0,1019.4,28.3,12.6,2025-09-20,12,5
2025-09-20 13:00:00+00:00,111.1,53.0,1018.5,29.0,16.2,2025-09-20,13,5
2025-09-20 14:00:00+00:00,106.8,59.0,1017.9,28.1,17.6,2025-09-20,14,5
2025-09-20 15:00:00+00:00,102.0,61.0,1017.5,27.8,15.8,2025-09-20,15,5
2025-09-20 16:00:00+00:00,107.7,64.0,1016.9,27.2,13.7,2025-09-20,16,5
2025-09-20 17:00:00+00:00,119.1,70.0,1016.8,26.0,13.0,2025-09-20,17,5
2025-09-20 18:00:00+00:00,123.3,74.0,1016.6,25.4,12.2,2025-09-20,18,5
2025-09-20 19:00:00+00:00,113.3,79.0,1017.2,24.9,9.0,2025-09-20,19,5
2025-09-20 20:00:00+00:00,106.6,78.0,1017.3,24.8,8.6,2025-09-20,20,5
2025-09-20 21:00:00+00:00,101.9,79.0,1017.2,24.8,7.6,2025-09-20,21,5
2025-09-20 22:00:00+00:00,37.1,80.0,1017.1,24.5,6.1,2025-09-20,22,5
2025-09-20 23:00:00+00:00,301.0,81.0,1016.6,24.1,5.0,2025-09-20,23,5
2025-09-21 00:00:00+00:00,337.0,83.0,1015.8,23.8,5.8,2025-09-21,0,6
2025-09-21 01:00:00+00:00,320.0,84.0,1015.1,23.6,6.8,2025-09-21,1,6
2025-09-21 02:00:00+00:00,303.7,86.0,1014.5,23.0,5.4,2025-09-21,2,6
2025-09-21 03:00:00+00:00,311.0,88.0,1013.8,22.8,6.8,2025-09-21,3,6
2025-09-21 04:00:00+00:00,303.6,89.0,1013.5,22.4,7.0,2025-09-21,4,6
2025-09-21 05:00:00+00:00,308.2,89.5,1013.6,22.0,7.2,2025-09-21,5,6
2025-09-21 06:00:00+00:00,311.7,90.0,1013.5,21.6,6.8,2025-09-21,6,6
2025-09-21 07:00:00+00:00,297.7,82.0,1013.4,22.5,6.1,2025-09-21,7,6
2025-09-21 08:00:00+00:00,315.3,70.0,1013.6,24.7,4.0,2025-09-21,8,6
2025-09-21 09:00:00+00:00,180.6,63.0,1013.7,26.4,4.3,2025-09-21,9,6
2025-09-21 10:00:00+00:00,141.7,57.0,1013.1,27.6,6.1,2025-09-21,10,6
2025-09-21 11:00:00+00:00,129.3,60.0,1012.6,26.8,9.0,2025-09-21,11,6
2025-09-21 12:00:00+00:00,147.4,61.0,1012.2,26.9,14.0,2025-09-21,12,6
2025-09-21 13:00:00+00:00,130.2,57.0,1011.5,28.6,13.7,2025-09-21,13,6
2025-09-21 14:00:00+00:00,134.3,60.0,1010.8,28.0,16.9,2025-09-21,14,6
2025-09-21 15:00:00+00:00,143.0,56.0,1010.0,28.4,14.4,2025-09-21,15,6
2025-09-21 16:00:00+00:00,88.2,57.0,1009.2,27.7,14.0,2025-09-21,16,6
2025-09-21 17:00:00+00:00,66.2,64.0,1009.3,27.0,13.7,2025-09-21,17,6
2025-09-21 18:00:00+00:00,52.1,71.0,1009.5,25.7,14.0,2025-09-21,18,6
2025-09-21 19:00:00+00:00,203.5,48.0,1009.2,28.0,24.8,2025-09-21,19,6
2025-09-21 20:00:00+00:00,48.2,72.0,1011.3,23.1,35.3,2025-09-21,20,6
2025-09-21 21:00:00+00:00,55.3,67.0,1012.4,22.8,37.4,2025-09-21,21,6
2025-09-21 22:00:00+00:00,51.3,60.0,1013.0,22.5,33.5,2025-09-21,22,6
2025-09-21 23:00:00+00:00,43.2,61.0,1013.2,21.8,26.3,2025-09-21,23,6
2025-09-22 00:00:00+00:00,338.5,66.0,1013.3,20.8,19.8,2025-09-22,0,0
2025-09-22 01:00:00+00:00,294.3,72.0,1013.2,20.2,14.0,2025-09-22,1,0
2025-09-22 02:00:00+00:00,315.4,67.0,1013.2,19.9,15.5,2025-09-22,2,0
2025-09-22 03:00:00+00:00,323.1,62.0,1013.3,19.5,15.8,2025-09-22,3,0
2025-09-22 04:00:00+00:00,308.9,54.0,1013.8,19.0,15.5,2025-09-22,4,0
2025-09-22 05:00:00+00:00,292.9,56.5,1013.9,18.0,13.0,2025-09-22,5,0
2025-09-22 06:00:00+00:00,284.0,59.0,1014.5,16.9,10.4,2025-09-22,6,0
2025-09-22 07:00:00+00:00,260.1,55.0,1015.3,17.8,9.4,2025-09-22,7,0
2025-09-22 08:00:00+00:00,259.6,44.0,1015.7,19.5,9.0,2025-09-22,8,0
2025-09-22 09:00:00+00:00,252.4,36.0,1015.8,21.3,5.4,2025-09-22,9,0
2025-09-22 10:00:00+00:00,189.9,30.0,1015.6,23.0,6.8,2025-09-22,10,0
2025-09-22 11:00:00+00:00,165.7,28.0,1015.1,24.1,10.8,2025-09-22,11,0
2025-09-22 12:00:00+00:00,135.0,29.0,1014.5,25.0,16.9,2025-09-22,12,0
2025-09-22 13:00:00+00:00,115.9,30.0,1014.6,24.8,19.1,2025-09-22,13,0
2025-09-22 14:00:00+00:00,102.2,32.0,1014.2,24.6,21.2,2025-09-22,14,0
2025-09-22 15:00:00+00:00,95.6,35.0,1013.7,24.2,23.8,2025-09-22,15,0
2025-09-22 16:00:00+00:00,97.6,35.5,1013.5,23.6,20.9,2025-09-22,16,0
2025-09-22 17:00:00+00:00,105.2,36.0,1013.8,23.0,18.7,2025-09-22,17,0
2025-09-22 18:00:00+00:00,116.4,42.0,1014.3,22.2,15.8,2025-09-22,18,0
2025-09-22 19:00:00+00:00,102.7,45.0,1015.3,21.9,13.3,2025-09-22,19,0
2025-09-22 20:00:00+00:00,104.7,48.0,1015.9,21.5,10.4,2025-09-22,20,0
2025-09-22 21:00:00+00:00,57.1,50.0,1016.1,21.1,9.7,2025-09-22,21,0
2025-09-22 22:00:00+00:00,16.2,51.0,1016.4,20.4,8.6,2025-09-22,22,0
2025-09-22 23:00:00+00:00,350.9,53.0,1016.2,19.5,10.1,2025-09-22,23,0
2025-09-23 00:00:00+00:00,344.6,52.0,1016.1,18.9,12.6,2025-09-23,0,1
2025-09-23 01:00:00+00:00,344.4,51.0,1016.2,18.0,16.6,2025-09-23,1,1
2025-09-23 02:00:00+00:00,320.1,53.0,1015.8,17.2,15.1,2025-09-23,2,1
2025-09-23 03:00:00+00:00,303.9,56.0,1015.5,16.6,11.2,2025-09-23,3,1
2025-09-23 04:00:00+00:00,292.7,58.0,1015.4,16.0,8.6,2025-09-23,4,1
2025-09-23 05:00:00+00:00,287.1,60.0,1015.5,15.4,8.3,2025-09-23,5,1
2025-09-23 06:00:00+00:00,287.7,62.0,1016.1,15.0,8.6,2025-09-23,6,1
2025-09-23 07:00:00+00:00,299.3,52.0,1016.7,17.0,10.4,2025-09-23,7,1
2025-09-23 08:00:00+00:00,304.7,43.0,1016.9,19.2,8.4,2025-09-23,8,1
2025-09-23 09:00:00+00:00,279.3,34.0,1017.3,21.6,6.5,2025-09-23,9,1
2025-09-23 10:00:00+00:00,213.5,32.0,1017.2,23.5,7.9,2025-09-23,10,1
2025-09-23 11:00:00+00:00,181.9,30.0,1016.8,24.7,8.6,2025-09-23,11,1
2025-09-23 12:00:00+00:00,148.6,27.0,1016.4,25.4,14.8,2025-09-23,12,1
2025-09-23 13:00:00+00:00,118.9,30.5,1016.3,25.5,17.3,2025-09-23,13,1
2025-09-23 14:00:00+00:00,113.7,34.0,1015.8,24.6,19.8,2025-09-23,14,1
2025-09-23 15:00:00+00:00,117.4,43.0,1015.6,23.4,18.7,2025-09-23,15,1
2025-09-23 16:00:00+00:00,117.9,44.0,1015.4,23.2,19.4,2025-09-23,16,1
2025-09-23 17:00:00+00:00,116.2,47.0,1015.5,22.4,16.9,2025-09-23,17,1
2025-09-23 18:00:00+00:00,112.6,50.0,1016.3,21.7,13.0,2025-09-23,18,1
2025-09-23 19:00:00+00:00,84.3,52.0,1017.3,21.5,11.2,2025-09-23,19,1
2025-09-23 20:00:00+00:00,63.2,55.0,1018.0,21.0,10.4,2025-09-23,20,1
2025-09-23 21:00:00+00:00,327.1,55.5,1018.9,20.3,9.7,2025-09-23,21,1
2025-09-23 22:00:00+00:00,303.6,56.0,1019.4,19.7,13.0,2025-09-23,22,1
2025-09-23 23:00:00+00:00,314.7,39.0,1019.7,19.4,20.5,2025-09-23,23,1
2025-09-24 00:00:00+00:00,327.8,30.0,1019.5,19.1,19.1,2025-09-24,0,2
2025-09-24 01:00:00+00:00,317.3,34.0,1019.8,18.3,18.0,2025-09-24,1,2
2025-09-24 02:00:00+00:00,306.1,36.0,1019.3,17.5,15.8,2025-09-24,2,2
2025-09-24 03:00:00+00:00,301.0,37.0,1019.1,16.8,14.0,2025-09-24,3,2
2025-09-24 04:00:00+00:00,303.7,38.0,1018.7,16.4,13.3,2025-09-24,4,2
2025-09-24 05:00:00+00:00,301.9,39.0,1018.9,16.1,13.0,2025-09-24,5,2
2025-09-24 06:00:00+00:00,309.0,41.0,1019.3,15.6,11.9,2025-09-24,6,2
2025-09-24 07:00:00+00:00,315.2,40.0,1020.2,15.9,14.4,2025-09-24,7,2
2025-09-24 08:00:00+00:00,308.0,33.0,1020.5,17.8,13.3,2025-09-24,8,2
2025-09-24 09:00:00+00:00,284.2,26.0,1020.4,20.2,9.4,2025-09-24,9,2
2025-09-24 10:00:00+00:00,245.0,24.0,1020.2,22.5,10.1,2025-09-24,10,2
2025-09-24 11:00:00+00:00,198.6,28.0,1019.6,23.9,10.8,2025-09-24,11,2
2025-09-24 12:00:00+00:00,168.2,29.0,1018.8,24.8,14.8,2025-09-24,12,2
2025-09-24 13:00:00+00:00,136.2,30.0,1018.1,25.0,17.6,2025-09-24,13,2
2025-09-24 14:00:00+00:00,123.8,39.0,1017.4,24.0,22.0,2025-09-24,14,2
2025-09-24 15:00:00+00:00,112.1,44.0,1017.3,22.7,24.5,2025-09-24,15,2
2025-09-24 16:00:00+00:00,108.9,48.0,1017.4,22.6,25.2,2025-09-24,16,2
2025-09-24 17:00:00+00:00,105.7,53.0,1017.8,21.5,19.4,2025-09-24,17,2
2025-09-24 18:00:00+00:00,98.2,54.0,1018.0,21.3,16.6,2025-09-24,18,2
2025-09-24 19:00:00+00:00,98.8,57.0,1018.9,21.2,14.4,2025-09-24,19,2
2025-09-24 20:00:00+00:00,87.2,58.0,1019.4,21.0,14.0,2025-09-24,20,2
2025-09-24 21:00:00+00:00,86.5,60.0,1019.8,20.6,13.3,2025-09-24,21,2
2025-09-24 22:00:00+00:00,63.9,62.0,1020.1,20.1,12.2,2025-09-24,22,2
2025-09-24 23:00:00+00:00,349.1,64.0,1020.0,19.6,9.4,2025-09-24,23,2
2025-09-25 00:00:00+00:00,325.3,62.5,1020.0,18.9,9.0,2025-09-25,0,3
2025-09-25 01:00:00+00:00,331.8,61.0,1019.5,18.8,10.8,2025-09-25,1,3
2025-09-25 02:00:00+00:00,329.0,60.0,1018.9,18.6,10.1,2025-09-25,2,3
2025-09-25 03:00:00+00:00,328.3,59.5,1018.8,18.7,10.2,2025-09-25,3,3
2025-09-25 04:00:00+00:00,323.7,59.0,1018.7,18.9,10.4,2025-09-25,4,3
2025-09-25 05:00:00+00:00,326.0,59.5,1018.4,19.1,10.8,2025-09-25,5,3
2025-09-25 06:00:00+00:00,327.0,60.0,1018.7,19.0,11.5,2025-09-25,6,3
2025-09-25 07:00:00+00:00,325.4,56.0,1019.3,19.3,12.2,2025-09-25,7,3
2025-09-25 08:00:00+00:00,349.7,51.0,1019.4,20.9,13.3,2025-09-25,8,3
2025-09-25 09:00:00+00:00,40.0,48.0,1019.5,22.3,12.2,2025-09-25,9,3
2025-09-25 10:00:00+00:00,113.2,44.0,1019.4,23.5,10.1,2025-09-25,10,3
2025-09-25 11:00:00+00:00,153.9,41.0,1018.8,24.7,8.6,2025-09-25,11,3
2025-09-25 12:00:00+00:00,140.0,42.0,1018.2,24.5,11.9,2025-09-25,12,3
2025-09-25 13:00:00+00:00,124.5,45.0,1017.9,24.6,16.2,2025-09-25,13,3
2025-09-25 14:00:00+00:00,127.6,47.0,1016.9,24.3,14.0,2025-09-25,14,3
2025-09-25 15:00:00+00:00,126.3,45.0,1016.2,24.8,18.4,2025-09-25,15,3
2025-09-25 16:00:00+00:00,126.7,46.0,1016.1,24.1,23.4,2025-09-25,16,3
2025-09-25 17:00:00+00:00,121.6,50.0,1016.6,23.0,19.4,2025-09-25,17,3
2025-09-25 18:00:00+00:00,116.7,52.0,1017.1,22.6,17.6,2025-09-25,18,3
2025-09-25 19:00:00+00:00,119.8,57.0,1018.1,22.2,14.8,2025-09-25,19,3
2025-09-25 20:00:00+00:00,119.4,57.5,1018.6,22.0,16.2,2025-09-25,20,3
2025-09-25 21:00:00+00:00,112.2,58.0,1019.1,21.9,14.4,2025-09-25,21,3
2025-09-25 22:00:00+00:00,73.5,61.0,1019.4,21.5,13.7,2025-09-25,22,3
2025-09-25 23:00:00+00:00,42.1,68.0,1019.3,20.4,12.6,2025-09-25,23,3
2025-09-26 00:00:00+00:00,19.0,73.0,1019.0,19.4,10.8,2025-09-26,0,4
2025-09-26 01:00:00+00:00,12.0,77.0,1019.2,18.9,11.4,2025-09-26,1,4
2025-09-26 02:00:00+00:00,14.9,79.0,1018.6,18.6,11.9,2025-09-26,2,4
2025-09-26 03:00:00+00:00,7.3,80.0,1018.3,18.2,13.0,2025-09-26,3,4
2025-09-26 04:00:00+00:00,333.7,82.0,1018.4,17.5,10.8,2025-09-26,4,4
2025-09-26 05:00:00+00:00,313.9,84.0,1018.4,16.7,9.4,2025-09-26,5,4
2025-09-26 06:00:00+00:00,301.0,85.0,1018.8,16.1,9.7,2025-09-26,6,4
2025-09-26 07:00:00+00:00,294.0,76.0,1018.9,17.1,9.0,2025-09-26,7,4
2025-09-26 08:00:00+00:00,297.4,64.0,1019.1,19.9,7.2,2025-09-26,8,4
2025-09-26 09:00:00+00:00,289.4,59.0,1019.3,22.1,4.3,2025-09-26,9,4
2025-09-26 10:00:00+00:00,140.9,53.0,1019.2,23.6,6.1,2025-09-26,10,4
2025-09-26 11:00:00+00:00,122.2,49.0,1018.7,24.9,7.9,2025-09-26,11,4
2025-09-26 12:00:00+00:00,118.5,47.0,1017.9,25.7,11.5,2025-09-26,12,4
2025-09-26 13:00:00+00:00,124.9,49.5,1017.6,25.9,15.1,2025-09-26,13,4
2025-09-26 14:00:00+00:00,118.4,52.0,1016.7,25.0,18.0,2025-09-26,14,4
2025-09-26 15:00:00+00:00,117.8,53.0,1016.1,24.9,21.2,2025-09-26,15,4
2025-09-26 16:00:00+00:00,115.6,58.0,1016.0,24.4,23.4,2025-09-26,16,4
2025-09-26 17:00:00+00:00,105.5,61.0,1016.2,23.9,24.1,2025-09-26,17,4
2025-09-26 18:00:00+00:00,89.2,64.0,1016.6,23.5,19.1,2025-09-26,18,4
2025-09-26 19:00:00+00:00,53.0,65.0,1017.0,23.2,13.0,2025-09-26,19,4
2025-09-26 20:00:00+00:00,47.3,68.0,1017.5,23.0,11.5,2025-09-26,20,4
2025-09-26 21:00:00+00:00,22.1,69.0,1018.0,22.4,11.2,2025-09-26,21,4
2025-09-26 22:00:00+00:00,6.1,71.0,1018.1,21.5,11.9,2025-09-26,22,4
2025-09-26 23:00:00+00:00,339.4,72.0,1018.3,20.6,12.2,2025-09-26,23,4
2025-09-27 00:00:00+00:00,315.9,75.0,1018.1,19.8,15.5,2025-09-27,0,5
2025-09-27 01:00:00+00:00,302.0,77.0,1018.3,19.3,13.2,2025-09-27,1,5
2025-09-27 02:00:00+00:00,302.5,78.0,1017.9,18.8,10.8,2025-09-27,2,5
2025-09-27 03:00:00+00:00,294.3,79.0,1017.7,18.3,10.4,2025-09-27,3,5
2025-09-27 04:00:00+00:00,290.9,80.0,1017.6,17.6,9.7,2025-09-27,4,5
2025-09-27 05:00:00+00:00,290.0,81.0,1017.8,17.0,10.1,2025-09-27,5,5
2025-09-27 06:00:00+00:00,289.0,76.5,1018.2,16.6,9.0,2025-09-27,6,5
2025-09-27 07:00:00+00:00,284.9,72.0,1018.6,17.4,9.7,2025-09-27,7,5
2025-09-27 08:00:00+00:00,277.7,60.0,1018.9,20.1,9.0,2025-09-27,8,5
2025-09-27 09:00:00+00:00,248.3,48.0,1019.2,23.1,6.1,2025-09-27,9,5
2025-09-27 10:00:00+00:00,172.4,41.0,1019.1,25.3,5.0,2025-09-27,10,5
2025-09-27 11:00:00+00:00,141.4,34.0,1018.3,27.2,10.4,2025-09-27,11,5
2025-09-27 12:00:00+00:00,133.5,31.0,1017.8,28.2,16.2,2025-09-27,12,5
2025-09-27 13:00:00+00:00,132.9,38.0,1017.2,28.1,21.6,2025-09-27,13,5
2025-09-27 14:00:00+00:00,123.2,46.0,1016.1,27.3,23.0,2025-09-27,14,5
2025-09-27 15:00:00+00:00,122.4,52.0,1015.6,26.6,22.3,2025-09-27,15,5
2025-09-27 16:00:00+00:00,126.0,54.5,1015.2,26.8,21.6,2025-09-27,16,5
2025-09-27 17:00:00+00:00,122.7,57.0,1015.1,26.5,21.8,2025-09-27,17,5
2025-09-27 18:00:00+00:00,85.8,66.0,1015.4,25.5,22.0,2025-09-27,18,5
2025-09-27 19:00:00+00:00,14.4,66.5,1016.0,23.9,16.9,2025-09-27,19,5
2025-09-27 20:00:00+00:00,21.9,67.0,1016.1,23.3,20.5,2025-09-27,20,5
2025-09-27 21:00:00+00:00,7.2,66.0,1016.4,23.2,17.6,2025-09-27,21,5
2025-09-27 22:00:00+00:00,334.2,65.0,1016.5,22.9,15.1,2025-09-27,22,5
2025-09-27 23:00:00+00:00,350.9,70.0,1016.2,21.8,10.1,2025-09-27,23,5
2025-09-28 00:00:00+00:00,338.3,72.0,1015.9,21.4,7.9,2025-09-28,0,6
2025-09-28 01:00:00+00:00,323.4,74.0,1015.6,20.8,6.1,2025-09-28,1,6
2025-09-28 02:00:00+00:00,318.0,73.0,1015.3,20.4,5.4,2025-09-28,2,6
2025-09-28 03:00:00+00:00,290.6,72.0,1015.0,20.5,2.9,2025-09-28,3,6
2025-09-28 04:00:00+00:00,280.6,69.0,1014.8,20.6,3.2,2025-09-28,4,6
2025-09-28 05:00:00+00:00,56.1,68.0,1014.5,20.7,2.9,2025-09-28,5,6
2025-09-28 06:00:00+00:00,318.2,69.0,1014.7,20.8,5.2,2025-09-28,6,6
2025-09-28 07:00:00+00:00,345.3,62.0,1014.9,20.8,7.6,2025-09-28,7,6
2025-09-28 08:00:00+00:00,20.9,56.0,1015.0,23.2,6.5,2025-09-28,8,6
2025-09-28 09:00:00+00:00,70.5,55.0,1015.1,24.9,7.9,2025-09-28,9,6
2025-09-28 10:00:00+00:00,83.9,53.0,1015.0,26.2,12.2,2025-09-28,10,6
2025-09-28 11:00:00+00:00,90.9,51.0,1014.5,27.0,14.0,2025-09-28,11,6
2025-09-28 12:00:00+00:00,93.8,53.5,1013.9,27.3,15.5,2025-09-28,12,6
2025-09-28 13:00:00+00:00,90.7,56.0,1013.6,27.0,15.1,2025-09-28,13,6
2025-09-28 14:00:00+00:00,77.8,58.0,1013.0,26.9,15.8,2025-09-28,14,6
2025-09-28 15:00:00+00:00,68.5,59.0,1012.7,26.2,16.2,2025-09-28,15,6
2025-09-28 16:00:00+00:00,59.3,60.0,1012.8,25.7,15.8,2025-09-28,16,6
2025-09-28 17:00:00+00:00,67.1,64.0,1013.1,25.1,16.9,2025-09-28,17,6
2025-09-28 18:00:00+00:00,59.6,67.0,1013.4,24.5,16.6,2025-09-28,18,6
2025-09-28 19:00:00+00:00,38.7,74.0,1013.9,23.1,20.9,2025-09-28,19,6
2025-09-28 20:00:00+00:00,37.7,77.0,1014.5,22.4,24.5,2025-09-28,20,6
2025-09-28 21:00:00+00:00,30.4,80.0,1014.9,21.8,24.6,2025-09-28,21,6
2025-09-28 22:00:00+00:00,35.3,83.0,1015.6,20.5,24.8,2025-09-28,22,6
2025-09-28 23:00:00+00:00,44.9,84.0,1015.8,20.2,26.3,2025-09-28,23,6
2025-09-29 00:00:00+00:00,32.7,83.7,1015.4,19.8,26.8,2025-09-29,0,0
2025-09-29 01:00:00+00:00,30.7,83.3,1015.6,19.2,27.4,2025-09-29,1,0
2025-09-29 02:00:00+00:00,35.7,83.0,1015.2,19.4,28.8,2025-09-29,2,0
2025-09-29 03:00:00+00:00,39.6,89.0,1014.8,18.6,26.3,2025-09-29,3,0
2025-09-29 04:00:00+00:00,27.9,90.0,1014.9,18.1,31.7,2025-09-29,4,0
2025-09-29 05:00:00+00:00,30.3,93.0,1014.3,17.9,29.2,2025-09-29,5,0
2025-09-29 06:00:00+00:00,33.5,94.0,1014.6,18.1,29.9,2025-09-29,6,0
2025-09-29 07:00:00+00:00,30.8,90.0,1015.0,18.2,35.3,2025-09-29,7,0
2025-09-29 08:00:00+00:00,27.5,87.0,1015.2,18.0,38.9,2025-09-29,8,0
2025-09-29 09:00:00+00:00,34.9,93.0,1015.3,17.8,37.1,2025-09-29,9,0
2025-09-29 10:00:00+00:00,48.0,92.0,1015.4,18.7,41.0,2025-09-29,10,0
2025-09-29 11:00:00+00:00,46.3,93.0,1015.4,18.3,38.2,2025-09-29,11,0
2025-09-29 12:00:00+00:00,47.6,94.0,1015.5,18.4,36.4,2025-09-29,12,0
2025-09-29 13:00:00+00:00,54.5,93.0,1015.3,19.3,28.1,2025-09-29,13,0
2025-09-29 14:00:00+00:00,57.1,94.0,1015.4,19.0,30.2,2025-09-29,14,0
2025-09-29 15:00:00+00:00,48.8,93.0,1015.2,18.2,25.6,2025-09-29,15,0
2025-09-29 16:00:00+00:00,42.7,92.0,1015.5,18.3,27.7,2025-09-29,16,0
2025-09-29 17:00:00+00:00,48.9,93.0,1015.6,18.6,28.8,2025-09-29,17,0
2025-09-29 18:00:00+00:00,58.4,92.0,1015.8,19.2,26.6,2025-09-29,18,0
2025-09-29 19:00:00+00:00,44.5,94.0,1017.3,18.0,23.4,2025-09-29,19,0
2025-09-29 20:00:00+00:00,31.1,93.0,1017.9,17.8,21.6,2025-09-29,20,0
2025-09-29 21:00:00+00:00,21.0,90.0,1018.0,17.0,22.0,2025-09-29,21,0
2025-09-29 22:00:00+00:00,32.3,88.0,1018.2,17.1,23.4,2025-09-29,22,0
2025-09-29 23:00:00+00:00,14.1,87.5,1018.4,17.3,24.1,2025-09-29,23,0
2025-09-30 00:00:00+00:00,5.5,87.0,1018.3,17.5,24.5,2025-09-30,0,1
2025-09-30 01:00:00+00:00,4.8,83.0,1018.2,17.6,16.9,2025-09-30,1,1
2025-09-30 02:00:00+00:00,20.5,87.0,1017.7,17.8,16.6,2025-09-30,2,1
2025-09-30 03:00:00+00:00,20.7,88.0,1017.4,17.9,17.3,2025-09-30,3,1
2025-09-30 04:00:00+00:00,19.7,87.5,1017.7,18.0,16.6,2025-09-30,4,1
2025-09-30 05:00:00+00:00,9.4,87.0,1018.0,17.7,18.0,2025-09-30,5,1
2025-09-30 06:00:00+00:00,13.3,91.0,1018.2,17.8,19.4,2025-09-30,6,1
2025-09-30 07:00:00+00:00,11.4,82.0,1018.9,18.8,25.6,2025-09-30,7,1
2025-09-30 08:00:00+00:00,21.4,80.0,1019.3,19.8,22.7,2025-09-30,8,1
2025-09-30 09:00:00+00:00,29.2,76.0,1019.9,20.5,25.9,2025-09-30,9,1
2025-09-30 10:00:00+00:00,43.2,75.0,1019.8,21.0,32.0,2025-09-30,10,1
2025-09-30 11:00:00+00:00,45.2,69.0,1019.8,21.7,29.9,2025-09-30,11,1
2025-09-30 12:00:00+00:00,48.6,68.0,1019.7,21.9,28.8,2025-09-30,12,1
2025-09-30 13:00:00+00:00,56.4,61.0,1020.0,22.7,22.3,2025-09-30,13,1
2025-09-30 14:00:00+00:00,52.0,63.0,1019.8,22.8,22.0,2025-09-30,14,1
2025-09-30 15:00:00+00:00,52.5,64.0,1019.5,22.8,19.8,2025-09-30,15,1
2025-09-30 16:00:00+00:00,49.5,67.0,1019.7,22.5,18.4,2025-09-30,16,1
2025-09-30 17:00:00+00:00,41.4,70.0,1019.9,21.7,15.8,2025-09-30,17,1
2025-09-30 18:00:00+00:00,14.5,77.0,1020.1,20.5,13.0,2025-09-30,18,1
2025-09-30 19:00:00+00:00,351.4,80.0,1020.7,19.9,11.9,2025-09-30,19,1
2025-09-30 20:00:00+00:00,344.2,81.0,1021.1,19.4,9.7,2025-09-30,20,1
2025-09-30 21:00:00+00:00,329.1,82.0,1021.4,18.9,8.6,2025-09-30,21,1
2025-09-30 22:00:00+00:00,317.2,83.0,1021.3,18.2,9.4,2025-09-30,22,1
2025-09-30 23:00:00+00:00,311.4,86.0,1021.2,17.6,10.1,2025-09-30,23,1
2025-10-01 00:00:00+00:00,308.6,87.0,1021.0,17.1,9.8,2025-10-01,0,2
2025-10-01 01:00:00+00:00,294.9,88.0,1020.9,16.6,9.4,2025-10-01,1,2
2025-10-01 02:00:00+00:00,295.1,87.5,1020.7,16.2,10.1,2025-10-01,2,2
2025-10-01 03:00:00+00:00,298.6,87.0,1020.4,16.0,10.8,2025-10-01,3,2
2025-10-01 04:00:00+00:00,299.1,86.0,1020.3,15.8,10.1,2025-10-01,4,2
2025-10-01 05:00:00+00:00,293.7,85.0,1020.7,15.7,9.7,2025-10-01,5,2
2025-10-01 06:00:00+00:00,292.7,83.5,1020.8,15.6,9.4,2025-10-01,6,2
2025-10-01 07:00:00+00:00,289.9,82.0,1021.2,16.3,9.7,2025-10-01,7,2
2025-10-01 08:00:00+00:00,277.3,79.0,1021.2,18.6,8.6,2025-10-01,8,2
2025-10-01 09:00:00+00:00,260.9,69.0,1021.3,21.2,7.2,2025-10-01,9,2
2025-10-01 10:00:00+00:00,227.1,60.0,1021.4,23.0,7.6,2025-10-01,10,2
2025-10-01 11:00:00+00:00,194.0,60.3,1021.3,23.9,8.3,2025-10-01,11,2
2025-10-01 12:00:00+00:00,173.8,60.7,1020.7,24.6,10.4,2025-10-01,12,2
2025-10-01 13:00:00+00:00,158.5,61.0,1020.3,24.8,11.5,2025-10-01,13,2
2025-10-01 14:00:00+00:00,143.2,62.0,1019.6,24.5,13.3,2025-10-01,14,2
2025-10-01 15:00:00+00:00,137.0,64.0,1018.8,24.2,18.4,2025-10-01,15,2
2025-10-01 16:00:00+00:00,129.9,69.0,1018.9,23.3,19.1,2025-10-01,16,2
2025-10-01 17:00:00+00:00,114.4,75.0,1019.3,22.3,16.2,2025-10-01,17,2
2025-10-01 18:00:00+00:00,102.3,81.0,1019.7,21.2,15.0,2025-10-01,18,2
2025-10-01 19:00:00+00:00,64.8,85.0,1020.3,20.6,13.7,2025-10-01,19,2
2025-10-01 20:00:00+00:00,39.7,86.0,1020.9,20.2,12.6,2025-10-01,20,2
2025-10-01 21:00:00+00:00,337.8,88.0,1021.3,19.5,7.6,2025-10-01,21,2
2025-10-01 22:00:00+00:00,324.4,91.0,1021.2,18.6,10.1,2025-10-01,22,2
2025-10-01 23:00:00+00:00,327.3,90.5,1021.1,18.1,9.4,2025-10-01,23,2
2025-10-02 00:00:00+00:00,330.2,90.0,1020.8,17.8,9.0,2025-10-02,0,3
2025-10-02 01:00:00+00:00,324.3,91.0,1021.1,17.9,9.2,2025-10-02,1,3
2025-10-02 02:00:00+00:00,322.0,90.0,1020.9,17.6,9.4,2025-10-02,2,3
2025-10-02 03:00:00+00:00,321.2,89.5,1020.6,17.4,9.0,2025-10-02,3,3
2025-10-02 04:00:00+00:00,313.9,89.0,1020.8,17.1,8.6,2025-10-02,4,3
2025-10-02 05:00:00+00:00,313.6,90.0,1021.0,16.7,8.3,2025-10-02,5,3
2025-10-02 06:00:00+00:00,311.3,89.0,1021.3,16.5,8.4,2025-10-02,6,3
2025-10-02 07:00:00+00:00,304.7,88.0,1021.9,17.5,8.6,2025-10-02,7,3
2025-10-02 08:00:00+00:00,294.7,85.0,1022.2,19.6,8.3,2025-10-02,8,3
2025-10-02 09:00:00+00:00,320.1,79.0,1022.3,21.6,5.8,2025-10-02,9,3
2025-10-02 10:00:00+00:00,115.5,74.0,1022.2,22.8,5.0,2025-10-02,10,3
2025-10-02 11:00:00+00:00,150.9,70.0,1022.0,23.7,6.1,2025-10-02,11,3
2025-10-02 12:00:00+00:00,143.5,67.0,1021.4,24.2,6.8,2025-10-02,12,3
2025-10-02 13:00:00+00:00,116.6,68.0,1020.8,24.8,10.4,2025-10-02,13,3
2025-10-02 14:00:00+00:00,97.9,69.0,1020.1,24.2,10.8,2025-10-02,14,3
2025-10-02 15:00:00+00:00,91.6,71.5,1019.8,23.6,13.3,2025-10-02,15,3
2025-10-02 16:00:00+00:00,82.9,74.0,1019.7,23.0,13.0,2025-10-02,16,3
2025-10-02 17:00:00+00:00,58.3,78.0,1019.8,22.6,11.9,2025-10-02,17,3
2025-10-02 18:00:00+00:00,34.4,82.0,1020.3,21.8,8.6,2025-10-02,18,3
2025-10-02 19:00:00+00:00,12.2,85.0,1020.2,21.3,9.7,2025-10-02,19,3
2025-10-02 20:00:00+00:00,349.3,86.0,1020.7,20.7,11.2,2025-10-02,20,3
2025-10-02 21:00:00+00:00,330.1,88.0,1021.3,19.9,13.7,2025-10-02,21,3
2025-10-02 22:00:00+00:00,321.4,88.5,1021.2,19.5,12.2,2025-10-02,22,3
2025-10-02 23:00:00+00:00,312.6,89.0,1021.2,19.1,10.8,2025-10-02,23,3
2025-10-03 00:00:00+00:00,293.1,91.0,1020.9,18.4,9.0,2025-10-03,0,4
2025-10-03 01:00:00+00:00,295.1,90.7,1021.0,18.0,8.8,2025-10-03,1,4
2025-10-03 02:00:00+00:00,287.2,90.3,1020.4,17.7,8.6,2025-10-03,2,4
2025-10-03 03:00:00+00:00,291.2,90.0,1020.5,17.6,9.4,2025-10-03,3,4
2025-10-03 04:00:00+00:00,287.4,89.0,1020.4,17.5,8.6,2025-10-03,4,4
2025-10-03 05:00:00+00:00,273.1,90.0,1019.8,17.0,8.3,2025-10-03,5,4
2025-10-03 06:00:00+00:00,297.5,92.0,1020.5,16.4,6.5,2025-10-03,6,4
2025-10-03 07:00:00+00:00,281.8,89.0,1020.8,17.2,9.0,2025-10-03,7,4
2025-10-03 08:00:00+00:00,279.9,86.0,1021.2,19.3,6.8,2025-10-03,8,4
2025-10-03 09:00:00+00:00,270.9,76.0,1021.5,21.5,4.7,2025-10-03,9,4
2025-10-03 10:00:00+00:00,127.0,73.0,1021.6,22.8,4.0,2025-10-03,10,4
2025-10-03 11:00:00+00:00,111.0,71.0,1021.2,23.5,6.5,2025-10-03,11,4
2025-10-03 12:00:00+00:00,117.1,69.0,1020.9,23.9,7.6,2025-10-03,12,4
2025-10-03 13:00:00+00:00,116.5,68.0,1020.3,24.4,9.0,2025-10-03,13,4
2025-10-03 14:00:00+00:00,113.7,69.0,1019.6,23.9,9.7,2025-10-03,14,4
2025-10-03 15:00:00+00:00,101.6,72.0,1019.4,23.4,10.4,2025-10-03,15,4
2025-10-03 16:00:00+00:00,94.0,76.0,1019.2,22.6,10.1,2025-10-03,16,4
2025-10-03 17:00:00+00:00,81.1,81.0,1019.4,22.1,7.6,2025-10-03,17,4
2025-10-03 18:00:00+00:00,58.4,87.0,1019.9,21.2,5.0,2025-10-03,18,4
2025-10-03 19:00:00+00:00,16.9,89.0,1020.4,21.1,4.7,2025-10-03,19,4
2025-10-03 20:00:00+00:00,339.0,90.5,1020.7,20.7,5.0,2025-10-03,20,4
2025-10-03 21:00:00+00:00,319.1,92.0,1021.1,20.3,9.0,2025-10-03,21,4
2025-10-03 22:00:00+00:00,297.4,91.5,1020.9,19.7,9.4,2025-10-03,22,4
2025-10-03 23:00:00+00:00,290.8,91.0,1020.4,19.1,9.7,2025-10-03,23,4
2025-10-04 00:00:00+00:00,286.3,90.0,1020.0,18.7,8.3,2025-10-04,0,5
2025-10-04 01:00:00+00:00,281.6,89.0,1019.6,18.0,9.0,2025-10-04,1,5
2025-10-04 02:00:00+00:00,276.9,88.0,1019.2,17.6,8.3,2025-10-04,2,5
2025-10-04 03:00:00+00:00,281.5,86.0,1018.8,17.2,7.9,2025-10-04,3,5
2025-10-04 04:00:00+00:00,276.0,85.2,1018.9,16.9,8.6,2025-10-04,4,5
2025-10-04 05:00:00+00:00,264.9,84.5,1019.0,16.5,9.7,2025-10-04,5,5
2025-10-04 06:00:00+00:00,269.7,83.8,1019.0,16.3,10.8,2025-10-04,6,5
2025-10-04 07:00:00+00:00,265.1,83.0,1019.1,17.4,11.5,2025-10-04,7,5
2025-10-04 08:00:00+00:00,256.8,80.0,1019.2,19.4,10.1,2025-10-04,8,5
2025-10-04 09:00:00+00:00,246.6,74.0,1019.1,22.0,9.0,2025-10-04,9,5
2025-10-04 10:00:00+00:00,201.8,66.0,1018.7,24.4,7.6,2025-10-04,10,5
2025-10-04 11:00:00+00:00,174.5,58.0,1018.3,26.1,9.4,2025-10-04,11,5
2025-10-04 12:00:00+00:00,151.3,54.0,1017.7,27.1,11.2,2025-10-04,12,5
2025-10-04 13:00:00+00:00,133.6,57.5,1017.4,27.6,14.8,2025-10-04,13,5
2025-10-04 14:00:00+00:00,127.8,61.0,1016.8,26.8,16.6,2025-10-04,14,5
2025-10-04 15:00:00+00:00,117.8,68.0,1016.3,25.8,15.8,2025-10-04,15,5
2025-10-04 16:00:00+00:00,98.0,72.0,1015.7,25.1,13.7,2025-10-04,16,5
2025-10-04 17:00:00+00:00,67.4,80.0,1015.8,24.1,11.9,2025-10-04,17,5
2025-10-04 18:00:00+00:00,35.4,86.0,1016.0,22.8,10.4,2025-10-04,18,5
2025-10-04 19:00:00+00:00,26.4,88.0,1016.1,22.3,12.6,2025-10-04,19,5
2025-10-04 20:00:00+00:00,353.7,84.0,1016.4,21.5,11.5,2025-10-04,20,5
2025-10-04 21:00:00+00:00,345.3,85.7,1016.6,20.7,13.7,2025-10-04,21,5
2025-10-04 22:00:00+00:00,314.2,87.3,1016.8,20.1,13.3,2025-10-04,22,5
2025-10-04 23:00:00+00:00,289.9,89.0,1016.6,19.3,9.4,2025-10-04,23,5
2025-10-05 00:00:00+00:00,292.6,88.0,1016.7,18.9,8.6,2025-10-05,0,6
2025-10-05 01:00:00+00:00,281.8,87.0,1016.5,18.4,7.6,2025-10-05,1,6
2025-10-05 02:00:00+00:00,300.9,85.0,1016.6,17.8,5.4,2025-10-05,2,6
2025-10-05 03:00:00+00:00,276.4,82.0,1016.8,17.6,5.0,2025-10-05,3,6
2025-10-05 04:00:00+00:00,276.3,80.0,1016.9,17.3,6.3,2025-10-05,4,6
2025-10-05 05:00:00+00:00,281.5,79.0,1017.3,17.0,7.6,2025-10-05,5,6
2025-10-05 06:00:00+00:00,287.7,76.0,1018.0,16.5,8.6,2025-10-05,6,6
2025-10-05 07:00:00+00:00,303.0,78.0,1018.6,17.1,7.6,2025-10-05,7,6
2025-10-05 08:00:00+00:00,343.3,73.0,1019.5,19.7,6.5,2025-10-05,8,6
2025-10-05 09:00:00+00:00,100.7,63.0,1020.4,21.8,12.2,2025-10-05,9,6
2025-10-05 10:00:00+00:00,91.9,64.0,1020.6,22.0,22.7,2025-10-05,10,6
2025-10-05 11:00:00+00:00,64.0,62.0,1020.8,21.5,25.9,2025-10-05,11,6
2025-10-05 12:00:00+00:00,76.0,59.0,1020.9,22.2,22.0,2025-10-05,12,6
2025-10-05 13:00:00+00:00,77.2,54.0,1021.0,22.5,20.9,2025-10-05,13,6
2025-10-05 14:00:00+00:00,84.9,51.0,1020.6,22.9,18.7,2025-10-05,14,6
2025-10-05 15:00:00+00:00,90.4,54.5,1020.8,22.8,18.0,2025-10-05,15,6
2025-10-05 16:00:00+00:00,101.3,58.0,1020.5,22.0,18.7,2025-10-05,16,6
2025-10-05 17:00:00+00:00,95.4,64.0,1020.9,21.3,16.2,2025-10-05,17,6
2025-10-05 18:00:00+00:00,77.3,73.0,1021.4,20.0,14.4,2025-10-05,18,6
2025-10-05 19:00:00+00:00,29.9,83.0,1022.2,19.8,9.0,2025-10-05,19,6
2025-10-05 20:00:00+00:00,13.8,87.0,1023.0,19.6,8.6,2025-10-05,20,6
2025-10-05 21:00:00+00:00,287.8,88.0,1023.4,19.4,7.9,2025-10-05,21,6
2025-10-05 22:00:00+00:00,323.3,90.0,1023.8,18.7,7.6,2025-10-05,22,6
2025-10-05 23:00:00+00:00,336.4,91.0,1023.7,18.1,7.2,2025-10-05,23,6
2025-10-06 00:00:00+00:00,335.5,90.0,1023.6,18.2,6.9,2025-10-06,0,0
2025-10-06 01:00:00+00:00,337.2,94.0,1024.0,18.3,6.5,2025-10-06,1,0
2025-10-06 02:00:00+00:00,306.1,93.0,1023.8,18.2,4.7,2025-10-06,2,0
2025-10-06 03:00:00+00:00,305.8,92.5,1023.6,18.1,5.4,2025-10-06,3,0
2025-10-06 04:00:00+00:00,327.6,92.0,1023.5,18.0,6.5,2025-10-06,4,0
2025-10-06 05:00:00+00:00,352.6,90.0,1023.8,17.9,7.2,2025-10-06,5,0
2025-10-06 06:00:00+00:00,21.2,88.0,1024.2,18.4,9.0,2025-10-06,6,0
2025-10-06 07:00:00+00:00,28.5,86.0,1024.4,18.9,9.7,2025-10-06,7,0
2025-10-06 08:00:00+00:00,52.6,82.0,1025.1,19.5,12.6,2025-10-06,8,0
2025-10-06 09:00:00+00:00,62.7,76.0,1025.5,19.7,12.2,2025-10-06,9,0
2025-10-06 10:00:00+00:00,63.2,70.0,1025.8,20.1,12.6,2025-10-06,10,0
2025-10-06 11:00:00+00:00,46.1,71.0,1025.9,20.0,13.0,2025-10-06,11,0
2025-10-06 12:00:00+00:00,33.1,72.0,1025.6,19.9,11.5,2025-10-06,12,0
2025-10-06 13:00:00+00:00,52.2,73.0,1025.2,20.9,6.5,2025-10-06,13,0
2025-10-06 14:00:00+00:00,51.9,72.0,1024.6,21.4,5.4,2025-10-06,14,0
2025-10-06 15:00:00+00:00,91.9,71.0,1023.7,22.0,6.8,2025-10-06,15,0
2025-10-06 16:00:00+00:00,100.7,73.5,1023.4,21.7,5.8,2025-10-06,16,0
2025-10-06 17:00:00+00:00,58.7,76.0,1023.3,21.4,6.1,2025-10-06,17,0
2025-10-06 18:00:00+00:00,10.1,85.0,1023.2,19.9,9.0,2025-10-06,18,0
2025-10-06 19:00:00+00:00,32.1,87.0,1023.3,19.2,10.8,2025-10-06,19,0
2025-10-06 20:00:00+00:00,349.6,89.0,1023.4,18.6,11.0,2025-10-06,20,0
2025-10-06 21:00:00+00:00,302.3,90.0,1023.5,18.1,11.2,2025-10-06,21,0
2025-10-06 22:00:00+00:00,289.8,91.0,1023.4,17.5,10.4,2025-10-06,22,0
2025-10-06 23:00:00+00:00,291.1,90.8,1023.4,17.0,8.3,2025-10-06,23,0
2025-10-07 00:00:00+00:00,279.8,90.7,1023.2,16.7,6.5,2025-10-07,0,1
2025-10-07 01:00:00+00:00,283.6,90.5,1022.9,16.3,6.8,2025-10-07,1,1
2025-10-07 04:00:00+00:00,297.7,90.0,1022.3,15.8,6.5,2025-10-07,4,1
2025-10-07 05:00:00+00:00,298.3,91.0,1022.4,15.5,5.8,2025-10-07,5,1
2025-10-07 06:00:00+00:00,299.0,92.0,1022.5,15.2,6.1,2025-10-07,6,1
2025-10-07 07:00:00+00:00,314.5,88.0,1022.8,16.2,7.6,2025-10-07,7,1
2025-10-07 08:00:00+00:00,300.9,82.0,1023.3,17.9,5.4,2025-10-07,8,1
2025-10-07 09:00:00+00:00,347.0,79.0,1023.4,19.8,4.0,2025-10-07,9,1
2025-10-07 10:00:00+00:00,104.7,74.0,1023.2,21.3,5.0,2025-10-07,10,1
2025-10-07 11:00:00+00:00,122.0,71.0,1022.9,22.5,6.1,2025-10-07,11,1
2025-10-07 12:00:00+00:00,118.7,68.0,1022.3,23.4,7.9,2025-10-07,12,1
2025-10-07 13:00:00+00:00,112.5,67.0,1021.7,23.8,10.1,2025-10-07,13,1
2025-10-07 14:00:00+00:00,104.7,68.5,1021.1,23.7,12.6,2025-10-07,14,1
2025-10-07 15:00:00+00:00,100.7,70.0,1020.7,22.9,11.5,2025-10-07,15,1
2025-10-07 16:00:00+00:00,79.9,73.0,1020.5,22.3,10.4,2025-10-07,16,1
2025-10-07 17:00:00+00:00,35.7,77.0,1020.7,21.7,7.2,2025-10-07,17,1
2025-10-07 18:00:00+00:00,19.0,84.0,1020.9,20.7,6.1,2025-10-07,18,1
2025-10-07 19:00:00+00:00,353.9,87.0,1021.0,20.5,7.2,2025-10-07,19,1
2025-10-07 20:00:00+00:00,334.2,89.0,1021.2,20.0,7.9,2025-10-07,20,1
2025-10-07 21:00:00+00:00,317.2,91.0,1021.5,19.3,11.5,2025-10-07,21,1
2025-10-07 22:00:00+00:00,315.0,91.5,1021.4,18.8,12.6,2025-10-07,22,1
2025-10-07 23:00:00+00:00,308.1,92.0,1021.2,18.4,10.8,2025-10-07,23,1
2025-10-08 00:00:00+00:00,296.6,93.0,1020.8,18.0,8.3,2025-10-08,0,2
2025-10-08 01:00:00+00:00,293.8,92.8,1020.6,17.8,8.4,2025-10-08,1,2
2025-10-08 02:00:00+00:00,292.7,92.5,1020.4,17.5,8.6,2025-10-08,2,2
2025-10-08 03:00:00+00:00,298.2,92.2,1019.8,17.2,7.2,2025-10-08,3,2
2025-10-08 04:00:00+00:00,291.9,92.0,1019.9,17.0,6.8,2025-10-08,4,2
2025-10-08 05:00:00+00:00,287.9,91.0,1019.8,16.8,6.1,2025-10-08,5,2
2025-10-08 06:00:00+00:00,288.7,90.0,1020.0,16.5,6.8,2025-10-08,6,2
2025-10-08 07:00:00+00:00,293.6,86.0,1020.2,17.3,7.6,2025-10-08,7,2
2025-10-08 08:00:00+00:00,285.7,81.0,1020.4,19.5,6.1,2025-10-08,8,2
2025-10-08 09:00:00+00:00,301.7,73.0,1020.6,21.7,4.3,2025-10-08,9,2
2025-10-08 10:00:00+00:00,93.1,69.0,1020.4,23.0,4.7,2025-10-08,10,2
2025-10-08 11:00:00+00:00,97.0,68.0,1020.1,23.8,7.2,2025-10-08,11,2
2025-10-08 12:00:00+00:00,99.9,69.0,1019.6,23.7,8.3,2025-10-08,12,2
2025-10-08 13:00:00+00:00,95.5,70.0,1019.1,23.9,9.0,2025-10-08,13,2
2025-10-08 14:00:00+00:00,98.3,71.0,1018.6,23.7,9.4,2025-10-08,14,2
2025-10-08 15:00:00+00:00,101.6,73.0,1018.1,23.5,9.7,2025-10-08,15,2
2025-10-08 16:00:00+00:00,95.6,76.0,1018.2,22.7,10.4,2025-10-08,16,2
2025-10-08 17:00:00+00:00,91.9,81.0,1018.2,21.9,8.6,2025-10-08,17,2
2025-10-08 18:00:00+00:00,42.9,86.0,1018.5,21.4,6.8,2025-10-08,18,2
2025-10-08 19:00:00+00:00,11.6,89.0,1018.8,21.0,6.1,2025-10-08,19,2
2025-10-08 20:00:00+00:00,6.6,90.0,1019.1,20.6,7.9,2025-10-08,20,2
2025-10-08 21:00:00+00:00,303.3,88.5,1020.6,19.7,20.5,2025-10-08,21,2
2025-10-08 22:00:00+00:00,352.5,87.0,1019.8,19.5,8.3,2025-10-08,22,2
2025-10-08 23:00:00+00:00,308.7,86.0,1019.6,19.1,10.3,2025-10-08,23,2
2025-10-09 00:00:00+00:00,226.5,91.0,1020.3,18.3,12.4,2025-10-09,0,3
2025-10-09 01:00:00+00:00,269.1,95.0,1019.8,18.6,14.4,2025-10-09,1,3
2025-10-09 02:00:00+00:00,346.8,93.0,1019.3,18.2,6.1,2025-10-09,2,3
2025-10-09 03:00:00+00:00,327.2,94.0,1018.8,18.0,9.0,2025-10-09,3,3
2025-10-09 04:00:00+00:00,303.6,94.5,1018.7,17.7,5.0,2025-10-09,4,3
2025-10-09 05:00:00+00:00,304.5,95.0,1018.6,17.3,6.8,2025-10-09,5,3
2025-10-09 06:00:00+00:00,317.2,94.0,1018.8,16.8,7.6,2025-10-09,6,3
2025-10-09 07:00:00+00:00,43.8,89.0,1020.1,17.6,16.2,2025-10-09,7,3
2025-10-09 08:00:00+00:00,15.3,88.0,1020.3,18.3,14.8,2025-10-09,8,3
2025-10-09 09:00:00+00:00,27.1,86.0,1021.0,18.6,15.8,2025-10-09,9,3
2025-10-09 10:00:00+00:00,11.7,84.0,1020.6,18.7,17.3,2025-10-09,10,3
2025-10-09 11:00:00+00:00,35.2,79.0,1021.1,18.9,15.5,2025-10-09,11,3
2025-10-09 12:00:00+00:00,20.4,84.0,1021.0,18.5,16.6,2025-10-09,12,3
2025-10-09 13:00:00+00:00,56.5,88.0,1020.4,18.4,13.7,2025-10-09,13,3
2025-10-09 14:00:00+00:00,39.3,90.0,1020.2,18.6,12.2,2025-10-09,14,3
2025-10-09 15:00:00+00:00,40.3,88.0,1020.0,18.9,16.2,2025-10-09,15,3
2025-10-09 16:00:00+00:00,52.8,90.0,1020.2,18.7,18.4,2025-10-09,16,3
2025-10-09 17:00:00+00:00,51.4,92.0,1020.3,18.3,16.2,2025-10-09,17,3
2025-10-09 18:00:00+00:00,46.4,94.0,1020.9,17.8,15.5,2025-10-09,18,3
2025-10-09 19:00:00+00:00,22.8,88.0,1021.4,17.7,18.4,2025-10-09,19,3
2025-10-09 20:00:00+00:00,27.5,91.0,1022.1,17.5,15.5,2025-10-09,20,3
2025-10-09 21:00:00+00:00,12.8,90.5,1022.3,17.6,15.8,2025-10-09,21,3
2025-10-09 22:00:00+00:00,14.7,90.0,1022.5,17.7,16.2,2025-10-09,22,3
2025-10-09 23:00:00+00:00,39.4,94.0,1022.4,17.3,18.0,2025-10-09,23,3
2025-10-10 00:00:00+00:00,25.7,95.0,1022.3,17.1,22.3,2025-10-10,0,4
2025-10-10 01:00:00+00:00,3.6,94.0,1023.1,16.6,18.0,2025-10-10,1,4
2025-10-10 02:00:00+00:00,23.3,92.0,1022.8,16.9,21.6,2025-10-10,2,4
2025-10-10 03:00:00+00:00,11.7,93.0,1022.5,17.1,19.1,2025-10-10,3,4
2025-10-10 04:00:00+00:00,21.0,94.0,1022.6,16.6,16.2,2025-10-10,4,4
2025-10-10 05:00:00+00:00,13.0,93.0,1022.6,16.4,17.6,2025-10-10,5,4
2025-10-10 06:00:00+00:00,31.3,94.0,1023.0,16.6,19.1,2025-10-10,6,4
2025-10-10 07:00:00+00:00,16.5,91.0,1023.7,16.4,23.8,2025-10-10,7,4
2025-10-10 08:00:00+00:00,17.3,89.5,1024.5,16.3,23.4,2025-10-10,8,4
2025-10-10 09:00:00+00:00,27.0,88.0,1024.8,16.8,19.4,2025-10-10,9,4
2025-10-10 10:00:00+00:00,18.9,86.0,1024.8,17.5,22.3,2025-10-10,10,4
2025-10-10 11:00:00+00:00,337.7,88.0,1024.9,17.9,18.0,2025-10-10,11,4
2025-10-10 12:00:00+00:00,40.6,83.0,1024.8,18.8,19.4,2025-10-10,12,4
2025-10-10 13:00:00+00:00,57.0,89.0,1024.6,18.6,18.7,2025-10-10,13,4
2025-10-10 14:00:00+00:00,55.3,87.0,1024.3,18.5,23.8,2025-10-10,14,4
2025-10-10 15:00:00+00:00,55.0,81.0,1023.9,20.0,24.8,2025-10-10,15,4
2025-10-10 16:00:00+00:00,51.3,78.0,1024.1,19.8,26.3,2025-10-10,16,4
2025-10-10 17:00:00+00:00,43.7,76.0,1023.9,19.7,26.6,2025-10-10,17,4
2025-10-10 18:00:00+00:00,27.9,75.0,1024.1,19.3,25.6,2025-10-10,18,4
2025-10-10 19:00:00+00:00,9.9,81.0,1024.6,18.5,23.8,2025-10-10,19,4
2025-10-10 20:00:00+00:00,9.1,80.0,1024.5,18.3,24.8,2025-10-10,20,4
2025-10-10 21:00:00+00:00,3.1,80.5,1024.6,18.1,23.6,2025-10-10,21,4
2025-10-10 22:00:00+00:00,6.2,81.0,1025.1,17.7,22.3,2025-10-10,22,4
2025-10-10 23:00:00+00:00,357.8,80.0,1024.4,17.8,20.9,2025-10-10,23,4
2025-10-11 00:00:00+00:00,10.2,79.0,1023.7,17.8,25.2,2025-10-11,0,5
2025-10-11 01:00:00+00:00,3.2,79.5,1024.2,17.6,22.3,2025-10-11,1,5
2025-10-11 02:00:00+00:00,17.1,80.0,1023.6,17.2,25.6,2025-10-11,2,5
2025-10-11 03:00:00+00:00,7.4,84.0,1023.5,16.9,24.1,2025-10-11,3,5
2025-10-11 04:00:00+00:00,20.7,88.0,1023.6,16.5,22.0,2025-10-11,4,5
2025-10-11 05:00:00+00:00,20.4,84.0,1023.2,16.8,27.4,2025-10-11,5,5
2025-10-11 06:00:00+00:00,19.2,85.0,1023.3,16.6,24.8,2025-10-11,6,5
2025-10-11 07:00:00+00:00,32.7,86.0,1023.4,17.0,29.9,2025-10-11,7,5
2025-10-11 08:00:00+00:00,20.8,81.0,1023.4,17.6,31.3,2025-10-11,8,5
2025-10-11 09:00:00+00:00,25.0,76.0,1023.7,18.3,28.1,2025-10-11,9,5
2025-10-11 10:00:00+00:00,29.1,80.0,1023.9,18.6,25.2,2025-10-11,10,5
2025-10-11 11:00:00+00:00,34.6,81.0,1023.8,18.9,24.5,2025-10-11,11,5
2025-10-11 12:00:00+00:00,38.6,82.0,1023.2,19.3,26.3,2025-10-11,12,5
2025-10-11 13:00:00+00:00,43.3,85.0,1023.0,18.7,17.6,2025-10-11,13,5
2025-10-11 14:00:00+00:00,48.7,86.5,1022.5,18.9,20.5,2025-10-11,14,5
2025-10-11 15:00:00+00:00,41.6,88.0,1022.2,18.7,19.0,2025-10-11,15,5
2025-10-11 16:00:00+00:00,39.2,87.0,1022.4,18.3,17.6,2025-10-11,16,5
2025-10-11 17:00:00+00:00,31.6,90.0,1022.5,17.9,13.3,2025-10-11,17,5
2025-10-11 18:00:00+00:00,22.2,93.0,1022.6,17.4,16.6,2025-10-11,18,5
2025-10-11 19:00:00+00:00,18.9,90.0,1022.8,17.7,19.1,2025-10-11,19,5
2025-10-11 20:00:00+00:00,26.8,89.2,1023.0,17.7,21.6,2025-10-11,20,5
2025-10-11 21:00:00+00:00,31.2,88.5,1023.1,17.6,20.5,2025-10-11,21,5
2025-10-11 22:00:00+00:00,21.1,87.8,1023.0,17.6,19.4,2025-10-11,22,5
2025-10-11 23:00:00+00:00,16.3,87.0,1022.9,17.7,18.4,2025-10-11,23,5
2025-10-12 00:00:00+00:00,16.4,89.0,1022.8,17.6,19.8,2025-10-12,0,6
2025-10-12 01:00:00+00:00,27.6,91.0,1022.6,17.2,25.2,2025-10-12,1,6
2025-10-12 02:00:00+00:00,10.4,89.0,1021.7,17.1,23.8,2025-10-12,2,6
2025-10-12 03:00:00+00:00,18.2,87.0,1021.4,17.2,24.5,2025-10-12,3,6
2025-10-12 04:00:00+00:00,3.7,86.0,1021.1,17.2,22.0,2025-10-12,4,6
2025-10-12 05:00:00+00:00,2.7,85.0,1021.2,17.3,22.7,2025-10-12,5,6
2025-10-12 06:00:00+00:00,15.3,84.0,1021.3,17.4,18.4,2025-10-12,6,6
2025-10-12 07:00:00+00:00,357.9,92.0,1021.6,17.0,19.4,2025-10-12,7,6
2025-10-12 08:00:00+00:00,12.8,86.0,1021.8,18.6,20.9,2025-10-12,8,6
2025-10-12 09:00:00+00:00,27.5,82.0,1022.0,19.7,20.2,2025-10-12,9,6
2025-10-12 10:00:00+00:00,49.6,79.0,1021.6,20.4,20.5,2025-10-12,10,6
2025-10-12 11:00:00+00:00,51.7,76.0,1021.3,20.8,22.7,2025-10-12,11,6
2025-10-12 12:00:00+00:00,56.6,74.0,1020.8,21.5,20.9,2025-10-12,12,6
2025-10-12 13:00:00+00:00,61.2,70.0,1020.3,22.1,18.0,2025-10-12,13,6
2025-10-12 14:00:00+00:00,62.5,71.0,1020.0,21.9,17.6,2025-10-12,14,6
2025-10-12 15:00:00+00:00,64.9,70.0,1020.1,21.7,15.8,2025-10-12,15,6
2025-10-12 16:00:00+00:00,55.5,75.0,1020.0,21.2,14.8,2025-10-12,16,6
2025-10-12 17:00:00+00:00,50.0,83.0,1020.2,20.3,15.5,2025-10-12,17,6
2025-10-12 18:00:00+00:00,46.5,86.0,1020.5,19.6,16.2,2025-10-12,18,6
2025-10-12 19:00:00+00:00,18.2,89.0,1020.6,19.1,13.7,2025-10-12,19,6
2025-10-12 20:00:00+00:00,22.8,91.0,1020.6,18.6,16.2,2025-10-12,20,6
2025-10-12 21:00:00+00:00,22.6,90.0,1020.7,18.3,18.0,2025-10-12,21,6
2025-10-12 22:00:00+00:00,1.6,89.5,1020.4,18.0,18.7,2025-10-12,22,6
2025-10-12 23:00:00+00:00,357.6,89.0,1020.1,18.1,18.4,2025-10-12,23,6
2025-10-13 00:00:00+00:00,3.2,88.0,1019.9,17.8,18.5,2025-10-13,0,0
2025-10-13 01:00:00+00:00,356.4,87.3,1019.4,17.6,18.7,2025-10-13,1,0
2025-10-13 02:00:00+00:00,348.7,86.7,1018.7,17.6,19.8,2025-10-13,2,0
2025-10-13 03:00:00+00:00,347.6,86.0,1018.1,17.7,19.1,2025-10-13,3,0
2025-10-13 04:00:00+00:00,2.7,85.0,1017.8,17.8,21.6,2025-10-13,4,0
2025-10-13 05:00:00+00:00,10.3,84.0,1017.6,17.9,22.0,2025-10-13,5,0
2025-10-13 06:00:00+00:00,16.7,83.0,1017.5,18.0,21.1,2025-10-13,6,0
2025-10-13 07:00:00+00:00,342.2,85.0,1018.2,17.3,20.2,2025-10-13,7,0
2025-10-13 08:00:00+00:00,353.1,84.0,1018.4,18.3,20.9,2025-10-13,8,0
2025-10-13 09:00:00+00:00,13.8,82.0,1018.3,20.1,21.2,2025-10-13,9,0
2025-10-13 10:00:00+00:00,331.8,80.0,1019.0,20.7,17.3,2025-10-13,10,0
2025-10-13 11:00:00+00:00,105.4,89.0,1018.5,19.4,9.7,2025-10-13,11,0
2025-10-13 12:00:00+00:00,79.1,91.0,1018.2,19.2,15.1,2025-10-13,12,0
2025-10-13 13:00:00+00:00,12.9,88.0,1018.0,19.1,18.0,2025-10-13,13,0
2025-10-13 14:00:00+00:00,37.0,86.0,1017.9,19.0,25.9,2025-10-13,14,0
2025-10-13 15:00:00+00:00,28.9,84.0,1017.1,19.6,18.7,2025-10-13,15,0
2025-10-13 16:00:00+00:00,44.8,83.0,1017.4,19.7,19.1,2025-10-13,16,0
2025-10-13 17:00:00+00:00,37.1,87.0,1017.4,19.3,16.6,2025-10-13,17,0
2025-10-13 18:00:00+00:00,285.3,90.0,1017.5,18.8,10.4,2025-10-13,18,0
2025-10-13 19:00:00+00:00,26.6,92.0,1017.6,18.9,14.8,2025-10-13,19,0
2025-10-13 20:00:00+00:00,355.5,93.0,1017.8,18.4,13.7,2025-10-13,20,0
2025-10-13 21:00:00+00:00,338.9,94.0,1018.0,18.3,13.3,2025-10-13,21,0
2025-10-13 22:00:00+00:00,305.0,95.0,1018.1,17.6,10.4,2025-10-13,22,0
2025-10-13 23:00:00+00:00,357.3,94.5,1018.2,17.3,16.9,2025-10-13,23,0
2025-10-14 00:00:00+00:00,316.7,94.0,1018.0,17.4,15.1,2025-10-14,0,1
2025-10-14 01:00:00+00:00,320.2,93.7,1017.8,17.1,14.8,2025-10-14,1,1
2025-10-14 02:00:00+00:00,326.1,93.3,1017.4,16.3,11.5,2025-10-14,2,1
2025-10-14 03:00:00+00:00,332.0,93.0,1017.2,16.8,13.0,2025-10-14,3,1
2025-10-14 04:00:00+00:00,307.7,92.0,1016.9,17.0,14.0,2025-10-14,4,1
2025-10-14 05:00:00+00:00,300.5,93.0,1017.0,16.0,10.4,2025-10-14,5,1
2025-10-14 06:00:00+00:00,305.4,94.0,1017.5,15.3,9.4,2025-10-14,6,1
2025-10-14 07:00:00+00:00,286.0,93.0,1017.8,16.0,7.6,2025-10-14,7,1
2025-10-14 08:00:00+00:00,293.3,90.0,1018.2,17.8,6.5,2025-10-14,8,1
2025-10-14 09:00:00+00:00,322.5,84.0,1018.5,19.6,5.4,2025-10-14,9,1
2025-10-14 10:00:00+00:00,75.4,77.0,1018.7,21.0,5.8,2025-10-14,10,1
2025-10-14 11:00:00+00:00,82.6,73.0,1018.5,21.9,8.6,2025-10-14,11,1
2025-10-14 12:00:00+00:00,89.8,72.0,1018.3,22.1,9.4,2025-10-14,12,1
2025-10-14 13:00:00+00:00,89.4,73.0,1017.6,22.6,11.9,2025-10-14,13,1
2025-10-14 14:00:00+00:00,80.8,74.0,1017.3,22.1,12.2,2025-10-14,14,1
2025-10-14 15:00:00+00:00,71.5,76.0,1017.4,21.8,15.8,2025-10-14,15,1
2025-10-14 16:00:00+00:00,65.8,78.0,1017.5,21.2,13.3,2025-10-14,16,1
2025-10-14 17:00:00+00:00,50.5,83.0,1017.6,20.5,10.1,2025-10-14,17,1
2025-10-14 18:00:00+00:00,26.2,88.0,1018.0,19.7,10.4,2025-10-14,18,1
2025-10-14 19:00:00+00:00,357.3,90.0,1018.4,19.4,7.2,2025-10-14,19,1
2025-10-14 20:00:00+00:00,331.9,92.0,1018.9,19.0,9.0,2025-10-14,20,1
2025-10-14 21:00:00+00:00,338.5,92.5,1019.4,18.6,11.2,2025-10-14,21,1
2025-10-14 22:00:00+00:00,307.0,93.0,1019.2,18.2,10.1,2025-10-14,22,1
2025-10-14 23:00:00+00:00,315.0,93.5,1019.1,17.8,9.0,2025-10-14,23,1
2025-10-15 00:00:00+00:00,293.1,94.0,1018.9,17.2,9.7,2025-10-15,0,2
2025-10-15 01:00:00+00:00,305.8,93.0,1019.2,17.0,7.9,2025-10-15,1,2
2025-10-15 02:00:00+00:00,308.6,92.7,1018.9,16.8,8.3,2025-10-15,2,2
2025-10-15 03:00:00+00:00,305.7,92.3,1018.5,16.3,8.6,2025-10-15,3,2
2025-10-15 04:00:00+00:00,326.2,92.0,1018.6,16.1,9.0,2025-10-15,4,2
2025-10-15 05:00:00+00:00,344.4,94.0,1018.8,16.0,11.9,2025-10-15,5,2
2025-10-15 06:00:00+00:00,315.8,96.0,1018.9,16.0,7.6,2025-10-15,6,2
2025-10-15 07:00:00+00:00,290.4,98.0,1019.2,16.7,7.9,2025-10-15,7,2
2025-10-15 08:00:00+00:00,294.6,94.0,1019.7,17.8,6.4,2025-10-15,8,2
2025-10-15 09:00:00+00:00,331.1,88.0,1019.9,19.4,5.0,2025-10-15,9,2
2025-10-15 10:00:00+00:00,38.5,79.0,1019.7,20.8,5.4,2025-10-15,10,2
2025-10-15 11:00:00+00:00,69.1,74.0,1019.5,21.3,9.7,2025-10-15,11,2
2025-10-15 12:00:00+00:00,79.8,73.0,1019.3,21.4,12.2,2025-10-15,12,2
2025-10-15 13:00:00+00:00,96.5,76.0,1018.7,21.6,11.2,2025-10-15,13,2
2025-10-15 14:00:00+00:00,98.5,76.5,1018.4,21.4,11.5,2025-10-15,14,2
2025-10-15 15:00:00+00:00,100.0,77.0,1018.3,21.2,11.2,2025-10-15,15,2
2025-10-15 16:00:00+00:00,107.5,78.0,1018.1,20.7,9.4,2025-10-15,16,2
2025-10-15 17:00:00+00:00,107.0,84.0,1018.3,20.0,6.8,2025-10-15,17,2
2025-10-15 18:00:00+00:00,72.4,88.0,1018.6,19.2,4.3,2025-10-15,18,2
2025-10-15 19:00:00+00:00,0.8,90.0,1019.0,18.9,4.6,2025-10-15,19,2
2025-10-15 20:00:00+00:00,338.5,92.0,1019.3,18.4,5.0,2025-10-15,20,2
2025-10-15 21:00:00+00:00,323.2,93.0,1019.5,17.7,5.4,2025-10-15,21,2
2025-10-15 22:00:00+00:00,310.2,94.0,1019.6,17.2,6.8,2025-10-15,22,2
2025-10-15 23:00:00+00:00,303.8,96.0,1019.3,16.6,8.3,2025-10-15,23,2
2025-10-16 00:00:00+00:00,298.5,95.0,1019.1,16.3,9.4,2025-10-16,0,3
2025-10-16 01:00:00+00:00,301.2,93.0,1019.0,16.9,9.2,2025-10-16,1,3
2025-10-16 02:00:00+00:00,304.0,92.0,1018.2,16.4,9.0,2025-10-16,2,3
2025-10-16 03:00:00+00:00,298.0,92.5,1017.8,16.0,8.3,2025-10-16,3,3
2025-10-16 04:00:00+00:00,293.5,93.0,1017.9,15.6,8.6,2025-10-16,4,3
2025-10-16 05:00:00+00:00,291.0,91.2,1018.0,15.1,9.0,2025-10-16,5,3
2025-10-16 06:00:00+00:00,292.6,89.5,1018.1,14.8,8.6,2025-10-16,6,3
2025-10-16 07:00:00+00:00,283.7,87.8,1018.6,14.7,9.7,2025-10-16,7,3
2025-10-16 08:00:00+00:00,275.1,86.0,1018.8,16.6,9.0,2025-10-16,8,3
2025-10-16 09:00:00+00:00,264.1,79.0,1018.9,18.9,8.6,2025-10-16,9,3
2025-10-16 10:00:00+00:00,237.9,74.0,1018.8,20.5,5.4,2025-10-16,10,3
2025-10-16 11:00:00+00:00,165.9,72.0,1018.3,21.7,5.8,2025-10-16,11,3
2025-10-16 12:00:00+00:00,152.3,66.0,1017.6,22.5,7.6,2025-10-16,12,3
2025-10-16 13:00:00+00:00,129.5,69.0,1017.1,22.4,9.7,2025-10-16,13,3
2025-10-16 14:00:00+00:00,128.0,70.0,1016.9,22.3,12.2,2025-10-16,14,3
2025-10-16 15:00:00+00:00,113.8,78.0,1016.8,21.1,11.9,2025-10-16,15,3
2025-10-16 16:00:00+00:00,107.5,81.0,1016.7,20.5,10.8,2025-10-16,16,3
2025-10-16 17:00:00+00:00,105.3,85.0,1016.9,20.1,7.6,2025-10-16,17,3
2025-10-16 18:00:00+00:00,352.5,88.0,1017.7,19.7,4.3,2025-10-16,18,3
2025-10-16 19:00:00+00:00,13.5,91.0,1017.6,18.9,3.2,2025-10-16,19,3
2025-10-16 20:00:00+00:00,322.2,91.5,1018.0,18.7,5.8,2025-10-16,20,3
2025-10-16 21:00:00+00:00,318.4,92.0,1018.1,18.5,6.5,2025-10-16,21,3
2025-10-16 22:00:00+00:00,310.6,94.0,1018.0,17.9,7.2,2025-10-16,22,3
2025-10-16 23:00:00+00:00,306.6,93.0,1017.9,17.4,7.6,2025-10-16,23,3
2025-10-17 00:00:00+00:00,297.7,92.0,1017.5,17.0,9.7,2025-10-17,0,4
2025-10-17 01:00:00+00:00,302.1,90.0,1017.2,16.6,7.9,2025-10-17,1,4
2025-10-17 02:00:00+00:00,304.0,91.0,1016.6,16.0,6.5,2025-10-17,2,4
2025-10-17 03:00:00+00:00,312.0,92.0,1016.5,15.6,6.7,2025-10-17,3,4
2025-10-17 04:00:00+00:00,303.8,91.7,1016.6,15.3,7.0,2025-10-17,4,4
2025-10-17 05:00:00+00:00,293.1,91.3,1016.7,15.1,7.2,2025-10-17,5,4
2025-10-17 06:00:00+00:00,280.1,91.0,1017.1,15.0,6.5,2025-10-17,6,4
2025-10-17 07:00:00+00:00,320.1,88.0,1017.2,16.2,5.4,2025-10-17,7,4
2025-10-17 08:00:00+00:00,9.6,85.0,1018.0,18.0,4.7,2025-10-17,8,4
2025-10-17 09:00:00+00:00,38.7,81.0,1018.1,19.6,3.2,2025-10-17,9,4
2025-10-17 10:00:00+00:00,108.5,77.0,1018.0,20.7,3.6,2025-10-17,10,4
2025-10-17 11:00:00+00:00,133.8,73.0,1017.8,21.6,5.8,2025-10-17,11,4
2025-10-17 12:00:00+00:00,125.8,70.0,1017.3,22.1,6.5,2025-10-17,12,4
2025-10-17 13:00:00+00:00,126.2,67.0,1016.8,22.6,10.1,2025-10-17,13,4
2025-10-17 14:00:00+00:00,91.5,72.0,1016.9,21.7,11.5,2025-10-17,14,4
2025-10-17 15:00:00+00:00,91.4,69.0,1017.2,21.9,10.8,2025-10-17,15,4
2025-10-17 16:00:00+00:00,42.0,78.0,1017.5,20.5,4.7,2025-10-17,16,4
2025-10-17 17:00:00+00:00,13.1,84.0,1017.4,19.8,4.0,2025-10-17,17,4
2025-10-17 18:00:00+00:00,272.0,88.0,1018.0,18.8,3.2,2025-10-17,18,4
2025-10-17 19:00:00+00:00,318.4,92.0,1018.3,18.0,7.2,2025-10-17,19,4
2025-10-17 20:00:00+00:00,333.0,94.0,1018.7,17.1,11.2,2025-10-17,20,4
2025-10-17 21:00:00+00:00,329.7,93.4,1019.1,16.8,10.8,2025-10-17,21,4
2025-10-17 22:00:00+00:00,305.9,92.8,1019.2,16.5,6.8,2025-10-17,22,4
2025-10-17 23:00:00+00:00,299.7,92.2,1019.2,16.0,6.5,2025-10-17,23,4
2025-10-18 01:00:00+00:00,300.8,91.0,1019.2,15.4,8.3,2025-10-18,1,5
2025-10-18 02:00:00+00:00,293.2,90.0,1018.7,15.3,7.9,2025-10-18,2,5
2025-10-18 03:00:00+00:00,283.8,89.0,1018.5,15.0,8.1,2025-10-18,3,5
2025-10-18 04:00:00+00:00,281.3,88.5,1018.7,14.6,8.3,2025-10-18,4,5
2025-10-18 05:00:00+00:00,286.7,88.0,1018.8,14.4,7.2,2025-10-18,5,5
2025-10-18 06:00:00+00:00,290.5,87.0,1019.3,14.2,6.8,2025-10-18,6,5
2025-10-18 07:00:00+00:00,290.4,85.0,1019.8,13.9,8.3,2025-10-18,7,5
2025-10-18 08:00:00+00:00,280.5,83.0,1020.2,16.0,7.2,2025-10-18,8,5
2025-10-18 09:00:00+00:00,286.2,73.0,1020.3,18.7,4.0,2025-10-18,9,5
2025-10-18 10:00:00+00:00,112.3,66.0,1020.1,20.4,5.4,2025-10-18,10,5
2025-10-18 11:00:00+00:00,132.6,65.7,1020.0,21.3,5.8,2025-10-18,11,5
2025-10-18 12:00:00+00:00,120.6,65.3,1019.8,22.0,6.8,2025-10-18,12,5
2025-10-18 13:00:00+00:00,123.5,65.0,1019.3,22.2,10.8,2025-10-18,13,5
2025-10-18 14:00:00+00:00,122.4,69.0,1018.9,21.9,12.2,2025-10-18,14,5
2025-10-18 15:00:00+00:00,119.9,73.0,1018.8,21.5,13.0,2025-10-18,15,5
2025-10-18 16:00:00+00:00,118.8,79.0,1018.5,20.9,13.7,2025-10-18,16,5
2025-10-18 17:00:00+00:00,104.2,86.0,1018.7,20.1,15.1,2025-10-18,17,5
2025-10-18 18:00:00+00:00,56.1,89.0,1019.5,19.1,12.6,2025-10-18,18,5
2025-10-18 19:00:00+00:00,32.6,87.0,1019.6,19.0,11.0,2025-10-18,19,5
2025-10-18 20:00:00+00:00,344.0,88.0,1020.1,18.5,9.4,2025-10-18,20,5
2025-10-18 21:00:00+00:00,319.5,91.0,1020.4,17.6,10.1,2025-10-18,21,5
2025-10-18 22:00:00+00:00,319.3,92.0,1020.4,17.1,10.8,2025-10-18,22,5
2025-10-18 23:00:00+00:00,312.0,94.0,1020.3,16.3,10.4,2025-10-18,23,5
2025-10-19 00:00:00+00:00,303.1,95.0,1020.2,15.7,10.0,2025-10-19,0,6
2025-10-19 01:00:00+00:00,303.4,96.0,1020.0,15.2,9.7,2025-10-19,1,6
2025-10-19 02:00:00+00:00,293.7,95.0,1019.3,14.8,8.6,2025-10-19,2,6
2025-10-19 03:00:00+00:00,284.3,94.0,1019.0,14.6,10.4,2025-10-19,3,6
2025-10-19 04:00:00+00:00,287.6,91.0,1018.6,14.4,9.0,2025-10-19,4,6
2025-10-19 05:00:00+00:00,266.9,92.0,1018.7,14.1,10.1,2025-10-19,5,6
2025-10-19 06:00:00+00:00,267.3,94.0,1018.8,13.6,9.7,2025-10-19,6,6
2025-10-19 07:00:00+00:00,270.4,92.0,1018.8,14.2,10.8,2025-10-19,7,6
2025-10-19 08:00:00+00:00,269.9,86.0,1019.3,16.1,10.1,2025-10-19,8,6
2025-10-19 09:00:00+00:00,255.3,78.0,1019.1,18.6,8.6,2025-10-19,9,6
2025-10-19 10:00:00+00:00,210.1,71.0,1018.9,20.6,9.0,2025-10-19,10,6
2025-10-19 11:00:00+00:00,176.5,67.0,1018.3,21.8,9.7,2025-10-19,11,6
2025-10-19 12:00:00+00:00,155.3,62.0,1017.5,22.6,10.4,2025-10-19,12,6
2025-10-19 13:00:00+00:00,143.4,59.0,1016.8,22.9,13.7,2025-10-19,13,6
2025-10-19 14:00:00+00:00,132.9,65.0,1016.0,22.5,15.5,2025-10-19,14,6
2025-10-19 15:00:00+00:00,132.7,68.0,1015.2,22.2,18.4,2025-10-19,15,6
2025-10-19 16:00:00+00:00,135.2,70.0,1014.5,21.8,20.2,2025-10-19,16,6
2025-10-19 17:00:00+00:00,132.0,78.0,1014.6,21.0,19.4,2025-10-19,17,6
2025-10-19 18:00:00+00:00,154.8,83.0,1014.6,20.0,14.8,2025-10-19,18,6
2025-10-19 19:00:00+00:00,315.2,87.0,1014.4,18.7,10.1,2025-10-19,19,6
2025-10-19 20:00:00+00:00,341.8,90.0,1014.5,18.1,7.2,2025-10-19,20,6
2025-10-19 21:00:00+00:00,279.8,91.0,1014.4,17.6,10.8,2025-10-19,21,6
2025-10-19 22:00:00+00:00,281.7,92.0,1014.2,16.7,10.4,2025-10-19,22,6
2025-10-19 23:00:00+00:00,279.5,91.0,1013.8,16.3,10.1,2025-10-19,23,6
2025-10-20 00:00:00+00:00,275.4,90.0,1013.4,16.0,9.0,2025-10-20,0,0
2025-10-20 01:00:00+00:00,274.4,91.0,1012.5,15.7,11.2,2025-10-20,1,0
2025-10-20 02:00:00+00:00,276.4,90.0,1011.8,15.1,12.2,2025-10-20,2,0
2025-10-20 03:00:00+00:00,266.7,89.0,1011.0,14.7,12.0,2025-10-20,3,0
2025-10-20 04:00:00+00:00,264.7,87.0,1010.4,14.8,11.9,2025-10-20,4,0
2025-10-20 05:00:00+00:00,251.9,84.0,1010.3,14.8,12.6,2025-10-20,5,0
2025-10-20 06:00:00+00:00,249.1,81.0,1010.2,15.0,14.8,2025-10-20,6,0
2025-10-20 07:00:00+00:00,238.8,68.0,1010.0,17.4,18.0,2025-10-20,7,0
2025-10-20 08:00:00+00:00,224.2,62.0,1010.2,20.0,19.4,2025-10-20,8,0
2025-10-20 09:00:00+00:00,204.5,61.0,1010.5,21.6,18.0,2025-10-20,9,0
2025-10-20 10:00:00+00:00,192.9,58.0,1009.8,23.1,19.1,2025-10-20,10,0
2025-10-20 11:00:00+00:00,220.8,56.0,1009.5,24.2,20.2,2025-10-20,11,0
2025-10-20 12:00:00+00:00,259.4,50.0,1008.7,25.5,21.6,2025-10-20,12,0
2025-10-20 13:00:00+00:00,254.3,51.5,1008.2,25.3,23.0,2025-10-20,13,0
2025-10-20 14:00:00+00:00,236.9,53.0,1007.3,24.6,22.3,2025-10-20,14,0
2025-10-20 15:00:00+00:00,238.3,56.0,1006.9,24.2,21.6,2025-10-20,15,0
2025-10-20 16:00:00+00:00,240.6,54.0,1006.8,24.8,18.4,2025-10-20,16,0
2025-10-20 17:00:00+00:00,236.8,54.5,1007.1,23.9,17.3,2025-10-20,17,0
2025-10-20 18:00:00+00:00,242.2,55.0,1007.8,23.0,16.6,2025-10-20,18,0
2025-10-20 19:00:00+00:00,254.4,62.0,1008.7,21.3,15.1,2025-10-20,19,0
2025-10-20 20:00:00+00:00,270.5,64.0,1009.3,20.4,14.0,2025-10-20,20,0
2025-10-20 21:00:00+00:00,285.2,62.5,1009.7,20.1,14.9,2025-10-20,21,0
2025-10-20 22:00:00+00:00,287.9,61.0,1010.1,20.0,15.8,2025-10-20,22,0
2025-10-20 23:00:00+00:00,269.8,59.0,1010.3,19.8,16.9,2025-10-20,23,0
2025-10-21 00:00:00+00:00,270.9,58.0,1010.1,19.4,15.8,2025-10-21,0,1
2025-10-21 01:00:00+00:00,261.4,59.0,1009.9,19.3,16.6,2025-10-21,1,1
2025-10-21 02:00:00+00:00,268.1,57.0,1009.7,19.1,18.4,2025-10-21,2,1
2025-10-21 03:00:00+00:00,267.6,59.0,1009.3,18.9,18.7,2025-10-21,3,1
2025-10-21 04:00:00+00:00,264.3,60.0,1009.5,18.8,19.4,2025-10-21,4,1
2025-10-21 05:00:00+00:00,269.2,61.0,1009.6,18.8,20.5,2025-10-21,5,1
2025-10-21 06:00:00+00:00,275.1,62.0,1009.8,18.7,20.2,2025-10-21,6,1
2025-10-21 07:00:00+00:00,287.7,60.0,1010.0,19.2,25.9,2025-10-21,7,1
2025-10-21 08:00:00+00:00,288.9,58.0,1010.6,20.4,26.6,2025-10-21,8,1
2025-10-21 09:00:00+00:00,278.1,56.0,1010.5,22.0,25.9,2025-10-21,9,1
2025-10-21 10:00:00+00:00,280.5,54.0,1009.9,23.2,29.9,2025-10-21,10,1
2025-10-21 11:00:00+00:00,281.9,52.0,1009.6,24.4,30.6,2025-10-21,11,1
2025-10-21 12:00:00+00:00,281.3,51.5,1009.1,25.0,33.5,2025-10-21,12,1
2025-10-21 13:00:00+00:00,278.0,51.0,1008.9,25.5,31.7,2025-10-21,13,1
2025-10-21 14:00:00+00:00,278.1,51.5,1008.5,25.6,30.0,2025-10-21,14,1
2025-10-21 15:00:00+00:00,276.3,52.0,1008.3,25.5,28.4,2025-10-21,15,1
2025-10-21 16:00:00+00:00,262.8,55.0,1008.2,25.3,25.9,2025-10-21,16,1
2025-10-21 17:00:00+00:00,258.7,58.0,1008.5,24.5,21.6,2025-10-21,17,1
2025-10-21 18:00:00+00:00,256.7,61.0,1009.1,23.4,15.8,2025-10-21,18,1
2025-10-21 19:00:00+00:00,250.5,63.0,1009.4,22.5,16.2,2025-10-21,19,1
2025-10-21 20:00:00+00:00,250.2,62.0,1010.1,22.3,22.3,2025-10-21,20,1
2025-10-21 21:00:00+00:00,255.7,63.0,1010.2,22.2,25.2,2025-10-21,21,1
2025-10-21 22:00:00+00:00,262.7,64.0,1010.3,22.1,25.9,2025-10-21,22,1
2025-10-21 23:00:00+00:00,260.8,66.0,1010.7,22.2,27.4,2025-10-21,23,1
2025-10-22 00:00:00+00:00,264.2,68.0,1010.5,22.0,30.2,2025-10-22,0,2
2025-10-22 01:00:00+00:00,250.2,70.0,1010.8,21.8,25.9,2025-10-22,1,2
2025-10-22 02:00:00+00:00,246.5,73.0,1010.4,21.4,24.5,2025-10-22,2,2
2025-10-22 03:00:00+00:00,253.1,74.0,1010.2,20.9,24.1,2025-10-22,3,2
2025-10-22 04:00:00+00:00,258.6,72.5,1010.1,20.6,23.4,2025-10-22,4,2
2025-10-22 05:00:00+00:00,259.5,71.0,1010.0,20.4,22.3,2025-10-22,5,2
2025-10-22 06:00:00+00:00,269.0,69.0,1010.3,20.2,22.7,2025-10-22,6,2
2025-10-22 07:00:00+00:00,267.7,68.0,1010.9,20.3,21.2,2025-10-22,7,2
2025-10-22 08:00:00+00:00,275.8,62.0,1011.6,21.7,18.7,2025-10-22,8,2
2025-10-22 09:00:00+00:00,263.8,57.0,1011.9,23.4,17.3,2025-10-22,9,2
2025-10-22 10:00:00+00:00,250.3,54.0,1011.8,24.8,19.8,2025-10-22,10,2
2025-10-22 11:00:00+00:00,255.8,48.0,1011.6,26.0,23.8,2025-10-22,11,2
2025-10-22 12:00:00+00:00,261.6,44.0,1011.4,26.7,26.6,2025-10-22,12,2
2025-10-22 13:00:00+00:00,268.0,41.0,1011.0,27.1,26.2,2025-10-22,13,2
2025-10-22 14:00:00+00:00,271.5,38.0,1010.3,27.4,25.9,2025-10-22,14,2
2025-10-22 15:00:00+00:00,271.4,40.0,1010.2,26.9,26.3,2025-10-22,15,2
2025-10-22 16:00:00+00:00,266.1,42.0,1009.8,26.1,23.0,2025-10-22,16,2
2025-10-22 17:00:00+00:00,259.9,44.0,1010.4,25.0,20.9,2025-10-22,17,2
2025-10-22 18:00:00+00:00,260.4,48.0,1011.3,23.9,18.4,2025-10-22,18,2
2025-10-22 19:00:00+00:00,282.3,46.0,1011.8,23.6,20.5,2025-10-22,19,2
2025-10-22 20:00:00+00:00,278.2,47.0,1012.3,23.0,19.4,2025-10-22,20,2
2025-10-22 21:00:00+00:00,273.2,49.0,1012.9,22.4,23.0,2025-10-22,21,2
2025-10-22 22:00:00+00:00,273.1,52.0,1012.7,22.3,24.1,2025-10-22,22,2
2025-10-22 23:00:00+00:00,276.5,54.0,1012.1,22.5,28.1,2025-10-22,23,2
2025-10-23 00:00:00+00:00,280.0,56.0,1011.8,22.7,30.6,2025-10-23,0,3
2025-10-23 01:00:00+00:00,278.1,58.0,1011.5,22.8,36.4,2025-10-23,1,3
2025-10-23 02:00:00+00:00,276.0,59.0,1011.4,22.6,36.0,2025-10-23,2,3
2025-10-23 03:00:00+00:00,272.7,61.0,1011.2,22.4,33.5,2025-10-23,3,3
2025-10-23 04:00:00+00:00,269.5,62.0,1011.1,22.4,31.7,2025-10-23,4,3
2025-10-23 05:00:00+00:00,260.9,63.0,1011.0,22.3,30.6,2025-10-23,5,3
2025-10-23 06:00:00+00:00,257.8,62.0,1011.5,22.2,33.8,2025-10-23,6,3
2025-10-23 07:00:00+00:00,246.0,61.0,1012.0,22.6,33.5,2025-10-23,7,3
2025-10-23 08:00:00+00:00,244.4,60.0,1012.3,23.1,34.9,2025-10-23,8,3
2025-10-23 09:00:00+00:00,242.3,59.0,1012.4,24.0,36.4,2025-10-23,9,3
2025-10-23 10:00:00+00:00,239.6,58.0,1012.3,24.7,37.8,2025-10-23,10,3
2025-10-23 11:00:00+00:00,247.6,51.0,1012.0,26.2,36.3,2025-10-23,11,3
2025-10-23 12:00:00+00:00,253.7,45.0,1011.5,27.4,34.9,2025-10-23,12,3
2025-10-23 13:00:00+00:00,273.2,38.0,1010.6,29.1,30.6,2025-10-23,13,3
2025-10-23 14:00:00+00:00,275.7,35.0,1010.4,29.4,27.7,2025-10-23,14,3
2025-10-23 15:00:00+00:00,276.8,36.0,1010.6,29.0,24.5,2025-10-23,15,3
2025-10-23 16:00:00+00:00,281.6,37.0,1010.9,28.3,19.8,2025-10-23,16,3
2025-10-23 17:00:00+00:00,276.2,38.0,1011.8,26.4,18.7,2025-10-23,17,3
2025-10-23 18:00:00+00:00,305.4,43.0,1013.1,24.4,13.7,2025-10-23,18,3
2025-10-23 19:00:00+00:00,44.8,54.0,1014.3,22.4,16.2,2025-10-23,19,3
2025-10-23 20:00:00+00:00,68.8,67.0,1015.0,21.0,15.5,2025-10-23,20,3
2025-10-23 21:00:00+00:00,104.8,70.0,1015.6,20.8,13.3,2025-10-23,21,3
2025-10-23 22:00:00+00:00,130.0,72.0,1016.1,20.4,13.5,2025-10-23,22,3
2025-10-23 23:00:00+00:00,145.6,72.5,1016.2,20.1,13.7,2025-10-23,23,3
2025-10-24 00:00:00+00:00,147.8,73.0,1015.9,19.7,11.9,2025-10-24,0,4
2025-10-24 01:00:00+00:00,149.5,79.0,1015.5,18.6,9.4,2025-10-24,1,4
2025-10-24 02:00:00+00:00,231.6,81.0,1015.6,18.1,9.7,2025-10-24,2,4
2025-10-24 03:00:00+00:00,269.9,79.0,1015.2,17.3,10.4,2025-10-24,3,4
2025-10-24 04:00:00+00:00,280.4,78.0,1015.3,16.4,10.8,2025-10-24,4,4
2025-10-24 05:00:00+00:00,273.5,73.0,1015.7,16.7,11.9,2025-10-24,5,4
2025-10-24 06:00:00+00:00,263.2,70.0,1015.8,17.4,10.8,2025-10-24,6,4
2025-10-24 07:00:00+00:00,272.2,69.0,1016.0,18.0,12.2,2025-10-24,7,4
2025-10-24 08:00:00+00:00,286.8,66.0,1016.5,19.3,9.7,2025-10-24,8,4
2025-10-24 09:00:00+00:00,292.7,59.0,1016.8,21.3,6.8,2025-10-24,9,4
2025-10-24 10:00:00+00:00,267.1,53.0,1016.6,23.4,11.5,2025-10-24,10,4
2025-10-24 11:00:00+00:00,263.5,47.0,1016.1,25.7,20.2,2025-10-24,11,4
2025-10-24 12:00:00+00:00,285.3,43.0,1015.3,26.9,20.5,2025-10-24,12,4
2025-10-24 13:00:00+00:00,157.2,48.0,1015.0,25.9,15.5,2025-10-24,13,4
2025-10-24 14:00:00+00:00,88.0,49.0,1014.2,25.8,14.8,2025-10-24,14,4
2025-10-24 15:00:00+00:00,98.8,50.0,1013.9,25.6,14.4,2025-10-24,15,4
2025-10-24 16:00:00+00:00,91.0,61.0,1013.6,24.2,14.0,2025-10-24,16,4
2025-10-24 17:00:00+00:00,53.0,75.0,1013.8,21.9,13.7,2025-10-24,17,4
2025-10-24 18:00:00+00:00,32.4,78.0,1014.3,20.9,12.2,2025-10-24,18,4
2025-10-24 19:00:00+00:00,38.0,76.0,1014.2,21.0,10.8,2025-10-24,19,4
2025-10-24 20:00:00+00:00,11.0,80.0,1014.4,20.0,9.4,2025-10-24,20,4
2025-10-24 21:00:00+00:00,352.0,81.0,1014.3,19.3,7.9,2025-10-24,21,4
2025-10-24 22:00:00+00:00,305.1,78.0,1014.3,18.9,9.4,2025-10-24,22,4
2025-10-24 23:00:00+00:00,274.4,75.0,1014.2,19.2,13.0,2025-10-24,23,4
2025-10-25 00:00:00+00:00,268.6,72.0,1013.7,19.2,12.6,2025-10-25,0,5
2025-10-25 01:00:00+00:00,257.7,69.0,1013.6,19.3,14.8,2025-10-25,1,5
2025-10-25 02:00:00+00:00,256.6,68.5,1013.1,19.1,15.5,2025-10-25,2,5
2025-10-25 03:00:00+00:00,252.5,68.0,1012.4,19.3,16.2,2025-10-25,3,5
2025-10-25 04:00:00+00:00,258.5,68.7,1012.3,19.5,16.9,2025-10-25,4,5
2025-10-25 05:00:00+00:00,263.1,69.3,1012.2,20.0,18.7,2025-10-25,5,5
2025-10-25 06:00:00+00:00,260.0,70.0,1012.2,19.8,18.4,2025-10-25,6,5
2025-10-25 07:00:00+00:00,263.5,69.0,1012.5,20.7,19.1,2025-10-25,7,5
2025-10-25 08:00:00+00:00,267.0,62.0,1013.4,21.6,20.2,2025-10-25,8,5
2025-10-25 09:00:00+00:00,241.1,56.0,1013.3,23.5,15.5,2025-10-25,9,5
2025-10-25 10:00:00+00:00,240.7,52.0,1013.2,24.9,15.8,2025-10-25,10,5
2025-10-25 11:00:00+00:00,249.6,46.0,1012.5,26.7,16.9,2025-10-25,11,5
2025-10-25 12:00:00+00:00,239.7,40.0,1011.8,28.1,16.2,2025-10-25,12,5
2025-10-25 13:00:00+00:00,243.8,38.0,1010.8,29.0,16.5,2025-10-25,13,5
2025-10-25 14:00:00+00:00,246.9,37.0,1010.1,29.4,16.9,2025-10-25,14,5
2025-10-25 15:00:00+00:00,254.7,38.0,1009.5,29.3,19.1,2025-10-25,15,5
2025-10-25 16:00:00+00:00,229.1,40.0,1009.2,28.4,15.1,2025-10-25,16,5
2025-10-25 17:00:00+00:00,189.2,55.0,1009.4,25.7,14.4,2025-10-25,17,5
2025-10-25 18:00:00+00:00,151.7,67.0,1010.2,23.8,20.4,2025-10-25,18,5
2025-10-25 19:00:00+00:00,48.8,79.0,1012.0,21.7,26.3,2025-10-25,19,5
2025-10-25 20:00:00+00:00,47.0,83.0,1012.4,21.0,28.4,2025-10-25,20,5
2025-10-25 21:00:00+00:00,44.9,81.0,1013.1,20.7,24.1,2025-10-25,21,5
2025-10-25 22:00:00+00:00,34.3,78.0,1013.5,20.5,21.2,2025-10-25,22,5
2025-10-25 23:00:00+00:00,19.1,79.0,1013.6,19.8,17.3,2025-10-25,23,5
2025-10-26 00:00:00+00:00,15.4,81.0,1013.6,19.1,15.1,2025-10-26,0,6
2025-10-26 01:00:00+00:00,25.9,80.0,1013.5,18.9,14.4,2025-10-26,1,6
2025-10-26 02:00:00+00:00,52.9,75.0,1013.5,19.4,15.8,2025-10-26,2,6
2025-10-26 03:00:00+00:00,71.5,72.0,1013.1,19.4,17.6,2025-10-26,3,6
2025-10-26 04:00:00+00:00,71.6,74.0,1013.2,19.3,16.6,2025-10-26,4,6
2025-10-26 05:00:00+00:00,65.5,73.0,1013.3,19.2,14.8,2025-10-26,5,6
2025-10-26 06:00:00+00:00,182.5,75.0,1013.7,19.0,11.5,2025-10-26,6,6
2025-10-26 07:00:00+00:00,63.8,74.5,1014.2,18.5,15.1,2025-10-26,7,6
2025-10-26 08:00:00+00:00,43.1,74.0,1015.5,18.7,17.3,2025-10-26,8,6
2025-10-26 09:00:00+00:00,67.4,80.0,1016.7,18.1,21.2,2025-10-26,9,6
2025-10-26 10:00:00+00:00,72.3,85.0,1016.9,17.1,20.7,2025-10-26,10,6
2025-10-26 11:00:00+00:00,61.2,82.0,1017.1,17.4,20.2,2025-10-26,11,6
2025-10-26 12:00:00+00:00,24.8,78.0,1017.2,18.0,18.7,2025-10-26,12,6
2025-10-26 13:00:00+00:00,71.1,76.7,1017.7,17.3,16.6,2025-10-26,13,6
2025-10-26 14:00:00+00:00,142.7,75.3,1017.3,17.6,9.4,2025-10-26,14,6
2025-10-26 15:00:00+00:00,169.9,74.0,1017.4,17.9,8.7,2025-10-26,15,6
2025-10-26 16:00:00+00:00,190.8,76.0,1017.4,17.6,7.9,2025-10-26,16,6
2025-10-26 17:00:00+00:00,174.1,78.0,1018.0,17.3,7.2,2025-10-26,17,6
2025-10-26 18:00:00+00:00,220.4,82.0,1018.7,16.5,5.8,2025-10-26,18,6
2025-10-26 19:00:00+00:00,262.5,89.0,1019.3,15.3,9.0,2025-10-26,19,6
2025-10-26 20:00:00+00:00,299.2,93.0,1019.8,14.3,8.3,2025-10-26,20,6
2025-10-26 21:00:00+00:00,298.1,90.0,1020.4,13.8,8.6,2025-10-26,21,6
2025-10-26 22:00:00+00:00,297.8,83.0,1020.8,13.2,9.7,2025-10-26,22,6
2025-10-26 23:00:00+00:00,296.0,76.0,1020.7,12.4,10.8,2025-10-26,23,6
2025-10-27 00:00:00+00:00,289.2,73.0,1020.8,11.6,10.1,2025-10-27,0,0
2025-10-27 01:00:00+00:00,288.4,76.0,1021.2,10.9,9.7,2025-10-27,1,0
2025-10-27 02:00:00+00:00,294.8,76.5,1021.3,10.4,10.4,2025-10-27,2,0
2025-10-27 03:00:00+00:00,283.0,77.0,1021.0,10.0,11.2,2025-10-27,3,0
2025-10-27 04:00:00+00:00,283.4,76.5,1021.0,9.8,11.5,2025-10-27,4,0
2025-10-27 05:00:00+00:00,278.1,76.0,1021.1,9.5,12.6,2025-10-27,5,0
2025-10-27 06:00:00+00:00,268.4,75.5,1021.4,9.1,14.0,2025-10-27,6,0
2025-10-27 07:00:00+00:00,271.6,75.0,1021.7,9.2,14.8,2025-10-27,7,0
2025-10-27 08:00:00+00:00,272.9,71.0,1022.2,11.1,14.4,2025-10-27,8,0
2025-10-27 09:00:00+00:00,265.1,62.0,1022.3,14.1,12.2,2025-10-27,9,0
2025-10-27 10:00:00+00:00,255.1,52.0,1021.9,16.7,9.4,2025-10-27,10,0
2025-10-27 11:00:00+00:00,240.4,44.0,1021.3,18.4,8.6,2025-10-27,11,0
2025-10-27 12:00:00+00:00,216.5,40.0,1020.6,19.6,8.3,2025-10-27,12,0
2025-10-27 13:00:00+00:00,209.4,39.0,1020.1,20.5,7.9,2025-10-27,13,0
2025-10-27 14:00:00+00:00,177.4,38.0,1019.6,21.1,7.2,2025-10-27,14,0
2025-10-27 15:00:00+00:00,154.0,40.0,1019.4,21.2,9.4,2025-10-27,15,0
2025-10-27 16:00:00+00:00,117.5,48.0,1019.2,20.4,12.6,2025-10-27,16,0
2025-10-27 17:00:00+00:00,118.1,60.0,1019.1,17.9,11.1,2025-10-27,17,0
2025-10-27 18:00:00+00:00,112.8,71.0,1019.5,16.7,9.7,2025-10-27,18,0
2025-10-27 19:00:00+00:00,354.0,74.0,1020.1,15.8,6.1,2025-10-27,19,0
2025-10-27 20:00:00+00:00,329.6,77.0,1020.3,14.7,6.8,2025-10-27,20,0
2025-10-27 21:00:00+00:00,310.9,80.0,1020.7,13.6,9.0,2025-10-27,21,0
2025-10-27 22:00:00+00:00,311.0,79.0,1021.0,12.9,10.1,2025-10-27,22,0
2025-10-27 23:00:00+00:00,304.0,78.0,1020.8,12.6,9.9,2025-10-27,23,0
2025-10-28 00:00:00+00:00,293.1,77.0,1020.7,12.3,9.6,2025-10-28,0,1
2025-10-28 01:00:00+00:00,293.4,79.0,1020.6,11.9,9.4,2025-10-28,1,1
2025-10-28 02:00:00+00:00,289.3,81.0,1020.3,11.0,9.8,2025-10-28,2,1
2025-10-28 03:00:00+00:00,291.1,77.0,1020.0,10.9,10.1,2025-10-28,3,1
2025-10-28 04:00:00+00:00,294.4,75.0,1019.9,10.8,9.7,2025-10-28,4,1
2025-10-28 05:00:00+00:00,299.5,74.0,1019.8,10.7,8.6,2025-10-28,5,1
2025-10-28 06:00:00+00:00,300.5,75.0,1019.9,10.4,8.8,2025-10-28,6,1
2025-10-28 07:00:00+00:00,301.8,71.0,1020.0,10.9,9.0,2025-10-28,7,1
2025-10-28 08:00:00+00:00,291.7,67.0,1020.5,13.1,7.4,2025-10-28,8,1
2025-10-28 09:00:00+00:00,287.0,60.0,1020.7,15.9,5.8,2025-10-28,9,1
2025-10-28 10:00:00+00:00,318.1,57.0,1020.4,18.2,3.2,2025-10-28,10,1
2025-10-28 11:00:00+00:00,105.0,58.0,1019.9,19.6,4.3,2025-10-28,11,1
2025-10-28 12:00:00+00:00,108.4,56.0,1019.0,20.3,5.8,2025-10-28,12,1
2025-10-28 13:00:00+00:00,104.8,52.0,1018.1,20.8,8.6,2025-10-28,13,1
2025-10-28 14:00:00+00:00,104.4,53.0,1017.3,20.6,10.1,2025-10-28,14,1
2025-10-28 15:00:00+00:00,110.5,54.0,1016.8,20.1,9.4,2025-10-28,15,1
2025-10-28 16:00:00+00:00,112.4,60.0,1016.5,19.3,7.6,2025-10-28,16,1
2025-10-28 17:00:00+00:00,100.6,76.0,1016.4,17.6,5.8,2025-10-28,17,1
2025-10-28 18:00:00+00:00,1.5,79.0,1016.7,16.6,3.6,2025-10-28,18,1
2025-10-28 19:00:00+00:00,342.6,82.0,1016.5,15.7,9.4,2025-10-28,19,1
2025-10-28 20:00:00+00:00,319.6,85.0,1016.3,14.7,10.4,2025-10-28,20,1
2025-10-28 21:00:00+00:00,304.6,84.5,1016.1,14.2,10.1,2025-10-28,21,1
2025-10-28 22:00:00+00:00,298.3,84.0,1015.5,13.9,7.2,2025-10-28,22,1
2025-10-28 23:00:00+00:00,287.7,83.0,1014.9,13.6,5.8,2025-10-28,23,1
2025-10-29 00:00:00+00:00,287.5,81.5,1014.1,13.2,5.4,2025-10-29,0,2
2025-10-29 01:00:00+00:00,276.8,80.0,1013.9,14.2,9.4,2025-10-29,1,2
2025-10-29 02:00:00+00:00,294.0,74.0,1013.7,14.3,9.7,2025-10-29,2,2
2025-10-29 03:00:00+00:00,315.7,76.0,1012.3,14.0,6.8,2025-10-29,3,2
2025-10-29 04:00:00+00:00,288.9,77.5,1012.0,14.2,7.2,2025-10-29,4,2
2025-10-29 05:00:00+00:00,290.3,79.0,1011.9,13.6,7.6,2025-10-29,5,2
2025-10-29 06:00:00+00:00,300.1,78.0,1012.0,13.9,9.0,2025-10-29,6,2
2025-10-29 07:00:00+00:00,299.6,83.0,1011.5,13.6,7.6,2025-10-29,7,2
2025-10-29 08:00:00+00:00,276.0,81.0,1011.4,15.1,7.9,2025-10-29,8,2
2025-10-29 09:00:00+00:00,277.7,73.0,1011.3,17.6,8.3,2025-10-29,9,2
2025-10-29 10:00:00+00:00,243.0,63.0,1010.8,19.6,8.6,2025-10-29,10,2
2025-10-29 11:00:00+00:00,196.4,59.0,1010.3,20.8,9.0,2025-10-29,11,2
2025-10-29 12:00:00+00:00,197.7,57.0,1009.4,22.0,7.9,2025-10-29,12,2
2025-10-29 13:00:00+00:00,175.4,62.0,1008.5,21.9,10.1,2025-10-29,13,2
2025-10-29 14:00:00+00:00,166.7,63.0,1007.7,21.7,9.7,2025-10-29,14,2
2025-10-29 15:00:00+00:00,218.4,65.0,1007.4,21.3,6.5,2025-10-29,15,2
2025-10-29 16:00:00+00:00,178.1,71.0,1007.1,20.8,5.8,2025-10-29,16,2
2025-10-29 17:00:00+00:00,219.3,84.0,1007.2,19.6,3.6,2025-10-29,17,2
2025-10-29 18:00:00+00:00,290.7,82.0,1007.7,19.2,5.4,2025-10-29,18,2
2025-10-29 19:00:00+00:00,264.1,91.0,1008.3,18.2,9.4,2025-10-29,19,2
2025-10-29 20:00:00+00:00,280.0,92.0,1008.4,18.0,8.3,2025-10-29,20,2
2025-10-29 21:00:00+00:00,264.1,91.5,1008.4,17.7,9.7,2025-10-29,21,2
2025-10-29 22:00:00+00:00,231.4,91.0,1008.5,17.5,13.0,2025-10-29,22,2
2025-10-29 23:00:00+00:00,251.5,88.0,1008.7,17.2,14.8,2025-10-29,23,2
2025-10-30 00:00:00+00:00,269.5,87.0,1008.8,16.7,13.7,2025-10-30,0,3
2025-10-30 01:00:00+00:00,274.5,86.0,1009.2,16.6,13.3,2025-10-30,1,3
2025-10-30 02:00:00+00:00,294.5,87.0,1009.3,15.8,12.6,2025-10-30,2,3
2025-10-30 03:00:00+00:00,292.9,88.0,1009.4,15.0,11.9,2025-10-30,3,3
2025-10-30 04:00:00+00:00,294.6,86.0,1009.7,14.6,11.2,2025-10-30,4,3
2025-10-30 05:00:00+00:00,289.8,86.7,1010.1,14.3,10.4,2025-10-30,5,3
2025-10-30 06:00:00+00:00,286.6,87.3,1010.5,13.8,10.8,2025-10-30,6,3
2025-10-30 07:00:00+00:00,284.8,88.0,1011.3,13.6,11.2,2025-10-30,7,3
2025-10-30 08:00:00+00:00,279.0,86.0,1012.6,15.1,10.6,2025-10-30,8,3
2025-10-30 09:00:00+00:00,277.6,76.0,1013.3,17.7,10.1,2025-10-30,9,3
2025-10-30 10:00:00+00:00,277.2,67.0,1013.5,19.9,11.5,2025-10-30,10,3
2025-10-30 11:00:00+00:00,218.9,59.0,1013.2,21.4,10.8,2025-10-30,11,3
2025-10-30 12:00:00+00:00,173.7,57.0,1012.9,22.2,9.7,2025-10-30,12,3
2025-10-30 13:00:00+00:00,133.0,56.0,1012.4,22.7,10.8,2025-10-30,13,3
2025-10-30 14:00:00+00:00,108.8,58.0,1011.9,22.4,16.6,2025-10-30,14,3
2025-10-30 15:00:00+00:00,105.7,64.0,1011.8,21.5,18.4,2025-10-30,15,3
2025-10-30 16:00:00+00:00,110.4,70.0,1012.0,20.8,18.0,2025-10-30,16,3
2025-10-30 17:00:00+00:00,121.4,77.0,1012.2,19.8,20.5,2025-10-30,17,3
2025-10-30 18:00:00+00:00,163.5,80.0,1012.8,18.8,20.2,2025-10-30,18,3
2025-10-30 19:00:00+00:00,296.3,81.0,1014.0,17.7,14.8,2025-10-30,19,3
2025-10-30 20:00:00+00:00,315.5,89.0,1014.3,16.6,9.7,2025-10-30,20,3
2025-10-30 21:00:00+00:00,274.5,83.0,1014.8,16.5,11.9,2025-10-30,21,3
2025-10-30 22:00:00+00:00,237.3,80.0,1015.2,15.9,11.5,2025-10-30,22,3
2025-10-30 23:00:00+00:00,241.8,78.0,1015.1,15.6,13.0,2025-10-30,23,3
2025-10-31 00:00:00+00:00,261.8,77.0,1014.9,15.4,13.7,2025-10-31,0,4
2025-10-31 01:00:00+00:00,258.7,74.0,1015.0,15.8,15.5,2025-10-31,1,4
2025-10-31 02:00:00+00:00,261.3,76.0,1015.1,15.5,15.8,2025-10-31,2,4
2025-10-31 03:00:00+00:00,263.8,78.0,1014.7,15.1,16.6,2025-10-31,3,4
2025-10-31 04:00:00+00:00,251.5,79.0,1015.0,15.0,17.3,2025-10-31,4,4
2025-10-31 05:00:00+00:00,254.2,78.0,1015.3,15.1,17.6,2025-10-31,5,4
2025-10-31 06:00:00+00:00,251.8,78.5,1015.5,15.2,18.4,2025-10-31,6,4
2025-10-31 07:00:00+00:00,244.7,79.0,1015.8,15.4,19.1,2025-10-31,7,4
2025-10-31 08:00:00+00:00,242.3,75.0,1016.4,16.9,18.4,2025-10-31,8,4
2025-10-31 09:00:00+00:00,235.4,70.0,1016.5,19.2,16.9,2025-10-31,9,4
2025-10-31 10:00:00+00:00,243.3,62.0,1016.4,20.9,18.0,2025-10-31,10,4
2025-10-31 11:00:00+00:00,257.6,56.0,1016.3,22.1,19.1,2025-10-31,11,4
2025-10-31 12:00:00+00:00,258.3,52.0,1015.8,23.0,19.8,2025-10-31,12,4
2025-10-31 13:00:00+00:00,250.5,48.0,1014.7,23.4,19.4,2025-10-31,13,4
2025-10-31 14:00:00+00:00,251.6,47.0,1014.4,23.3,18.7,2025-10-31,14,4
2025-10-31 15:00:00+00:00,249.2,49.0,1014.5,22.7,16.9,2025-10-31,15,4
2025-10-31 16:00:00+00:00,250.4,52.0,1014.8,22.0,17.3,2025-10-31,16,4
2025-10-31 17:00:00+00:00,252.8,54.0,1015.0,20.8,15.5,2025-10-31,17,4
2025-10-31 18:00:00+00:00,233.9,58.0,1015.7,19.7,13.7,2025-10-31,18,4
2025-10-31 19:00:00+00:00,240.7,56.0,1016.2,19.5,15.8,2025-10-31,19,4
2025-10-31 20:00:00+00:00,243.0,60.0,1016.5,18.5,15.5,2025-10-31,20,4
2025-10-31 21:00:00+00:00,245.2,62.0,1016.8,17.8,15.8,2025-10-31,21,4
2025-10-31 22:00:00+00:00,246.8,64.0,1017.0,17.2,16.2,2025-10-31,22,4
2025-10-31 23:00:00+00:00,247.5,66.0,1016.7,16.4,16.0,2025-10-31,23,4
2025-11-01 00:00:00+00:00,249.8,68.0,1016.6,15.8,15.8,2025-11-01,0,5
2025-11-01 01:00:00+00:00,252.0,72.0,1016.6,15.5,13.7,2025-11-01,1,5
2025-11-01 02:00:00+00:00,252.9,73.0,1016.5,15.2,14.8,2025-11-01,2,5
2025-11-01 03:00:00+00:00,250.8,73.5,1016.4,15.1,16.6,2025-11-01,3,5
2025-11-01 04:00:00+00:00,254.5,74.0,1016.2,14.9,17.6,2025-11-01,4,5
2025-11-01 05:00:00+00:00,256.6,74.3,1016.5,14.7,18.4,2025-11-01,5,5
2025-11-01 06:00:00+00:00,256.8,74.7,1017.0,14.6,19.1,2025-11-01,6,5
2025-11-01 07:00:00+00:00,249.5,75.0,1017.5,14.7,18.6,2025-11-01,7,5
2025-11-01 08:00:00+00:00,248.1,71.0,1018.2,16.0,18.0,2025-11-01,8,5
2025-11-01 09:00:00+00:00,239.3,66.0,1018.7,18.3,18.7,2025-11-01,9,5
2025-11-01 10:00:00+00:00,231.6,58.0,1018.6,20.3,18.0,2025-11-01,10,5
2025-11-01 11:00:00+00:00,230.1,55.0,1018.3,21.6,18.4,2025-11-01,11,5
2025-11-01 12:00:00+00:00,246.3,48.0,1017.5,23.2,18.0,2025-11-01,12,5
2025-11-01 13:00:00+00:00,248.9,43.0,1017.0,24.1,16.9,2025-11-01,13,5
2025-11-01 14:00:00+00:00,244.9,37.0,1016.4,24.6,16.6,2025-11-01,14,5
2025-11-01 15:00:00+00:00,237.7,38.0,1016.5,23.9,17.6,2025-11-01,15,5
2025-11-01 16:00:00+00:00,236.5,42.0,1016.6,23.0,19.4,2025-11-01,16,5
2025-11-01 17:00:00+00:00,237.2,45.0,1016.8,21.4,20.9,2025-11-01,17,5
2025-11-01 18:00:00+00:00,249.4,47.0,1017.3,20.5,19.4,2025-11-01,18,5
2025-11-01 19:00:00+00:00,247.2,49.0,1018.0,19.4,18.7,2025-11-01,19,5
2025-11-01 20:00:00+00:00,251.6,53.0,1018.3,18.4,17.3,2025-11-01,20,5
2025-11-01 21:00:00+00:00,269.0,56.0,1018.8,17.8,18.0,2025-11-01,21,5
2025-11-01 22:00:00+00:00,274.6,56.5,1019.1,17.7,16.6,2025-11-01,22,5
2025-11-01 23:00:00+00:00,270.2,57.0,1018.9,17.6,16.9,2025-11-01,23,5
2025-11-02 00:00:00+00:00,259.7,59.0,1019.0,17.2,19.8,2025-11-02,0,6
2025-11-02 01:00:00+00:00,258.5,58.0,1018.6,17.1,18.4,2025-11-02,1,6
2025-11-02 02:00:00+00:00,258.7,59.0,1018.2,17.2,19.4,2025-11-02,2,6
2025-11-02 03:00:00+00:00,256.0,60.0,1017.7,17.3,18.7,2025-11-02,3,6
2025-11-02 04:00:00+00:00,244.2,62.0,1017.2,17.6,18.0,2025-11-02,4,6
2025-11-02 05:00:00+00:00,251.9,65.0,1017.8,18.0,16.6,2025-11-02,5,6
2025-11-02 06:00:00+00:00,272.0,67.0,1018.5,18.6,17.6,2025-11-02,6,6
2025-11-02 07:00:00+00:00,240.7,69.0,1018.7,18.7,19.1,2025-11-02,7,6
2025-11-02 08:00:00+00:00,245.6,70.0,1019.1,19.1,18.7,2025-11-02,8,6
2025-11-02 09:00:00+00:00,261.4,60.0,1019.6,21.5,16.6,2025-11-02,9,6
2025-11-02 10:00:00+00:00,270.6,52.0,1019.4,22.9,14.8,2025-11-02,10,6
2025-11-02 11:00:00+00:00,274.3,46.0,1019.6,24.0,13.7,2025-11-02,11,6
2025-11-02 12:00:00+00:00,287.5,42.0,1018.9,24.7,7.9,2025-11-02,12,6
2025-11-02 13:00:00+00:00,333.0,39.0,1018.2,25.2,11.9,2025-11-02,13,6
2025-11-02 14:00:00+00:00,101.3,41.0,1017.9,24.9,15.8,2025-11-02,14,6
2025-11-02 15:00:00+00:00,106.5,52.0,1018.1,23.6,17.6,2025-11-02,15,6
2025-11-02 16:00:00+00:00,105.8,62.0,1018.8,22.2,17.3,2025-11-02,16,6
2025-11-02 17:00:00+00:00,83.1,72.0,1019.6,20.6,13.3,2025-11-02,17,6
2025-11-02 18:00:00+00:00,52.6,77.0,1020.6,20.0,15.8,2025-11-02,18,6
2025-11-02 19:00:00+00:00,31.6,79.0,1021.5,19.4,14.0,2025-11-02,19,6
2025-11-02 20:00:00+00:00,15.1,75.0,1022.3,18.5,15.1,2025-11-02,20,6
2025-11-02 21:00:00+00:00,351.9,73.0,1022.9,17.6,13.7,2025-11-02,21,6
2025-11-02 22:00:00+00:00,342.0,72.0,1023.4,16.4,9.7,2025-11-02,22,6
2025-11-02 23:00:00+00:00,319.1,60.0,1023.6,15.4,11.5,2025-11-02,23,6
2025-11-03 00:00:00+00:00,295.9,59.0,1023.3,14.0,12.2,2025-11-03,0,0
2025-11-03 01:00:00+00:00,303.6,56.0,1023.2,13.9,13.3,2025-11-03,1,0
2025-11-03 02:00:00+00:00,311.0,57.0,1023.2,13.7,11.5,2025-11-03,2,0
2025-11-03 03:00:00+00:00,304.5,58.0,1023.1,13.6,9.4,2025-11-03,3,0
2025-11-03 04:00:00+00:00,290.3,59.0,1023.3,13.2,8.6,2025-11-03,4,0
2025-11-03 05:00:00+00:00,284.7,63.0,1023.5,12.8,10.1,2025-11-03,5,0
2025-11-03 06:00:00+00:00,287.3,68.0,1023.6,12.5,10.8,2025-11-03,6,0
2025-11-03 07:00:00+00:00,282.8,62.0,1024.2,12.2,8.6,2025-11-03,7,0
2025-11-03 08:00:00+00:00,268.5,60.0,1024.8,13.5,9.0,2025-11-03,8,0
2025-11-03 09:00:00+00:00,275.7,54.0,1025.3,15.9,6.8,2025-11-03,9,0
2025-11-03 10:00:00+00:00,266.7,48.0,1025.4,18.6,4.3,2025-11-03,10,0
2025-11-03 11:00:00+00:00,180.8,47.0,1025.4,20.1,4.0,2025-11-03,11,0
2025-11-03 12:00:00+00:00,129.2,39.0,1024.7,20.8,7.2,2025-11-03,12,0
2025-11-03 13:00:00+00:00,130.9,35.0,1024.3,21.2,8.6,2025-11-03,13,0
2025-11-03 14:00:00+00:00,128.6,39.0,1023.9,21.0,10.1,2025-11-03,14,0
2025-11-03 15:00:00+00:00,126.0,43.0,1023.5,20.6,10.2,2025-11-03,15,0
2025-11-03 16:00:00+00:00,125.9,47.0,1023.4,19.7,10.4,2025-11-03,16,0
2025-11-03 17:00:00+00:00,122.5,55.0,1023.8,18.3,9.4,2025-11-03,17,0
2025-11-03 18:00:00+00:00,107.0,60.0,1024.1,17.6,8.6,2025-11-03,18,0
2025-11-03 19:00:00+00:00,152.2,64.0,1024.4,17.1,7.6,2025-11-03,19,0
2025-11-03 20:00:00+00:00,279.6,69.0,1024.5,16.3,6.5,2025-11-03,20,0
2025-11-03 21:00:00+00:00,308.0,70.0,1024.9,15.4,4.7,2025-11-03,21,0
2025-11-03 22:00:00+00:00,311.7,74.0,1024.8,14.1,6.5,2025-11-03,22,0
2025-11-03 23:00:00+00:00,311.9,75.0,1024.7,13.6,8.6,2025-11-03,23,0
2025-11-04 00:00:00+00:00,310.1,76.0,1024.4,13.1,9.4,2025-11-04,0,1
2025-11-04 01:00:00+00:00,298.3,77.0,1024.1,12.6,8.3,2025-11-04,1,1
2025-11-04 02:00:00+00:00,297.8,79.0,1023.6,12.0,7.6,2025-11-04,2,1
2025-11-04 03:00:00+00:00,295.0,82.0,1023.0,11.5,6.5,2025-11-04,3,1
2025-11-04 04:00:00+00:00,287.2,83.0,1023.1,11.2,8.3,2025-11-04,4,1
2025-11-04 05:00:00+00:00,293.5,82.0,1023.2,11.1,7.8,2025-11-04,5,1
2025-11-04 06:00:00+00:00,296.7,81.5,1023.2,11.0,7.2,2025-11-04,6,1
2025-11-04 07:00:00+00:00,290.2,81.0,1023.5,10.8,7.8,2025-11-04,7,1
2025-11-04 08:00:00+00:00,280.3,73.0,1023.9,12.7,8.3,2025-11-04,8,1
2025-11-04 09:00:00+00:00,281.1,62.0,1024.2,15.9,7.2,2025-11-04,9,1
2025-11-04 10:00:00+00:00,242.0,55.0,1023.8,18.3,4.3,2025-11-04,10,1
2025-11-04 11:00:00+00:00,217.6,54.5,1023.5,19.7,5.4,2025-11-04,11,1
2025-11-04 12:00:00+00:00,199.9,54.0,1022.9,20.6,6.5,2025-11-04,12,1
2025-11-04 13:00:00+00:00,126.6,55.0,1021.8,21.0,9.7,2025-11-04,13,1
2025-11-04 14:00:00+00:00,117.1,56.0,1021.3,20.7,13.3,2025-11-04,14,1
2025-11-04 15:00:00+00:00,114.2,59.0,1021.1,20.0,12.6,2025-11-04,15,1
2025-11-04 16:00:00+00:00,115.3,65.0,1021.2,19.2,13.3,2025-11-04,16,1
2025-11-04 17:00:00+00:00,108.6,75.0,1021.3,18.1,11.5,2025-11-04,17,1
2025-11-04 18:00:00+00:00,67.5,80.0,1021.9,17.5,10.4,2025-11-04,18,1
2025-11-04 19:00:00+00:00,358.6,83.0,1022.3,17.0,9.4,2025-11-04,19,1
2025-11-04 20:00:00+00:00,334.5,87.0,1022.4,16.0,8.3,2025-11-04,20,1
2025-11-04 21:00:00+00:00,319.6,88.0,1022.4,15.4,9.0,2025-11-04,21,1
2025-11-04 22:00:00+00:00,319.0,89.0,1022.2,14.8,8.6,2025-11-04,22,1
2025-11-04 23:00:00+00:00,317.0,89.5,1022.0,14.2,9.0,2025-11-04,23,1
2025-11-05 00:00:00+00:00,314.5,90.0,1021.9,13.6,9.4,2025-11-05,0,2
2025-11-05 01:00:00+00:00,318.7,90.5,1021.1,13.2,9.0,2025-11-05,1,2
2025-11-05 02:00:00+00:00,309.2,91.0,1020.9,12.8,9.4,2025-11-05,2,2
2025-11-05 03:00:00+00:00,310.6,90.7,1020.1,12.4,8.3,2025-11-05,3,2
2025-11-05 04:00:00+00:00,310.0,90.3,1020.0,12.2,7.6,2025-11-05,4,2
2025-11-05 05:00:00+00:00,313.2,90.0,1019.9,12.1,5.8,2025-11-05,5,2
2025-11-05 06:00:00+00:00,303.6,90.5,1020.2,11.9,7.9,2025-11-05,6,2
2025-11-05 07:00:00+00:00,299.8,91.0,1020.2,11.8,8.6,2025-11-05,7,2
2025-11-05 08:00:00+00:00,297.8,90.0,1020.3,13.2,7.9,2025-11-05,8,2
2025-11-05 09:00:00+00:00,289.7,80.0,1019.8,16.4,6.8,2025-11-05,9,2
2025-11-05 10:00:00+00:00,331.8,72.0,1019.5,18.8,5.4,2025-11-05,10,2
2025-11-05 11:00:00+00:00,94.5,67.0,1018.8,19.9,6.5,2025-11-05,11,2
2025-11-05 12:00:00+00:00,116.7,65.0,1018.0,20.6,10.1,2025-11-05,12,2
2025-11-05 13:00:00+00:00,116.3,61.0,1017.0,21.6,10.4,2025-11-05,13,2
2025-11-05 14:00:00+00:00,112.9,62.5,1015.8,21.4,11.2,2025-11-05,14,2
2025-11-05 15:00:00+00:00,98.7,64.0,1015.0,21.2,12.2,2025-11-05,15,2
2025-11-05 16:00:00+00:00,73.2,70.0,1015.1,20.3,11.2,2025-11-05,16,2
2025-11-05 17:00:00+00:00,66.1,74.0,1014.7,19.8,11.5,2025-11-05,17,2
2025-11-05 18:00:00+00:00,55.1,77.0,1014.6,19.5,13.7,2025-11-05,18,2
2025-11-05 19:00:00+00:00,38.7,88.0,1014.3,18.6,12.2,2025-11-05,19,2
2025-11-05 20:00:00+00:00,49.3,89.7,1014.1,18.4,10.8,2025-11-05,20,2
2025-11-05 21:00:00+00:00,332.8,91.3,1013.9,18.2,13.7,2025-11-05,21,2
2025-11-05 22:00:00+00:00,342.2,93.0,1013.1,17.0,8.6,2025-11-05,22,2
2025-11-05 23:00:00+00:00,306.8,94.0,1012.8,16.5,9.0,2025-11-05,23,2
2025-11-06 00:00:00+00:00,301.5,95.0,1012.1,16.1,10.1,2025-11-06,0,3
2025-11-06 01:00:00+00:00,281.9,96.0,1011.5,15.8,11.9,2025-11-06,1,3
2025-11-06 02:00:00+00:00,252.0,93.0,1011.1,15.6,14.0,2025-11-06,2,3
2025-11-06 03:00:00+00:00,245.0,90.0,1010.5,15.7,15.8,2025-11-06,3,3
2025-11-06 04:00:00+00:00,251.0,80.0,1010.0,16.4,18.7,2025-11-06,4,3
2025-11-06 05:00:00+00:00,256.9,72.0,1010.1,15.8,21.2,2025-11-06,5,3
2025-11-06 06:00:00+00:00,265.4,66.0,1010.2,15.7,25.2,2025-11-06,6,3
2025-11-06 07:00:00+00:00,263.8,63.0,1010.9,15.3,28.8,2025-11-06,7,3
2025-11-06 08:00:00+00:00,268.7,59.0,1011.7,15.7,24.5,2025-11-06,8,3
2025-11-06 09:00:00+00:00,252.1,52.0,1011.9,16.9,23.8,2025-11-06,9,3
2025-11-06 10:00:00+00:00,268.7,44.0,1011.8,18.4,24.1,2025-11-06,10,3
2025-11-06 11:00:00+00:00,268.0,38.0,1011.4,19.7,25.2,2025-11-06,11,3
2025-11-06 12:00:00+00:00,266.8,36.0,1010.7,20.4,28.4,2025-11-06,12,3
2025-11-06 13:00:00+00:00,270.1,33.0,1010.1,21.1,27.4,2025-11-06,13,3
2025-11-06 14:00:00+00:00,267.4,32.0,1010.0,21.3,28.8,2025-11-06,14,3
2025-11-06 15:00:00+00:00,272.1,30.0,1010.3,20.9,28.4,2025-11-06,15,3
2025-11-06 16:00:00+00:00,275.7,33.0,1010.9,20.5,27.0,2025-11-06,16,3
2025-11-06 17:00:00+00:00,279.5,38.0,1011.7,18.9,25.9,2025-11-06,17,3
2025-11-06 18:00:00+00:00,269.0,41.0,1012.4,17.7,22.3,2025-11-06,18,3
2025-11-06 19:00:00+00:00,254.2,45.0,1012.9,16.5,24.1,2025-11-06,19,3
2025-11-06 20:00:00+00:00,259.1,46.0,1013.4,16.0,22.8,2025-11-06,20,3
2025-11-06 21:00:00+00:00,269.0,47.0,1013.8,15.7,21.6,2025-11-06,21,3
2025-11-06 22:00:00+00:00,277.4,49.0,1014.2,15.4,20.5,2025-11-06,22,3
2025-11-06 23:00:00+00:00,280.2,51.0,1014.3,14.9,20.2,2025-11-06,23,3
2025-11-07 00:00:00+00:00,280.8,52.0,1014.2,14.5,19.8,2025-11-07,0,4
2025-11-07 01:00:00+00:00,281.6,55.0,1014.0,14.4,22.0,2025-11-07,1,4
2025-11-07 02:00:00+00:00,284.2,57.0,1013.7,14.0,20.9,2025-11-07,2,4
2025-11-07 03:00:00+00:00,281.3,58.0,1013.9,13.6,20.5,2025-11-07,3,4
2025-11-07 04:00:00+00:00,280.9,58.3,1013.8,13.4,20.2,2025-11-07,4,4
2025-11-07 05:00:00+00:00,275.0,58.7,1014.0,13.1,20.5,2025-11-07,5,4
2025-11-07 06:00:00+00:00,273.6,59.0,1014.6,13.0,21.6,2025-11-07,6,4
2025-11-07 07:00:00+00:00,274.2,57.5,1014.5,12.8,20.9,2025-11-07,7,4
2025-11-07 08:00:00+00:00,273.0,56.0,1014.8,14.0,20.2,2025-11-07,8,4
2025-11-07 09:00:00+00:00,276.5,51.0,1014.9,16.0,21.6,2025-11-07,9,4
2025-11-07 10:00:00+00:00,279.3,48.0,1014.7,17.4,21.2,2025-11-07,10,4
2025-11-07 11:00:00+00:00,282.4,44.0,1014.4,18.8,20.5,2025-11-07,11,4
2025-11-07 12:00:00+00:00,279.3,41.0,1013.5,19.7,19.1,2025-11-07,12,4
2025-11-07 13:00:00+00:00,270.3,38.0,1012.8,21.3,19.8,2025-11-07,13,4
2025-11-07 14:00:00+00:00,270.5,36.0,1011.7,22.4,15.8,2025-11-07,14,4
2025-11-07 15:00:00+00:00,227.9,34.0,1010.6,23.3,16.6,2025-11-07,15,4
2025-11-07 16:00:00+00:00,248.4,41.0,1010.9,21.7,22.7,2025-11-07,16,4
2025-11-07 17:00:00+00:00,270.3,47.0,1011.3,19.9,25.9,2025-11-07,17,4
2025-11-07 18:00:00+00:00,277.1,49.0,1012.1,19.2,22.0,2025-11-07,18,4
2025-11-07 19:00:00+00:00,267.3,55.0,1012.8,18.0,23.0,2025-11-07,19,4
2025-11-07 20:00:00+00:00,260.2,60.0,1013.1,17.5,22.7,2025-11-07,20,4
2025-11-07 21:00:00+00:00,255.3,70.0,1013.5,16.7,20.9,2025-11-07,21,4
2025-11-07 22:00:00+00:00,236.8,81.0,1013.7,15.8,16.9,2025-11-07,22,4
2025-11-07 23:00:00+00:00,263.9,78.0,1013.0,15.9,20.2,2025-11-07,23,4
2025-11-08 00:00:00+00:00,272.2,76.0,1012.1,15.8,18.0,2025-11-08,0,5
2025-11-08 01:00:00+00:00,283.0,69.0,1011.9,15.7,19.8,2025-11-08,1,5
2025-11-08 02:00:00+00:00,289.6,77.0,1012.0,15.0,22.3,2025-11-08,2,5
2025-11-08 03:00:00+00:00,258.4,79.0,1011.1,14.7,16.9,2025-11-08,3,5
2025-11-08 04:00:00+00:00,250.6,78.0,1010.9,14.4,17.3,2025-11-08,4,5
2025-11-08 05:00:00+00:00,255.6,75.0,1010.8,14.5,19.1,2025-11-08,5,5
2025-11-08 06:00:00+00:00,275.6,74.0,1010.9,14.2,23.0,2025-11-08,6,5
2025-11-08 07:00:00+00:00,295.6,67.0,1011.6,14.4,21.6,2025-11-08,7,5
2025-11-08 08:00:00+00:00,303.7,61.0,1012.6,15.4,22.0,2025-11-08,8,5
2025-11-08 09:00:00+00:00,306.3,50.0,1013.4,17.0,24.5,2025-11-08,9,5
2025-11-08 10:00:00+00:00,291.8,44.0,1013.5,17.9,20.2,2025-11-08,10,5
2025-11-08 11:00:00+00:00,298.0,40.0,1013.8,18.8,22.0,2025-11-08,11,5
2025-11-08 12:00:00+00:00,312.5,37.0,1013.9,19.6,19.4,2025-11-08,12,5
2025-11-08 13:00:00+00:00,328.5,33.0,1013.9,20.5,23.8,2025-11-08,13,5
2025-11-08 14:00:00+00:00,334.0,34.0,1014.0,20.4,23.4,2025-11-08,14,5
2025-11-08 15:00:00+00:00,324.9,35.5,1014.3,20.3,17.6,2025-11-08,15,5
2025-11-08 16:00:00+00:00,322.5,37.0,1015.0,19.7,11.9,2025-11-08,16,5
2025-11-08 17:00:00+00:00,319.3,43.0,1015.7,17.9,11.2,2025-11-08,17,5
2025-11-08 18:00:00+00:00,312.9,46.0,1016.9,16.9,13.0,2025-11-08,18,5
2025-11-08 19:00:00+00:00,297.8,49.0,1017.5,15.8,17.6,2025-11-08,19,5
2025-11-08 20:00:00+00:00,282.9,50.0,1018.2,15.1,16.6,2025-11-08,20,5
2025-11-08 21:00:00+00:00,257.6,53.0,1018.8,14.3,13.0,2025-11-08,21,5
2025-11-08 22:00:00+00:00,238.6,56.0,1019.2,13.8,11.5,2025-11-08,22,5
2025-11-08 23:00:00+00:00,245.4,59.0,1019.3,13.2,12.4,2025-11-08,23,5
2025-11-09 00:00:00+00:00,261.2,64.0,1019.4,12.2,13.3,2025-11-09,0,6
2025-11-09 01:00:00+00:00,266.6,65.0,1019.5,11.9,14.0,2025-11-09,1,6
2025-11-09 02:00:00+00:00,272.2,69.0,1019.4,11.1,13.7,2025-11-09,2,6
2025-11-09 03:00:00+00:00,283.3,73.0,1019.5,10.3,12.2,2025-11-09,3,6
2025-11-09 04:00:00+00:00,283.9,75.0,1019.5,9.7,11.9,2025-11-09,4,6
2025-11-09 05:00:00+00:00,275.7,76.0,1019.6,9.4,11.2,2025-11-09,5,6
2025-11-09 06:00:00+00:00,280.6,74.3,1019.7,9.0,10.6,2025-11-09,6,6
2025-11-09 07:00:00+00:00,281.9,72.7,1020.0,8.9,10.1,2025-11-09,7,6
2025-11-09 08:00:00+00:00,279.3,71.0,1020.5,10.4,9.2,2025-11-09,8,6
2025-11-09 09:00:00+00:00,267.8,60.0,1020.8,13.1,8.3,2025-11-09,9,6
2025-11-09 10:00:00+00:00,249.7,51.0,1020.9,15.9,9.6,2025-11-09,10,6
2025-11-09 11:00:00+00:00,231.0,44.0,1020.6,17.8,10.8,2025-11-09,11,6
2025-11-09 12:00:00+00:00,208.0,41.0,1019.8,19.3,9.0,2025-11-09,12,6
2025-11-09 13:00:00+00:00,192.0,37.0,1019.2,20.0,7.6,2025-11-09,13,6
2025-11-09 14:00:00+00:00,165.3,36.0,1018.5,20.1,8.3,2025-11-09,14,6
2025-11-09 15:00:00+00:00,150.1,39.0,1018.3,19.5,11.9,2025-11-09,15,6
2025-11-09 16:00:00+00:00,139.4,47.0,1018.2,18.3,13.0,2025-11-09,16,6
2025-11-09 17:00:00+00:00,133.8,60.0,1018.3,16.4,12.2,2025-11-09,17,6
2025-11-09 18:00:00+00:00,142.8,74.0,1018.6,15.3,10.4,2025-11-09,18,6
2025-11-09 19:00:00+00:00,253.7,78.0,1018.9,14.9,6.8,2025-11-09,19,6
2025-11-09 20:00:00+00:00,307.8,79.0,1018.7,14.0,8.1,2025-11-09,20,6
2025-11-09 21:00:00+00:00,309.3,80.0,1018.8,12.6,9.4,2025-11-09,21,6
2025-11-09 22:00:00+00:00,290.7,78.5,1018.8,11.6,11.2,2025-11-09,22,6
2025-11-09 23:00:00+00:00,281.5,77.0,1018.7,10.9,11.5,2025-11-09,23,6
2025-11-10 00:00:00+00:00,276.3,76.0,1018.3,10.1,10.8,2025-11-10,0,0
2025-11-10 01:00:00+00:00,274.9,77.0,1017.8,9.4,11.5,2025-11-10,1,0
2025-11-10 02:00:00+00:00,270.5,76.0,1017.5,9.1,12.6,2025-11-10,2,0
2025-11-10 03:00:00+00:00,271.8,75.0,1017.1,8.9,13.3,2025-11-10,3,0
2025-11-10 04:00:00+00:00,273.7,73.0,1016.8,8.8,13.7,2025-11-10,4,0
2025-11-10 05:00:00+00:00,276.8,72.0,1016.7,8.7,13.8,2025-11-10,5,0
2025-11-10 06:00:00+00:00,279.8,71.0,1016.8,8.6,14.0,2025-11-10,6,0
2025-11-10 07:00:00+00:00,278.5,67.5,1016.9,8.5,13.7,2025-11-10,7,0
2025-11-10 08:00:00+00:00,271.7,64.0,1017.2,10.2,14.0,2025-11-10,8,0
2025-11-10 09:00:00+00:00,270.7,55.0,1017.3,13.2,14.4,2025-11-10,9,0
2025-11-10 10:00:00+00:00,300.6,45.0,1017.1,16.3,12.2,2025-11-10,10,0
2025-11-10 11:00:00+00:00,198.4,38.0,1016.9,18.4,9.0,2025-11-10,11,0
2025-11-10 12:00:00+00:00,143.0,36.0,1016.2,19.7,10.1,2025-11-10,12,0
2025-11-10 13:00:00+00:00,119.1,38.0,1015.6,20.4,11.2,2025-11-10,13,0
2025-11-10 14:00:00+00:00,87.8,39.0,1015.2,20.5,10.1,2025-11-10,14,0
2025-11-10 15:00:00+00:00,82.5,43.0,1015.3,19.9,11.2,2025-11-10,15,0
2025-11-10 16:00:00+00:00,73.4,52.0,1015.6,18.1,11.9,2025-11-10,16,0
2025-11-10 17:00:00+00:00,69.8,63.0,1015.9,15.9,9.0,2025-11-10,17,0
2025-11-10 18:00:00+00:00,25.3,72.0,1016.6,14.7,6.5,2025-11-10,18,0
2025-11-10 19:00:00+00:00,2.7,75.0,1017.1,13.9,7.6,2025-11-10,19,0
2025-11-10 20:00:00+00:00,324.8,80.0,1017.5,12.8,9.0,2025-11-10,20,0
2025-11-10 21:00:00+00:00,290.7,82.0,1017.8,12.0,7.9,2025-11-10,21,0
2025-11-10 22:00:00+00:00,287.1,80.0,1018.0,11.5,10.1,2025-11-10,22,0
2025-11-10 23:00:00+00:00,294.1,78.0,1018.1,10.9,9.7,2025-11-10,23,0
2025-11-11 00:00:00+00:00,287.1,77.5,1018.0,10.4,9.4,2025-11-11,0,1
2025-11-11 01:00:00+00:00,287.6,77.0,1017.9,10.4,10.8,2025-11-11,1,1
2025-11-11 02:00:00+00:00,287.4,77.5,1017.7,10.3,10.1,2025-11-11,2,1
2025-11-11 03:00:00+00:00,289.1,78.0,1017.3,10.0,9.0,2025-11-11,3,1
2025-11-11 04:00:00+00:00,296.7,79.0,1017.1,9.9,8.3,2025-11-11,4,1
2025-11-11 05:00:00+00:00,299.7,78.0,1017.2,9.7,8.4,2025-11-11,5,1
2025-11-11 06:00:00+00:00,301.2,77.0,1017.5,9.5,8.6,2025-11-11,6,1
2025-11-11 07:00:00+00:00,296.8,76.0,1017.8,9.7,9.0,2025-11-11,7,1
2025-11-11 08:00:00+00:00,298.4,70.0,1018.2,11.3,9.4,2025-11-11,8,1
2025-11-11 09:00:00+00:00,293.3,61.0,1018.3,14.0,5.4,2025-11-11,9,1
2025-11-11 10:00:00+00:00,292.8,52.0,1017.9,16.4,3.2,2025-11-11,10,1
2025-11-11 11:00:00+00:00,125.7,46.0,1017.7,18.1,3.6,2025-11-11,11,1
2025-11-11 12:00:00+00:00,109.2,44.0,1016.8,19.2,5.8,2025-11-11,12,1
2025-11-11 13:00:00+00:00,103.2,48.0,1016.4,19.6,6.5,2025-11-11,13,1
2025-11-11 14:00:00+00:00,108.2,49.0,1015.8,19.8,7.6,2025-11-11,14,1
2025-11-11 15:00:00+00:00,116.7,52.0,1015.5,19.2,8.6,2025-11-11,15,1
2025-11-11 16:00:00+00:00,121.1,57.0,1015.6,17.9,9.0,2025-11-11,16,1
2025-11-11 17:00:00+00:00,99.9,71.0,1015.6,16.0,7.9,2025-11-11,17,1
2025-11-11 18:00:00+00:00,346.3,73.0,1016.2,15.3,3.2,2025-11-11,18,1
2025-11-11 19:00:00+00:00,331.8,81.0,1016.6,14.1,6.8,2025-11-11,19,1
2025-11-11 20:00:00+00:00,323.3,83.0,1016.7,13.2,11.2,2025-11-11,20,1
2025-11-11 21:00:00+00:00,312.0,83.5,1016.6,12.8,10.8,2025-11-11,21,1
2025-11-11 22:00:00+00:00,304.5,84.0,1016.7,12.1,9.0,2025-11-11,22,1
2025-11-11 23:00:00+00:00,298.5,86.0,1016.6,11.3,7.2,2025-11-11,23,1
2025-11-12 00:00:00+00:00,294.1,89.0,1016.4,10.5,6.5,2025-11-12,0,2
2025-11-12 01:00:00+00:00,296.9,87.0,1016.3,10.2,7.6,2025-11-12,1,2
2025-11-12 02:00:00+00:00,293.2,89.0,1016.0,9.9,7.2,2025-11-12,2,2
2025-11-12 03:00:00+00:00,296.9,87.0,1016.0,9.7,6.8,2025-11-12,3,2
2025-11-12 04:00:00+00:00,304.8,86.0,1015.9,9.6,6.5,2025-11-12,4,2
2025-11-12 05:00:00+00:00,301.0,84.0,1016.1,9.6,6.8,2025-11-12,5,2
2025-11-12 06:00:00+00:00,307.8,81.0,1016.4,9.5,7.2,2025-11-12,6,2
2025-11-12 07:00:00+00:00,303.8,82.0,1017.1,9.5,7.6,2025-11-12,7,2
2025-11-12 08:00:00+00:00,306.8,75.0,1017.4,11.4,7.9,2025-11-12,8,2
2025-11-12 09:00:00+00:00,313.3,66.0,1017.5,14.9,5.4,2025-11-12,9,2
2025-11-12 10:00:00+00:00,10.3,62.0,1017.2,17.5,4.0,2025-11-12,10,2
2025-11-12 11:00:00+00:00,74.0,61.5,1016.9,18.8,7.6,2025-11-12,11,2
2025-11-12 12:00:00+00:00,78.7,61.0,1016.3,19.6,9.4,2025-11-12,12,2
2025-11-12 13:00:00+00:00,72.5,62.0,1016.1,20.2,11.2,2025-11-12,13,2
2025-11-12 14:00:00+00:00,68.8,66.0,1015.7,20.0,12.2,2025-11-12,14,2
2025-11-12 15:00:00+00:00,58.9,72.0,1015.4,19.8,15.1,2025-11-12,15,2
2025-11-12 16:00:00+00:00,39.0,75.0,1016.0,19.3,14.8,2025-11-12,16,2
2025-11-12 17:00:00+00:00,63.9,82.0,1016.1,18.1,16.2,2025-11-12,17,2
2025-11-12 18:00:00+00:00,49.9,85.0,1016.7,17.4,15.1,2025-11-12,18,2
2025-11-12 19:00:00+00:00,353.9,86.0,1017.0,16.3,13.7,2025-11-12,19,2
2025-11-12 20:00:00+00:00,324.7,87.0,1017.4,15.5,11.2,2025-11-12,20,2
2025-11-12 21:00:00+00:00,314.2,90.0,1017.7,14.5,11.9,2025-11-12,21,2
2025-11-12 22:00:00+00:00,307.5,91.0,1017.6,13.6,10.4,2025-11-12,22,2
2025-11-12 23:00:00+00:00,308.2,90.0,1017.6,13.8,13.0,2025-11-12,23,2
2025-11-13 00:00:00+00:00,306.9,87.0,1017.3,13.9,12.6,2025-11-13,0,3
2025-11-13 01:00:00+00:00,328.7,92.0,1016.8,13.1,11.2,2025-11-13,1,3
2025-11-13 02:00:00+00:00,319.5,91.0,1016.7,13.3,12.2,2025-11-13,2,3
2025-11-13 03:00:00+00:00,305.5,91.5,1016.3,13.1,10.4,2025-11-13,3,3
2025-11-13 04:00:00+00:00,300.7,92.0,1015.8,12.5,9.7,2025-11-13,4,3
2025-11-13 05:00:00+00:00,299.1,90.5,1015.6,12.1,8.6,2025-11-13,5,3
2025-11-13 06:00:00+00:00,305.4,89.0,1015.4,12.0,9.0,2025-11-13,6,3
2025-11-13 07:00:00+00:00,302.4,87.5,1015.7,12.3,8.6,2025-11-13,7,3
2025-11-13 08:00:00+00:00,295.1,86.0,1016.1,13.8,8.3,2025-11-13,8,3
2025-11-13 09:00:00+00:00,285.2,75.0,1016.4,16.6,6.5,2025-11-13,9,3
2025-11-13 10:00:00+00:00,323.2,68.0,1016.1,19.0,8.3,2025-11-13,10,3
2025-11-13 11:00:00+00:00,52.2,69.0,1015.4,20.1,10.1,2025-11-13,11,3
2025-11-13 12:00:00+00:00,70.6,68.0,1014.7,21.0,13.7,2025-11-13,12,3
2025-11-13 13:00:00+00:00,59.1,69.0,1014.5,21.3,16.6,2025-11-13,13,3
2025-11-13 14:00:00+00:00,62.3,68.0,1013.3,21.4,18.7,2025-11-13,14,3
2025-11-13 15:00:00+00:00,56.9,74.0,1012.7,20.6,18.4,2025-11-13,15,3
2025-11-13 16:00:00+00:00,60.0,82.0,1012.5,19.8,17.6,2025-11-13,16,3
2025-11-13 17:00:00+00:00,56.4,91.0,1012.4,18.6,15.5,2025-11-13,17,3
2025-11-13 18:00:00+00:00,41.3,95.0,1012.4,18.3,12.2,2025-11-13,18,3
2025-11-13 19:00:00+00:00,32.6,92.0,1012.6,17.9,12.6,2025-11-13,19,3
2025-11-13 20:00:00+00:00,23.3,91.0,1012.4,17.5,13.3,2025-11-13,20,3
2025-11-13 21:00:00+00:00,16.9,90.0,1011.7,17.1,16.2,2025-11-13,21,3
2025-11-13 22:00:00+00:00,2.7,91.0,1011.2,16.5,15.5,2025-11-13,22,3
2025-11-13 23:00:00+00:00,318.3,92.0,1010.8,15.9,10.8,2025-11-13,23,3
2025-11-14 00:00:00+00:00,304.8,93.0,1010.4,15.4,9.4,2025-11-14,0,4
2025-11-14 01:00:00+00:00,306.4,92.0,1010.1,15.6,8.3,2025-11-14,1,4
2025-11-14 02:00:00+00:00,342.4,90.0,1009.8,15.7,6.1,2025-11-14,2,4
2025-11-14 03:00:00+00:00,295.5,91.0,1009.3,15.3,9.7,2025-11-14,3,4
2025-11-14 04:00:00+00:00,298.5,92.0,1008.8,14.8,6.1,2025-11-14,4,4
2025-11-14 05:00:00+00:00,314.6,91.0,1008.3,14.9,7.6,2025-11-14,5,4
2025-11-14 06:00:00+00:00,298.6,90.0,1008.2,14.6,7.2,2025-11-14,6,4
2025-11-14 07:00:00+00:00,281.0,86.0,1008.5,15.8,10.1,2025-11-14,7,4
2025-11-14 08:00:00+00:00,283.0,80.0,1008.8,16.5,10.4,2025-11-14,8,4
2025-11-14 09:00:00+00:00,277.2,75.0,1009.5,17.7,9.4,2025-11-14,9,4
2025-11-14 10:00:00+00:00,284.3,61.0,1009.7,20.6,12.6,2025-11-14,10,4
2025-11-14 11:00:00+00:00,252.2,55.0,1009.8,21.4,14.0,2025-11-14,11,4
2025-11-14 12:00:00+00:00,254.6,53.0,1009.1,21.1,11.2,2025-11-14,12,4
2025-11-14 13:00:00+00:00,242.5,49.0,1008.5,21.3,15.8,2025-11-14,13,4
2025-11-14 14:00:00+00:00,242.2,44.0,1008.1,22.6,18.0,2025-11-14,14,4
2025-11-14 15:00:00+00:00,231.2,40.0,1007.8,22.7,13.7,2025-11-14,15,4
2025-11-14 16:00:00+00:00,193.0,47.0,1008.1,21.3,12.6,2025-11-14,16,4
2025-11-14 17:00:00+00:00,190.8,64.0,1008.4,18.9,14.4,2025-11-14,17,4
2025-11-14 18:00:00+00:00,201.4,75.0,1009.3,17.8,13.3,2025-11-14,18,4
2025-11-14 19:00:00+00:00,220.4,77.0,1009.7,17.0,12.2,2025-11-14,19,4
2025-11-14 20:00:00+00:00,253.7,79.0,1010.3,16.1,11.9,2025-11-14,20,4
2025-11-14 21:00:00+00:00,273.4,74.0,1010.7,15.4,11.5,2025-11-14,21,4
2025-11-14 22:00:00+00:00,279.2,65.0,1011.3,15.6,14.0,2025-11-14,22,4
2025-11-14 23:00:00+00:00,266.9,64.0,1011.1,16.1,13.0,2025-11-14,23,4
2025-11-15 00:00:00+00:00,264.2,65.0,1011.4,16.0,13.3,2025-11-15,0,5
2025-11-15 01:00:00+00:00,274.7,63.0,1011.6,15.9,13.0,2025-11-15,1,5
2025-11-15 02:00:00+00:00,275.4,66.0,1012.0,15.1,11.5,2025-11-15,2,5
2025-11-15 03:00:00+00:00,281.5,67.0,1012.0,14.8,12.6,2025-11-15,3,5
2025-11-15 04:00:00+00:00,273.4,70.0,1012.1,14.0,12.2,2025-11-15,4,5
2025-11-15 05:00:00+00:00,269.1,72.0,1012.2,13.4,10.8,2025-11-15,5,5
2025-11-15 06:00:00+00:00,270.4,75.0,1012.8,12.9,10.1,2025-11-15,6,5
2025-11-15 07:00:00+00:00,251.5,69.0,1013.5,13.6,12.2,2025-11-15,7,5
2025-11-15 08:00:00+00:00,263.9,66.0,1013.7,14.6,13.0,2025-11-15,8,5
2025-11-15 09:00:00+00:00,306.4,60.0,1013.6,16.6,8.6,2025-11-15,9,5
2025-11-15 10:00:00+00:00,309.5,54.0,1013.6,18.6,5.0,2025-11-15,10,5
2025-11-15 11:00:00+00:00,80.6,50.0,1013.2,20.1,6.8,2025-11-15,11,5
2025-11-15 12:00:00+00:00,118.0,48.0,1012.8,20.6,10.8,2025-11-15,12,5
2025-11-15 13:00:00+00:00,104.0,49.0,1012.1,20.7,13.3,2025-11-15,13,5
2025-11-15 14:00:00+00:00,117.0,52.0,1011.6,20.2,11.5,2025-11-15,14,5
2025-11-15 15:00:00+00:00,112.5,55.0,1010.9,20.0,9.4,2025-11-15,15,5
2025-11-15 16:00:00+00:00,76.0,61.0,1010.7,19.4,6.8,2025-11-15,16,5
2025-11-15 17:00:00+00:00,321.5,67.0,1010.6,18.1,7.9,2025-11-15,17,5
2025-11-15 18:00:00+00:00,298.0,72.0,1010.9,17.4,9.7,2025-11-15,18,5
2025-11-15 19:00:00+00:00,343.1,80.0,1010.0,16.5,4.7,2025-11-15,19,5
2025-11-15 20:00:00+00:00,245.9,85.0,1009.8,15.9,4.3,2025-11-15,20,5
2025-11-15 21:00:00+00:00,255.3,86.0,1009.7,15.7,9.0,2025-11-15,21,5
2025-11-15 22:00:00+00:00,294.5,91.0,1009.5,15.2,6.8,2025-11-15,22,5
2025-11-15 23:00:00+00:00,155.8,93.0,1008.4,15.3,13.0,2025-11-15,23,5
2025-11-16 00:00:00+00:00,266.2,91.0,1008.7,15.4,13.7,2025-11-16,0,6
2025-11-16 01:00:00+00:00,245.3,84.0,1008.4,15.9,14.8,2025-11-16,1,6
2025-11-16 02:00:00+00:00,250.2,75.0,1008.3,16.3,16.2,2025-11-16,2,6
2025-11-16 03:00:00+00:00,251.9,70.0,1008.2,16.7,19.4,2025-11-16,3,6
2025-11-16 04:00:00+00:00,264.7,72.0,1008.3,16.2,16.6,2025-11-16,4,6
2025-11-16 05:00:00+00:00,258.1,74.0,1008.4,15.8,18.7,2025-11-16,5,6
2025-11-16 06:00:00+00:00,254.6,76.0,1008.9,15.0,19.1,2025-11-16,6,6
2025-11-16 07:00:00+00:00,251.2,79.0,1009.7,14.0,19.4,2025-11-16,7,6
2025-11-16 08:00:00+00:00,251.9,75.0,1010.1,14.9,19.8,2025-11-16,8,6
2025-11-16 09:00:00+00:00,249.0,66.0,1010.5,16.2,19.4,2025-11-16,9,6
2025-11-16 10:00:00+00:00,246.0,59.0,1010.4,17.8,20.2,2025-11-16,10,6
2025-11-16 11:00:00+00:00,267.0,48.0,1010.2,19.6,24.5,2025-11-16,11,6
2025-11-16 12:00:00+00:00,271.2,45.0,1009.6,20.1,24.1,2025-11-16,12,6
2025-11-16 13:00:00+00:00,272.6,42.0,1009.2,20.7,23.0,2025-11-16,13,6
2025-11-16 14:00:00+00:00,272.1,44.0,1008.9,20.4,22.0,2025-11-16,14,6
2025-11-16 15:00:00+00:00,270.7,46.0,1009.0,20.0,22.3,2025-11-16,15,6
2025-11-16 16:00:00+00:00,256.1,51.0,1009.1,19.0,18.7,2025-11-16,16,6
2025-11-16 17:00:00+00:00,249.9,55.0,1009.8,17.5,18.4,2025-11-16,17,6
2025-11-16 18:00:00+00:00,256.6,57.0,1010.7,16.5,18.0,2025-11-16,18,6
2025-11-16 19:00:00+00:00,253.7,67.0,1011.8,15.2,14.8,2025-11-16,19,6
2025-11-16 20:00:00+00:00,251.8,69.0,1011.9,14.5,13.7,2025-11-16,20,6
2025-11-16 21:00:00+00:00,248.3,72.0,1012.1,13.8,12.2,2025-11-16,21,6
2025-11-16 22:00:00+00:00,246.4,72.5,1012.3,13.4,14.0,2025-11-16,22,6
2025-11-16 23:00:00+00:00,252.7,73.0,1012.1,13.2,15.1,2025-11-16,23,6
2025-11-17 00:00:00+00:00,256.8,73.5,1011.8,13.0,15.5,2025-11-17,0,0
2025-11-17 01:00:00+00:00,263.7,74.0,1012.0,13.2,14.0,2025-11-17,1,0
2025-11-17 02:00:00+00:00,258.3,73.0,1011.6,13.3,13.7,2025-11-17,2,0
2025-11-17 03:00:00+00:00,259.6,74.0,1011.1,13.2,15.1,2025-11-17,3,0
2025-11-17 04:00:00+00:00,265.4,73.0,1010.9,13.4,14.8,2025-11-17,4,0
2025-11-17 05:00:00+00:00,259.6,71.5,1011.3,13.7,16.9,2025-11-17,5,0
2025-11-17 06:00:00+00:00,271.6,70.0,1011.5,13.9,16.6,2025-11-17,6,0
2025-11-17 07:00:00+00:00,261.9,74.0,1011.7,13.6,16.2,2025-11-17,7,0
2025-11-17 08:00:00+00:00,276.1,71.0,1011.8,14.1,16.9,2025-11-17,8,0
2025-11-17 09:00:00+00:00,288.6,65.0,1012.1,15.7,14.8,2025-11-17,9,0
2025-11-17 10:00:00+00:00,306.1,56.0,1012.3,17.7,14.4,2025-11-17,10,0
2025-11-17 11:00:00+00:00,15.9,52.0,1012.1,18.8,13.0,2025-11-17,11,0
2025-11-17 12:00:00+00:00,43.5,55.0,1011.9,19.0,14.8,2025-11-17,12,0
2025-11-17 13:00:00+00:00,51.2,58.0,1012.1,17.8,15.1,2025-11-17,13,0
2025-11-17 14:00:00+00:00,44.4,62.0,1012.0,17.6,15.3,2025-11-17,14,0
2025-11-17 15:00:00+00:00,41.3,65.0,1012.0,17.3,15.5,2025-11-17,15,0
2025-11-17 16:00:00+00:00,50.9,68.0,1012.5,16.1,9.0,2025-11-17,16,0
2025-11-17 17:00:00+00:00,5.2,76.0,1013.0,14.8,9.4,2025-11-17,17,0
2025-11-17 18:00:00+00:00,232.1,80.0,1013.7,14.1,5.4,2025-11-17,18,0
2025-11-17 19:00:00+00:00,222.7,88.0,1014.4,13.1,6.1,2025-11-17,19,0
2025-11-17 20:00:00+00:00,249.9,89.0,1014.6,12.4,9.4,2025-11-17,20,0
2025-11-17 21:00:00+00:00,258.2,88.0,1015.0,11.9,10.4,2025-11-17,21,0
2025-11-17 22:00:00+00:00,284.5,89.0,1015.1,11.3,9.4,2025-11-17,22,0
2025-11-17 23:00:00+00:00,285.8,87.0,1014.9,10.9,9.5,2025-11-17,23,0
2025-11-18 00:00:00+00:00,293.6,84.0,1014.8,10.7,9.6,2025-11-18,0,1
2025-11-18 01:00:00+00:00,306.5,83.0,1014.8,10.6,9.7,2025-11-18,1,1
2025-11-18 02:00:00+00:00,305.4,82.7,1015.0,10.4,10.1,2025-11-18,2,1
2025-11-18 03:00:00+00:00,300.2,82.3,1015.1,10.1,9.4,2025-11-18,3,1
2025-11-18 04:00:00+00:00,301.3,82.0,1015.3,10.0,9.0,2025-11-18,4,1
2025-11-18 05:00:00+00:00,302.9,81.0,1015.5,9.7,8.6,2025-11-18,5,1
2025-11-18 06:00:00+00:00,296.0,82.0,1015.9,9.3,8.3,2025-11-18,6,1
2025-11-18 07:00:00+00:00,296.3,81.0,1016.3,9.4,8.6,2025-11-18,7,1
2025-11-18 08:00:00+00:00,282.9,77.0,1017.1,10.5,9.0,2025-11-18,8,1
2025-11-18 09:00:00+00:00,264.8,70.0,1017.9,12.6,8.6,2025-11-18,9,1
2025-11-18 10:00:00+00:00,274.7,59.0,1018.0,15.1,7.6,2025-11-18,10,1
2025-11-18 11:00:00+00:00,245.2,51.0,1017.7,16.9,4.7,2025-11-18,11,1
2025-11-18 12:00:00+00:00,188.0,47.0,1017.0,17.8,6.5,2025-11-18,12,1
2025-11-18 13:00:00+00:00,157.0,46.0,1016.2,18.6,8.6,2025-11-18,13,1
2025-11-18 14:00:00+00:00,146.5,48.0,1015.7,18.5,11.5,2025-11-18,14,1
2025-11-18 15:00:00+00:00,138.0,54.0,1015.3,17.6,14.4,2025-11-18,15,1
2025-11-18 16:00:00+00:00,124.5,63.0,1015.6,16.6,15.5,2025-11-18,16,1
2025-11-18 17:00:00+00:00,105.1,75.0,1016.2,15.2,13.0,2025-11-18,17,1
2025-11-18 18:00:00+00:00,100.1,78.0,1016.7,14.7,10.8,2025-11-18,18,1
2025-11-18 19:00:00+00:00,85.3,84.0,1017.3,14.1,10.1,2025-11-18,19,1
2025-11-18 20:00:00+00:00,21.4,85.0,1017.4,13.6,8.3,2025-11-18,20,1
2025-11-18 21:00:00+00:00,322.9,88.0,1017.6,12.8,6.5,2025-11-18,21,1
2025-11-18 22:00:00+00:00,318.8,92.0,1017.7,11.8,7.9,2025-11-18,22,1
2025-11-18 23:00:00+00:00,326.5,91.3,1017.3,11.7,8.6,2025-11-18,23,1
2025-11-19 00:00:00+00:00,309.8,90.7,1016.9,11.1,7.6,2025-11-19,0,2
2025-11-19 01:00:00+00:00,309.0,90.0,1016.6,10.6,8.3,2025-11-19,1,2
2025-11-19 02:00:00+00:00,303.6,92.0,1016.2,9.9,7.9,2025-11-19,2,2
2025-11-19 03:00:00+00:00,297.2,91.3,1015.8,9.5,9.0,2025-11-19,3,2
2025-11-19 04:00:00+00:00,287.6,90.7,1015.4,9.3,10.4,2025-11-19,4,2
2025-11-19 05:00:00+00:00,279.5,90.0,1015.3,9.0,10.1,2025-11-19,5,2
2025-11-19 06:00:00+00:00,276.8,88.0,1015.4,8.6,10.4,2025-11-19,6,2
2025-11-19 07:00:00+00:00,280.5,85.0,1015.5,8.0,10.8,2025-11-19,7,2
2025-11-19 08:00:00+00:00,277.3,81.0,1015.6,8.9,11.9,2025-11-19,8,2
2025-11-19 09:00:00+00:00,261.3,72.0,1015.7,11.3,10.8,2025-11-19,9,2
2025-11-19 10:00:00+00:00,240.9,61.0,1015.2,14.0,9.7,2025-11-19,10,2
2025-11-19 11:00:00+00:00,225.7,52.0,1014.3,16.4,11.9,2025-11-19,11,2
2025-11-19 12:00:00+00:00,232.2,45.0,1013.3,17.8,15.5,2025-11-19,12,2
2025-11-19 13:00:00+00:00,253.2,41.0,1012.5,18.5,18.7,2025-11-19,13,2
2025-11-19 14:00:00+00:00,246.7,39.0,1011.6,18.7,21.6,2025-11-19,14,2
2025-11-19 15:00:00+00:00,241.6,37.0,1011.2,18.8,22.0,2025-11-19,15,2
2025-11-19 16:00:00+00:00,234.5,41.0,1011.6,17.7,21.6,2025-11-19,16,2
2025-11-19 17:00:00+00:00,257.2,50.0,1012.0,15.6,21.2,2025-11-19,17,2
2025-11-19 18:00:00+00:00,35.4,71.0,1013.2,13.6,17.3,2025-11-19,18,2
2025-11-19 19:00:00+00:00,3.3,70.0,1013.9,13.2,14.4,2025-11-19,19,2
2025-11-19 20:00:00+00:00,344.4,49.0,1014.4,12.8,15.5,2025-11-19,20,2
2025-11-19 21:00:00+00:00,329.7,48.0,1014.9,11.4,14.0,2025-11-19,21,2
2025-11-19 22:00:00+00:00,283.1,59.0,1015.3,9.8,12.2,2025-11-19,22,2
2025-11-19 23:00:00+00:00,279.8,65.0,1015.2,8.9,12.6,2025-11-19,23,2
2025-11-20 00:00:00+00:00,287.6,64.0,1015.1,8.3,13.0,2025-11-20,0,3
2025-11-20 01:00:00+00:00,276.9,62.0,1014.7,8.6,12.2,2025-11-20,1,3
2025-11-20 02:00:00+00:00,272.9,64.0,1014.5,8.0,12.6,2025-11-20,2,3
2025-11-20 03:00:00+00:00,271.5,66.0,1014.2,7.4,12.8,2025-11-20,3,3
2025-11-20 04:00:00+00:00,275.4,68.0,1014.1,7.1,13.0,2025-11-20,4,3
2025-11-20 05:00:00+00:00,270.6,70.0,1014.3,6.9,11.9,2025-11-20,5,3
2025-11-20 06:00:00+00:00,266.8,72.0,1014.5,6.6,10.8,2025-11-20,6,3
2025-11-20 07:00:00+00:00,260.3,70.0,1015.0,6.7,10.4,2025-11-20,7,3
2025-11-20 08:00:00+00:00,238.7,68.0,1015.7,7.9,10.1,2025-11-20,8,3
2025-11-20 09:00:00+00:00,222.8,63.0,1016.3,9.8,9.4,2025-11-20,9,3
2025-11-20 10:00:00+00:00,225.5,50.0,1016.1,12.9,8.6,2025-11-20,10,3
2025-11-20 11:00:00+00:00,253.1,42.0,1015.9,14.6,6.8,2025-11-20,11,3
2025-11-20 12:00:00+00:00,269.5,40.0,1015.1,15.6,7.6,2025-11-20,12,3
2025-11-20 13:00:00+00:00,286.2,32.0,1014.8,16.1,8.3,2025-11-20,13,3
2025-11-20 14:00:00+00:00,276.3,31.5,1014.3,16.2,9.0,2025-11-20,14,3
2025-11-20 15:00:00+00:00,267.5,31.0,1014.0,15.9,11.9,2025-11-20,15,3
2025-11-20 16:00:00+00:00,331.7,32.0,1014.6,15.6,15.1,2025-11-20,16,3
2025-11-20 17:00:00+00:00,357.1,33.0,1015.3,13.5,23.0,2025-11-20,17,3
2025-11-20 18:00:00+00:00,353.9,35.0,1016.2,12.6,21.2,2025-11-20,18,3
2025-11-20 19:00:00+00:00,345.5,39.0,1016.8,12.1,20.2,2025-11-20,19,3
2025-11-20 20:00:00+00:00,333.4,45.0,1017.4,10.9,19.1,2025-11-20,20,3
2025-11-20 21:00:00+00:00,295.7,52.0,1017.7,9.5,13.0,2025-11-20,21,3
2025-11-20 22:00:00+00:00,289.7,55.0,1017.8,8.7,13.3,2025-11-20,22,3
2025-11-20 23:00:00+00:00,291.7,49.0,1017.5,9.6,17.3,2025-11-20,23,3
2025-11-21 00:00:00+00:00,293.6,47.0,1017.6,9.6,22.7,2025-11-21,0,4
2025-11-21 01:00:00+00:00,291.1,47.5,1017.7,9.5,26.6,2025-11-21,1,4
2025-11-21 02:00:00+00:00,293.3,48.0,1017.6,9.1,25.6,2025-11-21,2,4
2025-11-21 03:00:00+00:00,296.8,49.0,1017.5,8.7,24.5,2025-11-21,3,4
2025-11-21 04:00:00+00:00,292.9,49.5,1017.7,8.5,25.6,2025-11-21,4,4
2025-11-21 05:00:00+00:00,293.0,50.0,1018.3,8.4,24.5,2025-11-21,5,4
2025-11-21 06:00:00+00:00,292.7,52.0,1018.7,8.1,22.7,2025-11-21,6,4
2025-11-21 07:00:00+00:00,297.7,50.0,1019.4,8.2,24.1,2025-11-21,7,4
2025-11-21 08:00:00+00:00,296.0,48.0,1020.2,9.3,24.8,2025-11-21,8,4
2025-11-21 09:00:00+00:00,297.0,42.0,1021.0,11.0,26.6,2025-11-21,9,4
2025-11-21 10:00:00+00:00,303.6,34.0,1021.7,12.2,25.6,2025-11-21,10,4
2025-11-21 11:00:00+00:00,312.1,28.0,1022.2,13.1,24.8,2025-11-21,11,4
2025-11-21 12:00:00+00:00,307.1,26.0,1022.1,13.8,25.1,2025-11-21,12,4
2025-11-21 13:00:00+00:00,311.3,23.0,1022.5,14.0,25.4,2025-11-21,13,4
2025-11-21 14:00:00+00:00,325.0,22.0,1022.1,14.1,25.6,2025-11-21,14,4
2025-11-21 15:00:00+00:00,326.3,20.0,1022.7,13.7,25.9,2025-11-21,15,4
2025-11-21 16:00:00+00:00,325.5,24.0,1023.5,12.6,27.7,2025-11-21,16,4
2025-11-21 17:00:00+00:00,321.8,28.0,1024.8,11.1,29.2,2025-11-21,17,4
2025-11-21 18:00:00+00:00,318.8,31.0,1025.8,10.0,29.5,2025-11-21,18,4
2025-11-21 19:00:00+00:00,308.7,32.0,1026.5,9.1,27.7,2025-11-21,19,4
2025-11-21 20:00:00+00:00,308.1,34.0,1027.1,8.4,27.4,2025-11-21,20,4
2025-11-21 21:00:00+00:00,300.5,35.0,1027.3,7.6,26.3,2025-11-21,21,4
2025-11-21 22:00:00+00:00,300.1,38.0,1027.6,7.1,27.0,2025-11-21,22,4
2025-11-21 23:00:00+00:00,301.1,39.0,1027.7,7.2,27.7,2025-11-21,23,4
2025-11-22 00:00:00+00:00,298.9,39.7,1027.8,7.2,28.2,2025-11-22,0,5
2025-11-22 01:00:00+00:00,298.0,40.3,1027.6,7.0,28.8,2025-11-22,1,5
2025-11-22 02:00:00+00:00,297.7,41.0,1027.3,6.8,27.7,2025-11-22,2,5
2025-11-22 03:00:00+00:00,296.6,43.0,1026.9,6.5,26.6,2025-11-22,3,5
2025-11-22 04:00:00+00:00,298.5,45.0,1026.5,6.4,24.8,2025-11-22,4,5
2025-11-22 05:00:00+00:00,297.9,46.0,1026.6,6.4,24.1,2025-11-22,5,5
2025-11-22 06:00:00+00:00,290.8,47.0,1026.7,6.3,23.8,2025-11-22,6,5
2025-11-22 07:00:00+00:00,268.8,48.0,1026.8,6.2,23.4,2025-11-22,7,5
2025-11-22 08:00:00+00:00,255.2,45.0,1026.9,7.1,21.6,2025-11-22,8,5
2025-11-22 09:00:00+00:00,249.2,40.0,1027.1,9.2,17.6,2025-11-22,9,5
2025-11-22 10:00:00+00:00,245.9,36.0,1026.8,11.0,15.1,2025-11-22,10,5
2025-11-22 11:00:00+00:00,257.5,34.0,1026.5,12.3,10.8,2025-11-22,11,5
2025-11-22 12:00:00+00:00,240.7,32.0,1026.2,13.4,8.6,2025-11-22,12,5
2025-11-22 13:00:00+00:00,220.7,26.0,1025.3,14.4,9.0,2025-11-22,13,5
2025-11-22 14:00:00+00:00,211.9,25.0,1024.8,14.7,10.4,2025-11-22,14,5
2025-11-22 15:00:00+00:00,199.5,29.5,1024.2,14.8,8.8,2025-11-22,15,5
2025-11-22 16:00:00+00:00,185.0,34.0,1024.4,13.9,7.2,2025-11-22,16,5
2025-11-22 17:00:00+00:00,199.6,38.0,1024.5,11.9,12.2,2025-11-22,17,5
2025-11-22 18:00:00+00:00,205.0,43.0,1024.8,10.9,13.7,2025-11-22,18,5
2025-11-22 19:00:00+00:00,260.8,48.0,1024.6,9.5,14.0,2025-11-22,19,5
2025-11-22 20:00:00+00:00,295.6,53.0,1024.9,8.2,15.5,2025-11-22,20,5
2025-11-22 21:00:00+00:00,292.5,59.0,1025.0,7.3,14.8,2025-11-22,21,5
2025-11-22 22:00:00+00:00,272.3,56.0,1025.0,7.4,15.5,2025-11-22,22,5
2025-11-22 23:00:00+00:00,268.7,53.0,1024.9,7.6,16.9,2025-11-22,23,5
2025-11-23 00:00:00+00:00,275.1,51.0,1024.5,7.7,16.5,2025-11-23,0,6
2025-11-23 01:00:00+00:00,271.1,46.0,1024.1,7.7,16.2,2025-11-23,1,6
2025-11-23 02:00:00+00:00,283.3,44.0,1023.8,7.8,16.9,2025-11-23,2,6
2025-11-23 03:00:00+00:00,291.3,43.0,1023.4,8.0,18.4,2025-11-23,3,6
2025-11-23 04:00:00+00:00,281.8,44.0,1022.8,8.6,20.2,2025-11-23,4,6
2025-11-23 05:00:00+00:00,272.2,47.0,1022.7,8.6,22.7,2025-11-23,5,6
2025-11-23 06:00:00+00:00,273.2,48.0,1022.6,8.7,23.4,2025-11-23,6,6
2025-11-23 07:00:00+00:00,277.5,52.0,1023.1,8.6,23.0,2025-11-23,7,6
2025-11-23 08:00:00+00:00,280.6,50.0,1023.2,9.9,22.3,2025-11-23,8,6
2025-11-23 09:00:00+00:00,280.4,48.0,1023.1,12.2,17.6,2025-11-23,9,6
2025-11-23 10:00:00+00:00,273.2,46.0,1022.9,14.6,16.2,2025-11-23,10,6
2025-11-23 11:00:00+00:00,260.5,43.0,1022.4,16.9,15.1,2025-11-23,11,6
2025-11-23 12:00:00+00:00,249.8,40.0,1021.1,18.5,15.5,2025-11-23,12,6
2025-11-23 13:00:00+00:00,250.9,37.0,1020.0,19.5,18.4,2025-11-23,13,6
2025-11-23 14:00:00+00:00,240.2,36.0,1018.9,19.7,18.7,2025-11-23,14,6
2025-11-23 15:00:00+00:00,244.0,38.0,1018.6,19.4,19.4,2025-11-23,15,6
2025-11-23 16:00:00+00:00,249.2,41.0,1018.5,18.1,21.2,2025-11-23,16,6
2025-11-23 17:00:00+00:00,254.8,42.0,1018.7,16.5,22.7,2025-11-23,17,6
2025-11-23 18:00:00+00:00,257.7,41.0,1018.8,15.7,24.1,2025-11-23,18,6
2025-11-23 19:00:00+00:00,260.4,46.0,1018.8,15.6,24.8,2025-11-23,19,6
2025-11-23 20:00:00+00:00,255.9,49.0,1018.7,14.9,25.2,2025-11-23,20,6
2025-11-23 21:00:00+00:00,256.7,48.0,1018.7,14.8,24.8,2025-11-23,21,6
2025-11-23 23:00:00+00:00,270.7,48.5,1018.6,14.6,22.0,2025-11-23,23,6
2025-11-24 00:00:00+00:00,269.3,50.0,1018.3,13.8,21.6,2025-11-24,0,0
2025-11-24 01:00:00+00:00,269.8,52.0,1017.4,13.6,21.2,2025-11-24,1,0
2025-11-24 02:00:00+00:00,274.2,54.0,1016.6,13.6,22.3,2025-11-24,2,0
2025-11-24 03:00:00+00:00,283.8,57.0,1015.9,13.5,25.2,2025-11-24,3,0
2025-11-24 04:00:00+00:00,287.1,56.5,1015.4,14.0,24.1,2025-11-24,4,0
2025-11-24 05:00:00+00:00,272.6,56.0,1015.3,14.1,23.0,2025-11-24,5,0
2025-11-24 06:00:00+00:00,272.9,58.0,1015.4,13.9,27.4,2025-11-24,6,0
2025-11-24 07:00:00+00:00,268.6,57.2,1015.4,13.6,31.0,2025-11-24,7,0
2025-11-24 08:00:00+00:00,261.9,56.5,1015.5,13.9,31.7,2025-11-24,8,0
2025-11-24 09:00:00+00:00,261.5,55.8,1015.0,14.6,33.1,2025-11-24,9,0
2025-11-24 10:00:00+00:00,271.5,55.0,1014.0,15.8,36.7,2025-11-24,10,0
2025-11-24 11:00:00+00:00,275.3,52.0,1013.0,16.8,39.6,2025-11-24,11,0
2025-11-24 12:00:00+00:00,273.6,50.5,1012.0,17.2,38.7,2025-11-24,12,0
2025-11-24 13:00:00+00:00,264.1,49.0,1010.7,17.8,37.8,2025-11-24,13,0
2025-11-24 14:00:00+00:00,260.0,51.0,1009.6,17.6,42.5,2025-11-24,14,0
2025-11-24 15:00:00+00:00,253.3,53.0,1009.0,17.7,38.5,2025-11-24,15,0
2025-11-24 16:00:00+00:00,247.6,55.0,1008.8,17.1,33.5,2025-11-24,16,0
2025-11-24 17:00:00+00:00,253.5,55.5,1008.9,17.0,29.2,2025-11-24,17,0
2025-11-24 18:00:00+00:00,253.4,56.0,1009.0,17.2,24.8,2025-11-24,18,0
2025-11-24 19:00:00+00:00,244.4,59.0,1009.3,16.9,30.6,2025-11-24,19,0
2025-11-24 20:00:00+00:00,239.1,58.5,1009.4,16.8,31.7,2025-11-24,20,0
2025-11-24 21:00:00+00:00,238.6,58.0,1009.5,16.9,29.5,2025-11-24,21,0
2025-11-24 22:00:00+00:00,242.8,59.0,1009.4,16.8,27.7,2025-11-24,22,0
2025-11-24 23:00:00+00:00,249.5,61.0,1009.4,17.0,26.6,2025-11-24,23,0
2025-11-25 00:00:00+00:00,258.7,63.0,1008.9,16.8,27.7,2025-11-25,0,1
2025-11-25 01:00:00+00:00,262.8,62.0,1008.4,17.1,23.4,2025-11-25,1,1
2025-11-25 02:00:00+00:00,352.6,74.0,1009.1,15.4,15.1,2025-11-25,2,1
2025-11-25 03:00:00+00:00,15.2,81.0,1009.7,13.6,15.5,2025-11-25,3,1
2025-11-25 04:00:00+00:00,346.3,63.0,1010.0,14.3,15.1,2025-11-25,4,1
2025-11-25 05:00:00+00:00,303.6,57.0,1010.7,13.0,17.3,2025-11-25,5,1
2025-11-25 06:00:00+00:00,281.5,62.0,1011.4,12.2,16.6,2025-11-25,6,1
2025-11-25 07:00:00+00:00,273.3,69.0,1012.3,11.1,16.2,2025-11-25,7,1
2025-11-25 08:00:00+00:00,263.7,55.0,1012.6,11.5,16.6,2025-11-25,8,1
2025-11-25 09:00:00+00:00,267.6,47.0,1013.3,13.3,18.0,2025-11-25,9,1
2025-11-25 10:00:00+00:00,245.4,39.0,1013.5,15.2,16.9,2025-11-25,10,1
2025-11-25 11:00:00+00:00,253.9,35.0,1013.8,16.4,15.5,2025-11-25,11,1
2025-11-25 12:00:00+00:00,279.3,33.0,1013.3,17.1,14.4,2025-11-25,12,1
2025-11-25 13:00:00+00:00,311.4,30.0,1012.8,17.9,18.0,2025-11-25,13,1
2025-11-25 14:00:00+00:00,298.0,28.5,1012.7,18.2,18.4,2025-11-25,14,1
2025-11-25 15:00:00+00:00,324.1,27.0,1012.9,18.5,19.8,2025-11-25,15,1
2025-11-25 16:00:00+00:00,336.1,30.0,1013.7,17.2,21.6,2025-11-25,16,1
2025-11-25 17:00:00+00:00,323.8,34.0,1014.7,15.8,20.5,2025-11-25,17,1
2025-11-25 18:00:00+00:00,313.2,36.0,1015.7,14.7,19.1,2025-11-25,18,1
2025-11-25 19:00:00+00:00,308.4,37.0,1016.4,14.1,23.0,2025-11-25,19,1
2025-11-25 20:00:00+00:00,311.5,38.0,1016.8,13.7,30.2,2025-11-25,20,1
2025-11-25 21:00:00+00:00,310.9,39.0,1017.3,13.1,29.5,2025-11-25,21,1
2025-11-25 22:00:00+00:00,307.8,41.0,1017.8,12.4,28.1,2025-11-25,22,1
2025-11-25 23:00:00+00:00,304.3,43.0,1018.3,11.8,28.4,2025-11-25,23,1
2025-11-26 00:00:00+00:00,299.2,44.0,1018.6,11.4,27.7,2025-11-26,0,2
2025-11-26 01:00:00+00:00,301.8,45.0,1018.4,11.1,24.1,2025-11-26,1,2
2025-11-26 02:00:00+00:00,299.0,46.0,1018.7,10.8,25.2,2025-11-26,2,2
2025-11-26 03:00:00+00:00,300.4,45.5,1018.6,10.5,26.3,2025-11-26,3,2
2025-11-26 04:00:00+00:00,306.8,45.0,1018.8,10.4,27.7,2025-11-26,4,2
2025-11-26 05:00:00+00:00,312.0,44.7,1018.9,10.4,29.5,2025-11-26,5,2
2025-11-26 06:00:00+00:00,312.1,44.3,1019.5,10.3,33.1,2025-11-26,6,2
2025-11-26 07:00:00+00:00,311.8,44.0,1020.0,10.4,34.2,2025-11-26,7,2
2025-11-26 08:00:00+00:00,310.6,43.0,1020.8,10.9,35.3,2025-11-26,8,2
2025-11-26 09:00:00+00:00,303.1,39.0,1021.3,12.3,34.6,2025-11-26,9,2
2025-11-26 10:00:00+00:00,293.5,36.0,1020.9,13.4,29.9,2025-11-26,10,2
2025-11-26 11:00:00+00:00,315.3,29.0,1020.5,14.6,31.0,2025-11-26,11,2
2025-11-26 12:00:00+00:00,324.9,24.0,1019.7,15.6,27.0,2025-11-26,12,2
2025-11-26 13:00:00+00:00,332.5,20.0,1019.1,16.3,23.0,2025-11-26,13,2
2025-11-26 14:00:00+00:00,336.0,19.0,1018.9,16.2,21.2,2025-11-26,14,2
2025-11-26 15:00:00+00:00,333.3,20.0,1019.0,15.8,19.4,2025-11-26,15,2
2025-11-26 16:00:00+00:00,311.8,24.0,1019.2,14.7,16.9,2025-11-26,16,2
2025-11-26 17:00:00+00:00,270.5,29.0,1020.0,12.6,14.0,2025-11-26,17,2
2025-11-26 18:00:00+00:00,234.7,32.0,1020.7,11.7,14.8,2025-11-26,18,2
2025-11-26 19:00:00+00:00,233.0,36.0,1021.1,10.7,13.3,2025-11-26,19,2
2025-11-26 20:00:00+00:00,237.8,39.0,1021.4,10.0,13.0,2025-11-26,20,2
2025-11-26 21:00:00+00:00,264.1,42.0,1021.5,9.4,10.4,2025-11-26,21,2
2025-11-26 22:00:00+00:00,287.1,45.0,1021.6,9.0,10.8,2025-11-26,22,2
2025-11-26 23:00:00+00:00,287.6,48.0,1021.5,8.2,10.1,2025-11-26,23,2
2025-11-27 00:00:00+00:00,288.1,50.0,1021.3,7.6,11.2,2025-11-27,0,3
2025-11-27 01:00:00+00:00,287.0,52.0,1021.2,7.1,10.1,2025-11-27,1,3
2025-11-27 02:00:00+00:00,295.1,55.0,1021.3,6.2,10.3,2025-11-27,2,3
2025-11-27 03:00:00+00:00,289.7,58.0,1021.2,5.5,10.6,2025-11-27,3,3
2025-11-27 04:00:00+00:00,289.2,60.0,1021.1,4.8,10.8,2025-11-27,4,3
2025-11-27 05:00:00+00:00,289.3,63.0,1021.4,4.2,11.9,2025-11-27,5,3
2025-11-27 06:00:00+00:00,279.0,65.0,1021.5,3.9,12.2,2025-11-27,6,3
2025-11-27 07:00:00+00:00,283.9,67.0,1022.1,3.8,12.8,2025-11-27,7,3
2025-11-27 08:00:00+00:00,285.6,64.0,1022.2,4.7,13.3,2025-11-27,8,3
2025-11-27 09:00:00+00:00,273.9,53.0,1022.2,7.4,12.6,2025-11-27,9,3
2025-11-27 10:00:00+00:00,269.6,41.0,1021.9,10.6,11.5,2025-11-27,10,3
2025-11-27 11:00:00+00:00,255.3,33.0,1021.6,13.3,10.8,2025-11-27,11,3
2025-11-27 12:00:00+00:00,237.0,25.0,1020.9,15.0,9.4,2025-11-27,12,3
2025-11-27 13:00:00+00:00,202.6,21.0,1020.4,15.6,9.8,2025-11-27,13,3
2025-11-27 14:00:00+00:00,192.3,20.0,1019.9,15.9,10.1,2025-11-27,14,3
2025-11-27 15:00:00+00:00,186.9,21.0,1019.8,15.7,9.4,2025-11-27,15,3
2025-11-27 16:00:00+00:00,160.8,22.0,1020.2,14.9,7.2,2025-11-27,16,3
2025-11-27 17:00:00+00:00,139.8,24.0,1020.8,12.8,7.6,2025-11-27,17,3
2025-11-27 18:00:00+00:00,140.6,27.0,1021.4,12.1,7.9,2025-11-27,18,3
2025-11-27 19:00:00+00:00,242.8,36.0,1021.7,11.5,9.4,2025-11-27,19,3
2025-11-27 20:00:00+00:00,284.9,41.0,1022.3,10.2,6.8,2025-11-27,20,3
2025-11-27 21:00:00+00:00,307.1,43.0,1022.5,9.5,6.1,2025-11-27,21,3
2025-11-27 22:00:00+00:00,305.5,48.0,1022.8,8.3,7.2,2025-11-27,22,3
2025-11-27 23:00:00+00:00,301.3,55.0,1023.0,6.8,9.0,2025-11-27,23,3
2025-11-28 00:00:00+00:00,297.7,59.0,1022.9,6.4,9.7,2025-11-28,0,4
2025-11-28 01:00:00+00:00,295.5,67.0,1022.6,5.4,9.0,2025-11-28,1,4
2025-11-28 02:00:00+00:00,292.5,66.0,1022.4,5.3,9.4,2025-11-28,2,4
2025-11-28 03:00:00+00:00,288.7,65.0,1022.0,5.2,9.6,2025-11-28,3,4
2025-11-28 04:00:00+00:00,286.2,66.0,1021.7,4.8,9.9,2025-11-28,4,4
2025-11-28 05:00:00+00:00,280.8,65.2,1021.6,4.7,10.1,2025-11-28,5,4
2025-11-28 06:00:00+00:00,277.6,64.5,1021.8,4.6,10.8,2025-11-28,6,4
2025-11-28 07:00:00+00:00,272.7,63.8,1022.0,4.2,11.2,2025-11-28,7,4
2025-11-28 08:00:00+00:00,271.2,63.0,1022.2,5.1,11.5,2025-11-28,8,4
2025-11-28 09:00:00+00:00,265.9,54.0,1022.4,7.8,10.8,2025-11-28,9,4
2025-11-28 10:00:00+00:00,268.6,45.0,1022.6,11.2,8.3,2025-11-28,10,4
2025-11-28 11:00:00+00:00,261.7,37.0,1022.1,13.9,5.8,2025-11-28,11,4
2025-11-28 12:00:00+00:00,176.9,34.0,1021.1,15.2,4.7,2025-11-28,12,4
2025-11-28 13:00:00+00:00,165.2,37.0,1020.4,15.8,6.1,2025-11-28,13,4
2025-11-28 14:00:00+00:00,146.9,38.0,1019.9,15.9,7.2,2025-11-28,14,4
2025-11-28 15:00:00+00:00,136.3,41.0,1019.6,15.5,7.9,2025-11-28,15,4
2025-11-28 16:00:00+00:00,121.6,51.0,1019.7,14.3,9.4,2025-11-28,16,4
2025-11-28 17:00:00+00:00,126.4,56.0,1020.2,12.5,8.6,2025-11-28,17,4
2025-11-28 18:00:00+00:00,153.9,60.0,1020.6,11.7,8.3,2025-11-28,18,4
2025-11-28 19:00:00+00:00,303.3,66.0,1020.7,11.0,4.0,2025-11-28,19,4
2025-11-28 20:00:00+00:00,318.6,71.0,1020.6,9.9,6.1,2025-11-28,20,4
2025-11-28 21:00:00+00:00,311.6,72.0,1020.5,9.3,7.2,2025-11-28,21,4
2025-11-28 22:00:00+00:00,300.2,71.0,1020.4,8.9,7.6,2025-11-28,22,4
2025-11-28 23:00:00+00:00,295.4,72.0,1020.1,8.2,7.9,2025-11-28,23,4
2025-11-29 00:00:00+00:00,292.5,73.0,1019.9,7.5,8.2,2025-11-29,0,5
2025-11-29 01:00:00+00:00,291.3,72.0,1019.7,7.0,8.6,2025-11-29,1,5
2025-11-29 02:00:00+00:00,292.4,73.0,1019.4,6.7,9.4,2025-11-29,2,5
2025-11-29 03:00:00+00:00,288.4,73.3,1018.8,6.4,9.7,2025-11-29,3,5
2025-11-29 04:00:00+00:00,288.2,73.7,1018.2,6.3,10.1,2025-11-29,4,5
2025-11-29 05:00:00+00:00,285.9,74.0,1018.1,6.2,10.8,2025-11-29,5,5
2025-11-29 06:00:00+00:00,283.3,75.0,1018.3,6.1,10.4,2025-11-29,6,5
2025-11-29 07:00:00+00:00,282.8,78.0,1018.1,5.6,11.2,2025-11-29,7,5
2025-11-29 08:00:00+00:00,277.4,74.0,1017.9,6.6,11.9,2025-11-29,8,5
2025-11-29 09:00:00+00:00,265.6,66.0,1017.7,9.1,11.2,2025-11-29,9,5
2025-11-29 10:00:00+00:00,255.0,58.0,1017.4,11.9,10.1,2025-11-29,10,5
2025-11-29 11:00:00+00:00,235.4,51.0,1016.6,14.5,9.7,2025-11-29,11,5
2025-11-29 12:00:00+00:00,218.2,47.0,1015.5,16.1,10.4,2025-11-29,12,5
2025-11-29 13:00:00+00:00,198.9,45.5,1014.7,16.9,10.8,2025-11-29,13,5
2025-11-29 14:00:00+00:00,197.6,44.0,1013.5,17.9,12.6,2025-11-29,14,5
2025-11-29 15:00:00+00:00,203.8,42.0,1012.8,18.2,14.4,2025-11-29,15,5
2025-11-29 16:00:00+00:00,203.3,49.0,1012.7,16.7,15.1,2025-11-29,16,5
2025-11-29 17:00:00+00:00,219.5,52.0,1012.9,15.0,14.8,2025-11-29,17,5
2025-11-29 18:00:00+00:00,243.9,55.0,1013.1,13.7,15.1,2025-11-29,18,5
2025-11-29 19:00:00+00:00,247.9,51.0,1013.2,13.2,19.1,2025-11-29,19,5
2025-11-29 20:00:00+00:00,254.3,53.0,1013.4,12.3,18.2,2025-11-29,20,5
2025-11-29 21:00:00+00:00,259.6,56.0,1013.4,11.6,17.3,2025-11-29,21,5
2025-11-29 22:00:00+00:00,256.7,57.0,1013.3,11.4,18.0,2025-11-29,22,5
2025-11-29 23:00:00+00:00,245.9,57.5,1013.2,11.5,19.1,2025-11-29,23,5
2025-11-30 00:00:00+00:00,244.4,58.0,1013.1,11.4,20.2,2025-11-30,0,6
2025-11-30 01:00:00+00:00,250.1,60.0,1012.5,11.3,20.5,2025-11-30,1,6
2025-11-30 02:00:00+00:00,258.2,61.0,1012.4,11.1,20.9,2025-11-30,2,6
2025-11-30 03:00:00+00:00,258.8,62.0,1012.1,10.8,20.5,2025-11-30,3,6
2025-11-30 04:00:00+00:00,259.7,65.0,1011.7,10.4,19.8,2025-11-30,4,6
2025-11-30 05:00:00+00:00,259.6,66.0,1012.0,10.2,19.2,2025-11-30,5,6
2025-11-30 06:00:00+00:00,273.3,69.0,1012.5,9.7,18.7,2025-11-30,6,6
2025-11-30 07:00:00+00:00,289.7,71.0,1012.8,9.2,15.8,2025-11-30,7,6
2025-11-30 08:00:00+00:00,320.0,69.0,1013.4,10.1,10.4,2025-11-30,8,6
2025-11-30 09:00:00+00:00,316.5,60.0,1014.5,11.1,9.4,2025-11-30,9,6
2025-11-30 10:00:00+00:00,331.9,47.0,1014.9,13.5,8.6,2025-11-30,10,6
2025-11-30 11:00:00+00:00,20.8,50.0,1014.8,14.9,13.7,2025-11-30,11,6
2025-11-30 12:00:00+00:00,51.4,51.0,1014.6,15.5,17.6,2025-11-30,12,6
2025-11-30 13:00:00+00:00,54.2,50.0,1014.7,15.7,17.3,2025-11-30,13,6
2025-11-30 14:00:00+00:00,64.6,52.0,1014.6,15.4,17.6,2025-11-30,14,6
2025-11-30 15:00:00+00:00,58.9,55.0,1014.7,15.2,15.8,2025-11-30,15,6
2025-11-30 16:00:00+00:00,48.4,63.0,1015.4,14.3,14.0,2025-11-30,16,6
2025-11-30 17:00:00+00:00,44.9,71.0,1016.5,13.1,13.7,2025-11-30,17,6
2025-11-30 18:00:00+00:00,34.0,75.0,1017.2,12.6,15.5,2025-11-30,18,6
2025-11-30 19:00:00+00:00,33.6,72.0,1017.5,13.1,20.2,2025-11-30,19,6
2025-11-30 20:00:00+00:00,14.5,74.5,1018.4,12.0,18.8,2025-11-30,20,6
2025-11-30 21:00:00+00:00,324.8,77.0,1018.8,10.9,17.3,2025-11-30,21,6
2025-11-30 22:00:00+00:00,300.2,82.0,1019.3,10.0,12.2,2025-11-30,22,6
2025-11-30 23:00:00+00:00,300.7,83.0,1019.6,9.0,9.7,2025-11-30,23,6
2025-12-01 00:00:00+00:00,304.7,81.0,1019.8,8.1,9.9,2025-12-01,0,0
2025-12-01 01:00:00+00:00,304.9,78.5,1019.7,8.0,10.2,2025-12-01,1,0
2025-12-01 02:00:00+00:00,309.8,76.0,1019.6,8.3,10.4,2025-12-01,2,0
2025-12-01 03:00:00+00:00,305.2,68.0,1019.5,9.5,12.2,2025-12-01,3,0
2025-12-01 04:00:00+00:00,303.6,66.0,1019.2,10.1,12.6,2025-12-01,4,0
2025-12-01 05:00:00+00:00,317.1,68.0,1019.6,10.4,14.8,2025-12-01,5,0
2025-12-01 06:00:00+00:00,313.2,70.0,1020.1,10.3,15.8,2025-12-01,6,0
2025-12-01 07:00:00+00:00,308.2,69.0,1020.9,10.7,15.5,2025-12-01,7,0
2025-12-01 08:00:00+00:00,308.1,70.0,1021.0,10.8,12.2,2025-12-01,8,0
2025-12-01 09:00:00+00:00,306.1,68.0,1021.3,11.7,12.6,2025-12-01,9,0
2025-12-01 10:00:00+00:00,327.5,63.0,1021.2,13.6,10.4,2025-12-01,10,0
2025-12-01 11:00:00+00:00,358.7,62.0,1021.0,14.7,9.0,2025-12-01,11,0
2025-12-01 12:00:00+00:00,80.8,63.0,1020.2,15.0,7.2,2025-12-01,12,0
2025-12-01 13:00:00+00:00,135.9,63.7,1019.8,15.1,7.6,2025-12-01,13,0
2025-12-01 14:00:00+00:00,181.1,64.3,1019.1,15.0,6.8,2025-12-01,14,0
2025-12-01 15:00:00+00:00,219.0,65.0,1018.7,14.5,8.3,2025-12-01,15,0
2025-12-01 16:00:00+00:00,247.4,66.0,1018.5,14.2,7.6,2025-12-01,16,0
2025-12-01 17:00:00+00:00,223.1,69.0,1018.6,13.7,8.6,2025-12-01,17,0
2025-12-01 18:00:00+00:00,205.6,76.0,1018.6,12.3,7.9,2025-12-01,18,0
2025-12-01 19:00:00+00:00,222.4,84.0,1018.4,11.3,10.4,2025-12-01,19,0
2025-12-01 20:00:00+00:00,255.5,89.0,1018.2,10.2,11.9,2025-12-01,20,0
2025-12-01 21:00:00+00:00,275.1,91.0,1018.1,9.3,11.2,2025-12-01,21,0
2025-12-01 22:00:00+00:00,280.2,90.0,1017.9,8.6,10.8,2025-12-01,22,0
2025-12-01 23:00:00+00:00,280.3,87.0,1017.5,8.1,11.4,2025-12-01,23,0
2025-12-02 00:00:00+00:00,271.5,81.0,1017.1,8.0,11.9,2025-12-02,0,1
2025-12-02 01:00:00+00:00,262.7,78.0,1016.5,8.4,13.7,2025-12-02,1,1
2025-12-02 02:00:00+00:00,257.4,75.0,1015.9,8.8,15.1,2025-12-02,2,1
2025-12-02 03:00:00+00:00,249.9,73.0,1015.3,9.1,16.9,2025-12-02,3,1
2025-12-02 04:00:00+00:00,246.3,72.0,1014.6,9.4,19.1,2025-12-02,4,1
2025-12-02 05:00:00+00:00,244.9,70.0,1014.2,9.8,19.8,2025-12-02,5,1
2025-12-02 06:00:00+00:00,243.8,69.0,1014.1,9.9,20.5,2025-12-02,6,1
2025-12-02 07:00:00+00:00,240.3,70.0,1014.0,10.1,20.9,2025-12-02,7,1
2025-12-02 08:00:00+00:00,241.1,68.0,1014.3,10.6,22.0,2025-12-02,8,1
2025-12-02 09:00:00+00:00,260.2,58.0,1014.5,13.0,22.7,2025-12-02,9,1
2025-12-02 10:00:00+00:00,254.9,53.0,1014.2,14.9,21.2,2025-12-02,10,1
2025-12-02 11:00:00+00:00,270.5,47.0,1013.8,16.1,24.1,2025-12-02,11,1
2025-12-02 12:00:00+00:00,271.8,42.0,1012.8,16.7,24.5,2025-12-02,12,1
2025-12-02 13:00:00+00:00,264.1,40.0,1012.3,17.2,27.2,2025-12-02,13,1
2025-12-02 14:00:00+00:00,279.0,44.0,1012.0,15.7,29.9,2025-12-02,14,1
2025-12-02 15:00:00+00:00,269.5,58.0,1012.3,12.9,29.5,2025-12-02,15,1
2025-12-02 16:00:00+00:00,272.1,60.0,1012.5,13.2,20.9,2025-12-02,16,1
2025-12-02 17:00:00+00:00,274.1,58.0,1012.3,13.4,17.3,2025-12-02,17,1
2025-12-02 18:00:00+00:00,280.1,59.0,1012.6,13.1,17.6,2025-12-02,18,1
2025-12-02 19:00:00+00:00,255.1,60.0,1012.5,12.1,20.5,2025-12-02,19,1
2025-12-02 20:00:00+00:00,272.5,63.0,1012.8,11.1,20.9,2025-12-02,20,1
2025-12-02 21:00:00+00:00,279.5,64.0,1012.8,10.6,19.8,2025-12-02,21,1
2025-12-02 22:00:00+00:00,288.3,64.3,1012.7,10.1,19.1,2025-12-02,22,1
2025-12-02 23:00:00+00:00,291.3,64.7,1012.7,9.6,19.8,2025-12-02,23,1
2025-12-03 00:00:00+00:00,290.6,65.0,1012.5,9.3,20.5,2025-12-03,0,2
2025-12-03 01:00:00+00:00,297.3,63.0,1012.3,9.0,20.2,2025-12-03,1,2
2025-12-03 02:00:00+00:00,288.5,64.0,1012.1,8.5,15.8,2025-12-03,2,2
2025-12-03 03:00:00+00:00,272.6,67.0,1011.6,7.8,14.0,2025-12-03,3,2
2025-12-03 04:00:00+00:00,275.7,70.0,1011.5,7.4,13.7,2025-12-03,4,2
2025-12-03 05:00:00+00:00,280.3,73.0,1012.1,6.7,11.2,2025-12-03,5,2
2025-12-03 06:00:00+00:00,284.6,76.0,1012.6,6.0,12.8,2025-12-03,6,2
2025-12-03 07:00:00+00:00,265.1,74.0,1013.3,6.1,14.4,2025-12-03,7,2
2025-12-03 08:00:00+00:00,278.0,69.0,1013.7,7.3,15.8,2025-12-03,8,2
2025-12-03 09:00:00+00:00,297.1,61.0,1014.1,9.7,13.3,2025-12-03,9,2
2025-12-03 10:00:00+00:00,285.3,49.0,1014.7,12.5,11.2,2025-12-03,10,2
2025-12-03 11:00:00+00:00,277.0,41.0,1014.6,14.2,8.3,2025-12-03,11,2
2025-12-03 12:00:00+00:00,264.0,38.0,1014.1,15.3,7.2,2025-12-03,12,2
2025-12-03 13:00:00+00:00,229.9,36.0,1014.3,16.2,9.7,2025-12-03,13,2
2025-12-03 14:00:00+00:00,247.4,33.0,1014.0,16.7,9.4,2025-12-03,14,2
2025-12-03 15:00:00+00:00,320.4,30.0,1014.2,16.8,13.7,2025-12-03,15,2
2025-12-03 16:00:00+00:00,322.4,35.0,1014.7,15.5,13.3,2025-12-03,16,2
2025-12-03 17:00:00+00:00,300.6,38.0,1015.5,13.8,15.5,2025-12-03,17,2
2025-12-03 18:00:00+00:00,297.5,41.0,1016.1,12.4,13.3,2025-12-03,18,2
2025-12-03 19:00:00+00:00,293.4,46.0,1017.0,11.2,14.8,2025-12-03,19,2
2025-12-03 20:00:00+00:00,280.3,48.0,1017.5,10.2,16.2,2025-12-03,20,2
2025-12-03 21:00:00+00:00,277.3,44.0,1017.9,10.5,19.4,2025-12-03,21,2
2025-12-03 22:00:00+00:00,277.6,45.0,1018.2,10.6,21.6,2025-12-03,22,2
2025-12-03 23:00:00+00:00,274.2,46.0,1018.0,10.5,20.9,2025-12-03,23,2
2025-12-04 00:00:00+00:00,267.8,46.5,1017.8,10.6,19.8,2025-12-04,0,3
2025-12-04 01:00:00+00:00,261.2,47.0,1017.5,11.0,22.0,2025-12-04,1,3
2025-12-04 02:00:00+00:00,265.9,48.0,1017.2,10.8,23.0,2025-12-04,2,3
2025-12-04 03:00:00+00:00,274.7,49.0,1016.6,10.6,21.2,2025-12-04,3,3
2025-12-04 04:00:00+00:00,280.2,50.0,1016.1,10.4,22.7,2025-12-04,4,3
2025-12-04 05:00:00+00:00,280.9,51.0,1015.9,10.3,23.8,2025-12-04,5,3
2025-12-04 06:00:00+00:00,279.4,55.0,1015.4,10.2,27.0,2025-12-04,6,3
2025-12-04 07:00:00+00:00,276.1,58.0,1015.3,10.1,28.4,2025-12-04,7,3
2025-12-04 08:00:00+00:00,286.6,62.0,1016.0,10.3,31.0,2025-12-04,8,3
2025-12-04 09:00:00+00:00,259.2,71.0,1016.1,10.1,22.3,2025-12-04,9,3
2025-12-04 10:00:00+00:00,258.0,62.0,1015.8,12.1,24.1,2025-12-04,10,3
2025-12-04 11:00:00+00:00,228.3,59.0,1015.1,13.2,19.4,2025-12-04,11,3
2025-12-04 12:00:00+00:00,229.1,60.0,1013.7,13.8,25.2,2025-12-04,12,3
2025-12-04 13:00:00+00:00,255.0,56.0,1013.2,14.9,27.7,2025-12-04,13,3
2025-12-04 14:00:00+00:00,261.7,49.0,1012.0,16.3,27.4,2025-12-04,14,3
2025-12-04 15:00:00+00:00,269.7,46.0,1012.1,16.6,25.9,2025-12-04,15,3
2025-12-04 16:00:00+00:00,259.4,48.0,1012.2,16.0,23.8,2025-12-04,16,3
2025-12-04 17:00:00+00:00,260.5,50.0,1012.4,15.2,23.0,2025-12-04,17,3
2025-12-04 18:00:00+00:00,269.6,48.0,1012.7,14.9,22.3,2025-12-04,18,3
2025-12-04 19:00:00+00:00,274.4,52.0,1013.3,14.4,22.7,2025-12-04,19,3
2025-12-04 20:00:00+00:00,282.0,52.5,1013.4,14.3,22.0,2025-12-04,20,3
2025-12-04 21:00:00+00:00,281.3,53.0,1013.3,14.1,24.8,2025-12-04,21,3
2025-12-04 22:00:00+00:00,277.9,54.0,1013.2,14.0,26.6,2025-12-04,22,3
2025-12-04 23:00:00+00:00,278.7,53.0,1013.0,14.0,29.5,2025-12-04,23,3
2025-12-05 00:00:00+00:00,280.7,52.0,1013.1,13.9,28.0,2025-12-05,0,4
2025-12-05 01:00:00+00:00,281.8,51.0,1013.2,13.8,26.6,2025-12-05,1,4
2025-12-05 02:00:00+00:00,282.9,49.0,1013.3,13.7,25.6,2025-12-05,2,4
2025-12-05 03:00:00+00:00,284.5,49.5,1013.6,13.5,24.5,2025-12-05,3,4
2025-12-05 04:00:00+00:00,285.4,50.0,1013.7,13.1,25.2,2025-12-05,4,4
2025-12-05 05:00:00+00:00,285.5,49.0,1014.3,13.0,27.4,2025-12-05,5,4
2025-12-05 06:00:00+00:00,283.6,47.0,1014.5,13.0,27.7,2025-12-05,6,4
2025-12-05 07:00:00+00:00,275.3,45.0,1015.6,13.1,25.6,2025-12-05,7,4
2025-12-05 08:00:00+00:00,280.4,44.5,1016.3,13.1,25.9,2025-12-05,8,4
2025-12-05 09:00:00+00:00,283.8,44.0,1016.7,13.8,24.8,2025-12-05,9,4
2025-12-05 10:00:00+00:00,283.5,41.0,1017.0,15.3,23.0,2025-12-05,10,4
2025-12-05 11:00:00+00:00,281.2,39.5,1016.8,15.7,20.9,2025-12-05,11,4
2025-12-05 12:00:00+00:00,283.6,38.0,1016.5,16.8,21.2,2025-12-05,12,4
2025-12-05 13:00:00+00:00,270.3,34.0,1016.1,18.1,22.0,2025-12-05,13,4
2025-12-05 14:00:00+00:00,270.0,30.0,1015.7,19.1,23.8,2025-12-05,14,4
2025-12-05 15:00:00+00:00,277.0,29.0,1015.9,19.2,21.6,2025-12-05,15,4
2025-12-05 16:00:00+00:00,276.1,31.0,1016.1,18.5,19.1,2025-12-05,16,4
2025-12-05 17:00:00+00:00,284.1,35.0,1016.8,17.7,20.2,2025-12-05,17,4
2025-12-05 18:00:00+00:00,286.9,42.0,1017.5,16.9,20.9,2025-12-05,18,4
2025-12-05 19:00:00+00:00,275.7,48.0,1018.4,16.1,18.7,2025-12-05,19,4
2025-12-05 20:00:00+00:00,278.1,54.0,1018.7,15.6,19.8,2025-12-05,20,4
2025-12-05 21:00:00+00:00,283.9,57.0,1018.8,15.9,21.6,2025-12-05,21,4
2025-12-05 22:00:00+00:00,282.7,60.0,1018.9,15.6,19.8,2025-12-05,22,4
2025-12-05 23:00:00+00:00,281.5,62.0,1018.7,15.4,18.4,2025-12-05,23,4
2025-12-06 00:00:00+00:00,275.7,63.0,1018.5,15.2,16.9,2025-12-06,0,5
2025-12-06 01:00:00+00:00,243.8,70.0,1018.6,14.9,19.1,2025-12-06,1,5
2025-12-06 02:00:00+00:00,259.6,68.0,1018.7,15.5,22.0,2025-12-06,2,5
2025-12-06 03:00:00+00:00,264.8,67.0,1018.6,15.8,23.4,2025-12-06,3,5
2025-12-06 04:00:00+00:00,265.1,66.5,1018.4,15.9,22.3,2025-12-06,4,5
2025-12-06 05:00:00+00:00,264.4,66.0,1018.7,16.4,20.5,2025-12-06,5,5
2025-12-06 06:00:00+00:00,263.3,64.0,1019.0,16.8,19.1,2025-12-06,6,5
2025-12-06 07:00:00+00:00,260.6,62.0,1019.3,17.0,20.2,2025-12-06,7,5
2025-12-06 08:00:00+00:00,269.6,59.0,1019.5,17.6,22.3,2025-12-06,8,5
2025-12-06 09:00:00+00:00,269.2,55.0,1019.6,18.7,20.5,2025-12-06,9,5
2025-12-06 10:00:00+00:00,277.1,51.0,1019.9,20.0,19.4,2025-12-06,10,5
2025-12-06 11:00:00+00:00,274.1,46.0,1019.8,21.2,20.9,2025-12-06,11,5
2025-12-06 12:00:00+00:00,271.1,41.0,1019.0,22.2,21.2,2025-12-06,12,5
2025-12-06 13:00:00+00:00,264.4,42.0,1018.6,22.8,24.5,2025-12-06,13,5
2025-12-06 14:00:00+00:00,267.1,41.0,1018.0,22.6,24.8,2025-12-06,14,5
2025-12-06 15:00:00+00:00,270.2,42.0,1018.2,22.4,23.8,2025-12-06,15,5
2025-12-06 16:00:00+00:00,269.9,46.0,1018.4,21.3,22.7,2025-12-06,16,5
2025-12-06 17:00:00+00:00,273.3,50.0,1018.9,19.9,23.0,2025-12-06,17,5
2025-12-06 18:00:00+00:00,277.8,52.0,1019.4,19.2,24.1,2025-12-06,18,5
2025-12-06 19:00:00+00:00,278.6,55.0,1020.0,18.5,24.8,2025-12-06,19,5
2025-12-06 20:00:00+00:00,280.7,56.0,1020.5,18.1,24.1,2025-12-06,20,5
2025-12-06 21:00:00+00:00,286.5,57.0,1020.6,17.8,23.4,2025-12-06,21,5
2025-12-06 22:00:00+00:00,290.7,59.0,1020.7,17.4,23.0,2025-12-06,22,5
2025-12-06 23:00:00+00:00,288.6,61.0,1020.9,16.9,18.4,2025-12-06,23,5
2025-12-07 00:00:00+00:00,281.9,64.0,1021.0,16.2,14.4,2025-12-07,0,6
2025-12-07 01:00:00+00:00,279.9,66.0,1020.9,15.7,16.6,2025-12-07,1,6
2025-12-07 02:00:00+00:00,284.9,68.0,1020.8,15.2,18.0,2025-12-07,2,6
2025-12-07 03:00:00+00:00,283.3,70.0,1020.7,14.6,17.3,2025-12-07,3,6
2025-12-07 04:00:00+00:00,280.3,72.0,1020.4,14.1,16.9,2025-12-07,4,6
2025-12-07 05:00:00+00:00,277.1,74.0,1020.5,13.6,17.3,2025-12-07,5,6
2025-12-07 06:00:00+00:00,277.7,75.0,1020.6,13.3,16.2,2025-12-07,6,6
2025-12-07 07:00:00+00:00,275.0,73.0,1020.7,13.6,18.4,2025-12-07,7,6
2025-12-07 08:00:00+00:00,268.6,71.0,1020.8,14.1,18.0,2025-12-07,8,6
2025-12-07 09:00:00+00:00,256.5,63.0,1021.0,16.0,17.3,2025-12-07,9,6
2025-12-07 10:00:00+00:00,257.4,53.0,1021.2,18.7,16.9,2025-12-07,10,6
2025-12-07 11:00:00+00:00,262.7,47.0,1021.0,20.7,17.3,2025-12-07,11,6
2025-12-07 12:00:00+00:00,268.3,41.0,1019.8,22.1,15.5,2025-12-07,12,6
2025-12-07 13:00:00+00:00,257.2,36.0,1019.3,23.3,14.8,2025-12-07,13,6
2025-12-07 14:00:00+00:00,240.5,35.0,1018.6,23.6,15.1,2025-12-07,14,6
2025-12-07 15:00:00+00:00,229.9,39.0,1018.3,23.4,15.8,2025-12-07,15,6
2025-12-07 16:00:00+00:00,225.2,43.0,1018.4,21.8,15.3,2025-12-07,16,6
2025-12-07 17:00:00+00:00,354.0,52.0,1018.9,18.9,14.8,2025-12-07,17,6
2025-12-07 18:00:00+00:00,29.9,61.0,1019.4,17.0,13.0,2025-12-07,18,6
2025-12-07 19:00:00+00:00,6.7,75.0,1020.2,15.2,14.4,2025-12-07,19,6
2025-12-07 20:00:00+00:00,321.3,78.0,1020.7,14.6,14.8,2025-12-07,20,6
2025-12-07 21:00:00+00:00,295.5,79.0,1020.6,14.0,14.0,2025-12-07,21,6
2025-12-07 22:00:00+00:00,282.9,78.5,1020.9,13.3,13.0,2025-12-07,22,6
2025-12-07 23:00:00+00:00,287.3,78.0,1021.2,12.6,12.2,2025-12-07,23,6
2025-12-08 00:00:00+00:00,288.0,76.0,1021.3,12.0,12.3,2025-12-08,0,0
2025-12-08 01:00:00+00:00,286.8,75.0,1021.4,11.4,12.5,2025-12-08,1,0
2025-12-08 02:00:00+00:00,289.2,76.0,1021.5,10.8,12.6,2025-12-08,2,0
2025-12-08 03:00:00+00:00,285.9,78.0,1021.3,10.3,12.4,2025-12-08,3,0
2025-12-08 04:00:00+00:00,287.8,77.5,1021.2,9.8,12.1,2025-12-08,4,0
2025-12-08 05:00:00+00:00,290.7,77.0,1021.4,9.5,11.9,2025-12-08,5,0
2025-12-08 06:00:00+00:00,291.7,76.5,1021.5,9.0,11.2,2025-12-08,6,0
2025-12-08 07:00:00+00:00,291.8,76.0,1022.2,8.4,10.8,2025-12-08,7,0
2025-12-08 08:00:00+00:00,290.4,72.0,1022.6,9.0,11.5,2025-12-08,8,0
2025-12-08 09:00:00+00:00,280.4,59.0,1023.0,11.9,10.1,2025-12-08,9,0
2025-12-08 10:00:00+00:00,265.8,48.0,1023.3,15.1,7.9,2025-12-08,10,0
2025-12-08 11:00:00+00:00,240.0,41.0,1023.1,17.2,7.2,2025-12-08,11,0
2025-12-08 12:00:00+00:00,180.9,39.5,1022.0,18.4,4.7,2025-12-08,12,0
2025-12-08 13:00:00+00:00,157.5,38.0,1021.6,19.0,6.1,2025-12-08,13,0
2025-12-08 14:00:00+00:00,137.0,37.0,1020.8,19.1,8.3,2025-12-08,14,0
2025-12-08 15:00:00+00:00,128.0,42.0,1020.5,18.5,9.7,2025-12-08,15,0
2025-12-08 16:00:00+00:00,118.5,54.0,1020.6,16.9,10.8,2025-12-08,16,0
2025-12-08 17:00:00+00:00,114.6,69.0,1020.8,14.5,10.4,2025-12-08,17,0
2025-12-08 18:00:00+00:00,84.0,76.0,1021.2,13.3,9.7,2025-12-08,18,0
2025-12-08 19:00:00+00:00,349.9,85.0,1021.6,12.6,5.0,2025-12-08,19,0
2025-12-08 20:00:00+00:00,324.4,89.0,1021.9,11.8,7.2,2025-12-08,20,0
2025-12-08 21:00:00+00:00,290.1,88.0,1021.7,11.0,7.6,2025-12-08,21,0
2025-12-08 22:00:00+00:00,291.6,87.0,1021.5,10.4,7.9,2025-12-08,22,0
2025-12-08 23:00:00+00:00,289.4,78.0,1021.9,9.9,10.4,2025-12-08,23,0
2025-12-09 00:00:00+00:00,281.7,69.0,1021.7,9.5,12.2,2025-12-09,0,1
2025-12-09 01:00:00+00:00,275.0,62.0,1021.5,9.8,13.7,2025-12-09,1,1
2025-12-09 02:00:00+00:00,265.1,61.0,1021.3,10.1,15.0,2025-12-09,2,1
2025-12-09 03:00:00+00:00,256.9,62.0,1021.0,10.2,16.2,2025-12-09,3,1
2025-12-09 04:00:00+00:00,257.9,62.3,1020.5,10.4,17.3,2025-12-09,4,1
2025-12-09 05:00:00+00:00,257.7,62.7,1020.6,10.4,17.6,2025-12-09,5,1
2025-12-09 06:00:00+00:00,252.8,63.0,1020.6,10.3,18.4,2025-12-09,6,1
2025-12-09 07:00:00+00:00,242.3,65.0,1021.3,10.3,20.5,2025-12-09,7,1
2025-12-09 08:00:00+00:00,241.0,64.0,1021.7,10.8,20.9,2025-12-09,8,1
2025-12-09 09:00:00+00:00,230.5,58.0,1021.9,12.7,19.1,2025-12-09,9,1
2025-12-09 10:00:00+00:00,225.7,51.0,1022.0,15.2,18.4,2025-12-09,10,1
2025-12-09 11:00:00+00:00,212.5,45.0,1021.6,17.5,17.3,2025-12-09,11,1
2025-12-09 12:00:00+00:00,210.7,42.0,1020.5,19.2,15.8,2025-12-09,12,1
2025-12-09 13:00:00+00:00,200.4,41.0,1020.4,19.6,14.0,2025-12-09,13,1
2025-12-09 14:00:00+00:00,194.4,40.0,1019.7,19.9,13.0,2025-12-09,14,1
2025-12-09 15:00:00+00:00,151.6,44.0,1019.6,19.1,11.7,2025-12-09,15,1
2025-12-09 16:00:00+00:00,61.1,53.0,1019.7,17.1,10.4,2025-12-09,16,1
2025-12-09 17:00:00+00:00,43.1,68.0,1020.2,14.2,9.4,2025-12-09,17,1
2025-12-09 18:00:00+00:00,30.9,74.0,1020.5,13.1,8.3,2025-12-09,18,1
2025-12-09 19:00:00+00:00,328.6,80.0,1020.9,12.0,10.4,2025-12-09,19,1
2025-12-09 20:00:00+00:00,293.6,79.0,1021.0,11.3,10.1,2025-12-09,20,1
2025-12-09 21:00:00+00:00,280.0,67.0,1020.6,11.4,8.6,2025-12-09,21,1
2025-12-09 22:00:00+00:00,281.1,58.0,1020.6,11.2,9.7,2025-12-09,22,1
2025-12-09 23:00:00+00:00,278.8,58.5,1020.7,10.9,10.8,2025-12-09,23,1
2025-12-10 00:00:00+00:00,276.1,59.0,1020.5,10.7,11.2,2025-12-10,0,2
2025-12-10 01:00:00+00:00,275.8,59.5,1020.1,10.6,11.5,2025-12-10,1,2
2025-12-10 02:00:00+00:00,270.0,60.0,1019.9,10.6,11.2,2025-12-10,2,2
2025-12-10 03:00:00+00:00,266.2,63.0,1019.8,10.1,11.9,2025-12-10,3,2
2025-12-10 04:00:00+00:00,275.7,65.0,1019.6,9.7,11.6,2025-12-10,4,2
2025-12-10 05:00:00+00:00,283.6,64.0,1019.8,9.5,11.2,2025-12-10,5,2
2025-12-10 06:00:00+00:00,288.4,66.0,1019.9,8.9,10.8,2025-12-10,6,2
2025-12-10 07:00:00+00:00,296.7,68.0,1020.3,9.1,10.1,2025-12-10,7,2
2025-12-10 08:00:00+00:00,315.9,69.0,1020.8,9.0,10.8,2025-12-10,8,2
2025-12-10 09:00:00+00:00,335.1,57.0,1021.6,11.7,8.3,2025-12-10,9,2
2025-12-10 10:00:00+00:00,59.0,49.0,1022.0,14.0,3.2,2025-12-10,10,2
2025-12-10 11:00:00+00:00,96.4,44.0,1021.7,15.8,4.3,2025-12-10,11,2
2025-12-10 12:00:00+00:00,87.2,47.5,1021.1,16.5,6.5,2025-12-10,12,2
2025-12-10 13:00:00+00:00,78.1,51.0,1021.0,16.6,8.3,2025-12-10,13,2
2025-12-10 14:00:00+00:00,70.6,62.0,1021.0,16.5,10.4,2025-12-10,14,2
2025-12-10 15:00:00+00:00,67.0,68.0,1021.3,15.9,11.9,2025-12-10,15,2
2025-12-10 16:00:00+00:00,69.3,79.0,1021.8,15.0,13.7,2025-12-10,16,2
2025-12-10 17:00:00+00:00,58.8,86.0,1022.5,14.0,12.6,2025-12-10,17,2
2025-12-10 18:00:00+00:00,31.8,87.0,1023.0,13.8,12.2,2025-12-10,18,2
2025-12-10 19:00:00+00:00,14.8,88.0,1023.5,13.3,11.8,2025-12-10,19,2
2025-12-10 20:00:00+00:00,355.7,86.0,1024.0,13.0,11.5,2025-12-10,20,2
2025-12-10 21:00:00+00:00,343.6,85.0,1024.2,12.7,11.9,2025-12-10,21,2
2025-12-10 22:00:00+00:00,336.2,83.0,1024.4,12.4,12.2,2025-12-10,22,2
2025-12-10 23:00:00+00:00,328.8,82.0,1024.4,12.3,13.1,2025-12-10,23,2
2025-12-11 00:00:00+00:00,327.9,83.5,1024.3,11.8,14.0,2025-12-11,0,3
2025-12-11 01:00:00+00:00,321.7,85.0,1024.1,11.3,13.5,2025-12-11,1,3
2025-12-11 02:00:00+00:00,330.8,84.7,1023.9,11.2,13.0,2025-12-11,2,3
2025-12-11 03:00:00+00:00,334.5,84.3,1023.3,10.9,12.6,2025-12-11,3,3
2025-12-11 04:00:00+00:00,328.3,84.0,1022.7,10.4,10.8,2025-12-11,4,3
2025-12-11 05:00:00+00:00,320.2,86.0,1022.8,9.9,9.0,2025-12-11,5,3
2025-12-11 06:00:00+00:00,321.2,85.0,1022.8,9.4,9.4,2025-12-11,6,3
2025-12-11 07:00:00+00:00,325.2,84.0,1023.7,9.1,9.7,2025-12-11,7,3
2025-12-11 08:00:00+00:00,325.5,80.0,1024.2,10.1,11.9,2025-12-11,8,3
2025-12-11 09:00:00+00:00,326.8,72.0,1024.6,12.0,14.0,2025-12-11,9,3
2025-12-11 10:00:00+00:00,352.8,64.0,1024.7,14.6,13.1,2025-12-11,10,3
2025-12-11 11:00:00+00:00,19.3,60.0,1024.3,16.1,12.2,2025-12-11,11,3
2025-12-11 12:00:00+00:00,49.3,59.5,1023.4,16.8,9.4,2025-12-11,12,3
2025-12-11 13:00:00+00:00,107.7,59.0,1022.7,17.2,8.6,2025-12-11,13,3
2025-12-11 14:00:00+00:00,139.9,61.5,1021.7,17.3,7.2,2025-12-11,14,3
2025-12-11 15:00:00+00:00,143.6,64.0,1021.4,16.6,8.3,2025-12-11,15,3
2025-12-11 16:00:00+00:00,135.0,73.0,1021.3,15.5,7.2,2025-12-11,16,3
2025-12-11 17:00:00+00:00,115.6,85.0,1021.5,13.8,6.5,2025-12-11,17,3
2025-12-11 18:00:00+00:00,100.8,91.0,1022.0,12.9,4.7,2025-12-11,18,3
2025-12-11 19:00:00+00:00,15.4,90.0,1022.3,12.2,4.3,2025-12-11,19,3
2025-12-11 20:00:00+00:00,350.5,94.0,1022.4,11.3,4.6,2025-12-11,20,3
2025-12-11 21:00:00+00:00,315.6,95.0,1022.4,10.7,5.0,2025-12-11,21,3
2025-12-11 22:00:00+00:00,313.9,97.0,1022.2,9.9,7.2,2025-12-11,22,3
2025-12-11 23:00:00+00:00,313.2,96.0,1021.8,9.7,7.8,2025-12-11,23,3
2025-12-12 00:00:00+00:00,306.4,95.0,1021.3,9.4,8.3,2025-12-12,0,4
2025-12-12 01:00:00+00:00,300.6,96.0,1021.2,9.2,8.4,2025-12-12,1,4
2025-12-12 02:00:00+00:00,293.7,95.0,1021.1,8.8,8.6,2025-12-12,2,4
2025-12-12 03:00:00+00:00,294.4,93.0,1020.5,8.5,7.2,2025-12-12,3,4
2025-12-12 04:00:00+00:00,290.8,91.0,1020.1,8.0,6.1,2025-12-12,4,4
2025-12-12 05:00:00+00:00,296.1,90.5,1020.0,7.6,5.8,2025-12-12,5,4
2025-12-12 06:00:00+00:00,300.8,90.0,1020.1,7.1,6.8,2025-12-12,6,4
2025-12-12 07:00:00+00:00,303.8,91.0,1020.4,7.5,6.1,2025-12-12,7,4
2025-12-12 08:00:00+00:00,310.1,87.0,1020.5,7.9,7.9,2025-12-12,8,4
2025-12-12 09:00:00+00:00,307.6,82.0,1020.9,10.1,7.6,2025-12-12,9,4
2025-12-12 10:00:00+00:00,335.0,75.0,1021.2,12.4,7.2,2025-12-12,10,4
2025-12-12 11:00:00+00:00,344.2,72.0,1021.0,14.1,5.4,2025-12-12,11,4
2025-12-12 12:00:00+00:00,69.3,70.0,1020.5,15.1,6.5,2025-12-12,12,4
2025-12-12 13:00:00+00:00,76.7,69.0,1019.9,15.8,9.7,2025-12-12,13,4
2025-12-12 14:00:00+00:00,75.6,70.0,1019.5,15.7,10.1,2025-12-12,14,4
2025-12-12 15:00:00+00:00,64.6,71.0,1019.4,15.8,11.9,2025-12-12,15,4
2025-12-12 16:00:00+00:00,66.6,77.0,1019.4,15.1,15.5,2025-12-12,16,4
2025-12-12 17:00:00+00:00,65.8,85.0,1019.9,14.0,17.3,2025-12-12,17,4
2025-12-12 18:00:00+00:00,55.4,88.0,1020.4,13.6,16.2,2025-12-12,18,4
2025-12-12 19:00:00+00:00,51.0,90.0,1021.0,13.8,17.6,2025-12-12,19,4
2025-12-12 20:00:00+00:00,42.2,88.0,1021.4,13.6,19.4,2025-12-12,20,4
2025-12-12 21:00:00+00:00,42.1,88.5,1021.9,13.4,20.2,2025-12-12,21,4
2025-12-12 22:00:00+00:00,43.7,89.0,1022.4,13.2,21.2,2025-12-12,22,4
2025-12-12 23:00:00+00:00,38.4,88.0,1022.5,12.9,21.6,2025-12-12,23,4
2025-12-13 00:00:00+00:00,30.9,87.0,1022.6,12.7,22.7,2025-12-13,0,5
2025-12-13 01:00:00+00:00,22.1,85.0,1022.6,12.8,22.0,2025-12-13,1,5
2025-12-13 02:00:00+00:00,12.9,84.0,1022.7,12.3,22.7,2025-12-13,2,5
2025-12-13 03:00:00+00:00,9.7,82.5,1022.6,12.0,21.6,2025-12-13,3,5
2025-12-13 04:00:00+00:00,16.9,81.0,1022.5,12.4,22.0,2025-12-13,4,5
2025-12-13 05:00:00+00:00,28.3,78.0,1022.8,13.0,24.5,2025-12-13,5,5
2025-12-13 06:00:00+00:00,37.7,84.0,1023.2,12.9,23.8,2025-12-13,6,5
2025-12-13 07:00:00+00:00,36.5,85.0,1024.0,12.8,24.5,2025-12-13,7,5
2025-12-13 08:00:00+00:00,39.0,84.0,1024.8,13.3,25.6,2025-12-13,8,5
2025-12-13 09:00:00+00:00,34.6,77.0,1025.5,13.8,25.9,2025-12-13,9,5
2025-12-13 10:00:00+00:00,38.5,74.0,1026.0,14.4,25.8,2025-12-13,10,5
2025-12-13 11:00:00+00:00,39.9,75.0,1025.7,14.6,25.6,2025-12-13,11,5
2025-12-13 12:00:00+00:00,45.2,76.0,1025.4,14.9,26.3,2025-12-13,12,5
2025-12-13 13:00:00+00:00,55.4,77.0,1025.3,15.0,23.0,2025-12-13,13,5
2025-12-13 14:00:00+00:00,53.7,78.0,1024.8,14.9,22.7,2025-12-13,14,5
2025-12-13 15:00:00+00:00,49.3,80.0,1024.6,14.7,23.0,2025-12-13,15,5
2025-12-13 16:00:00+00:00,48.5,78.0,1024.6,14.3,25.2,2025-12-13,16,5
2025-12-13 17:00:00+00:00,42.9,84.0,1024.7,14.0,22.0,2025-12-13,17,5
2025-12-13 18:00:00+00:00,35.7,83.0,1025.3,13.5,23.0,2025-12-13,18,5
2025-12-13 19:00:00+00:00,47.9,83.5,1025.8,13.0,25.2,2025-12-13,19,5
2025-12-13 20:00:00+00:00,36.5,84.0,1026.0,13.1,25.6,2025-12-13,20,5
2025-12-13 21:00:00+00:00,20.7,83.0,1026.1,12.8,22.7,2025-12-13,21,5
2025-12-13 22:00:00+00:00,14.6,82.0,1026.2,12.4,22.0,2025-12-13,22,5
2025-12-13 23:00:00+00:00,12.4,81.0,1025.9,12.5,22.3,2025-12-13,23,5
2025-12-14 00:00:00+00:00,19.5,79.5,1025.5,12.2,22.0,2025-12-14,0,6
2025-12-14 01:00:00+00:00,8.8,78.0,1025.1,12.1,21.6,2025-12-14,1,6
2025-12-14 02:00:00+00:00,359.8,80.0,1024.7,11.8,21.2,2025-12-14,2,6
2025-12-14 03:00:00+00:00,12.5,82.0,1024.0,11.9,22.3,2025-12-14,3,6
2025-12-14 04:00:00+00:00,16.0,84.0,1023.5,11.6,23.2,2025-12-14,4,6
2025-12-14 05:00:00+00:00,17.3,87.0,1023.4,11.8,24.1,2025-12-14,5,6
2025-12-14 06:00:00+00:00,23.1,88.0,1023.4,11.7,22.7,2025-12-14,6,6
2025-12-14 07:00:00+00:00,19.6,83.0,1023.5,11.9,22.0,2025-12-14,7,6
2025-12-14 08:00:00+00:00,25.1,82.0,1023.6,12.4,24.8,2025-12-14,8,6
2025-12-14 09:00:00+00:00,29.0,80.0,1023.7,12.8,25.9,2025-12-14,9,6
2025-12-14 10:00:00+00:00,30.4,78.0,1023.9,13.7,24.5,2025-12-14,10,6
2025-12-14 11:00:00+00:00,36.7,80.0,1023.5,14.0,24.1,2025-12-14,11,6
2025-12-14 12:00:00+00:00,38.9,82.0,1023.1,13.6,20.5,2025-12-14,12,6
2025-12-14 13:00:00+00:00,45.2,82.5,1022.5,14.1,24.5,2025-12-14,13,6
2025-12-14 14:00:00+00:00,41.1,83.0,1021.9,14.0,24.1,2025-12-14,14,6
2025-12-14 15:00:00+00:00,35.6,84.0,1021.5,13.7,23.8,2025-12-14,15,6
2025-12-14 16:00:00+00:00,34.5,86.0,1021.1,13.3,24.8,2025-12-14,16,6
2025-12-14 17:00:00+00:00,28.4,88.0,1021.0,12.6,27.0,2025-12-14,17,6
2025-12-14 18:00:00+00:00,32.9,89.0,1020.9,12.4,24.5,2025-12-14,18,6
2025-12-14 19:00:00+00:00,27.2,87.0,1021.0,12.8,24.1,2025-12-14,19,6
2025-12-14 20:00:00+00:00,18.5,86.0,1020.7,12.4,25.2,2025-12-14,20,6
2025-12-14 21:00:00+00:00,13.5,86.5,1020.3,12.1,24.3,2025-12-14,21,6
2025-12-14 22:00:00+00:00,10.8,87.0,1020.2,12.0,23.4,2025-12-14,22,6
2025-12-14 23:00:00+00:00,13.7,86.0,1019.6,12.4,23.0,2025-12-14,23,6
2025-12-15 00:00:00+00:00,19.7,89.0,1019.1,12.2,24.1,2025-12-15,0,0
2025-12-15 01:00:00+00:00,30.7,94.0,1018.6,11.6,27.4,2025-12-15,1,0
2025-12-15 02:00:00+00:00,21.5,91.0,1017.6,11.7,27.0,2025-12-15,2,0
2025-12-15 03:00:00+00:00,24.6,90.0,1016.7,11.8,24.8,2025-12-15,3,0
2025-12-15 04:00:00+00:00,35.6,89.0,1015.9,12.0,23.0,2025-12-15,4,0
2025-12-15 05:00:00+00:00,33.5,89.5,1015.4,12.2,22.7,2025-12-15,5,0
2025-12-15 06:00:00+00:00,33.3,90.0,1014.9,12.2,19.8,2025-12-15,6,0
2025-12-15 07:00:00+00:00,34.6,94.0,1014.8,12.3,17.6,2025-12-15,7,0
2025-12-15 08:00:00+00:00,13.5,92.0,1014.8,12.6,18.0,2025-12-15,8,0
2025-12-15 09:00:00+00:00,20.2,89.0,1014.8,13.0,18.4,2025-12-15,9,0
2025-12-15 10:00:00+00:00,12.3,87.0,1014.7,13.6,18.0,2025-12-15,10,0
2025-12-15 11:00:00+00:00,21.8,85.0,1014.2,14.1,15.5,2025-12-15,11,0
2025-12-15 12:00:00+00:00,22.3,82.0,1013.2,14.6,13.7,2025-12-15,12,0
2025-12-15 13:00:00+00:00,28.1,83.0,1012.6,14.7,6.8,2025-12-15,13,0
2025-12-15 14:00:00+00:00,65.7,84.0,1011.7,14.8,6.5,2025-12-15,14,0
2025-12-15 15:00:00+00:00,131.8,85.0,1011.6,13.9,6.1,2025-12-15,15,0
2025-12-15 16:00:00+00:00,333.3,89.0,1011.5,12.9,7.9,2025-12-15,16,0
2025-12-15 17:00:00+00:00,355.0,93.0,1011.2,12.3,7.2,2025-12-15,17,0
2025-12-15 18:00:00+00:00,324.3,94.0,1011.4,11.5,6.1,2025-12-15,18,0
2025-12-15 19:00:00+00:00,302.5,98.0,1011.1,9.8,4.0,2025-12-15,19,0
2025-12-15 20:00:00+00:00,292.7,97.0,1011.0,9.5,3.2,2025-12-15,20,0
2025-12-15 21:00:00+00:00,289.6,96.8,1010.5,9.2,4.3,2025-12-15,21,0
2025-12-15 22:00:00+00:00,296.7,96.5,1010.3,8.9,6.5,2025-12-15,22,0
2025-12-15 23:00:00+00:00,304.1,96.2,1010.1,8.6,7.9,2025-12-15,23,0
2025-12-16 00:00:00+00:00,306.0,96.0,1009.5,8.5,6.8,2025-12-16,0,1
2025-12-16 01:00:00+00:00,307.8,95.0,1008.6,8.3,7.6,2025-12-16,1,1
2025-12-16 02:00:00+00:00,305.2,96.0,1008.1,8.2,6.8,2025-12-16,2,1
2025-12-16 03:00:00+00:00,306.2,95.0,1007.4,7.9,7.9,2025-12-16,3,1
2025-12-16 04:00:00+00:00,316.4,94.5,1006.9,7.8,5.8,2025-12-16,4,1
2025-12-16 05:00:00+00:00,344.8,94.0,1006.8,7.4,6.8,2025-12-16,5,1
2025-12-16 06:00:00+00:00,356.9,95.0,1007.0,7.6,7.9,2025-12-16,6,1
2025-12-16 07:00:00+00:00,341.1,94.5,1007.5,8.5,10.1,2025-12-16,7,1
2025-12-16 08:00:00+00:00,328.8,94.0,1008.0,9.4,10.4,2025-12-16,8,1
2025-12-16 09:00:00+00:00,331.6,93.0,1008.3,10.4,13.0,2025-12-16,9,1
2025-12-16 10:00:00+00:00,331.8,92.5,1008.6,10.8,16.2,2025-12-16,10,1
2025-12-16 11:00:00+00:00,19.2,92.0,1008.3,11.9,21.2,2025-12-16,11,1
2025-12-16 12:00:00+00:00,38.5,89.0,1007.6,12.8,20.2,2025-12-16,12,1
2025-12-16 13:00:00+00:00,38.6,95.0,1007.1,12.5,16.6,2025-12-16,13,1
2025-12-16 14:00:00+00:00,47.1,93.0,1007.2,12.4,15.8,2025-12-16,14,1
2025-12-16 15:00:00+00:00,50.5,94.0,1007.6,12.4,19.4,2025-12-16,15,1
2025-12-16 16:00:00+00:00,63.3,93.0,1007.9,12.5,20.9,2025-12-16,16,1
2025-12-16 17:00:00+00:00,47.4,92.0,1008.9,12.3,25.2,2025-12-16,17,1
2025-12-16 18:00:00+00:00,48.6,94.0,1009.7,12.2,22.3,2025-12-16,18,1
2025-12-16 19:00:00+00:00,15.1,92.0,1011.0,11.8,22.0,2025-12-16,19,1
2025-12-16 20:00:00+00:00,5.2,89.0,1011.7,11.7,22.7,2025-12-16,20,1
2025-12-16 21:00:00+00:00,13.1,90.0,1012.3,11.8,24.8,2025-12-16,21,1
2025-12-16 22:00:00+00:00,20.7,91.0,1012.7,11.9,25.6,2025-12-16,22,1
2025-12-16 23:00:00+00:00,36.6,92.0,1013.2,12.2,18.7,2025-12-16,23,1
2025-12-17 00:00:00+00:00,42.9,94.0,1013.9,11.9,17.3,2025-12-17,0,2
2025-12-17 01:00:00+00:00,36.4,93.7,1014.7,11.7,14.0,2025-12-17,1,2
2025-12-17 02:00:00+00:00,44.8,93.3,1015.1,11.8,14.8,2025-12-17,2,2
2025-12-17 03:00:00+00:00,38.9,93.0,1015.5,12.1,16.6,2025-12-17,3,2
2025-12-17 06:00:00+00:00,35.8,92.0,1017.2,12.3,23.8,2025-12-17,6,2
2025-12-17 07:00:00+00:00,31.8,91.0,1018.3,12.4,24.0,2025-12-17,7,2
2025-12-17 08:00:00+00:00,36.8,90.5,1019.2,12.5,24.1,2025-12-17,8,2
2025-12-17 09:00:00+00:00,31.1,90.0,1019.9,12.8,28.4,2025-12-17,9,2
2025-12-17 10:00:00+00:00,31.9,86.0,1020.8,13.5,29.9,2025-12-17,10,2
2025-12-17 11:00:00+00:00,36.8,84.0,1021.0,13.8,28.1,2025-12-17,11,2
2025-12-17 12:00:00+00:00,42.5,83.0,1020.9,14.3,25.9,2025-12-17,12,2
2025-12-17 13:00:00+00:00,57.2,86.0,1020.8,14.1,21.6,2025-12-17,13,2
2025-12-17 14:00:00+00:00,57.5,88.0,1021.0,13.8,19.1,2025-12-17,14,2
2025-12-17 15:00:00+00:00,49.7,86.0,1021.3,14.1,18.6,2025-12-17,15,2
2025-12-17 16:00:00+00:00,40.8,89.0,1021.8,13.7,18.0,2025-12-17,16,2
2025-12-17 17:00:00+00:00,34.0,90.0,1022.5,13.0,15.5,2025-12-17,17,2
2025-12-17 18:00:00+00:00,37.7,91.0,1023.1,12.6,15.8,2025-12-17,18,2
2025-12-17 19:00:00+00:00,19.2,90.0,1023.7,12.2,15.1,2025-12-17,19,2
2025-12-17 20:00:00+00:00,8.7,90.5,1024.1,12.0,16.2,2025-12-17,20,2
2025-12-17 21:00:00+00:00,315.7,91.0,1024.4,11.4,13.7,2025-12-17,21,2
2025-12-17 22:00:00+00:00,303.4,93.0,1024.8,10.8,11.9,2025-12-17,22,2
2025-12-17 23:00:00+00:00,293.5,95.0,1025.0,10.0,8.3,2025-12-17,23,2
2025-12-18 00:00:00+00:00,296.2,96.0,1024.9,9.5,8.6,2025-12-18,0,3
2025-12-18 01:00:00+00:00,298.7,97.0,1025.0,9.1,9.7,2025-12-18,1,3
2025-12-18 02:00:00+00:00,298.1,96.0,1025.1,8.8,12.2,2025-12-18,2,3
2025-12-18 03:00:00+00:00,295.0,95.5,1024.9,8.3,10.8,2025-12-18,3,3
2025-12-18 04:00:00+00:00,296.0,95.0,1025.0,8.0,9.7,2025-12-18,4,3
2025-12-18 05:00:00+00:00,293.9,94.0,1025.0,7.6,8.6,2025-12-18,5,3
2025-12-18 06:00:00+00:00,299.2,93.0,1025.1,7.3,7.9,2025-12-18,6,3
2025-12-18 07:00:00+00:00,299.0,92.0,1025.4,7.8,9.0,2025-12-18,7,3
2025-12-18 08:00:00+00:00,290.0,91.0,1025.1,8.2,9.7,2025-12-18,8,3
2025-12-18 09:00:00+00:00,287.7,88.0,1025.1,10.3,10.1,2025-12-18,9,3
2025-12-18 10:00:00+00:00,273.2,82.0,1025.0,12.7,7.6,2025-12-18,10,3
2025-12-18 11:00:00+00:00,215.5,76.0,1025.0,14.4,4.7,2025-12-18,11,3
2025-12-18 12:00:00+00:00,168.2,70.0,1024.2,15.3,5.8,2025-12-18,12,3
2025-12-18 13:00:00+00:00,186.5,68.0,1023.8,15.7,5.4,2025-12-18,13,3
2025-12-18 14:00:00+00:00,253.1,71.7,1022.7,16.0,5.0,2025-12-18,14,3
2025-12-18 15:00:00+00:00,141.6,75.3,1022.5,15.9,6.1,2025-12-18,15,3
2025-12-18 16:00:00+00:00,108.7,79.0,1022.2,14.8,6.8,2025-12-18,16,3
2025-12-18 17:00:00+00:00,115.1,85.0,1022.4,13.0,5.4,2025-12-18,17,3
2025-12-18 18:00:00+00:00,117.6,88.0,1022.7,12.3,9.0,2025-12-18,18,3
2025-12-18 19:00:00+00:00,211.9,89.0,1023.1,12.0,7.6,2025-12-18,19,3
2025-12-18 20:00:00+00:00,294.6,90.0,1023.5,11.2,4.3,2025-12-18,20,3
2025-12-18 21:00:00+00:00,310.0,94.0,1023.6,10.0,8.6,2025-12-18,21,3
2025-12-18 22:00:00+00:00,305.4,93.0,1023.3,9.4,9.7,2025-12-18,22,3
2025-12-18 23:00:00+00:00,295.5,91.0,1023.0,9.2,7.6,2025-12-18,23,3
2025-12-19 00:00:00+00:00,296.2,90.0,1022.4,8.5,5.0,2025-12-19,0,4
2025-12-19 01:00:00+00:00,297.4,91.0,1022.1,8.3,6.5,2025-12-19,1,4
2025-12-19 02:00:00+00:00,294.2,90.7,1021.8,7.7,6.7,2025-12-19,2,4
2025-12-19 03:00:00+00:00,294.6,90.3,1021.3,7.3,7.0,2025-12-19,3,4
2025-12-19 04:00:00+00:00,290.1,90.0,1021.0,7.1,7.2,2025-12-19,4,4
2025-12-19 05:00:00+00:00,281.2,89.0,1021.1,6.7,7.8,2025-12-19,5,4
2025-12-19 06:00:00+00:00,285.9,88.0,1021.3,6.9,8.3,2025-12-19,6,4
2025-12-19 07:00:00+00:00,289.4,89.0,1021.2,7.1,7.2,2025-12-19,7,4
2025-12-19 08:00:00+00:00,283.5,87.0,1021.3,7.3,10.4,2025-12-19,8,4
2025-12-19 09:00:00+00:00,280.2,84.0,1021.4,9.4,9.4,2025-12-19,9,4
2025-12-19 10:00:00+00:00,248.8,79.0,1021.5,12.1,5.8,2025-12-19,10,4
2025-12-19 11:00:00+00:00,245.1,73.0,1021.0,13.9,4.7,2025-12-19,11,4
2025-12-19 12:00:00+00:00,175.5,71.0,1020.1,15.0,5.8,2025-12-19,12,4
2025-12-19 13:00:00+00:00,159.5,69.0,1019.5,15.3,7.9,2025-12-19,13,4
2025-12-19 14:00:00+00:00,170.6,71.0,1018.9,15.2,7.2,2025-12-19,14,4
2025-12-19 15:00:00+00:00,157.4,74.0,1018.5,15.1,6.1,2025-12-19,15,4
2025-12-19 16:00:00+00:00,107.2,82.0,1018.4,14.2,5.8,2025-12-19,16,4
2025-12-19 17:00:00+00:00,83.7,85.0,1018.5,12.8,5.0,2025-12-19,17,4
2025-12-19 18:00:00+00:00,60.3,87.0,1019.0,12.3,5.4,2025-12-19,18,4
2025-12-19 19:00:00+00:00,23.6,88.0,1019.2,11.9,5.8,2025-12-19,19,4
2025-12-19 20:00:00+00:00,348.1,91.0,1019.5,11.3,6.1,2025-12-19,20,4
2025-12-19 21:00:00+00:00,336.6,93.0,1019.3,10.8,5.9,2025-12-19,21,4
2025-12-19 22:00:00+00:00,323.4,94.0,1019.0,10.4,5.8,2025-12-19,22,4
2025-12-19 23:00:00+00:00,295.5,93.8,1018.3,10.0,6.5,2025-12-19,23,4
2025-12-20 00:00:00+00:00,290.0,93.5,1017.9,9.9,7.2,2025-12-20,0,5
2025-12-20 01:00:00+00:00,293.8,93.2,1017.6,9.6,8.1,2025-12-20,1,5
2025-12-20 02:00:00+00:00,295.1,93.0,1017.2,9.5,9.0,2025-12-20,2,5
2025-12-20 03:00:00+00:00,289.8,91.0,1016.6,9.7,6.5,2025-12-20,3,5
2025-12-20 04:00:00+00:00,289.9,91.5,1016.0,9.6,7.2,2025-12-20,4,5
2025-12-20 05:00:00+00:00,295.1,92.0,1015.7,8.7,7.9,2025-12-20,5,5
2025-12-20 06:00:00+00:00,300.4,91.0,1015.6,8.0,8.6,2025-12-20,6,5
2025-12-20 07:00:00+00:00,299.7,90.0,1015.6,8.3,8.3,2025-12-20,7,5
2025-12-20 08:00:00+00:00,296.2,89.0,1015.7,8.9,7.2,2025-12-20,8,5
2025-12-20 09:00:00+00:00,295.9,87.0,1016.0,10.4,6.8,2025-12-20,9,5
2025-12-20 10:00:00+00:00,291.2,83.0,1015.9,12.2,6.5,2025-12-20,10,5
2025-12-20 11:00:00+00:00,272.6,74.0,1015.4,14.1,4.7,2025-12-20,11,5
2025-12-20 12:00:00+00:00,224.9,68.0,1014.3,15.4,4.0,2025-12-20,12,5
2025-12-20 13:00:00+00:00,223.2,64.0,1013.5,16.1,4.7,2025-12-20,13,5
2025-12-20 14:00:00+00:00,172.0,65.0,1012.8,15.9,9.4,2025-12-20,14,5
2025-12-20 15:00:00+00:00,152.7,69.0,1012.4,15.3,10.1,2025-12-20,15,5
2025-12-20 16:00:00+00:00,140.3,77.0,1012.4,14.3,9.4,2025-12-20,16,5
2025-12-20 17:00:00+00:00,140.5,81.0,1012.3,12.8,10.4,2025-12-20,17,5
2025-12-20 18:00:00+00:00,143.2,83.0,1012.2,12.5,12.6,2025-12-20,18,5
2025-12-20 19:00:00+00:00,173.3,84.0,1012.3,11.8,9.7,2025-12-20,19,5
2025-12-20 20:00:00+00:00,239.3,86.0,1012.1,11.1,10.1,2025-12-20,20,5
2025-12-20 21:00:00+00:00,279.8,89.0,1012.0,10.2,12.2,2025-12-20,21,5
2025-12-20 22:00:00+00:00,269.6,85.0,1012.0,10.9,13.0,2025-12-20,22,5
2025-12-20 23:00:00+00:00,269.9,74.0,1011.6,11.6,17.3,2025-12-20,23,5
2025-12-21 00:00:00+00:00,274.1,72.0,1011.2,11.8,18.7,2025-12-21,0,6
2025-12-21 01:00:00+00:00,280.3,73.0,1011.0,10.8,19.4,2025-12-21,1,6
2025-12-21 02:00:00+00:00,273.4,72.5,1010.6,10.3,17.6,2025-12-21,2,6
2025-12-21 03:00:00+00:00,257.5,72.0,1009.9,9.8,18.7,2025-12-21,3,6
2025-12-21 04:00:00+00:00,263.0,70.0,1009.1,9.6,18.4,2025-12-21,4,6
2025-12-21 05:00:00+00:00,246.4,72.0,1008.8,9.1,19.4,2025-12-21,5,6
2025-12-21 06:00:00+00:00,228.6,74.0,1008.4,8.5,19.8,2025-12-21,6,6
2025-12-21 07:00:00+00:00,219.7,76.0,1008.2,8.4,17.6,2025-12-21,7,6
2025-12-21 08:00:00+00:00,205.9,77.0,1007.8,8.8,15.1,2025-12-21,8,6
2025-12-21 09:00:00+00:00,224.1,78.0,1007.9,9.4,12.2,2025-12-21,9,6
2025-12-21 10:00:00+00:00,254.5,80.0,1007.6,9.8,13.0,2025-12-21,10,6
2025-12-21 11:00:00+00:00,240.3,74.0,1006.8,10.1,13.7,2025-12-21,11,6
2025-12-21 12:00:00+00:00,220.5,68.0,1005.3,13.2,13.0,2025-12-21,12,6
2025-12-21 13:00:00+00:00,243.6,65.0,1005.2,14.5,16.2,2025-12-21,13,6
2025-12-21 14:00:00+00:00,261.9,55.0,1004.8,14.7,20.2,2025-12-21,14,6
2025-12-21 15:00:00+00:00,258.8,59.0,1004.7,13.9,23.0,2025-12-21,15,6
2025-12-21 16:00:00+00:00,262.5,62.0,1004.8,12.9,19.8,2025-12-21,16,6
2025-12-21 17:00:00+00:00,267.0,64.0,1004.7,12.0,16.9,2025-12-21,17,6
2025-12-21 18:00:00+00:00,268.3,65.0,1005.0,11.3,18.4,2025-12-21,18,6
2025-12-21 19:00:00+00:00,272.7,66.0,1005.2,10.2,18.0,2025-12-21,19,6
2025-12-21 20:00:00+00:00,280.6,67.0,1005.5,10.0,18.7,2025-12-21,20,6
2025-12-21 21:00:00+00:00,276.0,70.0,1005.3,9.6,16.9,2025-12-21,21,6
2025-12-21 22:00:00+00:00,285.6,71.5,1005.4,9.1,18.7,2025-12-21,22,6
2025-12-21 23:00:00+00:00,276.1,73.0,1005.4,8.7,18.0,2025-12-21,23,6
2025-12-22 00:00:00+00:00,274.0,74.0,1005.0,8.3,16.2,2025-12-22,0,0
2025-12-22 01:00:00+00:00,276.2,69.0,1004.8,8.2,18.7,2025-12-22,1,0
2025-12-22 02:00:00+00:00,296.6,67.0,1005.2,7.6,21.6,2025-12-22,2,0
2025-12-22 03:00:00+00:00,290.4,66.0,1005.5,6.9,23.0,2025-12-22,3,0
2025-12-22 04:00:00+00:00,287.3,65.0,1005.6,6.6,22.8,2025-12-22,4,0
2025-12-22 05:00:00+00:00,275.4,66.0,1006.0,5.7,22.7,2025-12-22,5,0
2025-12-22 06:00:00+00:00,284.3,65.0,1006.2,5.4,22.0,2025-12-22,6,0
2025-12-22 07:00:00+00:00,289.8,63.0,1006.1,5.9,20.9,2025-12-22,7,0
2025-12-22 08:00:00+00:00,285.9,60.5,1006.7,6.1,23.8,2025-12-22,8,0
2025-12-22 09:00:00+00:00,282.9,58.0,1007.2,7.5,22.3,2025-12-22,9,0
2025-12-22 10:00:00+00:00,272.8,56.5,1007.8,9.0,21.6,2025-12-22,10,0
2025-12-22 11:00:00+00:00,271.6,55.0,1007.5,10.2,23.8,2025-12-22,11,0
2025-12-22 12:00:00+00:00,277.9,47.0,1006.6,11.6,23.0,2025-12-22,12,0
2025-12-22 13:00:00+00:00,277.6,44.0,1006.8,12.4,22.0,2025-12-22,13,0
2025-12-22 14:00:00+00:00,278.2,42.0,1006.6,12.6,24.1,2025-12-22,14,0
2025-12-22 15:00:00+00:00,271.5,44.0,1006.5,12.4,23.8,2025-12-22,15,0
2025-12-22 16:00:00+00:00,268.5,48.0,1007.0,11.3,24.5,2025-12-22,16,0
2025-12-22 17:00:00+00:00,278.5,50.0,1007.7,10.1,24.1,2025-12-22,17,0
2025-12-22 18:00:00+00:00,284.3,51.0,1008.7,9.4,26.3,2025-12-22,18,0
2025-12-22 19:00:00+00:00,283.9,55.0,1009.8,8.4,28.4,2025-12-22,19,0
2025-12-22 20:00:00+00:00,285.5,56.0,1010.0,8.1,24.5,2025-12-22,20,0
2025-12-22 21:00:00+00:00,285.1,57.0,1009.9,7.9,23.0,2025-12-22,21,0
2025-12-22 22:00:00+00:00,282.2,58.0,1009.6,7.9,23.4,2025-12-22,22,0
2025-12-22 23:00:00+00:00,284.9,59.0,1009.4,8.0,24.1,2025-12-22,23,0
2025-12-23 00:00:00+00:00,287.2,61.0,1009.3,8.0,23.4,2025-12-23,0,1
2025-12-23 01:00:00+00:00,282.6,63.0,1009.0,7.9,25.2,2025-12-23,1,1
2025-12-23 02:00:00+00:00,282.5,62.8,1008.8,7.8,23.8,2025-12-23,2,1
2025-12-23 03:00:00+00:00,278.3,62.6,1008.3,7.6,23.4,2025-12-23,3,1
2025-12-23 04:00:00+00:00,279.8,62.4,1008.0,7.2,23.0,2025-12-23,4,1
2025-12-23 06:00:00+00:00,285.8,62.0,1008.0,7.4,22.0,2025-12-23,6,1
2025-12-23 07:00:00+00:00,286.7,61.0,1008.0,7.9,23.8,2025-12-23,7,1
2025-12-23 08:00:00+00:00,280.1,60.0,1008.1,8.1,24.1,2025-12-23,8,1
2025-12-23 09:00:00+00:00,274.6,59.0,1008.2,9.0,23.0,2025-12-23,9,1
2025-12-23 10:00:00+00:00,269.0,58.0,1007.8,10.4,21.2,2025-12-23,10,1
2025-12-23 11:00:00+00:00,252.0,57.0,1007.4,11.7,20.5,2025-12-23,11,1
2025-12-23 12:00:00+00:00,257.5,52.0,1006.2,13.0,22.0,2025-12-23,12,1
2025-12-23 13:00:00+00:00,262.1,47.0,1005.5,13.9,23.8,2025-12-23,13,1
2025-12-23 14:00:00+00:00,261.1,48.0,1005.2,14.0,23.4,2025-12-23,14,1
2025-12-23 15:00:00+00:00,258.7,51.0,1004.9,13.4,22.0,2025-12-23,15,1
2025-12-23 16:00:00+00:00,265.8,52.0,1005.2,12.6,21.8,2025-12-23,16,1
2025-12-23 17:00:00+00:00,278.2,53.0,1005.7,11.6,21.6,2025-12-23,17,1
2025-12-23 18:00:00+00:00,282.9,55.0,1005.9,10.8,21.4,2025-12-23,18,1
2025-12-23 19:00:00+00:00,286.2,56.0,1006.4,10.7,21.1,2025-12-23,19,1
2025-12-23 20:00:00+00:00,286.3,59.0,1006.6,9.8,20.9,2025-12-23,20,1
2025-12-23 21:00:00+00:00,287.9,62.0,1006.7,9.1,19.4,2025-12-23,21,1
2025-12-23 22:00:00+00:00,296.0,65.0,1006.9,8.6,16.6,2025-12-23,22,1
2025-12-23 23:00:00+00:00,302.8,68.0,1007.0,8.2,13.7,2025-12-23,23,1
2025-12-24 00:00:00+00:00,306.9,72.0,1006.9,7.7,12.2,2025-12-24,0,2
2025-12-24 01:00:00+00:00,7.5,73.0,1008.1,9.0,13.0,2025-12-24,1,2
2025-12-24 02:00:00+00:00,303.7,79.0,1008.4,8.3,9.0,2025-12-24,2,2
2025-12-24 03:00:00+00:00,268.9,78.0,1008.2,8.0,9.4,2025-12-24,3,2
2025-12-24 04:00:00+00:00,280.9,77.0,1008.0,7.8,9.8,2025-12-24,4,2
2025-12-24 05:00:00+00:00,281.2,78.0,1008.1,7.5,10.1,2025-12-24,5,2
2025-12-24 06:00:00+00:00,291.9,82.0,1008.2,7.0,10.4,2025-12-24,6,2
2025-12-24 07:00:00+00:00,297.2,81.5,1008.6,7.1,10.1,2025-12-24,7,2
2025-12-24 08:00:00+00:00,299.7,81.0,1008.9,7.8,11.5,2025-12-24,8,2
2025-12-24 09:00:00+00:00,301.4,77.0,1009.4,8.6,10.8,2025-12-24,9,2
2025-12-24 10:00:00+00:00,283.3,74.0,1009.7,10.7,11.2,2025-12-24,10,2
2025-12-24 11:00:00+00:00,274.9,62.0,1009.3,12.7,10.1,2025-12-24,11,2
2025-12-24 12:00:00+00:00,261.4,55.0,1008.4,13.5,8.3,2025-12-24,12,2
2025-12-24 13:00:00+00:00,251.9,51.0,1007.9,14.2,7.2,2025-12-24,13,2
2025-12-24 14:00:00+00:00,233.6,52.0,1007.2,14.3,7.6,2025-12-24,14,2
2025-12-24 15:00:00+00:00,221.2,53.0,1006.8,14.0,9.0,2025-12-24,15,2
2025-12-24 16:00:00+00:00,192.7,62.0,1006.6,12.9,9.7,2025-12-24,16,2
2025-12-24 17:00:00+00:00,192.9,68.0,1006.5,11.2,10.8,2025-12-24,17,2
2025-12-24 18:00:00+00:00,196.6,71.0,1006.8,10.4,11.5,2025-12-24,18,2
2025-12-24 19:00:00+00:00,231.4,75.0,1007.0,9.6,11.2,2025-12-24,19,2
2025-12-24 20:00:00+00:00,258.1,78.0,1007.2,8.6,9.7,2025-12-24,20,2
2025-12-24 21:00:00+00:00,267.2,80.0,1007.3,7.7,9.4,2025-12-24,21,2
2025-12-24 22:00:00+00:00,285.6,82.0,1007.6,7.0,7.6,2025-12-24,22,2
2025-12-24 23:00:00+00:00,292.6,85.0,1007.6,6.4,8.3,2025-12-24,23,2
2025-12-25 00:00:00+00:00,299.8,86.0,1007.7,6.1,9.7,2025-12-25,0,3
2025-12-25 01:00:00+00:00,328.3,84.0,1007.9,7.3,7.6,2025-12-25,1,3
2025-12-25 02:00:00+00:00,312.6,87.0,1008.3,6.1,6.5,2025-12-25,2,3
2025-12-25 03:00:00+00:00,319.8,86.0,1008.1,6.6,8.3,2025-12-25,3,3
2025-12-25 04:00:00+00:00,352.2,82.0,1007.9,7.1,14.0,2025-12-25,4,3
2025-12-25 05:00:00+00:00,7.8,83.0,1008.4,7.4,17.6,2025-12-25,5,3
2025-12-25 06:00:00+00:00,5.1,86.5,1008.8,7.7,20.9,2025-12-25,6,3
2025-12-25 07:00:00+00:00,34.7,90.0,1009.8,8.3,28.8,2025-12-25,7,3
2025-12-25 08:00:00+00:00,24.7,88.0,1010.4,8.6,27.7,2025-12-25,8,3
2025-12-25 09:00:00+00:00,8.1,84.0,1011.1,9.3,25.6,2025-12-25,9,3
2025-12-25 10:00:00+00:00,33.9,76.0,1011.3,10.0,28.8,2025-12-25,10,3
2025-12-25 11:00:00+00:00,37.1,74.0,1011.0,10.5,31.0,2025-12-25,11,3
2025-12-25 12:00:00+00:00,41.5,73.0,1010.7,10.6,31.7,2025-12-25,12,3
2025-12-25 13:00:00+00:00,37.9,74.0,1010.4,10.3,32.4,2025-12-25,13,3
2025-12-25 14:00:00+00:00,40.1,75.0,1010.5,10.0,34.9,2025-12-25,14,3
2025-12-25 15:00:00+00:00,38.7,78.0,1010.6,9.9,34.2,2025-12-25,15,3
2025-12-25 16:00:00+00:00,33.8,77.0,1010.7,10.0,33.1,2025-12-25,16,3
2025-12-25 17:00:00+00:00,29.4,79.0,1010.8,9.7,32.0,2025-12-25,17,3
2025-12-25 18:00:00+00:00,20.1,81.0,1011.1,9.4,29.9,2025-12-25,18,3
2025-12-25 19:00:00+00:00,10.2,84.0,1010.7,9.1,27.0,2025-12-25,19,3
2025-12-25 20:00:00+00:00,5.5,83.0,1011.0,9.2,27.4,2025-12-25,20,3
2025-12-25 21:00:00+00:00,3.5,82.0,1010.9,9.5,27.7,2025-12-25,21,3
2025-12-25 22:00:00+00:00,355.7,81.0,1010.4,9.6,28.4,2025-12-25,22,3
2025-12-25 23:00:00+00:00,350.6,79.3,1010.3,9.7,25.9,2025-12-25,23,3
2025-12-26 00:00:00+00:00,349.5,77.7,1010.1,9.9,26.3,2025-12-26,0,4
2025-12-26 01:00:00+00:00,352.6,76.0,1010.0,10.1,25.9,2025-12-26,1,4
2025-12-26 02:00:00+00:00,348.6,74.0,1009.8,10.3,26.3,2025-12-26,2,4
2025-12-26 03:00:00+00:00,347.7,75.0,1009.7,10.1,25.6,2025-12-26,3,4
2025-12-26 04:00:00+00:00,337.3,78.0,1009.6,9.9,23.4,2025-12-26,4,4
2025-12-26 05:00:00+00:00,303.6,80.0,1009.5,9.6,17.3,2025-12-26,5,4
2025-12-26 06:00:00+00:00,296.8,81.5,1009.7,9.0,14.4,2025-12-26,6,4
2025-12-26 07:00:00+00:00,301.5,83.0,1010.2,8.6,13.3,2025-12-26,7,4
2025-12-26 08:00:00+00:00,286.1,82.0,1010.9,8.8,12.4,2025-12-26,8,4
2025-12-26 09:00:00+00:00,279.3,81.0,1011.6,9.5,11.5,2025-12-26,9,4
2025-12-26 10:00:00+00:00,282.7,82.0,1012.1,9.9,10.8,2025-12-26,10,4
2025-12-26 11:00:00+00:00,275.9,80.0,1011.8,10.8,11.5,2025-12-26,11,4
2025-12-26 12:00:00+00:00,279.7,76.0,1011.6,11.6,10.4,2025-12-26,12,4
2025-12-26 13:00:00+00:00,281.7,81.0,1011.6,11.3,8.8,2025-12-26,13,4
2025-12-26 14:00:00+00:00,298.2,80.0,1011.7,11.6,7.2,2025-12-26,14,4
2025-12-26 15:00:00+00:00,320.6,80.5,1012.1,11.7,8.6,2025-12-26,15,4
2025-12-26 16:00:00+00:00,355.8,81.0,1012.6,11.8,9.4,2025-12-26,16,4
2025-12-26 17:00:00+00:00,6.6,86.0,1013.7,10.2,11.9,2025-12-26,17,4
2025-12-26 18:00:00+00:00,358.9,87.0,1014.4,9.8,12.2,2025-12-26,18,4
2025-12-26 19:00:00+00:00,340.5,83.0,1015.1,10.9,14.4,2025-12-26,19,4
2025-12-26 20:00:00+00:00,335.6,85.0,1015.6,10.6,15.1,2025-12-26,20,4
2025-12-26 21:00:00+00:00,322.9,88.0,1016.0,10.1,14.6,2025-12-26,21,4
2025-12-26 22:00:00+00:00,340.4,89.0,1016.4,9.8,14.0,2025-12-26,22,4
2025-12-26 23:00:00+00:00,14.1,85.0,1016.6,9.6,15.5,2025-12-26,23,4
2025-12-27 00:00:00+00:00,359.6,87.0,1016.8,9.4,17.6,2025-12-27,0,5
2025-12-27 01:00:00+00:00,304.7,89.0,1016.9,9.7,14.4,2025-12-27,1,5
2025-12-27 02:00:00+00:00,322.3,93.0,1017.0,9.2,18.4,2025-12-27,2,5
2025-12-27 03:00:00+00:00,327.0,90.0,1016.7,9.3,17.3,2025-12-27,3,5
2025-12-27 04:00:00+00:00,346.5,93.0,1016.4,8.7,18.4,2025-12-27,4,5
2025-12-27 05:00:00+00:00,348.2,93.5,1016.5,8.6,19.8,2025-12-27,5,5
2025-12-27 06:00:00+00:00,359.9,94.0,1016.7,8.5,16.2,2025-12-27,6,5
2025-12-27 07:00:00+00:00,336.9,92.0,1016.8,8.2,15.8,2025-12-27,7,5
2025-12-27 08:00:00+00:00,311.7,93.0,1017.3,8.8,16.2,2025-12-27,8,5
2025-12-27 09:00:00+00:00,334.5,91.0,1017.8,9.5,20.5,2025-12-27,9,5
2025-12-27 10:00:00+00:00,13.1,90.0,1018.0,10.6,22.3,2025-12-27,10,5
2025-12-27 11:00:00+00:00,35.8,85.0,1017.9,11.9,22.0,2025-12-27,11,5
2025-12-27 12:00:00+00:00,39.9,84.0,1017.1,12.5,21.6,2025-12-27,12,5
2025-12-27 13:00:00+00:00,42.2,83.3,1016.7,12.3,17.6,2025-12-27,13,5
2025-12-27 14:00:00+00:00,52.9,82.7,1016.1,12.2,17.5,2025-12-27,14,5
2025-12-27 15:00:00+00:00,47.2,82.0,1016.2,12.3,17.4,2025-12-27,15,5
2025-12-27 16:00:00+00:00,46.4,86.0,1016.3,11.9,17.3,2025-12-27,16,5
2025-12-27 17:00:00+00:00,42.1,90.0,1016.6,11.0,15.1,2025-12-27,17,5
2025-12-27 18:00:00+00:00,39.8,91.0,1017.1,11.0,14.8,2025-12-27,18,5
2025-12-27 19:00:00+00:00,42.2,90.0,1016.8,11.1,13.3,2025-12-27,19,5
2025-12-27 20:00:00+00:00,40.6,92.0,1017.3,10.6,10.4,2025-12-27,20,5
2025-12-27 21:00:00+00:00,35.6,91.0,1017.5,10.8,9.4,2025-12-27,21,5
2025-12-27 22:00:00+00:00,21.6,92.0,1017.6,10.6,11.9,2025-12-27,22,5
2025-12-27 23:00:00+00:00,18.2,94.0,1017.5,9.8,13.7,2025-12-27,23,5
2025-12-28 00:00:00+00:00,22.5,93.0,1017.4,9.9,16.6,2025-12-28,0,6
2025-12-28 01:00:00+00:00,25.2,92.0,1017.5,9.5,13.3,2025-12-28,1,6
2025-12-28 02:00:00+00:00,44.7,94.0,1017.7,9.8,13.0,2025-12-28,2,6
2025-12-28 03:00:00+00:00,42.6,95.0,1017.6,9.9,13.7,2025-12-28,3,6
2025-12-28 04:00:00+00:00,39.6,94.7,1017.2,9.8,14.8,2025-12-28,4,6
2025-12-28 05:00:00+00:00,27.1,94.3,1017.0,9.9,20.2,2025-12-28,5,6
2025-12-28 06:00:00+00:00,20.6,94.0,1017.2,9.7,22.7,2025-12-28,6,6
2025-12-28 07:00:00+00:00,24.7,92.0,1017.4,9.8,23.4,2025-12-28,7,6
2025-12-28 08:00:00+00:00,27.9,90.0,1017.7,10.4,26.3,2025-12-28,8,6
2025-12-28 09:00:00+00:00,23.0,87.0,1018.2,11.2,26.4,2025-12-28,9,6
2025-12-28 10:00:00+00:00,27.9,82.0,1018.3,12.6,26.6,2025-12-28,10,6
2025-12-28 11:00:00+00:00,37.4,83.5,1018.1,12.8,24.5,2025-12-28,11,6
2025-12-28 12:00:00+00:00,58.3,85.0,1017.9,12.6,20.9,2025-12-28,12,6
2025-12-28 13:00:00+00:00,51.1,86.0,1017.6,12.2,17.6,2025-12-28,13,6
2025-12-28 14:00:00+00:00,64.3,85.0,1017.2,12.1,23.0,2025-12-28,14,6
2025-12-28 15:00:00+00:00,46.2,90.0,1017.1,11.9,29.9,2025-12-28,15,6
2025-12-28 16:00:00+00:00,48.0,89.0,1017.2,11.7,26.6,2025-12-28,16,6
2025-12-28 17:00:00+00:00,51.3,92.0,1017.6,11.1,23.8,2025-12-28,17,6
2025-12-28 18:00:00+00:00,37.0,91.0,1018.4,11.0,18.0,2025-12-28,18,6
2025-12-28 19:00:00+00:00,43.7,92.0,1018.6,10.7,21.2,2025-12-28,19,6
2025-12-28 20:00:00+00:00,24.6,92.5,1018.7,10.5,18.7,2025-12-28,20,6
2025-12-28 21:00:00+00:00,25.0,93.0,1018.8,10.3,18.4,2025-12-28,21,6
2025-12-28 22:00:00+00:00,33.9,92.5,1018.8,10.4,20.2,2025-12-28,22,6
2025-12-28 23:00:00+00:00,24.4,92.0,1018.7,10.5,22.7,2025-12-28,23,6
2025-12-29 00:00:00+00:00,24.7,91.0,1018.4,10.4,21.2,2025-12-29,0,0
2025-12-29 01:00:00+00:00,23.8,90.0,1018.8,10.1,25.6,2025-12-29,1,0
2025-12-29 02:00:00+00:00,14.8,89.0,1018.7,10.0,22.7,2025-12-29,2,0
2025-12-29 03:00:00+00:00,19.5,90.0,1018.8,9.9,24.1,2025-12-29,3,0
2025-12-29 04:00:00+00:00,355.7,91.0,1018.6,9.8,19.1,2025-12-29,4,0
2025-12-29 05:00:00+00:00,349.1,88.0,1018.6,9.7,18.0,2025-12-29,5,0
2025-12-29 06:00:00+00:00,354.9,87.0,1018.7,9.6,19.1,2025-12-29,6,0
2025-12-29 07:00:00+00:00,339.8,86.5,1019.3,8.6,16.2,2025-12-29,7,0
2025-12-29 08:00:00+00:00,302.1,86.0,1019.9,8.4,13.3,2025-12-29,8,0
2025-12-29 09:00:00+00:00,301.1,85.0,1020.6,9.2,12.6,2025-12-29,9,0
2025-12-29 10:00:00+00:00,329.7,87.0,1021.2,10.5,14.8,2025-12-29,10,0
2025-12-29 11:00:00+00:00,353.3,83.0,1020.8,11.7,12.6,2025-12-29,11,0
2025-12-29 12:00:00+00:00,31.1,77.0,1019.9,12.7,15.5,2025-12-29,12,0
2025-12-29 13:00:00+00:00,20.6,72.0,1019.1,13.9,13.0,2025-12-29,13,0
2025-12-29 14:00:00+00:00,72.5,71.0,1018.8,14.1,10.1,2025-12-29,14,0
2025-12-29 15:00:00+00:00,96.9,75.0,1018.7,13.6,8.3,2025-12-29,15,0
2025-12-29 16:00:00+00:00,106.7,82.0,1018.8,12.8,6.5,2025-12-29,16,0
2025-12-29 17:00:00+00:00,117.4,89.0,1019.2,11.2,6.6,2025-12-29,17,0
2025-12-29 18:00:00+00:00,73.1,91.0,1019.4,10.5,6.7,2025-12-29,18,0
2025-12-29 19:00:00+00:00,14.7,92.0,1019.9,10.3,6.8,2025-12-29,19,0
2025-12-29 20:00:00+00:00,311.5,94.0,1020.3,10.1,6.5,2025-12-29,20,0
2025-12-29 21:00:00+00:00,298.5,95.0,1020.6,9.3,6.8,2025-12-29,21,0
2025-12-29 22:00:00+00:00,295.5,94.0,1020.4,8.9,6.5,2025-12-29,22,0
2025-12-29 23:00:00+00:00,293.5,93.0,1020.1,7.4,7.6,2025-12-29,23,0
2025-12-30 00:00:00+00:00,294.2,92.0,1020.0,6.9,8.3,2025-12-30,0,1
2025-12-30 01:00:00+00:00,294.8,91.0,1019.8,7.0,7.6,2025-12-30,1,1
2025-12-30 02:00:00+00:00,291.9,90.0,1019.7,6.8,7.2,2025-12-30,2,1
2025-12-30 03:00:00+00:00,292.2,90.5,1019.6,6.4,8.3,2025-12-30,3,1
2025-12-30 04:00:00+00:00,289.8,91.0,1019.0,5.9,8.6,2025-12-30,4,1
2025-12-30 05:00:00+00:00,282.5,92.0,1018.9,5.6,10.4,2025-12-30,5,1
2025-12-30 06:00:00+00:00,285.6,90.0,1019.2,5.8,11.5,2025-12-30,6,1
2025-12-30 07:00:00+00:00,291.0,88.0,1019.5,6.1,12.6,2025-12-30,7,1
2025-12-30 08:00:00+00:00,286.1,86.0,1019.7,6.3,13.2,2025-12-30,8,1
2025-12-30 09:00:00+00:00,281.5,82.0,1020.1,8.3,13.7,2025-12-30,9,1
2025-12-30 10:00:00+00:00,275.0,78.0,1020.3,10.8,10.1,2025-12-30,10,1
2025-12-30 11:00:00+00:00,268.6,69.0,1019.7,13.1,9.0,2025-12-30,11,1
2025-12-30 12:00:00+00:00,253.0,63.0,1018.5,14.6,7.9,2025-12-30,12,1
2025-12-30 13:00:00+00:00,237.3,57.0,1017.7,15.4,6.5,2025-12-30,13,1
2025-12-30 14:00:00+00:00,210.8,54.0,1017.2,15.8,7.2,2025-12-30,14,1
2025-12-30 15:00:00+00:00,176.9,56.0,1016.9,15.7,6.8,2025-12-30,15,1
2025-12-30 16:00:00+00:00,140.5,68.0,1016.8,14.4,6.5,2025-12-30,16,1
2025-12-30 17:00:00+00:00,109.3,72.0,1016.8,12.4,7.2,2025-12-30,17,1
2025-12-30 18:00:00+00:00,38.8,75.0,1017.1,11.3,7.6,2025-12-30,18,1
2025-12-30 19:00:00+00:00,310.1,79.0,1017.6,10.4,12.2,2025-12-30,19,1
2025-12-30 20:00:00+00:00,313.6,82.0,1018.2,8.9,13.7,2025-12-30,20,1
2025-12-30 21:00:00+00:00,297.0,76.0,1018.5,8.4,13.5,2025-12-30,21,1
2025-12-30 22:00:00+00:00,288.7,75.0,1018.6,7.9,13.3,2025-12-30,22,1
2025-12-30 23:00:00+00:00,286.4,78.0,1018.2,7.4,12.6,2025-12-30,23,1
2025-12-31 00:00:00+00:00,286.5,79.0,1018.1,6.8,12.0,2025-12-31,0,2
2025-12-31 01:00:00+00:00,297.0,80.0,1018.0,6.3,11.5,2025-12-31,1,2
2025-12-31 02:00:00+00:00,302.3,81.0,1017.8,5.9,11.2,2025-12-31,2,2
2025-12-31 03:00:00+00:00,297.9,84.0,1017.7,5.3,10.9,2025-12-31,3,2
2025-12-31 04:00:00+00:00,292.8,83.5,1017.6,5.1,10.7,2025-12-31,4,2
2025-12-31 05:00:00+00:00,294.3,83.0,1018.0,4.9,10.4,2025-12-31,5,2
2025-12-31 06:00:00+00:00,289.2,82.5,1018.1,4.6,10.1,2025-12-31,6,2
2025-12-31 07:00:00+00:00,294.8,82.0,1018.5,4.2,10.4,2025-12-31,7,2
2025-12-31 08:00:00+00:00,300.9,81.0,1018.9,4.4,10.1,2025-12-31,8,2
2025-12-31 09:00:00+00:00,300.1,79.0,1019.6,6.3,8.3,2025-12-31,9,2
2025-12-31 10:00:00+00:00,294.7,72.0,1020.1,8.9,7.6,2025-12-31,10,2
2025-12-31 11:00:00+00:00,296.5,62.0,1020.0,10.9,6.1,2025-12-31,11,2
2025-12-31 12:00:00+00:00,208.9,60.0,1019.5,12.2,4.0,2025-12-31,12,2
2025-12-31 13:00:00+00:00,114.7,63.0,1019.3,12.7,5.4,2025-12-31,13,2
2025-12-31 14:00:00+00:00,96.8,68.0,1019.2,12.4,9.7,2025-12-31,14,2
2025-12-31 15:00:00+00:00,83.7,71.0,1019.4,12.0,11.2,2025-12-31,15,2
2025-12-31 16:00:00+00:00,67.2,75.0,1019.6,11.4,8.6,2025-12-31,16,2
2025-12-31 17:00:00+00:00,63.8,82.0,1019.9,9.6,7.2,2025-12-31,17,2
2025-12-31 18:00:00+00:00,38.7,83.0,1020.3,9.0,8.3,2025-12-31,18,2
2025-12-31 19:00:00+00:00,0.5,84.0,1020.7,8.6,7.2,2025-12-31,19,2
2025-12-31 20:00:00+00:00,325.2,88.0,1021.2,7.9,6.1,2025-12-31,20,2
2025-12-31 21:00:00+00:00,318.2,89.0,1021.6,7.4,8.3,2025-12-31,21,2
2025-12-31 22:00:00+00:00,313.3,89.5,1021.8,7.1,9.0,2025-12-31,22,2
2025-12-31 23:00:00+00:00,305.6,90.0,1021.6,6.7,8.8,2025-12-31,23,2
2026-01-01 00:00:00+00:00,297.2,91.0,1021.2,6.4,8.6,2026-01-01,0,3
2026-01-01 01:00:00+00:00,294.4,92.0,1021.1,5.9,9.4,2026-01-01,1,3
2026-01-01 02:00:00+00:00,294.7,90.0,1021.0,6.1,9.9,2026-01-01,2,3
2026-01-01 03:00:00+00:00,291.1,88.0,1020.8,6.6,10.4,2026-01-01,3,3
2026-01-01 04:00:00+00:00,294.2,88.7,1020.0,6.8,8.3,2026-01-01,4,3
2026-01-01 05:00:00+00:00,300.8,89.3,1019.7,6.4,7.9,2026-01-01,5,3
2026-01-01 06:00:00+00:00,289.2,90.0,1019.6,5.8,8.3,2026-01-01,6,3
2026-01-01 07:00:00+00:00,284.2,87.0,1019.8,5.8,10.1,2026-01-01,7,3
2026-01-01 08:00:00+00:00,279.4,86.0,1019.9,5.9,11.2,2026-01-01,8,3
2026-01-01 09:00:00+00:00,264.7,85.0,1020.2,7.3,10.8,2026-01-01,9,3
2026-01-01 10:00:00+00:00,252.3,80.0,1020.3,9.4,11.2,2026-01-01,10,3
2026-01-01 11:00:00+00:00,247.1,73.0,1019.9,10.8,12.2,2026-01-01,11,3
2026-01-01 12:00:00+00:00,243.0,66.0,1018.3,12.0,13.3,2026-01-01,12,3
2026-01-01 13:00:00+00:00,237.4,63.0,1017.2,12.9,11.2,2026-01-01,13,3
2026-01-01 14:00:00+00:00,229.0,61.0,1016.2,13.4,9.4,2026-01-01,14,3
2026-01-01 15:00:00+00:00,208.1,66.0,1015.8,13.1,11.2,2026-01-01,15,3
2026-01-01 16:00:00+00:00,173.9,78.0,1015.4,11.8,15.5,2026-01-01,16,3
2026-01-01 17:00:00+00:00,182.4,85.0,1015.7,10.8,14.0,2026-01-01,17,3
2026-01-01 18:00:00+00:00,194.9,88.0,1015.3,10.4,13.0,2026-01-01,18,3
2026-01-01 19:00:00+00:00,225.7,86.0,1015.2,10.1,13.7,2026-01-01,19,3
2026-01-01 20:00:00+00:00,245.9,76.0,1015.2,10.4,12.2,2026-01-01,20,3
2026-01-01 21:00:00+00:00,256.3,74.0,1015.0,10.4,12.4,2026-01-01,21,3
2026-01-01 22:00:00+00:00,246.7,75.0,1014.8,10.3,12.6,2026-01-01,22,3
2026-01-01 23:00:00+00:00,252.6,76.0,1014.7,9.5,15.8,2026-01-01,23,3
2026-01-02 00:00:00+00:00,261.8,79.0,1014.2,8.8,14.4,2026-01-02,0,4
2026-01-02 01:00:00+00:00,284.0,83.0,1014.1,7.9,11.9,2026-01-02,1,4
2026-01-02 02:00:00+00:00,277.5,82.0,1014.0,7.8,13.3,2026-01-02,2,4
2026-01-02 03:00:00+00:00,286.2,81.0,1013.1,7.6,15.1,2026-01-02,3,4
2026-01-02 04:00:00+00:00,279.8,80.0,1012.5,8.0,15.8,2026-01-02,4,4
2026-01-02 05:00:00+00:00,278.9,79.0,1012.2,8.7,15.1,2026-01-02,5,4
2026-01-02 06:00:00+00:00,280.2,80.0,1012.1,8.6,16.0,2026-01-02,6,4
2026-01-02 07:00:00+00:00,287.0,81.0,1012.2,8.9,16.9,2026-01-02,7,4
2026-01-02 08:00:00+00:00,305.1,84.0,1012.4,8.3,13.3,2026-01-02,8,4
2026-01-02 09:00:00+00:00,304.4,85.0,1012.6,9.9,9.4,2026-01-02,9,4
2026-01-02 10:00:00+00:00,197.6,77.0,1012.7,11.5,7.6,2026-01-02,10,4
2026-01-02 11:00:00+00:00,271.1,76.0,1012.5,12.7,7.2,2026-01-02,11,4
2026-01-02 12:00:00+00:00,226.0,74.0,1011.1,14.1,6.8,2026-01-02,12,4
2026-01-02 13:00:00+00:00,127.7,75.0,1010.2,14.8,5.8,2026-01-02,13,4
2026-01-02 14:00:00+00:00,106.6,76.0,1009.3,15.1,6.8,2026-01-02,14,4
2026-01-02 15:00:00+00:00,87.2,78.0,1008.8,14.8,7.9,2026-01-02,15,4
2026-01-02 16:00:00+00:00,66.9,84.0,1009.0,13.4,8.3,2026-01-02,16,4
2026-01-02 17:00:00+00:00,46.9,89.0,1009.1,11.5,9.0,2026-01-02,17,4
2026-01-02 18:00:00+00:00,12.7,93.0,1009.3,10.5,9.4,2026-01-02,18,4
2026-01-02 19:00:00+00:00,343.6,94.0,1009.5,9.5,7.8,2026-01-02,19,4
2026-01-02 20:00:00+00:00,298.0,95.0,1009.6,8.8,6.1,2026-01-02,20,4
2026-01-02 21:00:00+00:00,279.7,94.0,1009.2,8.9,4.7,2026-01-02,21,4
2026-01-02 22:00:00+00:00,288.8,94.5,1009.1,9.1,5.8,2026-01-02,22,4
2026-01-02 23:00:00+00:00,300.5,95.0,1008.9,9.0,5.0,2026-01-02,23,4
2026-01-03 00:00:00+00:00,294.2,93.5,1008.2,8.8,5.4,2026-01-03,0,5
2026-01-03 01:00:00+00:00,302.3,92.0,1007.9,9.0,5.0,2026-01-03,1,5
2026-01-03 02:00:00+00:00,294.0,90.0,1007.7,9.1,4.7,2026-01-03,2,5
2026-01-03 03:00:00+00:00,336.9,90.3,1007.1,8.8,3.6,2026-01-03,3,5
2026-01-03 04:00:00+00:00,358.7,90.7,1006.4,8.6,4.7,2026-01-03,4,5
2026-01-03 05:00:00+00:00,18.5,91.0,1006.0,9.0,7.6,2026-01-03,5,5
2026-01-03 06:00:00+00:00,14.8,92.0,1006.4,8.5,6.5,2026-01-03,6,5
2026-01-03 07:00:00+00:00,346.9,91.0,1006.9,8.0,5.8,2026-01-03,7,5
2026-01-03 08:00:00+00:00,2.2,88.0,1006.7,8.8,11.5,2026-01-03,8,5
2026-01-03 09:00:00+00:00,310.7,87.0,1007.6,9.9,10.4,2026-01-03,9,5
2026-01-03 10:00:00+00:00,335.9,86.0,1007.4,11.2,14.8,2026-01-03,10,5
2026-01-03 11:00:00+00:00,14.3,79.0,1007.1,13.0,18.0,2026-01-03,11,5
2026-01-03 12:00:00+00:00,34.3,78.0,1006.1,13.9,17.6,2026-01-03,12,5
2026-01-03 13:00:00+00:00,48.5,71.0,1005.5,14.7,18.4,2026-01-03,13,5
2026-01-03 14:00:00+00:00,58.8,73.0,1004.7,14.5,19.8,2026-01-03,14,5
2026-01-03 15:00:00+00:00,61.1,79.0,1004.8,14.3,20.2,2026-01-03,15,5
2026-01-03 16:00:00+00:00,58.5,82.0,1004.3,13.7,20.9,2026-01-03,16,5
2026-01-03 17:00:00+00:00,57.0,84.0,1004.5,12.9,23.4,2026-01-03,17,5
2026-01-03 18:00:00+00:00,44.2,83.0,1004.7,12.7,25.6,2026-01-03,18,5
2026-01-03 19:00:00+00:00,36.2,84.0,1005.0,12.3,25.9,2026-01-03,19,5
2026-01-03 20:00:00+00:00,17.3,86.0,1004.8,12.0,25.6,2026-01-03,20,5
2026-01-03 21:00:00+00:00,19.9,85.0,1004.7,11.6,24.8,2026-01-03,21,5
2026-01-03 22:00:00+00:00,22.1,89.0,1004.6,11.4,26.3,2026-01-03,22,5
2026-01-03 23:00:00+00:00,17.9,90.0,1004.6,11.2,27.4,2026-01-03,23,5
2026-01-04 00:00:00+00:00,20.1,89.0,1004.5,11.2,27.7,2026-01-04,0,6
2026-01-04 01:00:00+00:00,24.1,89.3,1004.3,11.3,28.1,2026-01-04,1,6
2026-01-04 02:00:00+00:00,23.2,89.7,1004.0,11.2,31.0,2026-01-04,2,6
2026-01-04 03:00:00+00:00,26.8,90.0,1003.7,11.2,32.0,2026-01-04,3,6
2026-01-04 04:00:00+00:00,25.3,91.0,1003.5,11.0,33.1,2026-01-04,4,6
2026-01-04 05:00:00+00:00,30.4,92.0,1003.6,10.8,34.9,2026-01-04,5,6
2026-01-04 06:00:00+00:00,29.8,91.0,1004.0,10.7,33.1,2026-01-04,6,6
2026-01-04 07:00:00+00:00,34.9,90.0,1005.0,11.0,31.0,2026-01-04,7,6
2026-01-04 08:00:00+00:00,27.8,89.0,1005.2,10.8,30.2,2026-01-04,8,6
2026-01-04 09:00:00+00:00,29.8,88.0,1005.6,10.7,31.3,2026-01-04,9,6
2026-01-04 10:00:00+00:00,31.8,86.0,1006.0,10.8,32.4,2026-01-04,10,6
2026-01-04 11:00:00+00:00,30.9,84.0,1006.3,11.0,31.9,2026-01-04,11,6
2026-01-04 12:00:00+00:00,31.1,82.0,1005.7,10.7,31.5,2026-01-04,12,6
2026-01-04 13:00:00+00:00,42.0,81.0,1005.5,11.0,31.0,2026-01-04,13,6
2026-01-04 14:00:00+00:00,40.1,80.0,1005.3,10.9,28.4,2026-01-04,14,6
2026-01-04 15:00:00+00:00,41.0,81.0,1005.4,10.6,27.7,2026-01-04,15,6
2026-01-04 16:00:00+00:00,39.1,80.0,1005.7,10.5,26.6,2026-01-04,16,6
2026-01-04 17:00:00+00:00,34.2,79.0,1006.3,10.4,24.5,2026-01-04,17,6
2026-01-04 18:00:00+00:00,30.0,80.0,1006.5,10.1,22.0,2026-01-04,18,6
2026-01-04 19:00:00+00:00,36.9,81.0,1006.9,10.0,24.1,2026-01-04,19,6
2026-01-04 20:00:00+00:00,32.7,82.0,1007.2,9.8,21.6,2026-01-04,20,6
2026-01-04 21:00:00+00:00,9.6,83.0,1007.4,9.7,17.6,2026-01-04,21,6
2026-01-04 22:00:00+00:00,340.2,85.0,1007.6,9.2,15.5,2026-01-04,22,6
2026-01-04 23:00:00+00:00,331.0,86.0,1007.8,9.0,13.3,2026-01-04,23,6
2026-01-05 00:00:00+00:00,306.7,88.0,1007.6,8.9,12.6,2026-01-05,0,0
2026-01-05 01:00:00+00:00,310.1,95.0,1007.4,9.0,19.4,2026-01-05,1,0
2026-01-05 02:00:00+00:00,59.9,94.0,1007.5,8.8,22.3,2026-01-05,2,0
2026-01-05 03:00:00+00:00,60.4,85.0,1007.7,8.6,22.0,2026-01-05,3,0
2026-01-05 04:00:00+00:00,49.1,81.0,1007.5,8.1,21.6,2026-01-05,4,0
2026-01-05 05:00:00+00:00,54.3,78.0,1007.8,7.7,23.8,2026-01-05,5,0
2026-01-05 06:00:00+00:00,45.0,74.0,1007.9,7.6,22.7,2026-01-05,6,0
2026-01-05 07:00:00+00:00,36.8,75.5,1008.5,7.5,22.0,2026-01-05,7,0
2026-01-05 08:00:00+00:00,14.0,77.0,1009.2,7.2,18.4,2026-01-05,8,0
2026-01-05 09:00:00+00:00,310.2,83.0,1009.9,7.1,14.8,2026-01-05,9,0
2026-01-05 10:00:00+00:00,302.8,89.0,1010.5,7.0,14.4,2026-01-05,10,0
2026-01-05 11:00:00+00:00,317.5,82.0,1010.8,7.2,14.8,2026-01-05,11,0
2026-01-05 12:00:00+00:00,9.1,75.0,1010.1,7.7,13.3,2026-01-05,12,0
2026-01-05 13:00:00+00:00,54.9,74.0,1009.5,7.4,16.6,2026-01-05,13,0
2026-01-05 14:00:00+00:00,104.4,73.5,1009.1,7.4,12.2,2026-01-05,14,0
2026-01-05 15:00:00+00:00,150.7,73.0,1009.3,7.5,10.4,2026-01-05,15,0
2026-01-05 16:00:00+00:00,166.3,74.0,1009.5,7.4,8.6,2026-01-05,16,0
2026-01-05 17:00:00+00:00,208.9,79.0,1009.6,7.3,6.5,2026-01-05,17,0
2026-01-05 18:00:00+00:00,306.7,81.0,1010.1,7.0,6.8,2026-01-05,18,0
2026-01-05 19:00:00+00:00,348.1,93.0,1010.6,6.6,7.2,2026-01-05,19,0
2026-01-05 20:00:00+00:00,326.5,91.0,1011.0,6.2,8.6,2026-01-05,20,0
2026-01-05 21:00:00+00:00,306.0,93.0,1011.1,5.8,9.1,2026-01-05,21,0
2026-01-05 22:00:00+00:00,319.0,94.0,1011.4,5.0,9.7,2026-01-05,22,0
2026-01-05 23:00:00+00:00,355.3,83.0,1011.7,4.9,12.2,2026-01-05,23,0
2026-01-06 00:00:00+00:00,327.6,78.0,1011.5,4.6,13.7,2026-01-06,0,1
2026-01-06 01:00:00+00:00,333.0,79.0,1011.6,4.5,12.6,2026-01-06,1,1
2026-01-06 02:00:00+00:00,322.1,80.0,1011.8,4.6,14.0,2026-01-06,2,1
2026-01-06 03:00:00+00:00,317.0,66.0,1011.7,3.9,14.4,2026-01-06,3,1
2026-01-06 04:00:00+00:00,311.8,62.0,1011.8,3.3,12.6,2026-01-06,4,1
2026-01-06 05:00:00+00:00,307.4,60.0,1012.2,2.7,14.8,2026-01-06,5,1
2026-01-06 06:00:00+00:00,306.0,61.5,1012.5,2.4,16.2,2026-01-06,6,1
2026-01-06 07:00:00+00:00,288.6,63.0,1012.9,1.3,14.8,2026-01-06,7,1
2026-01-06 08:00:00+00:00,289.1,62.5,1013.3,1.8,13.3,2026-01-06,8,1
2026-01-06 09:00:00+00:00,284.2,62.0,1014.0,4.3,13.0,2026-01-06,9,1
2026-01-06 10:00:00+00:00,279.2,55.0,1014.3,7.2,12.2,2026-01-06,10,1
2026-01-06 11:00:00+00:00,287.3,53.0,1013.9,8.9,14.0,2026-01-06,11,1
2026-01-06 12:00:00+00:00,334.8,48.0,1013.3,10.2,15.8,2026-01-06,12,1
2026-01-06 13:00:00+00:00,6.0,43.0,1013.6,10.7,18.0,2026-01-06,13,1
2026-01-06 14:00:00+00:00,42.6,42.0,1013.5,11.0,14.8,2026-01-06,14,1
2026-01-06 15:00:00+00:00,81.1,43.0,1013.9,10.8,9.7,2026-01-06,15,1
2026-01-06 16:00:00+00:00,258.7,65.0,1014.4,9.8,5.4,2026-01-06,16,1
2026-01-06 17:00:00+00:00,307.3,61.5,1015.1,7.8,6.8,2026-01-06,17,1
2026-01-06 18:00:00+00:00,306.2,58.0,1015.9,7.0,11.5,2026-01-06,18,1
2026-01-06 19:00:00+00:00,285.4,59.0,1017.0,6.2,15.8,2026-01-06,19,1
2026-01-06 20:00:00+00:00,284.3,63.0,1017.5,5.2,16.9,2026-01-06,20,1
2026-01-06 21:00:00+00:00,246.0,66.0,1018.0,4.5,15.1,2026-01-06,21,1
2026-01-06 22:00:00+00:00,221.3,67.0,1018.8,4.0,13.3,2026-01-06,22,1
2026-01-06 23:00:00+00:00,237.6,67.5,1019.1,3.2,12.6,2026-01-06,23,1
2026-01-07 00:00:00+00:00,270.4,68.0,1019.2,2.3,12.2,2026-01-07,0,2
2026-01-07 01:00:00+00:00,280.0,67.0,1019.2,2.0,13.0,2026-01-07,1,2
2026-01-07 02:00:00+00:00,283.3,70.0,1019.2,1.2,13.3,2026-01-07,2,2
2026-01-07 03:00:00+00:00,288.5,72.0,1019.3,0.7,14.4,2026-01-07,3,2
2026-01-07 04:00:00+00:00,286.7,71.5,1019.3,0.3,15.1,2026-01-07,4,2
2026-01-07 05:00:00+00:00,282.6,71.0,1019.8,0.1,14.0,2026-01-07,5,2
2026-01-07 06:00:00+00:00,277.0,70.0,1020.0,-0.3,13.0,2026-01-07,6,2
2026-01-07 07:00:00+00:00,273.3,68.0,1020.4,-0.1,13.7,2026-01-07,7,2
2026-01-07 08:00:00+00:00,285.3,66.0,1020.8,0.4,12.2,2026-01-07,8,2
2026-01-07 09:00:00+00:00,292.4,65.0,1021.3,2.8,12.6,2026-01-07,9,2
2026-01-07 10:00:00+00:00,299.6,60.0,1021.8,6.0,13.0,2026-01-07,10,2
2026-01-07 11:00:00+00:00,277.6,51.0,1021.5,8.8,12.6,2026-01-07,11,2
2026-01-07 12:00:00+00:00,266.6,45.0,1020.5,10.4,17.6,2026-01-07,12,2
2026-01-07 13:00:00+00:00,266.9,39.0,1020.0,11.5,19.1,2026-01-07,13,2
2026-01-07 14:00:00+00:00,273.2,41.0,1019.5,11.9,22.7,2026-01-07,14,2
2026-01-07 15:00:00+00:00,259.3,43.0,1019.6,11.6,22.2,2026-01-07,15,2
2026-01-07 16:00:00+00:00,256.7,46.0,1020.2,11.1,21.6,2026-01-07,16,2
2026-01-07 17:00:00+00:00,275.1,50.0,1020.8,9.7,23.0,2026-01-07,17,2
2026-01-07 18:00:00+00:00,280.0,52.0,1021.7,8.8,23.4,2026-01-07,18,2
2026-01-07 19:00:00+00:00,282.1,54.0,1022.9,8.3,20.2,2026-01-07,19,2
2026-01-07 20:00:00+00:00,275.4,52.0,1023.5,8.3,20.9,2026-01-07,20,2
2026-01-07 21:00:00+00:00,268.7,53.0,1023.8,8.4,22.0,2026-01-07,21,2
2026-01-07 22:00:00+00:00,267.3,54.0,1024.4,8.4,21.6,2026-01-07,22,2
2026-01-07 23:00:00+00:00,270.6,56.0,1024.9,8.4,21.2,2026-01-07,23,2
2026-01-08 00:00:00+00:00,271.8,59.0,1025.0,8.3,20.5,2026-01-08,0,3
2026-01-08 01:00:00+00:00,262.0,62.0,1025.4,8.2,19.1,2026-01-08,1,3
2026-01-08 02:00:00+00:00,262.1,61.5,1025.6,8.4,24.1,2026-01-08,2,3
2026-01-08 03:00:00+00:00,263.3,61.0,1025.4,8.7,25.9,2026-01-08,3,3
2026-01-08 04:00:00+00:00,262.4,62.0,1025.2,8.5,26.3,2026-01-08,4,3
2026-01-08 05:00:00+00:00,262.2,63.0,1025.4,8.2,25.9,2026-01-08,5,3
2026-01-08 06:00:00+00:00,261.9,64.0,1025.6,8.0,26.3,2026-01-08,6,3
2026-01-08 07:00:00+00:00,260.5,67.0,1026.3,7.3,25.6,2026-01-08,7,3
2026-01-08 08:00:00+00:00,255.9,69.0,1026.6,7.2,25.9,2026-01-08,8,3
2026-01-08 09:00:00+00:00,256.9,67.0,1027.0,8.2,27.7,2026-01-08,9,3
2026-01-08 10:00:00+00:00,256.7,69.0,1027.1,9.4,24.5,2026-01-08,10,3
2026-01-08 11:00:00+00:00,251.2,65.0,1026.3,10.9,27.0,2026-01-08,11,3
2026-01-08 12:00:00+00:00,245.2,60.0,1025.4,12.2,30.2,2026-01-08,12,3
2026-01-08 13:00:00+00:00,237.8,58.0,1024.6,13.0,29.9,2026-01-08,13,3
2026-01-08 14:00:00+00:00,240.0,59.0,1023.5,13.1,29.4,2026-01-08,14,3
2026-01-08 15:00:00+00:00,237.0,60.0,1022.8,13.2,28.8,2026-01-08,15,3
2026-01-08 16:00:00+00:00,247.5,58.0,1022.8,13.1,29.9,2026-01-08,16,3
2026-01-08 17:00:00+00:00,249.1,58.5,1022.9,12.1,29.5,2026-01-08,17,3
2026-01-08 18:00:00+00:00,256.8,59.0,1023.6,11.4,29.9,2026-01-08,18,3
2026-01-08 19:00:00+00:00,270.1,58.0,1023.5,10.7,33.8,2026-01-08,19,3
2026-01-08 20:00:00+00:00,274.5,60.0,1023.4,10.5,33.1,2026-01-08,20,3
2026-01-08 21:00:00+00:00,275.9,62.0,1023.4,10.4,32.4,2026-01-08,21,3
2026-01-08 23:00:00+00:00,274.4,67.0,1023.2,9.9,31.3,2026-01-08,23,3
2026-01-09 00:00:00+00:00,274.0,68.0,1022.9,9.7,34.2,2026-01-09,0,4
2026-01-09 01:00:00+00:00,275.7,67.0,1022.8,10.0,38.9,2026-01-09,1,4
2026-01-09 02:00:00+00:00,269.8,67.5,1022.5,10.2,33.8,2026-01-09,2,4
2026-01-09 03:00:00+00:00,251.8,68.0,1022.2,10.6,29.9,2026-01-09,3,4
2026-01-09 04:00:00+00:00,254.4,69.0,1021.5,10.9,24.8,2026-01-09,4,4
2026-01-09 05:00:00+00:00,262.3,68.5,1021.3,11.2,22.0,2026-01-09,5,4
2026-01-09 06:00:00+00:00,253.1,68.0,1021.0,11.7,23.4,2026-01-09,6,4
2026-01-09 07:00:00+00:00,251.6,67.7,1020.6,12.0,22.7,2026-01-09,7,4
2026-01-09 08:00:00+00:00,262.1,67.3,1020.5,12.2,25.6,2026-01-09,8,4
2026-01-09 09:00:00+00:00,252.1,67.0,1020.4,13.2,28.8,2026-01-09,9,4
2026-01-09 10:00:00+00:00,247.5,66.0,1020.4,13.9,25.6,2026-01-09,10,4
2026-01-09 11:00:00+00:00,224.0,67.0,1019.5,14.8,28.4,2026-01-09,11,4
2026-01-09 12:00:00+00:00,248.2,63.0,1018.5,15.5,33.5,2026-01-09,12,4
2026-01-09 13:00:00+00:00,261.5,54.0,1017.4,16.6,30.6,2026-01-09,13,4
2026-01-09 14:00:00+00:00,263.7,48.0,1016.6,17.1,26.3,2026-01-09,14,4
2026-01-09 15:00:00+00:00,271.6,46.0,1016.5,17.2,21.6,2026-01-09,15,4
2026-01-09 16:00:00+00:00,270.2,47.0,1016.7,16.1,20.2,2026-01-09,16,4
2026-01-09 17:00:00+00:00,273.6,48.0,1017.7,14.5,20.5,2026-01-09,17,4
2026-01-09 18:00:00+00:00,277.1,48.5,1018.9,13.3,22.7,2026-01-09,18,4
2026-01-09 19:00:00+00:00,277.2,49.0,1019.4,12.7,19.8,2026-01-09,19,4
2026-01-09 20:00:00+00:00,247.1,56.0,1020.3,11.4,16.2,2026-01-09,20,4
2026-01-09 21:00:00+00:00,237.3,60.0,1020.6,10.9,16.6,2026-01-09,21,4
2026-01-09 22:00:00+00:00,246.3,58.0,1020.8,10.6,18.4,2026-01-09,22,4
2026-01-09 23:00:00+00:00,247.0,59.0,1021.2,10.3,18.9,2026-01-09,23,4
2026-01-10 00:00:00+00:00,254.1,62.0,1021.7,10.0,19.4,2026-01-10,0,5
2026-01-10 01:00:00+00:00,269.1,65.0,1021.4,9.7,18.0,2026-01-10,1,5
2026-01-10 02:00:00+00:00,283.9,69.0,1022.0,8.5,17.6,2026-01-10,2,5
2026-01-10 03:00:00+00:00,281.7,68.0,1022.4,7.8,17.8,2026-01-10,3,5
2026-01-10 04:00:00+00:00,281.3,67.0,1022.7,7.6,18.0,2026-01-10,4,5
2026-01-10 05:00:00+00:00,278.3,65.0,1023.0,7.5,18.4,2026-01-10,5,5
2026-01-10 06:00:00+00:00,279.4,64.0,1023.4,7.4,19.4,2026-01-10,6,5
2026-01-10 07:00:00+00:00,287.3,60.0,1024.1,7.0,16.9,2026-01-10,7,5
2026-01-10 08:00:00+00:00,294.0,58.0,1024.8,7.1,17.3,2026-01-10,8,5
2026-01-10 09:00:00+00:00,295.9,55.0,1025.5,8.7,17.8,2026-01-10,9,5
2026-01-10 10:00:00+00:00,295.4,53.0,1025.6,10.6,18.4,2026-01-10,10,5
2026-01-10 11:00:00+00:00,284.9,44.0,1025.4,12.2,19.4,2026-01-10,11,5
2026-01-10 12:00:00+00:00,285.6,40.0,1024.7,13.3,19.0,2026-01-10,12,5
2026-01-10 13:00:00+00:00,284.8,36.0,1023.5,14.2,18.7,2026-01-10,13,5
2026-01-10 14:00:00+00:00,262.3,37.0,1022.7,14.8,16.6,2026-01-10,14,5
2026-01-10 15:00:00+00:00,241.3,39.0,1022.3,15.0,14.8,2026-01-10,15,5
2026-01-10 16:00:00+00:00,230.3,52.0,1022.6,13.8,14.4,2026-01-10,16,5
2026-01-10 17:00:00+00:00,254.2,56.0,1022.8,11.7,14.0,2026-01-10,17,5
2026-01-10 18:00:00+00:00,314.8,61.0,1023.7,10.2,18.7,2026-01-10,18,5
2026-01-10 19:00:00+00:00,310.0,58.0,1024.4,9.6,16.9,2026-01-10,19,5
2026-01-10 20:00:00+00:00,302.5,60.0,1025.1,8.6,14.4,2026-01-10,20,5
2026-01-10 21:00:00+00:00,290.3,57.5,1025.2,8.0,15.1,2026-01-10,21,5
2026-01-10 22:00:00+00:00,290.1,55.0,1025.3,8.5,17.3,2026-01-10,22,5
2026-01-10 23:00:00+00:00,288.1,56.0,1025.2,8.3,17.6,2026-01-10,23,5
2026-01-11 00:00:00+00:00,278.5,58.0,1025.0,7.8,15.8,2026-01-11,0,6
2026-01-11 01:00:00+00:00,263.3,59.0,1024.5,7.7,14.8,2026-01-11,1,6
2026-01-11 02:00:00+00:00,260.5,63.0,1024.3,7.0,14.0,2026-01-11,2,6
2026-01-11 03:00:00+00:00,265.4,65.0,1024.2,6.4,13.3,2026-01-11,3,6
2026-01-11 04:00:00+00:00,271.4,71.0,1023.9,5.4,12.6,2026-01-11,4,6
2026-01-11 05:00:00+00:00,280.8,73.0,1024.1,4.7,12.2,2026-01-11,5,6
2026-01-11 06:00:00+00:00,296.8,74.0,1024.5,4.6,11.9,2026-01-11,6,6
2026-01-11 07:00:00+00:00,290.3,75.0,1025.0,4.3,11.2,2026-01-11,7,6
2026-01-11 08:00:00+00:00,276.0,74.0,1025.3,4.6,13.3,2026-01-11,8,6
2026-01-11 09:00:00+00:00,271.1,70.0,1025.8,6.6,12.6,2026-01-11,9,6
2026-01-11 10:00:00+00:00,268.7,65.0,1026.1,9.3,11.9,2026-01-11,10,6
2026-01-11 11:00:00+00:00,253.8,57.0,1026.0,11.8,9.4,2026-01-11,11,6
2026-01-11 12:00:00+00:00,223.8,52.0,1025.3,13.1,8.3,2026-01-11,12,6
2026-01-11 13:00:00+00:00,209.7,51.0,1024.7,14.0,8.6,2026-01-11,13,6
2026-01-11 14:00:00+00:00,194.3,50.0,1024.0,14.6,6.8,2026-01-11,14,6
2026-01-11 15:00:00+00:00,172.5,51.0,1023.6,14.8,9.0,2026-01-11,15,6
2026-01-11 16:00:00+00:00,130.8,62.0,1023.8,13.9,13.3,2026-01-11,16,6
2026-01-11 17:00:00+00:00,132.9,66.0,1023.9,11.6,16.2,2026-01-11,17,6
2026-01-11 18:00:00+00:00,158.6,69.0,1024.3,10.7,15.1,2026-01-11,18,6
2026-01-11 19:00:00+00:00,267.9,79.0,1024.4,9.7,9.4,2026-01-11,19,6
2026-01-11 20:00:00+00:00,300.3,82.0,1024.6,8.6,9.7,2026-01-11,20,6
2026-01-11 21:00:00+00:00,296.7,85.0,1024.7,7.7,10.8,2026-01-11,21,6
2026-01-11 22:00:00+00:00,295.2,84.0,1024.9,7.3,11.5,2026-01-11,22,6
2026-01-11 23:00:00+00:00,289.2,83.7,1024.7,6.6,11.9,2026-01-11,23,6
2026-01-12 00:00:00+00:00,279.4,83.3,1024.6,6.3,12.6,2026-01-12,0,0
2026-01-12 01:00:00+00:00,281.0,83.0,1024.3,6.0,12.2,2026-01-12,1,0
2026-01-12 02:00:00+00:00,292.8,81.0,1023.9,6.0,12.0,2026-01-12,2,0
2026-01-12 03:00:00+00:00,285.8,80.5,1023.4,5.9,11.9,2026-01-12,3,0
2026-01-12 04:00:00+00:00,266.8,80.0,1023.3,6.0,13.3,2026-01-12,4,0
2026-01-12 05:00:00+00:00,265.9,78.0,1023.0,6.3,14.0,2026-01-12,5,0
2026-01-12 06:00:00+00:00,267.2,77.0,1023.0,6.4,14.8,2026-01-12,6,0
2026-01-12 07:00:00+00:00,268.4,80.0,1023.1,5.9,15.2,2026-01-12,7,0
2026-01-12 08:00:00+00:00,255.0,81.0,1023.2,6.0,15.5,2026-01-12,8,0
2026-01-12 09:00:00+00:00,238.4,75.0,1023.5,8.2,14.8,2026-01-12,9,0
2026-01-12 10:00:00+00:00,230.6,70.0,1023.1,10.8,13.7,2026-01-12,10,0
2026-01-12 11:00:00+00:00,225.9,66.0,1022.7,13.0,11.9,2026-01-12,11,0
2026-01-12 12:00:00+00:00,217.0,64.0,1021.5,14.8,10.8,2026-01-12,12,0
2026-01-12 13:00:00+00:00,211.0,62.0,1020.7,16.0,11.7,2026-01-12,13,0
2026-01-12 14:00:00+00:00,189.1,60.0,1019.9,16.8,12.6,2026-01-12,14,0
2026-01-12 15:00:00+00:00,162.7,61.0,1019.4,16.6,14.8,2026-01-12,15,0
2026-01-12 16:00:00+00:00,150.1,70.0,1019.3,15.0,13.4,2026-01-12,16,0
2026-01-12 17:00:00+00:00,151.2,77.0,1019.1,12.7,11.9,2026-01-12,17,0
2026-01-12 18:00:00+00:00,158.3,84.0,1019.5,11.3,9.0,2026-01-12,18,0
2026-01-12 19:00:00+00:00,15.9,88.0,1019.6,10.7,5.8,2026-01-12,19,0
2026-01-12 20:00:00+00:00,347.9,92.0,1019.9,9.8,6.5,2026-01-12,20,0
2026-01-12 21:00:00+00:00,328.1,91.0,1019.6,9.0,7.6,2026-01-12,21,0
2026-01-12 22:00:00+00:00,305.0,90.0,1019.7,8.5,6.5,2026-01-12,22,0
2026-01-12 23:00:00+00:00,291.8,89.0,1019.5,7.7,5.4,2026-01-12,23,0
2026-01-13 00:00:00+00:00,294.8,88.0,1019.1,7.1,6.1,2026-01-13,0,1
2026-01-13 01:00:00+00:00,294.9,87.7,1018.7,6.7,6.5,2026-01-13,1,1
2026-01-13 02:00:00+00:00,289.0,87.3,1018.1,5.9,6.1,2026-01-13,2,1
2026-01-13 03:00:00+00:00,287.5,87.0,1017.5,5.4,5.8,2026-01-13,3,1
2026-01-13 04:00:00+00:00,294.6,86.5,1016.9,5.0,5.4,2026-01-13,4,1
2026-01-13 05:00:00+00:00,301.5,86.0,1016.7,4.9,5.0,2026-01-13,5,1
2026-01-13 06:00:00+00:00,300.4,84.0,1016.8,5.0,5.2,2026-01-13,6,1
2026-01-13 07:00:00+00:00,298.5,82.0,1017.2,5.1,5.4,2026-01-13,7,1
2026-01-13 08:00:00+00:00,296.4,81.0,1017.3,5.2,6.5,2026-01-13,8,1
2026-01-13 09:00:00+00:00,296.3,75.0,1017.5,7.4,5.8,2026-01-13,9,1
2026-01-13 10:00:00+00:00,299.6,71.0,1017.8,10.1,3.6,2026-01-13,10,1
2026-01-13 11:00:00+00:00,94.2,62.0,1017.6,12.2,4.5,2026-01-13,11,1
2026-01-13 12:00:00+00:00,109.0,60.0,1016.8,13.5,5.4,2026-01-13,12,1
2026-01-13 13:00:00+00:00,106.0,62.0,1016.1,14.2,5.8,2026-01-13,13,1
2026-01-13 14:00:00+00:00,96.0,63.0,1015.5,14.0,6.1,2026-01-13,14,1
2026-01-13 15:00:00+00:00,87.2,67.0,1015.2,13.8,5.8,2026-01-13,15,1
2026-01-13 16:00:00+00:00,84.1,75.0,1015.4,12.9,5.4,2026-01-13,16,1
2026-01-13 17:00:00+00:00,55.6,87.0,1015.6,11.0,4.7,2026-01-13,17,1
2026-01-13 18:00:00+00:00,15.4,91.0,1015.9,10.5,6.5,2026-01-13,18,1
2026-01-13 19:00:00+00:00,354.1,93.0,1016.1,9.6,7.2,2026-01-13,19,1
2026-01-13 20:00:00+00:00,325.4,95.0,1016.6,8.6,7.9,2026-01-13,20,1
2026-01-13 21:00:00+00:00,313.0,96.0,1016.7,7.7,7.2,2026-01-13,21,1
2026-01-13 22:00:00+00:00,302.9,93.0,1017.0,7.6,5.8,2026-01-13,22,1
2026-01-13 23:00:00+00:00,298.1,90.0,1017.2,7.4,5.9,2026-01-13,23,1
2026-01-14 00:00:00+00:00,297.9,86.0,1017.3,7.1,6.1,2026-01-14,0,2
2026-01-14 01:00:00+00:00,287.3,84.0,1017.1,6.7,7.9,2026-01-14,1,2
2026-01-14 02:00:00+00:00,297.3,83.0,1017.4,6.2,7.6,2026-01-14,2,2
2026-01-14 03:00:00+00:00,302.0,81.0,1017.1,5.8,9.0,2026-01-14,3,2
2026-01-14 04:00:00+00:00,293.0,82.0,1017.0,5.5,10.4,2026-01-14,4,2
2026-01-14 05:00:00+00:00,285.5,81.0,1017.0,5.6,12.6,2026-01-14,5,2
2026-01-14 06:00:00+00:00,288.1,82.0,1017.5,5.6,14.0,2026-01-14,6,2
2026-01-14 07:00:00+00:00,291.2,83.0,1018.0,5.2,10.8,2026-01-14,7,2
2026-01-14 08:00:00+00:00,291.8,84.0,1018.5,5.5,12.6,2026-01-14,8,2
2026-01-14 09:00:00+00:00,290.4,79.0,1019.0,7.8,12.2,2026-01-14,9,2
2026-01-14 10:00:00+00:00,276.5,76.0,1019.6,10.4,11.9,2026-01-14,10,2
2026-01-14 11:00:00+00:00,249.1,70.0,1019.4,13.0,8.6,2026-01-14,11,2
2026-01-14 12:00:00+00:00,199.1,67.0,1018.6,14.9,10.1,2026-01-14,12,2
2026-01-14 13:00:00+00:00,222.5,59.0,1018.4,16.6,14.4,2026-01-14,13,2
2026-01-14 14:00:00+00:00,233.2,53.0,1017.8,17.5,15.8,2026-01-14,14,2
2026-01-14 15:00:00+00:00,233.6,52.0,1017.4,17.7,15.1,2026-01-14,15,2
2026-01-14 16:00:00+00:00,221.5,58.0,1017.6,16.6,16.6,2026-01-14,16,2
2026-01-14 17:00:00+00:00,231.4,64.0,1017.7,14.4,18.4,2026-01-14,17,2
2026-01-14 18:00:00+00:00,271.9,71.0,1018.3,12.5,15.8,2026-01-14,18,2
2026-01-14 19:00:00+00:00,23.8,89.0,1019.1,10.4,12.6,2026-01-14,19,2
2026-01-14 20:00:00+00:00,25.0,93.0,1019.4,9.4,6.8,2026-01-14,20,2
2026-01-14 21:00:00+00:00,344.6,95.0,1019.5,8.5,6.1,2026-01-14,21,2
2026-01-14 22:00:00+00:00,300.6,94.0,1019.6,8.1,7.6,2026-01-14,22,2
2026-01-14 23:00:00+00:00,292.8,93.0,1019.6,7.1,8.3,2026-01-14,23,2
2026-01-15 00:00:00+00:00,285.5,92.0,1019.5,6.3,10.1,2026-01-15,0,3
2026-01-15 01:00:00+00:00,286.3,89.0,1019.7,6.6,10.4,2026-01-15,1,3
2026-01-15 02:00:00+00:00,285.6,86.0,1019.5,6.5,10.8,2026-01-15,2,3
2026-01-15 03:00:00+00:00,286.3,84.0,1019.0,6.4,11.2,2026-01-15,3,3
2026-01-15 04:00:00+00:00,287.9,83.0,1018.8,6.4,12.2,2026-01-15,4,3
2026-01-15 05:00:00+00:00,287.1,81.0,1018.7,6.3,11.9,2026-01-15,5,3
2026-01-15 06:00:00+00:00,285.6,80.3,1018.8,5.9,11.5,2026-01-15,6,3
2026-01-15 07:00:00+00:00,284.0,79.7,1018.9,5.5,11.2,2026-01-15,7,3
2026-01-15 08:00:00+00:00,282.2,79.0,1019.0,5.9,12.2,2026-01-15,8,3
2026-01-15 09:00:00+00:00,274.4,75.0,1019.2,8.0,11.5,2026-01-15,9,3
2026-01-15 10:00:00+00:00,271.7,70.0,1019.0,11.0,11.2,2026-01-15,10,3
2026-01-15 11:00:00+00:00,260.6,62.0,1018.9,13.7,9.7,2026-01-15,11,3
2026-01-15 12:00:00+00:00,234.9,57.0,1017.8,15.4,10.4,2026-01-15,12,3
2026-01-15 13:00:00+00:00,222.2,55.0,1017.2,15.8,14.4,2026-01-15,13,3
2026-01-15 14:00:00+00:00,219.3,51.0,1016.0,16.3,15.5,2026-01-15,14,3
2026-01-15 15:00:00+00:00,227.9,53.5,1015.6,15.9,16.9,2026-01-15,15,3
2026-01-15 16:00:00+00:00,218.1,56.0,1015.5,15.5,16.2,2026-01-15,16,3
2026-01-15 17:00:00+00:00,207.0,68.0,1015.6,13.2,15.5,2026-01-15,17,3
2026-01-15 18:00:00+00:00,212.3,76.0,1015.9,12.1,14.0,2026-01-15,18,3
2026-01-15 19:00:00+00:00,247.4,70.0,1016.6,11.8,11.9,2026-01-15,19,3
2026-01-15 20:00:00+00:00,258.9,69.0,1016.8,11.3,12.2,2026-01-15,20,3
2026-01-15 21:00:00+00:00,262.8,71.0,1017.0,10.5,14.0,2026-01-15,21,3
2026-01-15 22:00:00+00:00,266.8,74.0,1017.1,9.7,15.1,2026-01-15,22,3
2026-01-15 23:00:00+00:00,272.1,75.0,1016.8,8.9,14.8,2026-01-15,23,3
2026-01-16 00:00:00+00:00,266.3,76.0,1016.5,8.4,14.4,2026-01-16,0,4
2026-01-16 01:00:00+00:00,246.9,75.0,1016.4,8.2,13.7,2026-01-16,1,4
2026-01-16 02:00:00+00:00,241.4,74.0,1016.4,8.4,13.3,2026-01-16,2,4
2026-01-16 03:00:00+00:00,243.7,75.5,1016.0,8.7,12.2,2026-01-16,3,4
2026-01-16 04:00:00+00:00,239.0,77.0,1015.6,8.5,11.9,2026-01-16,4,4
2026-01-16 05:00:00+00:00,242.5,83.0,1015.4,8.2,11.5,2026-01-16,5,4
2026-01-16 06:00:00+00:00,250.9,89.0,1015.1,7.7,10.8,2026-01-16,6,4
2026-01-16 07:00:00+00:00,248.9,91.0,1015.2,7.8,10.1,2026-01-16,7,4
2026-01-16 08:00:00+00:00,255.2,90.0,1015.3,7.9,10.8,2026-01-16,8,4
2026-01-16 09:00:00+00:00,254.5,87.0,1015.4,10.0,10.4,2026-01-16,9,4
2026-01-16 10:00:00+00:00,238.7,84.0,1015.6,11.4,12.2,2026-01-16,10,4
2026-01-16 11:00:00+00:00,236.2,81.0,1015.2,12.0,11.9,2026-01-16,11,4
2026-01-16 12:00:00+00:00,220.1,74.0,1014.4,13.0,10.8,2026-01-16,12,4
2026-01-16 13:00:00+00:00,183.4,66.0,1013.5,14.6,5.4,2026-01-16,13,4
2026-01-16 14:00:00+00:00,137.1,69.0,1012.7,13.6,8.3,2026-01-16,14,4
2026-01-16 15:00:00+00:00,100.7,72.5,1012.6,13.4,9.7,2026-01-16,15,4
2026-01-16 16:00:00+00:00,52.2,76.0,1012.2,13.2,11.9,2026-01-16,16,4
2026-01-16 17:00:00+00:00,17.3,83.0,1012.1,12.1,8.6,2026-01-16,17,4
2026-01-16 18:00:00+00:00,339.6,87.0,1012.4,11.3,9.7,2026-01-16,18,4
2026-01-16 19:00:00+00:00,348.7,89.0,1012.5,10.7,14.0,2026-01-16,19,4
2026-01-16 20:00:00+00:00,336.6,92.0,1012.6,10.1,14.4,2026-01-16,20,4
2026-01-16 21:00:00+00:00,7.8,93.0,1012.3,9.9,13.0,2026-01-16,21,4
2026-01-16 22:00:00+00:00,359.4,94.0,1012.1,9.0,10.8,2026-01-16,22,4
2026-01-16 23:00:00+00:00,340.6,95.0,1011.8,9.4,11.2,2026-01-16,23,4
2026-01-17 00:00:00+00:00,314.5,95.5,1011.3,9.3,7.9,2026-01-17,0,5
2026-01-17 01:00:00+00:00,307.2,96.0,1010.7,8.1,4.7,2026-01-17,1,5
2026-01-17 02:00:00+00:00,290.0,96.5,1010.5,7.8,4.3,2026-01-17,2,5
2026-01-17 03:00:00+00:00,284.0,97.0,1010.3,8.3,6.8,2026-01-17,3,5
2026-01-17 04:00:00+00:00,281.5,96.5,1009.6,8.4,8.3,2026-01-17,4,5
2026-01-17 05:00:00+00:00,285.0,96.0,1009.2,8.5,5.8,2026-01-17,5,5
2026-01-17 06:00:00+00:00,281.9,96.5,1009.3,8.4,4.0,2026-01-17,6,5
2026-01-17 07:00:00+00:00,293.8,97.0,1009.4,9.4,7.2,2026-01-17,7,5
2026-01-17 08:00:00+00:00,308.4,96.0,1009.4,9.3,7.9,2026-01-17,8,5
2026-01-17 09:00:00+00:00,313.5,95.0,1009.5,9.8,8.6,2026-01-17,9,5
2026-01-17 10:00:00+00:00,306.9,96.0,1009.4,9.9,9.0,2026-01-17,10,5
2026-01-17 11:00:00+00:00,275.1,93.0,1009.4,10.3,10.4,2026-01-17,11,5
2026-01-17 12:00:00+00:00,277.5,91.0,1008.6,10.4,11.9,2026-01-17,12,5
2026-01-17 13:00:00+00:00,258.2,83.0,1007.9,11.5,8.3,2026-01-17,13,5
2026-01-17 14:00:00+00:00,245.3,79.0,1007.4,11.6,9.7,2026-01-17,14,5
2026-01-17 15:00:00+00:00,247.8,74.0,1007.2,11.8,11.5,2026-01-17,15,5
2026-01-17 16:00:00+00:00,242.9,73.0,1007.3,11.2,9.4,2026-01-17,16,5
2026-01-17 17:00:00+00:00,235.6,77.0,1007.4,10.5,7.2,2026-01-17,17,5
2026-01-17 18:00:00+00:00,240.5,76.0,1007.9,9.6,7.9,2026-01-17,18,5
2026-01-17 19:00:00+00:00,257.9,71.0,1008.0,9.4,13.3,2026-01-17,19,5
2026-01-17 20:00:00+00:00,278.0,73.0,1008.4,8.7,13.2,2026-01-17,20,5
2026-01-17 21:00:00+00:00,281.5,76.0,1008.3,7.9,13.0,2026-01-17,21,5
2026-01-17 22:00:00+00:00,276.7,78.0,1008.6,7.3,12.6,2026-01-17,22,5
2026-01-17 23:00:00+00:00,279.4,77.0,1008.8,6.8,13.0,2026-01-17,23,5
2026-01-18 00:00:00+00:00,283.0,76.0,1008.9,7.0,13.3,2026-01-18,0,6
2026-01-18 01:00:00+00:00,276.6,74.0,1009.0,7.2,13.7,2026-01-18,1,6
2026-01-18 02:00:00+00:00,272.4,76.0,1009.1,6.7,13.0,2026-01-18,2,6
2026-01-18 03:00:00+00:00,274.8,78.0,1009.2,6.1,13.3,2026-01-18,3,6
2026-01-18 04:00:00+00:00,280.8,81.0,1009.0,5.4,12.8,2026-01-18,4,6
2026-01-18 05:00:00+00:00,277.5,83.0,1009.3,4.8,12.2,2026-01-18,5,6
2026-01-18 06:00:00+00:00,286.3,85.0,1009.8,4.1,11.5,2026-01-18,6,6
2026-01-18 07:00:00+00:00,293.2,86.0,1010.3,4.9,10.1,2026-01-18,7,6
2026-01-18 08:00:00+00:00,285.6,83.5,1011.0,5.7,10.4,2026-01-18,8,6
2026-01-18 09:00:00+00:00,283.7,81.0,1011.5,6.5,9.7,2026-01-18,9,6
2026-01-18 10:00:00+00:00,274.7,74.0,1012.0,9.2,8.3,2026-01-18,10,6
2026-01-18 11:00:00+00:00,274.2,69.0,1011.9,10.8,7.9,2026-01-18,11,6
2026-01-18 12:00:00+00:00,33.1,68.0,1011.5,11.9,12.6,2026-01-18,12,6
2026-01-18 13:00:00+00:00,59.9,70.0,1011.1,12.7,11.2,2026-01-18,13,6
2026-01-18 14:00:00+00:00,63.8,71.0,1010.8,12.6,11.5,2026-01-18,14,6
2026-01-18 15:00:00+00:00,59.6,73.0,1010.7,12.5,12.6,2026-01-18,15,6
2026-01-18 16:00:00+00:00,57.4,75.0,1011.2,12.0,13.3,2026-01-18,16,6
2026-01-18 17:00:00+00:00,50.8,83.0,1011.5,10.7,13.0,2026-01-18,17,6
2026-01-18 18:00:00+00:00,23.5,86.0,1012.2,9.9,12.6,2026-01-18,18,6
2026-01-18 19:00:00+00:00,15.4,87.0,1012.9,9.8,14.0,2026-01-18,19,6
2026-01-18 20:00:00+00:00,325.4,90.0,1013.6,8.8,15.5,2026-01-18,20,6
2026-01-18 21:00:00+00:00,295.4,92.0,1013.7,7.7,9.7,2026-01-18,21,6
2026-01-18 22:00:00+00:00,278.0,90.0,1013.9,7.6,9.9,2026-01-18,22,6
2026-01-18 23:00:00+00:00,299.4,88.0,1013.8,7.5,10.1,2026-01-18,23,6
2026-01-19 00:00:00+00:00,300.5,86.0,1013.6,7.0,10.8,2026-01-19,0,0
2026-01-19 01:00:00+00:00,301.7,84.5,1013.5,6.2,11.5,2026-01-19,1,0
2026-01-19 02:00:00+00:00,303.3,83.0,1013.4,6.3,10.4,2026-01-19,2,0
2026-01-19 03:00:00+00:00,301.5,82.0,1013.2,6.0,10.1,2026-01-19,3,0
2026-01-19 04:00:00+00:00,301.8,81.0,1012.9,6.2,11.2,2026-01-19,4,0
2026-01-19 05:00:00+00:00,296.4,78.0,1012.8,7.1,10.4,2026-01-19,5,0
2026-01-19 06:00:00+00:00,308.0,79.0,1013.1,7.5,9.7,2026-01-19,6,0
2026-01-19 07:00:00+00:00,303.5,83.0,1013.3,7.1,9.6,2026-01-19,7,0
2026-01-19 08:00:00+00:00,299.0,82.0,1013.6,7.4,9.4,2026-01-19,8,0
2026-01-19 09:00:00+00:00,289.1,81.0,1013.7,9.0,8.3,2026-01-19,9,0
2026-01-19 10:00:00+00:00,288.8,74.0,1013.8,11.3,8.6,2026-01-19,10,0
2026-01-19 11:00:00+00:00,296.9,66.0,1013.4,12.9,9.0,2026-01-19,11,0
2026-01-19 12:00:00+00:00,354.6,63.0,1013.1,13.9,9.4,2026-01-19,12,0
2026-01-19 13:00:00+00:00,52.4,62.0,1013.4,14.4,18.0,2026-01-19,13,0
2026-01-19 14:00:00+00:00,52.9,63.0,1013.0,14.4,19.8,2026-01-19,14,0
2026-01-19 15:00:00+00:00,57.7,64.0,1012.9,14.3,15.5,2026-01-19,15,0
2026-01-19 16:00:00+00:00,56.4,71.0,1013.1,13.7,13.7,2026-01-19,16,0
2026-01-19 17:00:00+00:00,297.2,83.0,1013.9,11.5,16.2,2026-01-19,17,0
2026-01-19 18:00:00+00:00,284.4,84.0,1013.8,10.7,12.6,2026-01-19,18,0
2026-01-19 19:00:00+00:00,293.5,84.5,1013.9,10.0,13.0,2026-01-19,19,0
2026-01-19 20:00:00+00:00,293.9,85.0,1013.8,9.5,10.8,2026-01-19,20,0
2026-01-19 21:00:00+00:00,295.0,82.0,1013.7,9.3,11.9,2026-01-19,21,0
2026-01-19 22:00:00+00:00,298.1,78.0,1013.5,9.0,13.0,2026-01-19,22,0
2026-01-19 23:00:00+00:00,299.6,76.0,1013.2,9.2,12.6,2026-01-19,23,0
2026-01-20 00:00:00+00:00,316.1,73.0,1012.8,9.4,15.1,2026-01-20,0,1
2026-01-20 01:00:00+00:00,309.6,71.0,1012.6,9.7,16.9,2026-01-20,1,1
2026-01-20 02:00:00+00:00,309.4,70.5,1012.3,9.8,18.7,2026-01-20,2,1
2026-01-20 03:00:00+00:00,301.3,70.0,1011.7,10.1,16.9,2026-01-20,3,1
2026-01-20 04:00:00+00:00,304.3,73.0,1011.5,9.2,9.4,2026-01-20,4,1
2026-01-20 05:00:00+00:00,309.2,74.5,1011.4,9.0,9.7,2026-01-20,5,1
2026-01-20 06:00:00+00:00,278.5,76.0,1011.7,8.8,10.8,2026-01-20,6,1
2026-01-20 07:00:00+00:00,299.0,78.0,1012.0,9.1,11.9,2026-01-20,7,1
2026-01-20 08:00:00+00:00,283.9,79.0,1012.3,9.2,10.8,2026-01-20,8,1
2026-01-20 09:00:00+00:00,188.6,76.0,1012.5,10.0,9.4,2026-01-20,9,1
2026-01-20 10:00:00+00:00,224.4,77.0,1012.9,10.7,6.8,2026-01-20,10,1
2026-01-20 11:00:00+00:00,260.8,72.0,1012.8,11.5,9.0,2026-01-20,11,1
2026-01-20 12:00:00+00:00,285.0,65.0,1012.0,12.7,9.4,2026-01-20,12,1
2026-01-20 13:00:00+00:00,1.0,64.0,1012.4,13.4,13.7,2026-01-20,13,1
2026-01-20 14:00:00+00:00,231.9,69.0,1011.6,13.0,10.8,2026-01-20,14,1
2026-01-20 15:00:00+00:00,226.0,73.0,1010.9,13.1,6.5,2026-01-20,15,1
2026-01-20 16:00:00+00:00,69.4,74.0,1011.3,13.2,9.6,2026-01-20,16,1
2026-01-20 17:00:00+00:00,65.6,78.0,1011.4,12.0,12.6,2026-01-20,17,1
2026-01-20 18:00:00+00:00,49.5,80.0,1011.6,11.3,23.4,2026-01-20,18,1
2026-01-20 19:00:00+00:00,30.8,78.0,1012.1,10.9,22.7,2026-01-20,19,1
2026-01-20 20:00:00+00:00,314.7,82.0,1012.3,10.1,19.1,2026-01-20,20,1
2026-01-20 21:00:00+00:00,299.1,88.0,1012.1,9.7,18.0,2026-01-20,21,1
2026-01-20 22:00:00+00:00,295.8,89.0,1012.5,9.4,16.2,2026-01-20,22,1
2026-01-20 23:00:00+00:00,310.5,88.0,1013.0,9.5,18.7,2026-01-20,23,1
2026-01-21 00:00:00+00:00,323.4,86.0,1012.8,9.8,18.2,2026-01-21,0,2
2026-01-21 01:00:00+00:00,305.8,86.5,1013.0,10.2,17.6,2026-01-21,1,2
2026-01-21 02:00:00+00:00,296.4,87.0,1012.9,9.9,15.8,2026-01-21,2,2
2026-01-21 03:00:00+00:00,290.6,88.0,1012.8,9.6,13.3,2026-01-21,3,2
2026-01-21 04:00:00+00:00,283.4,89.0,1012.7,9.5,13.5,2026-01-21,4,2
2026-01-21 05:00:00+00:00,287.6,88.5,1012.5,9.6,13.7,2026-01-21,5,2
2026-01-21 06:00:00+00:00,283.6,88.0,1012.2,9.5,15.5,2026-01-21,6,2
2026-01-21 07:00:00+00:00,273.6,86.0,1012.3,9.4,14.8,2026-01-21,7,2
2026-01-21 08:00:00+00:00,249.0,77.0,1011.9,9.3,16.9,2026-01-21,8,2
2026-01-21 09:00:00+00:00,251.2,72.0,1011.6,9.6,19.4,2026-01-21,9,2
2026-01-21 10:00:00+00:00,254.3,70.0,1011.3,10.1,15.8,2026-01-21,10,2
2026-01-21 11:00:00+00:00,257.4,64.0,1010.4,11.6,14.8,2026-01-21,11,2
2026-01-21 12:00:00+00:00,246.0,59.0,1009.0,13.7,18.7,2026-01-21,12,2
2026-01-21 13:00:00+00:00,256.4,57.0,1007.7,13.9,19.1,2026-01-21,13,2
2026-01-21 14:00:00+00:00,258.2,58.3,1006.3,13.6,20.5,2026-01-21,14,2
2026-01-21 15:00:00+00:00,259.8,59.7,1005.3,13.2,21.2,2026-01-21,15,2
2026-01-21 16:00:00+00:00,253.5,61.0,1004.6,12.9,16.2,2026-01-21,16,2
2026-01-21 17:00:00+00:00,246.0,66.0,1003.7,12.0,15.5,2026-01-21,17,2
2026-01-21 18:00:00+00:00,238.4,64.0,1002.9,11.4,17.3,2026-01-21,18,2
2026-01-21 19:00:00+00:00,209.5,76.0,1002.1,10.9,14.4,2026-01-21,19,2
2026-01-21 20:00:00+00:00,214.1,77.0,1001.0,11.2,17.3,2026-01-21,20,2
2026-01-21 21:00:00+00:00,190.6,78.0,999.6,11.0,15.5,2026-01-21,21,2
2026-01-21 22:00:00+00:00,183.9,79.0,998.8,10.9,17.3,2026-01-21,22,2
2026-01-21 23:00:00+00:00,168.0,80.0,997.8,11.4,16.9,2026-01-21,23,2
2026-01-22 00:00:00+00:00,256.3,79.5,997.6,11.0,20.0,2026-01-22,0,3
2026-01-22 01:00:00+00:00,255.7,79.0,996.4,10.9,23.0,2026-01-22,1,3
2026-01-22 02:00:00+00:00,265.4,75.0,996.1,11.4,29.2,2026-01-22,2,3
2026-01-22 03:00:00+00:00,273.1,68.0,996.0,11.3,31.7,2026-01-22,3,3
2026-01-22 04:00:00+00:00,278.1,66.0,995.8,11.2,28.8,2026-01-22,4,3
2026-01-22 05:00:00+00:00,280.7,63.0,996.2,10.9,26.6,2026-01-22,5,3
2026-01-22 06:00:00+00:00,287.6,60.0,997.0,11.0,25.9,2026-01-22,6,3
2026-01-22 07:00:00+00:00,286.1,61.0,998.3,10.4,23.8,2026-01-22,7,3
2026-01-22 08:00:00+00:00,276.4,62.0,999.4,10.1,24.5,2026-01-22,8,3
2026-01-22 09:00:00+00:00,262.0,59.0,1000.1,11.1,24.2,2026-01-22,9,3
2026-01-22 10:00:00+00:00,251.2,56.0,1000.7,12.7,23.8,2026-01-22,10,3
2026-01-22 11:00:00+00:00,252.1,51.0,1001.5,13.8,27.7,2026-01-22,11,3
2026-01-22 12:00:00+00:00,261.5,44.0,1001.2,15.2,27.0,2026-01-22,12,3
2026-01-22 13:00:00+00:00,259.4,42.0,1001.3,16.0,23.8,2026-01-22,13,3
2026-01-22 14:00:00+00:00,262.5,41.0,1000.9,16.3,24.5,2026-01-22,14,3
2026-01-22 15:00:00+00:00,263.3,44.0,1001.5,15.8,25.6,2026-01-22,15,3
2026-01-22 16:00:00+00:00,270.1,46.0,1001.9,15.0,25.8,2026-01-22,16,3
2026-01-22 17:00:00+00:00,280.9,47.5,1002.6,13.7,25.9,2026-01-22,17,3
2026-01-22 18:00:00+00:00,275.9,49.0,1003.2,12.6,23.0,2026-01-22,18,3
2026-01-22 19:00:00+00:00,253.7,56.0,1003.8,11.5,20.2,2026-01-22,19,3
2026-01-22 20:00:00+00:00,253.0,60.0,1003.9,10.9,27.0,2026-01-22,20,3
2026-01-22 21:00:00+00:00,261.4,59.0,1003.8,10.8,26.3,2026-01-22,21,3
2026-01-22 22:00:00+00:00,259.0,60.0,1003.4,10.4,22.3,2026-01-22,22,3
2026-01-22 23:00:00+00:00,254.5,63.0,1003.0,10.3,21.2,2026-01-22,23,3
2026-01-23 00:00:00+00:00,226.2,70.0,1002.7,9.6,18.4,2026-01-23,0,4
2026-01-23 01:00:00+00:00,228.9,78.0,1001.8,9.1,17.3,2026-01-23,1,4
2026-01-23 02:00:00+00:00,208.9,81.0,1001.2,8.7,16.9,2026-01-23,2,4
2026-01-23 03:00:00+00:00,195.7,80.5,1000.5,8.8,18.4,2026-01-23,3,4
2026-01-23 04:00:00+00:00,192.2,80.0,999.4,9.0,15.1,2026-01-23,4,4
2026-01-23 05:00:00+00:00,207.3,78.0,998.8,9.1,17.3,2026-01-23,5,4
2026-01-23 06:00:00+00:00,218.3,78.7,998.4,8.8,18.4,2026-01-23,6,4
2026-01-23 07:00:00+00:00,213.8,79.3,997.5,9.9,20.5,2026-01-23,7,4
2026-01-23 08:00:00+00:00,228.5,80.0,998.3,9.7,19.4,2026-01-23,8,4
2026-01-23 09:00:00+00:00,218.1,77.0,999.0,11.8,21.0,2026-01-23,9,4
2026-01-23 10:00:00+00:00,230.3,61.0,999.2,14.5,22.7,2026-01-23,10,4
2026-01-23 11:00:00+00:00,240.3,52.0,999.9,15.3,22.3,2026-01-23,11,4
2026-01-23 12:00:00+00:00,252.0,45.0,999.5,15.9,20.5,2026-01-23,12,4
2026-01-23 13:00:00+00:00,250.7,48.0,998.9,15.7,24.1,2026-01-23,13,4
2026-01-23 14:00:00+00:00,257.7,45.0,998.7,15.6,23.2,2026-01-23,14,4
2026-01-23 15:00:00+00:00,248.7,44.0,998.2,15.5,22.3,2026-01-23,15,4
2026-01-23 16:00:00+00:00,248.1,47.0,998.3,14.7,18.4,2026-01-23,16,4
2026-01-23 17:00:00+00:00,242.0,51.0,998.4,13.2,16.6,2026-01-23,17,4
2026-01-23 18:00:00+00:00,240.9,57.0,998.5,11.7,13.3,2026-01-23,18,4
2026-01-23 19:00:00+00:00,252.7,61.0,998.8,10.8,13.7,2026-01-23,19,4
2026-01-23 20:00:00+00:00,232.8,64.0,998.4,10.7,14.6,2026-01-23,20,4
2026-01-23 21:00:00+00:00,266.7,67.0,998.2,10.0,15.5,2026-01-23,21,4
2026-01-23 22:00:00+00:00,275.2,75.0,998.1,9.2,13.7,2026-01-23,22,4
2026-01-23 23:00:00+00:00,273.5,79.0,997.3,8.1,16.9,2026-01-23,23,4
2026-01-24 00:00:00+00:00,279.4,80.0,997.0,8.2,19.8,2026-01-24,0,5
2026-01-24 01:00:00+00:00,287.0,70.0,996.9,8.9,18.0,2026-01-24,1,5
2026-01-24 02:00:00+00:00,243.0,78.0,996.8,8.3,18.7,2026-01-24,2,5
2026-01-24 03:00:00+00:00,233.6,79.0,995.3,8.2,18.0,2026-01-24,3,5
2026-01-24 04:00:00+00:00,244.8,74.0,995.8,8.0,27.7,2026-01-24,4,5
2026-01-24 05:00:00+00:00,265.5,66.0,996.6,7.8,31.3,2026-01-24,5,5
2026-01-24 06:00:00+00:00,269.6,61.0,997.5,7.7,33.5,2026-01-24,6,5
2026-01-24 07:00:00+00:00,270.8,58.0,998.7,7.6,37.8,2026-01-24,7,5
2026-01-24 08:00:00+00:00,271.9,57.5,1000.1,7.4,36.0,2026-01-24,8,5
2026-01-24 09:00:00+00:00,276.1,57.0,1001.2,8.0,37.1,2026-01-24,9,5
2026-01-24 10:00:00+00:00,279.4,50.0,1001.6,8.8,37.8,2026-01-24,10,5
2026-01-24 11:00:00+00:00,283.9,47.0,1001.2,9.7,39.2,2026-01-24,11,5
2026-01-24 12:00:00+00:00,284.7,42.0,1000.9,10.7,40.3,2026-01-24,12,5
2026-01-24 13:00:00+00:00,283.4,41.0,1000.7,11.3,38.2,2026-01-24,13,5
2026-01-24 14:00:00+00:00,284.0,39.0,1000.4,11.7,37.8,2026-01-24,14,5
2026-01-24 15:00:00+00:00,278.3,43.0,1001.0,11.3,36.0,2026-01-24,15,5
2026-01-24 16:00:00+00:00,283.6,45.0,1002.1,11.0,31.3,2026-01-24,16,5
2026-01-24 17:00:00+00:00,280.9,47.0,1003.0,10.1,29.5,2026-01-24,17,5
2026-01-24 18:00:00+00:00,281.4,49.0,1003.9,9.6,27.7,2026-01-24,18,5
2026-01-24 19:00:00+00:00,285.6,52.0,1005.3,9.1,28.8,2026-01-24,19,5
2026-01-24 20:00:00+00:00,283.9,53.0,1006.0,9.3,29.9,2026-01-24,20,5
2026-01-24 21:00:00+00:00,282.9,55.0,1006.6,9.4,28.1,2026-01-24,21,5
2026-01-24 22:00:00+00:00,282.8,57.0,1006.8,9.5,31.0,2026-01-24,22,5
2026-01-24 23:00:00+00:00,278.2,58.0,1007.0,9.6,34.6,2026-01-24,23,5
2026-01-25 00:00:00+00:00,278.4,59.0,1007.2,9.6,37.8,2026-01-25,0,6
2026-01-25 01:00:00+00:00,275.7,60.0,1007.7,9.5,34.9,2026-01-25,1,6
2026-01-25 02:00:00+00:00,267.2,62.0,1008.2,9.2,35.6,2026-01-25,2,6
2026-01-25 03:00:00+00:00,259.6,64.0,1008.4,8.8,33.5,2026-01-25,3,6
2026-01-25 04:00:00+00:00,257.9,65.0,1008.7,8.3,31.7,2026-01-25,4,6
2026-01-25 05:00:00+00:00,253.0,66.0,1009.4,8.1,29.9,2026-01-25,5,6
2026-01-25 06:00:00+00:00,252.2,64.5,1009.3,8.3,25.9,2026-01-25,6,6
2026-01-25 07:00:00+00:00,265.2,63.0,1008.6,8.1,24.8,2026-01-25,7,6
2026-01-25 08:00:00+00:00,271.7,63.5,1008.8,8.9,26.3,2026-01-25,8,6
2026-01-25 09:00:00+00:00,268.6,64.0,1008.9,10.4,25.9,2026-01-25,9,6
2026-01-25 10:00:00+00:00,236.9,62.0,1008.1,11.2,23.4,2026-01-25,10,6
2026-01-25 11:00:00+00:00,242.5,58.0,1007.9,11.9,27.7,2026-01-25,11,6
2026-01-25 12:00:00+00:00,275.2,54.0,1006.7,13.9,38.2,2026-01-25,12,6
2026-01-25 13:00:00+00:00,280.2,46.0,1005.2,15.4,40.7,2026-01-25,13,6
2026-01-25 14:00:00+00:00,276.6,47.0,1003.8,15.8,39.6,2026-01-25,14,6
2026-01-25 15:00:00+00:00,277.4,48.0,1002.6,16.1,37.4,2026-01-25,15,6
2026-01-25 16:00:00+00:00,282.1,49.0,1003.6,15.8,36.0,2026-01-25,16,6
2026-01-25 17:00:00+00:00,270.8,57.0,1004.1,14.3,37.4,2026-01-25,17,6
2026-01-25 18:00:00+00:00,267.6,63.0,1004.3,13.0,31.7,2026-01-25,18,6
2026-01-25 19:00:00+00:00,278.8,60.0,1004.9,13.2,33.2,2026-01-25,19,6
2026-01-25 20:00:00+00:00,281.3,57.0,1005.9,12.8,34.6,2026-01-25,20,6
2026-01-25 21:00:00+00:00,291.6,54.0,1006.4,12.7,34.9,2026-01-25,21,6
2026-01-25 22:00:00+00:00,288.6,50.0,1007.2,12.4,35.6,2026-01-25,22,6
2026-01-25 23:00:00+00:00,287.4,49.0,1007.8,12.0,32.0,2026-01-25,23,6
2026-01-26 00:00:00+00:00,284.9,48.5,1008.2,11.8,31.7,2026-01-26,0,0
2026-01-26 01:00:00+00:00,284.4,48.0,1008.8,11.9,32.4,2026-01-26,1,0
2026-01-26 02:00:00+00:00,280.6,50.0,1008.6,11.8,28.1,2026-01-26,2,0
2026-01-26 03:00:00+00:00,281.2,54.0,1008.5,11.5,22.0,2026-01-26,3,0
2026-01-26 04:00:00+00:00,278.2,58.0,1008.7,11.2,23.4,2026-01-26,4,0
2026-01-26 05:00:00+00:00,281.3,59.0,1008.9,10.9,21.6,2026-01-26,5,0
2026-01-26 06:00:00+00:00,278.1,61.0,1009.0,10.6,18.0,2026-01-26,6,0
2026-01-26 07:00:00+00:00,269.4,54.0,1009.2,10.9,20.2,2026-01-26,7,0
2026-01-26 08:00:00+00:00,275.4,53.0,1009.5,11.3,27.7,2026-01-26,8,0
2026-01-26 09:00:00+00:00,263.3,52.0,1009.8,12.0,21.6,2026-01-26,9,0
2026-01-26 10:00:00+00:00,269.8,49.0,1010.1,13.2,21.4,2026-01-26,10,0
2026-01-26 11:00:00+00:00,246.3,50.0,1010.0,14.2,21.2,2026-01-26,11,0
2026-01-26 12:00:00+00:00,221.4,55.0,1009.9,15.0,20.2,2026-01-26,12,0
2026-01-26 13:00:00+00:00,238.8,44.0,1009.0,16.2,18.7,2026-01-26,13,0
2026-01-26 14:00:00+00:00,245.4,46.0,1008.4,16.5,20.9,2026-01-26,14,0
2026-01-26 15:00:00+00:00,240.8,53.0,1008.2,16.2,20.2,2026-01-26,15,0
2026-01-26 16:00:00+00:00,196.2,61.0,1008.2,16.0,17.3,2026-01-26,16,0
2026-01-26 17:00:00+00:00,199.3,68.0,1008.1,15.2,15.8,2026-01-26,17,0
2026-01-26 18:00:00+00:00,222.7,71.0,1008.5,15.0,19.8,2026-01-26,18,0
2026-01-26 19:00:00+00:00,219.1,76.0,1008.9,14.6,15.8,2026-01-26,19,0
2026-01-26 20:00:00+00:00,225.3,75.0,1008.8,14.9,17.3,2026-01-26,20,0
2026-01-26 21:00:00+00:00,239.8,72.0,1008.6,15.4,21.2,2026-01-26,21,0
2026-01-26 22:00:00+00:00,245.6,70.0,1008.5,15.8,25.2,2026-01-26,22,0
2026-01-26 23:00:00+00:00,242.7,68.0,1008.3,16.1,26.6,2026-01-26,23,0
2026-01-27 00:00:00+00:00,240.1,68.5,1007.6,16.0,24.8,2026-01-27,0,1
2026-01-27 01:00:00+00:00,244.2,69.0,1007.3,15.9,26.3,2026-01-27,1,1
2026-01-27 02:00:00+00:00,239.9,69.7,1006.5,15.8,27.7,2026-01-27,2,1
2026-01-27 03:00:00+00:00,248.1,70.3,1005.2,15.6,27.4,2026-01-27,3,1
2026-01-27 04:00:00+00:00,249.3,71.0,1004.0,15.1,24.8,2026-01-27,4,1
2026-01-27 05:00:00+00:00,224.1,72.0,1003.8,14.8,19.4,2026-01-27,5,1
2026-01-27 06:00:00+00:00,224.6,70.0,1003.0,15.3,20.9,2026-01-27,6,1
2026-01-27 07:00:00+00:00,233.2,68.0,1002.5,15.1,22.3,2026-01-27,7,1
2026-01-27 08:00:00+00:00,240.0,58.0,1002.2,15.7,26.3,2026-01-27,8,1
2026-01-27 09:00:00+00:00,237.4,55.0,1002.0,16.0,26.6,2026-01-27,9,1
2026-01-27 10:00:00+00:00,239.9,56.0,1001.1,16.2,26.4,2026-01-27,10,1
2026-01-27 11:00:00+00:00,231.3,57.0,1000.3,16.5,26.3,2026-01-27,11,1
2026-01-27 12:00:00+00:00,215.7,54.0,998.8,18.0,20.5,2026-01-27,12,1
2026-01-27 13:00:00+00:00,222.4,50.0,997.4,19.2,20.9,2026-01-27,13,1
2026-01-27 14:00:00+00:00,244.8,53.0,996.7,19.1,25.2,2026-01-27,14,1
2026-01-27 15:00:00+00:00,249.4,54.0,996.6,17.9,30.2,2026-01-27,15,1
2026-01-27 16:00:00+00:00,249.1,58.0,996.4,17.1,29.2,2026-01-27,16,1
2026-01-27 17:00:00+00:00,246.4,60.0,996.3,15.7,29.5,2026-01-27,17,1
2026-01-27 18:00:00+00:00,256.1,58.0,996.9,14.7,30.6,2026-01-27,18,1
2026-01-27 19:00:00+00:00,257.3,60.0,997.6,13.5,29.5,2026-01-27,19,1
2026-01-27 20:00:00+00:00,262.1,59.0,998.2,12.9,31.0,2026-01-27,20,1
2026-01-27 21:00:00+00:00,268.8,57.0,999.0,12.5,35.3,2026-01-27,21,1
2026-01-27 22:00:00+00:00,272.8,56.0,1000.0,11.8,39.2,2026-01-27,22,1
2026-01-27 23:00:00+00:00,269.8,56.5,1001.1,11.2,34.2,2026-01-27,23,1
2026-01-28 00:00:00+00:00,267.7,57.0,1002.5,10.7,34.6,2026-01-28,0,2
2026-01-28 01:00:00+00:00,270.8,59.0,1002.9,10.0,37.1,2026-01-28,1,2
2026-01-28 02:00:00+00:00,272.5,60.0,1003.3,9.9,34.9,2026-01-28,2,2
2026-01-28 03:00:00+00:00,270.7,61.0,1003.8,9.8,33.8,2026-01-28,3,2
2026-01-28 04:00:00+00:00,277.2,63.0,1002.7,9.7,27.0,2026-01-28,4,2
2026-01-28 05:00:00+00:00,280.7,65.0,1001.4,10.1,21.2,2026-01-28,5,2
2026-01-28 06:00:00+00:00,235.1,67.0,1000.7,9.2,15.5,2026-01-28,6,2
2026-01-28 07:00:00+00:00,191.0,71.0,1000.4,8.8,17.3,2026-01-28,7,2
2026-01-28 08:00:00+00:00,179.7,69.0,998.7,9.2,15.5,2026-01-28,8,2
2026-01-28 09:00:00+00:00,186.0,72.0,998.1,9.8,19.4,2026-01-28,9,2
2026-01-28 10:00:00+00:00,160.5,88.0,996.6,9.0,14.8,2026-01-28,10,2
2026-01-28 11:00:00+00:00,98.6,89.0,994.6,9.7,10.4,2026-01-28,11,2
2026-01-28 12:00:00+00:00,316.3,90.0,991.7,10.0,7.9,2026-01-28,12,2
2026-01-28 13:00:00+00:00,266.2,85.5,990.3,10.2,13.3,2026-01-28,13,2
2026-01-28 14:00:00+00:00,314.9,81.0,991.4,10.5,20.5,2026-01-28,14,2
2026-01-28 15:00:00+00:00,303.4,68.0,993.5,12.3,26.3,2026-01-28,15,2
2026-01-28 16:00:00+00:00,282.1,59.0,996.3,13.0,40.0,2026-01-28,16,2
2026-01-28 17:00:00+00:00,289.8,52.0,999.2,12.3,33.8,2026-01-28,17,2
2026-01-28 18:00:00+00:00,284.4,53.0,1001.5,12.0,29.2,2026-01-28,18,2
2026-01-28 19:00:00+00:00,287.2,51.0,1002.2,11.6,30.8,2026-01-28,19,2
2026-01-28 20:00:00+00:00,294.4,51.7,1003.0,11.5,32.4,2026-01-28,20,2
2026-01-28 21:00:00+00:00,294.1,52.3,1003.6,11.6,31.3,2026-01-28,21,2
2026-01-28 22:00:00+00:00,291.5,53.0,1003.5,11.6,30.2,2026-01-28,22,2
2026-01-28 23:00:00+00:00,291.1,61.0,1003.8,11.7,32.0,2026-01-28,23,2
2026-01-29 00:00:00+00:00,295.3,69.0,1004.1,11.3,25.9,2026-01-29,0,3
2026-01-29 01:00:00+00:00,285.2,58.0,1003.6,12.8,25.6,2026-01-29,1,3
2026-01-29 02:00:00+00:00,273.0,66.0,1004.4,11.6,18.7,2026-01-29,2,3
2026-01-29 03:00:00+00:00,200.7,70.0,1004.2,11.1,15.1,2026-01-29,3,3
2026-01-29 04:00:00+00:00,166.7,76.0,1003.6,10.3,6.1,2026-01-29,4,3
2026-01-29 05:00:00+00:00,199.3,77.0,1003.4,10.8,5.8,2026-01-29,5,3
2026-01-29 06:00:00+00:00,314.6,76.0,1003.0,10.7,8.8,2026-01-29,6,3
2026-01-29 07:00:00+00:00,233.1,78.0,1002.7,10.6,11.9,2026-01-29,7,3
2026-01-29 08:00:00+00:00,189.0,81.0,1002.8,10.8,14.4,2026-01-29,8,3
2026-01-29 09:00:00+00:00,170.4,83.0,1002.6,11.1,13.3,2026-01-29,9,3
2026-01-29 10:00:00+00:00,144.9,79.0,1003.0,12.7,11.2,2026-01-29,10,3
2026-01-29 11:00:00+00:00,157.0,69.0,1002.5,16.7,13.3,2026-01-29,11,3
2026-01-29 12:00:00+00:00,211.2,66.0,1002.3,19.1,19.8,2026-01-29,12,3
2026-01-29 13:00:00+00:00,194.4,75.0,1001.5,18.2,20.2,2026-01-29,13,3
2026-01-29 14:00:00+00:00,197.9,92.0,1000.7,16.0,18.7,2026-01-29,14,3
2026-01-29 15:00:00+00:00,205.7,95.0,1001.2,15.8,13.7,2026-01-29,15,3
2026-01-29 16:00:00+00:00,205.0,92.0,1001.3,16.2,11.9,2026-01-29,16,3
2026-01-29 17:00:00+00:00,226.3,90.5,1001.8,15.3,17.3,2026-01-29,17,3
2026-01-29 18:00:00+00:00,257.1,89.0,1002.6,14.7,16.2,2026-01-29,18,3
2026-01-29 19:00:00+00:00,224.5,91.0,1003.7,12.9,7.6,2026-01-29,19,3
2026-01-29 20:00:00+00:00,220.5,93.0,1003.8,13.0,13.0,2026-01-29,20,3
2026-01-29 21:00:00+00:00,229.5,85.0,1004.0,13.5,16.2,2026-01-29,21,3
2026-01-29 22:00:00+00:00,275.0,73.0,1004.6,14.3,28.1,2026-01-29,22,3
2026-01-29 23:00:00+00:00,286.4,65.0,1005.1,15.1,38.5,2026-01-29,23,3
2026-01-30 00:00:00+00:00,280.9,64.0,1005.5,15.2,40.7,2026-01-30,0,4
2026-01-30 01:00:00+00:00,281.1,61.0,1005.8,14.6,42.5,2026-01-30,1,4
2026-01-30 02:00:00+00:00,279.8,61.3,1006.1,14.3,43.2,2026-01-30,2,4
2026-01-30 03:00:00+00:00,281.5,61.7,1006.2,13.8,40.7,2026-01-30,3,4
2026-01-30 04:00:00+00:00,282.2,62.0,1006.9,13.3,38.9,2026-01-30,4,4
2026-01-30 05:00:00+00:00,284.5,64.0,1008.0,12.9,36.7,2026-01-30,5,4
2026-01-30 06:00:00+00:00,284.8,65.0,1008.4,12.6,37.8,2026-01-30,6,4
2026-01-30 07:00:00+00:00,284.9,66.0,1008.6,12.0,35.3,2026-01-30,7,4
2026-01-30 08:00:00+00:00,286.8,65.0,1008.7,12.1,34.9,2026-01-30,8,4
2026-01-30 09:00:00+00:00,284.3,64.0,1008.9,13.1,30.6,2026-01-30,9,4
2026-01-30 10:00:00+00:00,268.9,60.0,1009.7,14.3,28.8,2026-01-30,10,4
2026-01-30 11:00:00+00:00,256.4,55.0,1009.0,15.4,25.6,2026-01-30,11,4
2026-01-30 12:00:00+00:00,241.7,51.0,1008.4,16.4,22.7,2026-01-30,12,4
2026-01-30 13:00:00+00:00,234.2,50.0,1006.8,16.7,22.3,2026-01-30,13,4
2026-01-30 14:00:00+00:00,239.2,46.0,1005.6,17.0,24.1,2026-01-30,14,4
2026-01-30 15:00:00+00:00,240.2,47.0,1005.1,16.6,23.4,2026-01-30,15,4
2026-01-30 16:00:00+00:00,239.5,49.5,1004.5,16.1,22.7,2026-01-30,16,4
2026-01-30 17:00:00+00:00,241.1,52.0,1004.4,14.6,19.4,2026-01-30,17,4
2026-01-30 18:00:00+00:00,217.1,55.5,1003.8,13.9,12.6,2026-01-30,18,4
2026-01-30 19:00:00+00:00,163.5,59.0,1003.1,12.2,13.3,2026-01-30,19,4
2026-01-30 20:00:00+00:00,185.1,60.0,1002.0,11.6,16.2,2026-01-30,20,4
2026-01-30 21:00:00+00:00,219.4,61.0,1001.6,12.0,16.9,2026-01-30,21,4
2026-01-30 22:00:00+00:00,270.7,59.0,1000.5,13.7,38.5,2026-01-30,22,4
2026-01-30 23:00:00+00:00,277.6,56.0,1000.4,13.3,36.0,2026-01-30,23,4
2026-01-31 00:00:00+00:00,277.3,57.0,1000.6,12.4,40.3,2026-01-31,0,5
2026-01-31 01:00:00+00:00,285.0,58.0,1000.7,12.1,37.1,2026-01-31,1,5
2026-01-31 02:00:00+00:00,284.1,51.0,1001.4,11.6,38.9,2026-01-31,2,5
2026-01-31 03:00:00+00:00,286.2,48.0,1002.3,11.2,37.1,2026-01-31,3,5
2026-01-31 04:00:00+00:00,284.2,46.0,1003.2,11.0,34.2,2026-01-31,4,5
2026-01-31 05:00:00+00:00,282.6,45.0,1004.1,11.1,33.8,2026-01-31,5,5
2026-01-31 06:00:00+00:00,278.3,46.0,1004.5,11.0,34.2,2026-01-31,6,5
2026-01-31 07:00:00+00:00,286.8,49.0,1005.5,10.8,33.5,2026-01-31,7,5
2026-01-31 08:00:00+00:00,292.6,47.0,1006.6,11.3,33.1,2026-01-31,8,5
2026-01-31 09:00:00+00:00,290.4,46.0,1007.7,12.1,32.8,2026-01-31,9,5
2026-01-31 10:00:00+00:00,285.2,45.0,1007.5,13.3,40.3,2026-01-31,10,5
2026-01-31 11:00:00+00:00,291.9,40.0,1008.2,14.4,37.4,2026-01-31,11,5
2026-01-31 12:00:00+00:00,292.1,36.0,1008.3,15.4,37.8,2026-01-31,12,5
2026-01-31 13:00:00+00:00,293.0,35.0,1008.5,16.1,38.2,2026-01-31,13,5
2026-01-31 14:00:00+00:00,294.2,33.0,1009.2,16.5,36.7,2026-01-31,14,5
2026-01-31 15:00:00+00:00,291.2,34.0,1009.9,16.4,33.1,2026-01-31,15,5
2026-01-31 16:00:00+00:00,288.6,37.0,1010.8,15.6,31.0,2026-01-31,16,5
2026-01-31 17:00:00+00:00,286.6,40.0,1011.8,14.5,26.6,2026-01-31,17,5
2026-01-31 18:00:00+00:00,286.7,43.0,1013.4,13.5,25.6,2026-01-31,18,5
2026-01-31 19:00:00+00:00,281.7,46.0,1014.3,13.1,26.6,2026-01-31,19,5
2026-01-31 20:00:00+00:00,289.2,47.0,1014.7,12.7,26.1,2026-01-31,20,5
2026-01-31 21:00:00+00:00,288.4,48.0,1015.0,12.2,25.6,2026-01-31,21,5
2026-01-31 22:00:00+00:00,281.2,51.0,1015.5,11.5,20.5,2026-01-31,22,5
2026-01-31 23:00:00+00:00,274.4,54.0,1015.8,10.9,20.9,2026-01-31,23,5
2026-02-01 00:00:00+00:00,277.1,57.0,1015.7,10.5,23.8,2026-02-01,0,6
2026-02-01 01:00:00+00:00,275.7,59.0,1015.6,10.4,24.1,2026-02-01,1,6
2026-02-01 02:00:00+00:00,278.9,60.0,1015.4,10.2,24.8,2026-02-01,2,6
2026-02-01 03:00:00+00:00,280.1,62.0,1015.1,10.0,22.0,2026-02-01,3,6
2026-02-01 04:00:00+00:00,279.8,63.0,1015.0,9.8,21.6,2026-02-01,4,6
2026-02-01 05:00:00+00:00,274.2,65.0,1015.1,9.6,23.4,2026-02-01,5,6
2026-02-01 06:00:00+00:00,280.8,67.0,1015.0,9.8,25.2,2026-02-01,6,6
2026-02-01 07:00:00+00:00,279.6,66.0,1014.9,10.3,28.4,2026-02-01,7,6
2026-02-01 08:00:00+00:00,278.5,65.0,1015.2,11.0,29.5,2026-02-01,8,6
2026-02-01 09:00:00+00:00,277.2,63.0,1015.0,11.4,30.2,2026-02-01,9,6
2026-02-01 10:00:00+00:00,280.3,60.0,1014.5,12.7,28.4,2026-02-01,10,6
2026-02-01 11:00:00+00:00,281.5,53.0,1013.8,14.4,28.1,2026-02-01,11,6
2026-02-01 12:00:00+00:00,279.8,52.0,1012.9,15.1,26.6,2026-02-01,12,6
2026-02-01 13:00:00+00:00,271.0,50.0,1011.8,16.1,22.0,2026-02-01,13,6
2026-02-01 14:00:00+00:00,263.4,48.0,1011.0,16.9,22.7,2026-02-01,14,6
2026-02-01 15:00:00+00:00,263.5,50.0,1010.3,17.2,24.8,2026-02-01,15,6
2026-02-01 16:00:00+00:00,269.9,54.0,1010.2,16.5,24.5,2026-02-01,16,6
2026-02-01 17:00:00+00:00,270.0,60.0,1010.1,15.2,24.1,2026-02-01,17,6
2026-02-01 18:00:00+00:00,279.8,64.0,1010.4,14.3,24.5,2026-02-01,18,6
2026-02-01 19:00:00+00:00,278.2,67.0,1009.7,14.0,24.1,2026-02-01,19,6
2026-02-01 20:00:00+00:00,282.7,69.0,1009.4,13.8,22.3,2026-02-01,20,6
2026-02-01 21:00:00+00:00,285.0,70.0,1009.0,14.0,20.5,2026-02-01,21,6
2026-02-01 22:00:00+00:00,273.3,74.0,1008.7,13.5,14.0,2026-02-01,22,6
2026-02-01 23:00:00+00:00,256.3,78.0,1008.1,12.9,11.2,2026-02-01,23,6
2026-02-02 00:00:00+00:00,263.6,80.0,1007.2,12.8,10.3,2026-02-02,0,0
2026-02-02 01:00:00+00:00,212.6,81.0,1005.9,12.9,9.4,2026-02-02,1,0
2026-02-02 02:00:00+00:00,225.7,84.0,1005.3,12.4,9.2,2026-02-02,2,0
2026-02-02 03:00:00+00:00,247.6,86.0,1004.3,12.5,9.0,2026-02-02,3,0
2026-02-02 04:00:00+00:00,261.8,88.0,1003.2,11.6,6.1,2026-02-02,4,0
2026-02-02 05:00:00+00:00,255.2,88.5,1002.8,11.7,6.8,2026-02-02,5,0
2026-02-02 06:00:00+00:00,260.1,89.0,1001.9,11.4,7.9,2026-02-02,6,0
2026-02-02 07:00:00+00:00,289.8,91.0,1000.9,10.7,9.0,2026-02-02,7,0
2026-02-02 08:00:00+00:00,305.2,89.0,1000.7,11.1,10.4,2026-02-02,8,0
2026-02-02 09:00:00+00:00,275.9,85.0,999.5,12.7,6.8,2026-02-02,9,0
2026-02-02 10:00:00+00:00,175.2,81.0,999.3,13.9,6.1,2026-02-02,10,0
2026-02-02 11:00:00+00:00,158.1,78.0,998.7,14.8,4.0,2026-02-02,11,0
2026-02-02 12:00:00+00:00,113.1,76.0,997.5,15.3,9.0,2026-02-02,12,0
2026-02-02 13:00:00+00:00,153.4,74.0,996.3,15.4,16.2,2026-02-02,13,0
2026-02-02 14:00:00+00:00,250.0,72.0,996.2,14.7,23.4,2026-02-02,14,0
2026-02-02 15:00:00+00:00,254.8,61.0,995.8,13.7,24.5,2026-02-02,15,0
2026-02-02 16:00:00+00:00,244.2,59.5,996.9,13.5,23.0,2026-02-02,16,0
2026-02-02 17:00:00+00:00,245.5,58.0,997.2,13.4,25.2,2026-02-02,17,0
2026-02-02 18:00:00+00:00,264.6,56.0,998.2,12.6,28.4,2026-02-02,18,0
2026-02-02 19:00:00+00:00,261.1,57.0,999.8,11.9,28.8,2026-02-02,19,0
2026-02-02 20:00:00+00:00,255.0,60.0,1000.4,11.1,29.2,2026-02-02,20,0
2026-02-02 21:00:00+00:00,256.2,61.0,1000.3,11.2,32.4,2026-02-02,21,0
2026-02-02 22:00:00+00:00,264.6,58.0,1000.6,11.3,31.7,2026-02-02,22,0
2026-02-02 23:00:00+00:00,253.6,58.7,1000.8,10.8,28.4,2026-02-02,23,0
2026-02-03 00:00:00+00:00,241.1,59.3,1001.1,10.7,26.3,2026-02-03,0,1
2026-02-03 01:00:00+00:00,239.9,60.0,1001.8,10.8,26.6,2026-02-03,1,1
2026-02-03 02:00:00+00:00,247.9,62.0,1001.7,10.4,24.8,2026-02-03,2,1
2026-02-03 03:00:00+00:00,258.5,63.0,1001.9,10.0,21.2,2026-02-03,3,1
2026-02-03 04:00:00+00:00,237.9,65.0,1002.0,9.4,16.6,2026-02-03,4,1
2026-02-03 05:00:00+00:00,236.1,69.0,1002.5,8.8,14.8,2026-02-03,5,1
2026-02-03 06:00:00+00:00,218.4,70.0,1003.3,8.5,17.3,2026-02-03,6,1
2026-02-03 07:00:00+00:00,199.3,71.0,1004.1,8.2,18.4,2026-02-03,7,1
2026-02-03 08:00:00+00:00,208.1,70.0,1004.7,8.5,17.6,2026-02-03,8,1
2026-02-03 09:00:00+00:00,206.5,69.0,1005.0,9.9,16.9,2026-02-03,9,1
2026-02-03 10:00:00+00:00,226.5,61.0,1004.8,11.9,14.8,2026-02-03,10,1
2026-02-03 11:00:00+00:00,248.3,55.0,1004.5,13.2,14.4,2026-02-03,11,1
2026-02-03 12:00:00+00:00,262.0,49.0,1003.4,14.2,16.9,2026-02-03,12,1
2026-02-03 13:00:00+00:00,246.4,47.0,1002.6,14.4,15.5,2026-02-03,13,1
2026-02-03 14:00:00+00:00,245.8,45.0,1001.3,15.2,16.2,2026-02-03,14,1
2026-02-03 15:00:00+00:00,256.0,46.0,1000.9,14.5,16.9,2026-02-03,15,1
2026-02-03 16:00:00+00:00,233.7,53.0,1001.2,13.6,14.4,2026-02-03,16,1
2026-02-03 17:00:00+00:00,235.3,57.0,1001.6,12.7,12.2,2026-02-03,17,1
2026-02-03 18:00:00+00:00,228.1,62.0,1001.9,11.3,16.2,2026-02-03,18,1
2026-02-03 19:00:00+00:00,240.6,69.0,1002.2,10.1,16.0,2026-02-03,19,1
2026-02-03 20:00:00+00:00,246.8,70.0,1002.0,9.4,15.8,2026-02-03,20,1
2026-02-03 21:00:00+00:00,251.9,71.0,1002.4,8.8,15.1,2026-02-03,21,1
2026-02-03 22:00:00+00:00,247.3,73.0,1002.0,8.4,13.7,2026-02-03,22,1
2026-02-03 23:00:00+00:00,242.5,74.0,1001.5,8.0,13.3,2026-02-03,23,1
2026-02-04 00:00:00+00:00,235.1,72.0,1001.0,8.4,15.5,2026-02-04,0,2
2026-02-04 01:00:00+00:00,207.3,73.0,999.9,8.5,14.4,2026-02-04,1,2
2026-02-04 02:00:00+00:00,200.6,74.0,998.5,8.6,14.0,2026-02-04,2,2
2026-02-04 03:00:00+00:00,199.8,78.0,997.3,8.2,14.4,2026-02-04,3,2
2026-02-04 04:00:00+00:00,215.4,85.0,997.1,7.8,19.1,2026-02-04,4,2
2026-02-04 05:00:00+00:00,252.8,91.0,996.8,7.3,13.7,2026-02-04,5,2
2026-02-04 06:00:00+00:00,300.4,92.0,995.4,7.1,6.5,2026-02-04,6,2
2026-02-04 07:00:00+00:00,315.4,90.0,994.6,7.6,10.1,2026-02-04,7,2
2026-02-04 08:00:00+00:00,294.1,88.0,994.4,8.2,11.9,2026-02-04,8,2
2026-02-04 09:00:00+00:00,270.1,83.0,994.4,8.8,16.9,2026-02-04,9,2
2026-02-04 10:00:00+00:00,262.6,74.0,994.3,10.5,20.5,2026-02-04,10,2
2026-02-04 11:00:00+00:00,250.6,67.0,993.9,13.3,16.9,2026-02-04,11,2
2026-02-04 12:00:00+00:00,263.6,55.0,992.7,16.5,29.9,2026-02-04,12,2
2026-02-04 13:00:00+00:00,273.6,52.0,993.0,16.8,34.6,2026-02-04,13,2
2026-02-04 14:00:00+00:00,272.0,58.0,993.2,16.3,36.7,2026-02-04,14,2
2026-02-04 15:00:00+00:00,272.4,59.0,993.3,16.4,32.0,2026-02-04,15,2
2026-02-04 16:00:00+00:00,267.2,60.0,993.8,15.9,32.4,2026-02-04,16,2
2026-02-04 17:00:00+00:00,268.3,61.0,994.3,15.1,31.0,2026-02-04,17,2
2026-02-04 18:00:00+00:00,273.4,62.0,994.8,14.5,28.4,2026-02-04,18,2
2026-02-04 19:00:00+00:00,279.0,66.0,995.2,14.0,32.0,2026-02-04,19,2
2026-02-04 20:00:00+00:00,275.2,67.0,995.3,13.8,30.6,2026-02-04,20,2
2026-02-04 21:00:00+00:00,272.3,70.0,996.0,13.6,29.5,2026-02-04,21,2
2026-02-04 22:00:00+00:00,270.4,71.0,996.2,13.7,28.1,2026-02-04,22,2
2026-02-04 23:00:00+00:00,273.2,72.0,996.4,13.3,25.9,2026-02-04,23,2
2026-02-05 00:00:00+00:00,279.0,73.0,996.0,13.5,25.6,2026-02-05,0,3
2026-02-05 01:00:00+00:00,272.1,74.0,996.2,13.2,23.8,2026-02-05,1,3
2026-02-05 02:00:00+00:00,260.2,75.0,996.3,13.0,20.2,2026-02-05,2,3
2026-02-05 03:00:00+00:00,254.3,76.5,995.9,12.9,19.1,2026-02-05,3,3
2026-02-05 04:00:00+00:00,253.7,78.0,995.3,12.5,15.5,2026-02-05,4,3
2026-02-05 05:00:00+00:00,225.6,84.0,995.7,11.8,9.4,2026-02-05,5,3
2026-02-05 06:00:00+00:00,197.5,88.0,995.5,11.1,8.3,2026-02-05,6,3
2026-02-05 07:00:00+00:00,143.3,89.5,994.9,11.2,8.6,2026-02-05,7,3
2026-02-05 08:00:00+00:00,358.0,91.0,994.8,11.6,9.0,2026-02-05,8,3
2026-02-05 09:00:00+00:00,283.0,86.5,994.4,11.9,8.6,2026-02-05,9,3
2026-02-05 10:00:00+00:00,211.0,82.0,993.3,14.9,22.0,2026-02-05,10,3
2026-02-05 11:00:00+00:00,222.3,70.0,991.5,18.9,40.3,2026-02-05,11,3
2026-02-05 12:00:00+00:00,244.5,60.0,990.9,21.4,38.9,2026-02-05,12,3
2026-02-05 13:00:00+00:00,252.3,47.0,990.0,22.1,42.1,2026-02-05,13,3
2026-02-05 14:00:00+00:00,255.5,44.0,990.2,21.7,40.3,2026-02-05,14,3
2026-02-05 15:00:00+00:00,266.6,43.0,991.3,20.9,39.6,2026-02-05,15,3
2026-02-05 16:00:00+00:00,258.8,46.0,992.2,19.5,38.5,2026-02-05,16,3
2026-02-05 17:00:00+00:00,258.1,48.0,993.4,18.4,34.6,2026-02-05,17,3
2026-02-05 18:00:00+00:00,260.8,49.5,994.7,17.4,34.2,2026-02-05,18,3
2026-02-05 19:00:00+00:00,261.6,51.0,995.9,16.6,34.0,2026-02-05,19,3
2026-02-05 20:00:00+00:00,264.0,54.0,996.8,16.0,33.7,2026-02-05,20,3
2026-02-05 21:00:00+00:00,266.4,56.0,997.7,15.5,33.5,2026-02-05,21,3
2026-02-05 22:00:00+00:00,267.9,58.0,998.4,15.1,33.8,2026-02-05,22,3
2026-02-05 23:00:00+00:00,273.1,60.0,998.3,14.5,35.3,2026-02-05,23,3
2026-02-06 00:00:00+00:00,274.9,60.1,998.7,14.2,37.1,2026-02-06,0,4
2026-02-06 01:00:00+00:00,276.4,60.3,998.8,14.0,38.2,2026-02-06,1,4
2026-02-06 02:00:00+00:00,276.3,60.4,998.9,13.7,40.0,2026-02-06,2,4
2026-02-06 06:00:00+00:00,273.8,61.0,1000.2,12.9,38.2,2026-02-06,6,4
2026-02-06 07:00:00+00:00,271.8,60.5,1000.9,13.0,33.8,2026-02-06,7,4
2026-02-06 08:00:00+00:00,269.3,60.0,1001.5,13.1,33.5,2026-02-06,8,4
2026-02-06 09:00:00+00:00,267.9,58.0,1002.0,14.2,33.8,2026-02-06,9,4
2026-02-06 10:00:00+00:00,254.3,55.0,1002.4,15.5,29.9,2026-02-06,10,4
2026-02-06 11:00:00+00:00,251.2,48.0,1002.3,16.7,27.7,2026-02-06,11,4
2026-02-06 12:00:00+00:00,253.6,44.0,1002.2,17.6,27.4,2026-02-06,12,4
2026-02-06 13:00:00+00:00,251.9,40.0,1001.9,18.5,26.8,2026-02-06,13,4
2026-02-06 14:00:00+00:00,241.8,42.0,1001.3,18.2,26.3,2026-02-06,14,4
2026-02-06 15:00:00+00:00,249.8,46.0,1001.0,17.5,22.3,2026-02-06,15,4
2026-02-06 16:00:00+00:00,255.4,49.0,1001.1,16.6,23.8,2026-02-06,16,4
2026-02-06 17:00:00+00:00,258.8,55.0,1001.7,15.6,22.7,2026-02-06,17,4
2026-02-06 18:00:00+00:00,251.2,57.0,1002.8,14.7,23.4,2026-02-06,18,4
2026-02-06 19:00:00+00:00,249.1,61.0,1003.8,13.4,25.9,2026-02-06,19,4
2026-02-06 20:00:00+00:00,260.8,60.5,1004.2,13.0,25.2,2026-02-06,20,4
2026-02-06 21:00:00+00:00,267.0,60.0,1005.0,12.6,24.1,2026-02-06,21,4
2026-02-06 22:00:00+00:00,265.4,60.5,1005.6,12.3,22.7,2026-02-06,22,4
2026-02-06 23:00:00+00:00,265.7,61.0,1005.9,11.8,22.3,2026-02-06,23,4
2026-02-07 00:00:00+00:00,267.4,64.0,1006.3,11.2,19.8,2026-02-07,0,5
2026-02-07 01:00:00+00:00,247.7,62.0,1006.6,10.8,24.8,2026-02-07,1,5
2026-02-07 02:00:00+00:00,246.4,64.0,1007.2,10.3,24.5,2026-02-07,2,5
2026-02-07 03:00:00+00:00,251.8,65.0,1007.8,10.2,25.9,2026-02-07,3,5
2026-02-07 04:00:00+00:00,268.2,64.0,1008.2,10.3,20.5,2026-02-07,4,5
2026-02-07 05:00:00+00:00,262.8,64.5,1008.4,10.0,18.4,2026-02-07,5,5
2026-02-07 06:00:00+00:00,248.7,65.0,1008.7,9.3,18.7,2026-02-07,6,5
2026-02-07 07:00:00+00:00,269.2,61.0,1009.6,9.8,21.6,2026-02-07,7,5
2026-02-07 08:00:00+00:00,274.5,59.0,1010.1,10.4,18.4,2026-02-07,8,5
2026-02-07 09:00:00+00:00,249.9,55.0,1010.5,11.8,17.6,2026-02-07,9,5
2026-02-07 10:00:00+00:00,263.6,50.0,1010.8,12.9,25.9,2026-02-07,10,5
2026-02-07 11:00:00+00:00,262.8,44.0,1010.7,13.8,28.4,2026-02-07,11,5
2026-02-07 12:00:00+00:00,258.7,40.0,1010.1,14.9,24.8,2026-02-07,12,5
2026-02-07 13:00:00+00:00,246.5,38.0,1009.8,15.9,21.6,2026-02-07,13,5
2026-02-07 14:00:00+00:00,253.7,39.5,1009.4,15.4,23.0,2026-02-07,14,5
2026-02-07 15:00:00+00:00,247.2,41.0,1008.9,14.7,17.6,2026-02-07,15,5
2026-02-07 16:00:00+00:00,236.0,45.0,1007.8,14.4,10.8,2026-02-07,16,5
2026-02-07 17:00:00+00:00,219.0,52.0,1007.5,13.8,10.4,2026-02-07,17,5
2026-02-07 18:00:00+00:00,163.0,60.0,1007.1,12.8,8.6,2026-02-07,18,5
2026-02-07 19:00:00+00:00,336.4,64.0,1007.0,11.7,9.7,2026-02-07,19,5
2026-02-07 20:00:00+00:00,310.2,70.0,1007.0,11.1,10.1,2026-02-07,20,5
2026-02-07 21:00:00+00:00,290.2,75.0,1005.8,10.8,9.7,2026-02-07,21,5
2026-02-07 22:00:00+00:00,277.2,80.0,1005.3,10.0,7.2,2026-02-07,22,5
2026-02-07 23:00:00+00:00,239.4,83.0,1004.9,9.7,8.3,2026-02-07,23,5
2026-02-08 00:00:00+00:00,233.1,80.0,1004.1,10.6,11.9,2026-02-08,0,6
2026-02-08 01:00:00+00:00,221.8,67.0,1003.6,11.5,22.3,2026-02-08,1,6
2026-02-08 02:00:00+00:00,236.4,65.0,1003.3,11.3,24.1,2026-02-08,2,6
2026-02-08 03:00:00+00:00,242.8,62.0,1002.9,11.5,26.3,2026-02-08,3,6
2026-02-08 04:00:00+00:00,252.2,61.0,1002.8,11.2,23.4,2026-02-08,4,6
2026-02-08 05:00:00+00:00,258.7,60.0,1002.9,11.0,22.3,2026-02-08,5,6
2026-02-08 06:00:00+00:00,257.4,62.0,1003.0,10.7,20.2,2026-02-08,6,6
2026-02-08 07:00:00+00:00,256.6,63.0,1003.0,10.6,24.1,2026-02-08,7,6
2026-02-08 08:00:00+00:00,268.0,62.0,1003.4,10.9,25.2,2026-02-08,8,6
2026-02-08 09:00:00+00:00,278.1,61.0,1004.0,11.5,25.9,2026-02-08,9,6
2026-02-08 10:00:00+00:00,281.0,53.0,1004.2,13.3,25.2,2026-02-08,10,6
2026-02-08 11:00:00+00:00,282.4,47.0,1005.1,14.5,25.9,2026-02-08,11,6
2026-02-08 12:00:00+00:00,318.3,36.0,1005.3,16.7,25.2,2026-02-08,12,6
2026-02-08 13:00:00+00:00,322.9,29.0,1004.9,17.8,25.9,2026-02-08,13,6
2026-02-08 14:00:00+00:00,315.9,30.0,1005.2,18.0,24.1,2026-02-08,14,6
2026-02-08 15:00:00+00:00,296.1,32.0,1005.8,17.9,27.4,2026-02-08,15,6
2026-02-08 16:00:00+00:00,284.1,36.0,1006.5,16.8,25.2,2026-02-08,16,6
2026-02-08 17:00:00+00:00,280.8,40.0,1007.4,15.6,25.5,2026-02-08,17,6
2026-02-08 18:00:00+00:00,281.9,43.0,1008.5,14.5,25.9,2026-02-08,18,6
2026-02-08 19:00:00+00:00,284.9,46.0,1010.3,13.7,26.3,2026-02-08,19,6
2026-02-08 20:00:00+00:00,281.4,47.0,1010.9,13.0,20.9,2026-02-08,20,6
2026-02-08 21:00:00+00:00,263.0,49.0,1011.2,12.0,15.5,2026-02-08,21,6
2026-02-08 22:00:00+00:00,269.9,47.0,1011.4,11.7,17.3,2026-02-08,22,6
2026-02-08 23:00:00+00:00,272.6,48.5,1011.7,11.5,18.0,2026-02-08,23,6
2026-02-09 00:00:00+00:00,268.7,50.0,1011.3,11.1,18.7,2026-02-09,0,0
2026-02-09 01:00:00+00:00,266.9,53.0,1011.5,10.5,19.8,2026-02-09,1,0
2026-02-09 02:00:00+00:00,277.9,54.0,1010.5,10.6,21.6,2026-02-09,2,0
2026-02-09 03:00:00+00:00,265.8,60.0,1009.8,10.0,19.4,2026-02-09,3,0
2026-02-09 04:00:00+00:00,256.9,68.0,1009.6,9.5,20.2,2026-02-09,4,0
2026-02-09 05:00:00+00:00,222.7,83.0,1009.8,8.5,15.5,2026-02-09,5,0
2026-02-09 06:00:00+00:00,207.0,80.0,1009.9,9.0,15.8,2026-02-09,6,0
2026-02-09 07:00:00+00:00,215.4,83.0,1010.1,9.2,16.6,2026-02-09,7,0
2026-02-09 08:00:00+00:00,219.1,80.0,1010.4,9.5,17.3,2026-02-09,8,0
2026-02-09 09:00:00+00:00,232.3,74.0,1010.2,11.3,14.2,2026-02-09,9,0
2026-02-09 10:00:00+00:00,235.3,62.0,1009.1,14.3,11.2,2026-02-09,10,0
2026-02-09 11:00:00+00:00,255.2,55.0,1009.0,16.3,19.1,2026-02-09,11,0
2026-02-09 12:00:00+00:00,278.2,45.0,1008.5,17.8,25.9,2026-02-09,12,0
2026-02-09 13:00:00+00:00,289.2,42.0,1007.9,18.6,28.8,2026-02-09,13,0
2026-02-09 14:00:00+00:00,294.9,39.0,1007.4,19.7,25.9,2026-02-09,14,0
2026-02-09 15:00:00+00:00,297.6,37.0,1007.2,20.4,23.4,2026-02-09,15,0
2026-02-09 16:00:00+00:00,270.8,41.0,1006.8,20.2,14.8,2026-02-09,16,0
2026-02-09 17:00:00+00:00,250.2,49.0,1006.9,18.6,16.2,2026-02-09,17,0
2026-02-09 18:00:00+00:00,245.3,57.0,1007.4,16.9,16.9,2026-02-09,18,0
2026-02-09 19:00:00+00:00,241.3,58.0,1007.6,16.7,19.1,2026-02-09,19,0
2026-02-09 20:00:00+00:00,242.1,62.0,1008.1,16.5,19.4,2026-02-09,20,0
2026-02-09 21:00:00+00:00,235.4,67.0,1008.3,15.8,19.8,2026-02-09,21,0
2026-02-09 22:00:00+00:00,235.2,70.0,1008.0,15.6,18.0,2026-02-09,22,0
2026-02-09 23:00:00+00:00,226.1,74.0,1007.3,15.4,19.4,2026-02-09,23,0
2026-02-10 00:00:00+00:00,241.6,73.0,1007.1,15.9,17.6,2026-02-10,0,1
2026-02-10 01:00:00+00:00,236.3,68.0,1007.2,16.8,20.9,2026-02-10,1,1
2026-02-10 02:00:00+00:00,242.5,69.0,1007.1,17.0,24.5,2026-02-10,2,1
2026-02-10 03:00:00+00:00,255.7,67.0,1007.0,17.5,22.7,2026-02-10,3,1
2026-02-10 04:00:00+00:00,252.3,66.0,1006.7,17.4,20.2,2026-02-10,4,1
2026-02-10 05:00:00+00:00,253.5,65.0,1007.2,17.2,22.7,2026-02-10,5,1
2026-02-10 06:00:00+00:00,229.8,68.0,1007.4,16.8,20.5,2026-02-10,6,1
2026-02-10 07:00:00+00:00,243.0,66.0,1007.7,16.9,23.0,2026-02-10,7,1
2026-02-10 08:00:00+00:00,245.4,64.0,1008.7,17.7,22.7,2026-02-10,8,1
2026-02-10 09:00:00+00:00,257.3,62.0,1009.0,18.9,25.9,2026-02-10,9,1
2026-02-10 10:00:00+00:00,245.7,61.0,1008.7,19.4,20.9,2026-02-10,10,1
2026-02-10 11:00:00+00:00,207.0,58.0,1008.4,20.7,20.5,2026-02-10,11,1
2026-02-10 12:00:00+00:00,247.0,56.0,1007.8,21.8,24.8,2026-02-10,12,1
2026-02-10 13:00:00+00:00,269.6,48.0,1007.3,23.3,27.4,2026-02-10,13,1
2026-02-10 14:00:00+00:00,254.3,51.0,1007.0,22.2,29.2,2026-02-10,14,1
2026-02-10 15:00:00+00:00,262.5,56.0,1006.7,21.0,30.2,2026-02-10,15,1
2026-02-10 16:00:00+00:00,251.1,61.0,1006.4,20.6,28.1,2026-02-10,16,1
2026-02-10 17:00:00+00:00,265.2,60.0,1006.1,20.5,31.3,2026-02-10,17,1
2026-02-10 18:00:00+00:00,263.9,61.0,1006.2,20.3,28.1,2026-02-10,18,1
2026-02-10 19:00:00+00:00,255.8,62.0,1006.4,20.2,29.9,2026-02-10,19,1
2026-02-10 20:00:00+00:00,262.3,63.0,1006.8,20.1,31.0,2026-02-10,20,1
2026-02-10 21:00:00+00:00,266.5,62.5,1006.6,20.3,33.7,2026-02-10,21,1
2026-02-10 22:00:00+00:00,276.8,62.0,1006.5,20.5,36.4,2026-02-10,22,1
2026-02-10 23:00:00+00:00,281.5,60.3,1006.0,20.3,43.9,2026-02-10,23,1
2026-02-11 00:00:00+00:00,279.1,58.7,1006.3,20.1,48.2,2026-02-11,0,2
2026-02-11 01:00:00+00:00,282.2,57.0,1006.8,19.6,48.6,2026-02-11,1,2
2026-02-11 02:00:00+00:00,286.0,56.0,1007.4,19.3,45.0,2026-02-11,2,2
2026-02-11 03:00:00+00:00,285.0,58.0,1007.5,19.0,43.9,2026-02-11,3,2
2026-02-11 04:00:00+00:00,285.9,57.0,1007.7,18.4,42.1,2026-02-11,4,2
2026-02-11 05:00:00+00:00,284.9,55.0,1007.8,18.0,41.4,2026-02-11,5,2
2026-02-11 06:00:00+00:00,285.6,58.0,1008.8,17.8,42.8,2026-02-11,6,2
2026-02-11 07:00:00+00:00,286.6,56.5,1009.8,17.5,40.7,2026-02-11,7,2
2026-02-11 08:00:00+00:00,286.4,55.0,1010.3,17.8,40.3,2026-02-11,8,2
2026-02-11 09:00:00+00:00,287.9,54.0,1010.5,18.7,35.3,2026-02-11,9,2
2026-02-11 10:00:00+00:00,284.8,53.0,1010.2,20.0,35.6,2026-02-11,10,2
2026-02-11 11:00:00+00:00,281.6,52.0,1009.8,21.3,36.0,2026-02-11,11,2
2026-02-11 12:00:00+00:00,283.4,48.0,1009.3,22.3,34.6,2026-02-11,12,2
2026-02-11 13:00:00+00:00,274.4,45.0,1009.0,22.5,31.0,2026-02-11,13,2
2026-02-11 14:00:00+00:00,251.7,48.0,1007.3,22.8,24.1,2026-02-11,14,2
2026-02-11 15:00:00+00:00,254.9,52.0,1006.2,23.0,27.0,2026-02-11,15,2
2026-02-11 16:00:00+00:00,260.5,54.0,1005.6,22.5,28.4,2026-02-11,16,2
2026-02-11 17:00:00+00:00,268.0,59.0,1005.5,21.4,33.5,2026-02-11,17,2
2026-02-11 18:00:00+00:00,271.4,61.0,1004.7,20.7,37.8,2026-02-11,18,2
2026-02-11 19:00:00+00:00,277.5,59.0,1004.1,20.9,51.5,2026-02-11,19,2
2026-02-11 20:00:00+00:00,277.2,58.0,1004.0,20.8,54.0,2026-02-11,20,2
2026-02-11 21:00:00+00:00,271.0,57.5,1004.1,20.7,51.8,2026-02-11,21,2
2026-02-11 22:00:00+00:00,268.5,57.0,1004.9,20.4,53.6,2026-02-11,22,2
2026-02-11 23:00:00+00:00,266.0,59.0,1005.4,19.9,52.6,2026-02-11,23,2
2026-02-12 00:00:00+00:00,262.4,61.0,1006.6,19.4,47.5,2026-02-12,0,3
2026-02-12 01:00:00+00:00,264.6,60.0,1006.9,19.5,43.6,2026-02-12,1,3
2026-02-12 02:00:00+00:00,268.1,55.0,1007.9,18.9,39.6,2026-02-12,2,3
2026-02-12 03:00:00+00:00,266.9,54.8,1008.5,17.6,34.9,2026-02-12,3,3
2026-02-12 04:00:00+00:00,264.8,54.5,1009.1,16.4,32.4,2026-02-12,4,3
2026-02-12 05:00:00+00:00,260.8,54.2,1009.8,15.5,32.8,2026-02-12,5,3
2026-02-12 06:00:00+00:00,258.1,54.0,1010.2,14.9,34.2,2026-02-12,6,3
2026-02-12 07:00:00+00:00,256.7,56.0,1011.1,13.9,32.4,2026-02-12,7,3
2026-02-12 08:00:00+00:00,259.2,53.0,1011.8,14.3,33.8,2026-02-12,8,3
2026-02-12 09:00:00+00:00,261.9,51.0,1012.2,15.4,34.9,2026-02-12,9,3
2026-02-12 10:00:00+00:00,266.5,45.0,1012.5,16.7,36.0,2026-02-12,10,3
2026-02-12 11:00:00+00:00,273.0,39.0,1012.8,17.9,36.7,2026-02-12,11,3
2026-02-12 12:00:00+00:00,275.0,34.0,1012.5,19.0,36.0,2026-02-12,12,3
2026-02-12 13:00:00+00:00,274.7,28.0,1011.9,20.1,35.3,2026-02-12,13,3
2026-02-12 14:00:00+00:00,274.4,26.0,1011.2,20.3,34.9,2026-02-12,14,3
2026-02-12 15:00:00+00:00,274.9,28.0,1011.0,20.1,34.6,2026-02-12,15,3
2026-02-12 16:00:00+00:00,275.8,30.0,1010.9,19.9,31.0,2026-02-12,16,3
2026-02-12 17:00:00+00:00,276.3,34.0,1011.2,18.9,27.4,2026-02-12,17,3
2026-02-12 18:00:00+00:00,279.4,38.0,1011.4,17.7,25.2,2026-02-12,18,3
2026-02-12 19:00:00+00:00,282.0,39.0,1011.5,16.9,24.5,2026-02-12,19,3
2026-02-12 20:00:00+00:00,277.7,42.0,1011.6,16.2,26.3,2026-02-12,20,3
2026-02-12 21:00:00+00:00,272.4,45.0,1011.2,16.1,27.0,2026-02-12,21,3
2026-02-12 22:00:00+00:00,274.0,46.0,1010.8,15.7,25.4,2026-02-12,22,3
2026-02-12 23:00:00+00:00,271.4,48.0,1010.3,15.2,23.8,2026-02-12,23,3
2026-02-13 00:00:00+00:00,276.0,50.0,1009.8,15.0,24.1,2026-02-13,0,4
2026-02-13 01:00:00+00:00,271.1,54.0,1008.4,14.9,20.9,2026-02-13,1,4
2026-02-13 02:00:00+00:00,240.5,59.0,1007.4,13.5,16.6,2026-02-13,2,4
2026-02-13 03:00:00+00:00,219.1,60.0,1005.5,13.1,15.7,2026-02-13,3,4
2026-02-13 04:00:00+00:00,218.4,61.0,1003.3,13.3,14.8,2026-02-13,4,4
2026-02-13 05:00:00+00:00,211.2,66.0,1001.9,12.7,15.5,2026-02-13,5,4
2026-02-13 06:00:00+00:00,200.6,68.0,1000.3,13.0,14.2,2026-02-13,6,4
2026-02-13 07:00:00+00:00,206.0,70.0,998.5,12.2,13.0,2026-02-13,7,4
2026-02-13 08:00:00+00:00,208.7,64.0,996.9,13.2,11.9,2026-02-13,8,4
2026-02-13 09:00:00+00:00,210.3,54.0,995.3,15.1,14.4,2026-02-13,9,4
2026-02-13 10:00:00+00:00,236.8,61.0,994.4,16.3,26.3,2026-02-13,10,4
2026-02-13 11:00:00+00:00,239.4,57.0,993.0,17.5,22.3,2026-02-13,11,4
2026-02-13 12:00:00+00:00,248.0,49.0,991.1,18.0,30.2,2026-02-13,12,4
2026-02-13 13:00:00+00:00,262.5,37.0,990.2,18.5,36.0,2026-02-13,13,4
2026-02-13 14:00:00+00:00,269.1,39.0,989.7,17.8,39.6,2026-02-13,14,4
2026-02-13 15:00:00+00:00,272.9,41.0,989.5,17.5,36.7,2026-02-13,15,4
2026-02-13 16:00:00+00:00,271.1,42.7,989.7,17.2,35.6,2026-02-13,16,4
2026-02-13 17:00:00+00:00,273.2,44.3,990.6,16.4,37.1,2026-02-13,17,4
2026-02-13 18:00:00+00:00,276.0,46.0,991.1,15.4,36.8,2026-02-13,18,4
2026-02-13 19:00:00+00:00,279.3,45.5,992.5,14.9,36.4,2026-02-13,19,4
2026-02-13 20:00:00+00:00,278.4,45.0,993.5,14.7,33.1,2026-02-13,20,4
2026-02-13 21:00:00+00:00,278.8,47.0,995.0,14.1,32.8,2026-02-13,21,4
2026-02-13 22:00:00+00:00,280.9,49.0,995.5,13.7,32.4,2026-02-13,22,4
2026-02-13 23:00:00+00:00,282.1,48.5,995.7,13.3,33.1,2026-02-13,23,4
2026-02-14 00:00:00+00:00,281.0,48.0,995.4,12.9,31.3,2026-02-14,0,5
2026-02-14 01:00:00+00:00,281.8,47.5,996.5,12.8,30.6,2026-02-14,1,5
2026-02-14 02:00:00+00:00,282.7,47.0,996.8,12.7,28.4,2026-02-14,2,5
2026-02-14 03:00:00+00:00,286.1,42.0,997.3,12.5,26.6,2026-02-14,3,5
2026-02-14 04:00:00+00:00,283.2,39.0,997.6,12.3,25.9,2026-02-14,4,5
2026-02-14 05:00:00+00:00,285.1,38.0,998.5,12.2,25.6,2026-02-14,5,5
2026-02-14 06:00:00+00:00,286.7,39.0,999.2,12.3,24.1,2026-02-14,6,5
2026-02-14 07:00:00+00:00,284.8,40.0,1000.8,12.5,28.8,2026-02-14,7,5
2026-02-14 08:00:00+00:00,285.6,38.0,1002.1,12.6,29.5,2026-02-14,8,5
2026-02-14 09:00:00+00:00,278.0,34.0,1002.8,13.9,31.3,2026-02-14,9,5
2026-02-14 10:00:00+00:00,282.0,32.0,1003.2,14.7,33.8,2026-02-14,10,5
2026-02-14 11:00:00+00:00,273.2,30.0,1003.8,16.4,32.8,2026-02-14,11,5
2026-02-14 12:00:00+00:00,265.9,29.0,1004.9,17.2,30.2,2026-02-14,12,5
2026-02-14 13:00:00+00:00,309.2,26.0,1004.7,18.3,38.9,2026-02-14,13,5
2026-02-14 14:00:00+00:00,309.9,26.5,1005.2,18.5,40.3,2026-02-14,14,5
2026-02-14 15:00:00+00:00,302.1,27.0,1006.3,18.1,37.4,2026-02-14,15,5
2026-02-14 16:00:00+00:00,282.2,30.0,1007.5,17.3,33.8,2026-02-14,16,5
2026-02-14 17:00:00+00:00,314.0,31.0,1008.7,16.1,47.2,2026-02-14,17,5
2026-02-14 18:00:00+00:00,334.5,34.0,1010.0,14.8,49.7,2026-02-14,18,5
2026-02-14 19:00:00+00:00,329.0,39.0,1012.1,13.5,49.5,2026-02-14,19,5
2026-02-14 20:00:00+00:00,335.2,41.0,1013.8,13.0,49.3,2026-02-14,20,5
2026-02-14 21:00:00+00:00,305.2,40.0,1016.0,12.8,38.2,2026-02-14,21,5
2026-02-14 22:00:00+00:00,248.2,42.0,1018.5,12.1,26.3,2026-02-14,22,5
2026-02-14 23:00:00+00:00,276.7,41.0,1019.3,11.6,30.2,2026-02-14,23,5
2026-02-15 00:00:00+00:00,292.6,40.0,1019.1,11.2,33.8,2026-02-15,0,6
2026-02-15 01:00:00+00:00,297.1,38.0,1018.8,11.0,38.9,2026-02-15,1,6
2026-02-15 02:00:00+00:00,294.7,36.0,1018.7,10.3,36.7,2026-02-15,2,6
2026-02-15 03:00:00+00:00,291.8,32.0,1018.8,9.9,33.5,2026-02-15,3,6
2026-02-15 04:00:00+00:00,294.0,26.0,1018.5,9.8,31.3,2026-02-15,4,6
2026-02-15 05:00:00+00:00,295.0,24.0,1018.6,10.0,32.4,2026-02-15,5,6
2026-02-15 06:00:00+00:00,293.1,25.0,1019.6,10.1,29.2,2026-02-15,6,6
2026-02-15 07:00:00+00:00,297.5,28.0,1020.1,10.5,34.9,2026-02-15,7,6
2026-02-15 08:00:00+00:00,300.3,31.0,1020.4,11.3,36.7,2026-02-15,8,6
2026-02-15 09:00:00+00:00,295.9,31.5,1020.6,12.3,34.9,2026-02-15,9,6
2026-02-15 10:00:00+00:00,295.3,32.0,1020.5,13.5,31.3,2026-02-15,10,6
2026-02-15 11:00:00+00:00,293.9,31.0,1020.3,14.7,31.7,2026-02-15,11,6
2026-02-15 12:00:00+00:00,289.9,30.0,1020.0,15.9,29.2,2026-02-15,12,6
2026-02-15 13:00:00+00:00,272.1,29.0,1019.7,17.9,22.3,2026-02-15,13,6
2026-02-15 14:00:00+00:00,250.5,33.0,1018.8,17.7,18.4,2026-02-15,14,6
2026-02-15 15:00:00+00:00,236.5,34.0,1018.3,18.2,20.2,2026-02-15,15,6
2026-02-15 16:00:00+00:00,266.2,32.0,1017.9,19.3,27.0,2026-02-15,16,6
2026-02-15 17:00:00+00:00,276.0,33.0,1018.6,18.6,29.5,2026-02-15,17,6
2026-02-15 18:00:00+00:00,277.9,35.0,1019.2,17.5,31.3,2026-02-15,18,6
2026-02-15 19:00:00+00:00,275.9,37.0,1020.2,16.6,33.5,2026-02-15,19,6
2026-02-15 20:00:00+00:00,278.1,40.0,1021.0,15.8,31.8,2026-02-15,20,6
2026-02-15 21:00:00+00:00,278.3,44.0,1021.2,15.1,30.2,2026-02-15,21,6
2026-02-15 22:00:00+00:00,277.0,48.0,1021.1,14.7,28.4,2026-02-15,22,6
2026-02-15 23:00:00+00:00,278.4,48.5,1021.0,14.2,28.8,2026-02-15,23,6
2026-02-16 00:00:00+00:00,281.1,49.0,1020.9,14.1,31.0,2026-02-16,0,0
2026-02-16 01:00:00+00:00,281.5,51.0,1021.0,14.0,32.2,2026-02-16,1,0
2026-02-16 02:00:00+00:00,279.7,52.0,1020.3,13.7,33.5,2026-02-16,2,0
2026-02-16 03:00:00+00:00,275.4,53.0,1020.2,13.3,36.0,2026-02-16,3,0
2026-02-16 04:00:00+00:00,271.0,55.0,1020.1,12.9,37.4,2026-02-16,4,0
2026-02-16 05:00:00+00:00,266.5,57.0,1020.3,12.7,34.9,2026-02-16,5,0
2026-02-16 06:00:00+00:00,259.9,56.5,1020.2,12.5,32.8,2026-02-16,6,0
2026-02-16 07:00:00+00:00,258.0,56.0,1020.6,12.8,34.6,2026-02-16,7,0
2026-02-16 08:00:00+00:00,262.5,55.0,1020.8,13.6,33.1,2026-02-16,8,0
2026-02-16 09:00:00+00:00,261.0,53.0,1020.6,15.1,27.7,2026-02-16,9,0
2026-02-16 10:00:00+00:00,263.0,50.0,1020.5,16.6,29.9,2026-02-16,10,0
2026-02-16 11:00:00+00:00,265.5,45.0,1020.0,18.4,33.5,2026-02-16,11,0
2026-02-16 12:00:00+00:00,259.2,41.0,1019.4,20.0,34.9,2026-02-16,12,0
2026-02-16 13:00:00+00:00,265.0,36.0,1018.9,22.4,35.3,2026-02-16,13,0
2026-02-16 14:00:00+00:00,261.1,36.7,1017.8,22.6,34.6,2026-02-16,14,0
2026-02-16 15:00:00+00:00,262.5,37.3,1017.2,22.6,33.8,2026-02-16,15,0
2026-02-16 16:00:00+00:00,263.9,38.0,1016.6,22.6,33.1,2026-02-16,16,0
2026-02-16 17:00:00+00:00,263.3,42.0,1016.4,21.3,29.5,2026-02-16,17,0
2026-02-16 18:00:00+00:00,263.6,45.0,1017.1,20.7,27.4,2026-02-16,18,0
2026-02-16 19:00:00+00:00,255.8,48.0,1017.9,20.2,27.7,2026-02-16,19,0
2026-02-16 20:00:00+00:00,253.9,49.0,1018.3,19.8,28.0,2026-02-16,20,0
2026-02-16 21:00:00+00:00,253.5,51.0,1018.2,19.4,28.4,2026-02-16,21,0
2026-02-16 22:00:00+00:00,254.6,52.0,1018.4,19.2,28.1,2026-02-16,22,0
2026-02-16 23:00:00+00:00,260.2,53.0,1018.7,18.9,26.6,2026-02-16,23,0
2026-02-17 00:00:00+00:00,258.5,54.0,1018.8,18.6,25.2,2026-02-17,0,1
2026-02-17 01:00:00+00:00,253.5,56.0,1019.4,18.0,25.6,2026-02-17,1,1
2026-02-17 02:00:00+00:00,257.0,57.0,1019.6,17.6,27.4,2026-02-17,2,1
2026-02-17 03:00:00+00:00,257.5,59.0,1019.3,17.1,28.8,2026-02-17,3,1
2026-02-17 04:00:00+00:00,259.3,60.0,1019.6,16.7,29.5,2026-02-17,4,1
2026-02-17 05:00:00+00:00,260.4,60.3,1019.8,16.4,28.4,2026-02-17,5,1
2026-02-17 06:00:00+00:00,262.0,60.7,1020.5,16.1,27.4,2026-02-17,6,1
2026-02-17 07:00:00+00:00,266.0,61.0,1021.5,16.2,26.6,2026-02-17,7,1
2026-02-17 08:00:00+00:00,266.4,58.0,1022.5,16.8,25.9,2026-02-17,8,1
2026-02-17 09:00:00+00:00,264.0,52.0,1022.9,18.4,25.6,2026-02-17,9,1
2026-02-17 10:00:00+00:00,267.0,48.0,1022.8,19.9,23.4,2026-02-17,10,1
2026-02-17 11:00:00+00:00,277.1,43.0,1022.8,21.1,23.0,2026-02-17,11,1
2026-02-17 12:00:00+00:00,273.7,36.0,1022.1,22.6,20.2,2026-02-17,12,1
2026-02-17 13:00:00+00:00,269.4,30.0,1020.9,23.8,17.6,2026-02-17,13,1
2026-02-17 14:00:00+00:00,269.0,29.0,1020.1,24.2,22.0,2026-02-17,14,1
2026-02-17 15:00:00+00:00,264.8,29.7,1019.5,24.0,22.7,2026-02-17,15,1
2026-02-17 16:00:00+00:00,260.7,30.3,1019.1,23.8,20.2,2026-02-17,16,1
2026-02-17 17:00:00+00:00,256.4,31.0,1018.7,23.0,21.6,2026-02-17,17,1
2026-02-17 18:00:00+00:00,240.6,37.0,1019.2,21.1,23.0,2026-02-17,18,1
2026-02-17 19:00:00+00:00,239.9,43.0,1019.7,19.5,23.9,2026-02-17,19,1
2026-02-17 20:00:00+00:00,268.9,47.0,1019.8,18.5,24.8,2026-02-17,20,1
2026-02-17 21:00:00+00:00,279.9,49.0,1019.8,18.0,23.4,2026-02-17,21,1
2026-02-17 22:00:00+00:00,283.8,51.0,1019.6,17.6,21.2,2026-02-17,22,1
2026-02-17 23:00:00+00:00,283.1,54.0,1019.3,16.9,19.1,2026-02-17,23,1
2026-02-18 00:00:00+00:00,283.2,58.0,1019.1,15.9,17.3,2026-02-18,0,2
2026-02-18 01:00:00+00:00,274.5,62.0,1019.2,15.1,15.8,2026-02-18,1,2
2026-02-18 02:00:00+00:00,274.1,64.0,1018.7,14.1,16.6,2026-02-18,2,2
2026-02-18 03:00:00+00:00,271.0,66.0,1018.1,13.3,18.7,2026-02-18,3,2
2026-02-18 04:00:00+00:00,267.5,69.0,1017.6,12.5,19.1,2026-02-18,4,2
2026-02-18 05:00:00+00:00,266.8,72.0,1017.3,11.9,17.6,2026-02-18,5,2
2026-02-18 06:00:00+00:00,266.6,73.0,1017.4,11.4,19.8,2026-02-18,6,2
2026-02-18 07:00:00+00:00,265.5,74.0,1017.4,11.6,18.0,2026-02-18,7,2
2026-02-18 08:00:00+00:00,256.7,66.0,1017.3,13.1,20.9,2026-02-18,8,2
2026-02-18 09:00:00+00:00,247.5,56.0,1017.1,15.3,22.0,2026-02-18,9,2
2026-02-18 10:00:00+00:00,239.3,50.0,1016.6,17.1,19.1,2026-02-18,10,2
2026-02-18 11:00:00+00:00,231.9,45.0,1016.0,18.8,18.0,2026-02-18,11,2
2026-02-18 12:00:00+00:00,246.3,34.0,1014.9,21.1,19.4,2026-02-18,12,2
2026-02-18 13:00:00+00:00,260.5,25.0,1013.4,22.5,23.0,2026-02-18,13,2
2026-02-18 14:00:00+00:00,260.0,26.0,1012.0,22.6,26.6,2026-02-18,14,2
2026-02-18 15:00:00+00:00,261.7,33.0,1011.2,21.6,34.2,2026-02-18,15,2
2026-02-18 16:00:00+00:00,258.8,34.0,1010.7,20.5,34.9,2026-02-18,16,2
2026-02-18 17:00:00+00:00,254.5,36.0,1010.6,19.8,32.8,2026-02-18,17,2
2026-02-18 18:00:00+00:00,263.9,38.0,1011.3,18.6,32.4,2026-02-18,18,2
2026-02-18 19:00:00+00:00,252.4,41.0,1011.7,17.7,27.4,2026-02-18,19,2
2026-02-18 20:00:00+00:00,241.9,43.0,1012.2,17.1,25.6,2026-02-18,20,2
2026-02-18 21:00:00+00:00,238.4,46.0,1012.1,16.6,23.0,2026-02-18,21,2
2026-02-18 22:00:00+00:00,231.9,49.0,1011.6,16.4,23.8,2026-02-18,22,2
2026-02-18 23:00:00+00:00,236.9,51.0,1011.9,15.9,24.2,2026-02-18,23,2
2026-02-19 00:00:00+00:00,238.1,52.5,1011.8,16.3,24.5,2026-02-19,0,3
2026-02-19 01:00:00+00:00,242.7,54.0,1012.0,16.1,24.1,2026-02-19,1,3
2026-02-19 02:00:00+00:00,272.8,53.0,1012.7,15.2,21.6,2026-02-19,2,3
2026-02-19 03:00:00+00:00,267.2,47.0,1013.2,14.7,22.3,2026-02-19,3,3
2026-02-19 04:00:00+00:00,270.1,43.0,1014.0,13.8,23.0,2026-02-19,4,3
2026-02-19 05:00:00+00:00,284.7,41.0,1015.2,12.9,24.8,2026-02-19,5,3
2026-02-19 06:00:00+00:00,281.0,42.0,1016.2,12.3,23.0,2026-02-19,6,3
2026-02-19 07:00:00+00:00,290.6,40.0,1016.8,12.2,24.8,2026-02-19,7,3
2026-02-19 08:00:00+00:00,285.5,38.0,1017.4,12.6,27.0,2026-02-19,8,3
2026-02-19 09:00:00+00:00,283.1,35.0,1017.5,13.4,29.2,2026-02-19,9,3
2026-02-19 10:00:00+00:00,287.3,32.0,1017.6,14.6,32.8,2026-02-19,10,3
2026-02-19 11:00:00+00:00,288.5,27.0,1017.8,16.2,30.6,2026-02-19,11,3
2026-02-19 12:00:00+00:00,290.1,22.0,1018.0,17.7,29.9,2026-02-19,12,3
2026-02-19 13:00:00+00:00,285.9,20.0,1017.7,18.7,27.7,2026-02-19,13,3
2026-02-19 14:00:00+00:00,283.2,19.0,1017.6,19.3,24.5,2026-02-19,14,3
2026-02-19 15:00:00+00:00,279.1,19.7,1017.8,19.1,23.4,2026-02-19,15,3
2026-02-19 16:00:00+00:00,278.2,20.3,1017.9,18.9,24.1,2026-02-19,16,3
2026-02-19 17:00:00+00:00,272.6,21.0,1018.8,18.0,23.8,2026-02-19,17,3
2026-02-19 18:00:00+00:00,278.1,24.0,1020.3,16.5,24.5,2026-02-19,18,3
2026-02-19 19:00:00+00:00,296.9,25.0,1021.8,15.8,22.0,2026-02-19,19,3
2026-02-19 20:00:00+00:00,309.6,29.0,1022.9,14.5,23.0,2026-02-19,20,3
2026-02-19 21:00:00+00:00,307.5,32.0,1023.6,13.4,23.4,2026-02-19,21,3
2026-02-19 22:00:00+00:00,296.2,34.0,1024.5,12.5,19.8,2026-02-19,22,3
2026-02-19 23:00:00+00:00,295.3,35.0,1024.9,11.8,20.2,2026-02-19,23,3
2026-02-20 00:00:00+00:00,299.7,34.5,1025.0,11.3,19.1,2026-02-20,0,4
2026-02-20 01:00:00+00:00,302.4,34.0,1025.1,11.4,22.7,2026-02-20,1,4
2026-02-20 02:00:00+00:00,301.3,36.0,1025.2,11.0,22.3,2026-02-20,2,4
2026-02-20 03:00:00+00:00,298.5,39.0,1025.0,10.4,20.5,2026-02-20,3,4
2026-02-20 04:00:00+00:00,291.7,41.0,1024.8,10.1,20.4,2026-02-20,4,4
2026-02-20 05:00:00+00:00,291.4,42.0,1025.2,9.9,20.2,2026-02-20,5,4
2026-02-20 06:00:00+00:00,290.0,44.0,1025.5,9.8,18.7,2026-02-20,6,4
2026-02-20 07:00:00+00:00,267.6,42.0,1025.9,9.5,15.1,2026-02-20,7,4
2026-02-20 08:00:00+00:00,264.4,39.0,1026.6,10.7,14.8,2026-02-20,8,4
2026-02-20 09:00:00+00:00,215.6,35.0,1027.0,12.8,15.5,2026-02-20,9,4
2026-02-20 10:00:00+00:00,192.8,31.0,1026.8,14.7,10.4,2026-02-20,10,4
2026-02-20 11:00:00+00:00,193.1,27.0,1026.6,16.3,9.0,2026-02-20,11,4
2026-02-20 12:00:00+00:00,185.6,23.0,1026.5,17.6,9.7,2026-02-20,12,4
2026-02-20 13:00:00+00:00,172.3,21.0,1025.9,18.7,14.4,2026-02-20,13,4
2026-02-20 14:00:00+00:00,159.7,23.0,1025.2,19.0,16.2,2026-02-20,14,4
2026-02-20 15:00:00+00:00,148.4,22.0,1024.5,18.8,16.6,2026-02-20,15,4
2026-02-20 16:00:00+00:00,137.7,26.0,1024.8,17.8,18.0,2026-02-20,16,4
2026-02-20 17:00:00+00:00,138.1,40.0,1025.2,15.5,16.9,2026-02-20,17,4
2026-02-20 18:00:00+00:00,115.8,50.0,1025.9,14.3,17.3,2026-02-20,18,4
2026-02-20 19:00:00+00:00,43.0,56.0,1026.6,13.8,10.4,2026-02-20,19,4
2026-02-20 20:00:00+00:00,28.5,61.0,1027.1,13.2,8.3,2026-02-20,20,4
2026-02-20 21:00:00+00:00,22.0,63.0,1027.7,12.3,11.5,2026-02-20,21,4
2026-02-20 22:00:00+00:00,354.7,59.0,1028.3,11.1,12.2,2026-02-20,22,4
2026-02-20 23:00:00+00:00,314.3,66.0,1028.5,9.2,8.3,2026-02-20,23,4
2026-02-21 00:00:00+00:00,304.0,64.5,1028.8,8.7,7.9,2026-02-21,0,5
2026-02-21 01:00:00+00:00,303.3,63.0,1029.2,8.6,7.6,2026-02-21,1,5
2026-02-21 02:00:00+00:00,298.6,62.5,1029.1,8.2,8.3,2026-02-21,2,5
2026-02-21 03:00:00+00:00,293.8,62.0,1029.0,7.5,7.9,2026-02-21,3,5
2026-02-21 04:00:00+00:00,295.3,61.5,1029.1,7.1,7.6,2026-02-21,4,5
2026-02-21 05:00:00+00:00,294.3,61.0,1029.5,7.0,7.9,2026-02-21,5,5
2026-02-21 06:00:00+00:00,298.3,60.5,1029.9,6.9,8.3,2026-02-21,6,5
2026-02-21 07:00:00+00:00,299.8,60.0,1030.6,6.6,7.1,2026-02-21,7,5
2026-02-21 08:00:00+00:00,295.8,54.0,1031.2,8.3,5.9,2026-02-21,8,5
2026-02-21 09:00:00+00:00,275.2,42.0,1031.8,11.8,4.7,2026-02-21,9,5
2026-02-21 10:00:00+00:00,77.9,34.0,1032.0,15.0,5.4,2026-02-21,10,5
2026-02-21 11:00:00+00:00,89.1,30.0,1031.7,16.9,7.2,2026-02-21,11,5
2026-02-21 12:00:00+00:00,104.9,29.0,1031.4,17.9,8.6,2026-02-21,12,5
2026-02-21 13:00:00+00:00,116.0,31.0,1030.7,18.5,11.5,2026-02-21,13,5
2026-02-21 14:00:00+00:00,111.2,33.0,1030.0,18.1,12.2,2026-02-21,14,5
2026-02-21 15:00:00+00:00,109.9,38.0,1029.5,17.4,11.8,2026-02-21,15,5
2026-02-21 16:00:00+00:00,104.4,43.0,1029.7,16.4,11.5,2026-02-21,16,5
2026-02-21 17:00:00+00:00,91.8,52.0,1029.9,15.2,9.4,2026-02-21,17,5
2026-02-21 18:00:00+00:00,62.4,68.0,1030.2,13.7,7.2,2026-02-21,18,5
2026-02-21 19:00:00+00:00,19.3,76.0,1030.6,13.0,6.1,2026-02-21,19,5
2026-02-21 20:00:00+00:00,354.2,80.0,1030.8,12.2,7.9,2026-02-21,20,5
2026-02-21 21:00:00+00:00,327.2,83.0,1031.0,11.1,9.0,2026-02-21,21,5
2026-02-21 22:00:00+00:00,305.4,86.0,1030.9,10.1,7.6,2026-02-21,22,5
2026-02-21 23:00:00+00:00,292.2,84.0,1030.7,9.9,8.3,2026-02-21,23,5
2026-02-22 00:00:00+00:00,289.9,80.0,1030.6,9.5,7.6,2026-02-22,0,6
2026-02-22 01:00:00+00:00,284.4,73.0,1030.3,9.2,8.1,2026-02-22,1,6
2026-02-22 02:00:00+00:00,279.0,72.0,1029.6,8.5,8.6,2026-02-22,2,6
2026-02-22 03:00:00+00:00,277.7,71.5,1028.7,8.0,9.0,2026-02-22,3,6
2026-02-22 04:00:00+00:00,284.1,71.0,1028.2,7.6,8.3,2026-02-22,4,6
2026-02-22 05:00:00+00:00,291.9,70.7,1028.4,7.3,7.9,2026-02-22,5,6
2026-02-22 06:00:00+00:00,302.9,70.3,1028.2,7.0,7.2,2026-02-22,6,6
2026-02-22 07:00:00+00:00,303.5,70.0,1028.8,6.9,8.3,2026-02-22,7,6
2026-02-22 08:00:00+00:00,306.3,60.0,1029.0,9.0,9.0,2026-02-22,8,6
2026-02-22 09:00:00+00:00,298.8,48.0,1029.3,12.1,5.0,2026-02-22,9,6
2026-02-22 10:00:00+00:00,128.9,37.0,1029.2,15.7,2.9,2026-02-22,10,6
2026-02-22 11:00:00+00:00,132.8,31.0,1029.1,18.2,6.1,2026-02-22,11,6
2026-02-22 12:00:00+00:00,130.1,30.0,1028.3,19.9,9.0,2026-02-22,12,6
2026-02-22 13:00:00+00:00,123.3,33.0,1027.8,20.3,11.5,2026-02-22,13,6
2026-02-22 14:00:00+00:00,111.8,36.0,1026.9,19.9,12.6,2026-02-22,14,6
2026-02-22 15:00:00+00:00,98.3,42.0,1026.3,18.7,11.5,2026-02-22,15,6
2026-02-22 16:00:00+00:00,83.4,51.0,1026.4,17.6,10.1,2026-02-22,16,6
2026-02-22 17:00:00+00:00,61.4,59.0,1026.5,16.3,11.2,2026-02-22,17,6
2026-02-22 18:00:00+00:00,43.8,70.0,1026.8,14.6,12.2,2026-02-22,18,6
2026-02-22 19:00:00+00:00,23.6,77.0,1027.2,13.6,10.1,2026-02-22,19,6
2026-02-22 20:00:00+00:00,351.3,80.0,1027.4,12.9,8.3,2026-02-22,20,6
2026-02-22 21:00:00+00:00,301.7,82.0,1027.5,12.0,6.5,2026-02-22,21,6
2026-02-22 22:00:00+00:00,286.9,81.0,1027.4,11.5,5.8,2026-02-22,22,6
2026-02-22 23:00:00+00:00,290.6,80.0,1027.3,11.2,5.0,2026-02-22,23,6
2026-02-23 00:00:00+00:00,286.8,78.0,1026.7,10.9,6.1,2026-02-23,0,0
2026-02-23 01:00:00+00:00,284.1,69.0,1026.2,10.5,7.9,2026-02-23,1,0
2026-02-23 02:00:00+00:00,290.8,67.0,1025.6,9.8,8.6,2026-02-23,2,0
2026-02-23 03:00:00+00:00,292.1,66.0,1024.7,9.3,10.1,2026-02-23,3,0
2026-02-23 04:00:00+00:00,296.3,65.0,1024.4,8.8,9.7,2026-02-23,4,0
2026-02-23 05:00:00+00:00,308.7,66.0,1024.6,8.1,8.6,2026-02-23,5,0
2026-02-23 06:00:00+00:00,304.3,67.0,1024.8,7.5,7.2,2026-02-23,6,0
2026-02-23 07:00:00+00:00,293.9,68.0,1025.2,7.1,7.9,2026-02-23,7,0
2026-02-23 08:00:00+00:00,297.5,60.0,1025.7,9.3,9.0,2026-02-23,8,0
2026-02-23 09:00:00+00:00,295.1,45.0,1025.8,13.2,5.4,2026-02-23,9,0
2026-02-23 10:00:00+00:00,26.5,34.0,1026.0,16.6,2.9,2026-02-23,10,0
2026-02-23 11:00:00+00:00,112.9,28.0,1025.9,19.1,5.4,2026-02-23,11,0
2026-02-23 12:00:00+00:00,113.0,26.0,1025.5,20.5,8.6,2026-02-23,12,0
2026-02-23 13:00:00+00:00,113.3,31.0,1024.9,20.9,11.2,2026-02-23,13,0
2026-02-23 14:00:00+00:00,107.7,36.0,1024.1,20.3,12.2,2026-02-23,14,0
2026-02-23 15:00:00+00:00,99.3,45.0,1023.6,19.1,12.6,2026-02-23,15,0
2026-02-23 16:00:00+00:00,95.5,56.0,1023.5,17.5,11.9,2026-02-23,16,0
2026-02-23 17:00:00+00:00,78.3,72.0,1023.7,15.3,8.3,2026-02-23,17,0
2026-02-23 18:00:00+00:00,63.2,86.0,1024.2,13.3,6.8,2026-02-23,18,0
2026-02-23 19:00:00+00:00,43.0,90.0,1024.6,12.7,7.2,2026-02-23,19,0
2026-02-23 20:00:00+00:00,316.2,91.0,1024.6,11.9,4.3,2026-02-23,20,0
2026-02-23 21:00:00+00:00,295.4,90.0,1024.7,11.5,4.5,2026-02-23,21,0
2026-02-23 22:00:00+00:00,287.3,89.0,1024.6,11.0,4.7,2026-02-23,22,0
2026-02-23 23:00:00+00:00,279.8,84.0,1024.1,10.7,6.1,2026-02-23,23,0
2026-02-24 00:00:00+00:00,283.2,83.0,1023.5,10.0,7.2,2026-02-24,0,1
2026-02-24 01:00:00+00:00,282.9,68.0,1023.2,10.2,8.6,2026-02-24,1,1
2026-02-24 02:00:00+00:00,286.3,62.0,1022.6,10.0,8.3,2026-02-24,2,1
2026-02-24 03:00:00+00:00,286.4,59.0,1021.7,9.4,7.9,2026-02-24,3,1
2026-02-24 04:00:00+00:00,284.7,57.0,1021.3,9.1,7.7,2026-02-24,4,1
2026-02-24 05:00:00+00:00,286.3,57.5,1021.1,8.8,7.4,2026-02-24,5,1
2026-02-24 06:00:00+00:00,284.8,58.0,1021.4,8.4,7.2,2026-02-24,6,1
2026-02-24 07:00:00+00:00,283.2,66.0,1021.6,8.0,8.6,2026-02-24,7,1
2026-02-24 08:00:00+00:00,284.5,59.0,1021.5,10.0,9.4,2026-02-24,8,1
2026-02-24 09:00:00+00:00,282.3,49.0,1021.4,13.3,5.4,2026-02-24,9,1
2026-02-24 10:00:00+00:00,95.2,41.0,1021.1,16.5,4.3,2026-02-24,10,1
2026-02-24 11:00:00+00:00,99.3,35.0,1020.7,18.7,6.5,2026-02-24,11,1
2026-02-24 12:00:00+00:00,108.4,34.0,1020.1,20.1,9.0,2026-02-24,12,1
2026-02-24 13:00:00+00:00,117.9,36.0,1019.4,20.2,10.8,2026-02-24,13,1
2026-02-24 14:00:00+00:00,118.8,37.0,1018.5,20.0,12.2,2026-02-24,14,1
2026-02-24 15:00:00+00:00,116.1,43.0,1017.8,19.3,11.2,2026-02-24,15,1
2026-02-24 16:00:00+00:00,99.9,51.0,1017.6,18.3,8.6,2026-02-24,16,1
2026-02-24 17:00:00+00:00,58.6,60.0,1017.5,17.0,7.2,2026-02-24,17,1
2026-02-24 18:00:00+00:00,35.6,72.0,1017.8,15.1,10.8,2026-02-24,18,1
2026-02-24 19:00:00+00:00,0.0,73.0,1018.2,14.0,11.2,2026-02-24,19,1
2026-02-24 20:00:00+00:00,5.9,75.0,1018.4,13.0,10.1,2026-02-24,20,1
2026-02-24 21:00:00+00:00,0.2,77.0,1018.5,12.3,8.3,2026-02-24,21,1
2026-02-24 22:00:00+00:00,303.8,78.0,1018.7,11.9,5.0,2026-02-24,22,1
2026-02-24 23:00:00+00:00,285.6,79.0,1018.6,11.4,5.4,2026-02-24,23,1
2026-02-25 00:00:00+00:00,286.8,77.0,1018.5,10.9,5.8,2026-02-25,0,2
2026-02-25 01:00:00+00:00,293.1,66.0,1018.2,10.6,7.9,2026-02-25,1,2
2026-02-25 02:00:00+00:00,280.3,64.0,1018.0,9.8,7.2,2026-02-25,2,2
2026-02-25 03:00:00+00:00,284.5,61.0,1017.4,9.2,7.9,2026-02-25,3,2
2026-02-25 04:00:00+00:00,288.9,62.0,1017.2,8.5,7.2,2026-02-25,4,2
2026-02-25 05:00:00+00:00,321.4,64.0,1017.5,8.2,5.4,2026-02-25,5,2
2026-02-25 06:00:00+00:00,348.8,63.0,1017.9,8.5,5.0,2026-02-25,6,2
2026-02-25 07:00:00+00:00,359.6,70.0,1018.7,8.3,6.5,2026-02-25,7,2
2026-02-25 08:00:00+00:00,12.5,66.0,1019.3,10.5,7.9,2026-02-25,8,2
2026-02-25 09:00:00+00:00,46.6,63.0,1019.7,12.8,7.6,2026-02-25,9,2
2026-02-25 10:00:00+00:00,66.3,58.0,1019.9,15.0,11.2,2026-02-25,10,2
2026-02-25 11:00:00+00:00,75.6,55.0,1020.1,16.6,13.0,2026-02-25,11,2
2026-02-25 12:00:00+00:00,82.0,57.0,1020.2,17.3,14.4,2026-02-25,12,2
2026-02-25 13:00:00+00:00,81.5,62.0,1020.0,17.0,15.1,2026-02-25,13,2
2026-02-25 14:00:00+00:00,76.0,66.0,1019.7,16.7,15.5,2026-02-25,14,2
2026-02-25 15:00:00+00:00,69.6,72.0,1019.6,16.2,15.8,2026-02-25,15,2
2026-02-25 16:00:00+00:00,66.6,78.0,1019.8,15.5,16.2,2026-02-25,16,2
2026-02-25 17:00:00+00:00,65.6,85.0,1020.6,14.6,15.1,2026-02-25,17,2
2026-02-25 18:00:00+00:00,57.8,90.0,1021.4,13.7,13.0,2026-02-25,18,2
2026-02-25 19:00:00+00:00,42.6,91.0,1022.7,12.9,12.6,2026-02-25,19,2
2026-02-25 20:00:00+00:00,23.1,92.0,1023.3,12.3,11.9,2026-02-25,20,2
2026-02-25 21:00:00+00:00,349.9,93.0,1024.0,11.5,10.8,2026-02-25,21,2
2026-02-25 22:00:00+00:00,316.6,94.0,1024.5,10.8,9.4,2026-02-25,22,2
2026-02-25 23:00:00+00:00,308.1,96.0,1024.6,10.0,9.0,2026-02-25,23,2
2026-02-26 00:00:00+00:00,303.2,95.5,1024.9,9.4,7.6,2026-02-26,0,3
2026-02-26 01:00:00+00:00,293.9,95.0,1025.3,8.9,6.5,2026-02-26,1,3
2026-02-26 02:00:00+00:00,299.2,94.0,1025.4,8.5,6.8,2026-02-26,2,3
2026-02-26 03:00:00+00:00,299.4,93.0,1025.6,8.2,6.1,2026-02-26,3,3
2026-02-26 04:00:00+00:00,299.9,91.0,1025.7,8.1,5.9,2026-02-26,4,3
2026-02-26 05:00:00+00:00,293.1,89.0,1025.8,7.8,5.6,2026-02-26,5,3
2026-02-26 06:00:00+00:00,290.3,90.5,1026.4,7.4,5.4,2026-02-26,6,3
2026-02-26 07:00:00+00:00,291.4,92.0,1027.1,8.4,6.5,2026-02-26,7,3
2026-02-26 08:00:00+00:00,286.5,86.0,1027.9,9.3,7.2,2026-02-26,8,3
2026-02-26 09:00:00+00:00,242.5,74.0,1028.2,12.3,6.1,2026-02-26,9,3
2026-02-26 10:00:00+00:00,113.5,64.0,1028.1,14.7,3.2,2026-02-26,10,3
2026-02-26 11:00:00+00:00,105.0,58.0,1028.0,16.6,5.0,2026-02-26,11,3
2026-02-26 12:00:00+00:00,111.7,53.0,1027.7,17.6,9.0,2026-02-26,12,3
2026-02-26 13:00:00+00:00,112.8,46.0,1027.2,18.6,11.2,2026-02-26,13,3
2026-02-26 14:00:00+00:00,107.8,47.0,1026.6,18.3,12.2,2026-02-26,14,3
2026-02-26 15:00:00+00:00,102.2,48.0,1026.2,17.6,11.5,2026-02-26,15,3
2026-02-26 16:00:00+00:00,99.4,57.0,1026.1,16.5,10.1,2026-02-26,16,3
2026-02-26 17:00:00+00:00,96.4,68.0,1026.2,15.0,8.3,2026-02-26,17,3
2026-02-26 18:00:00+00:00,81.2,82.0,1026.7,13.5,5.4,2026-02-26,18,3
2026-02-26 19:00:00+00:00,57.4,90.0,1027.0,12.6,5.0,2026-02-26,19,3
2026-02-26 20:00:00+00:00,356.7,92.0,1027.6,12.0,4.3,2026-02-26,20,3
2026-02-26 21:00:00+00:00,297.9,93.0,1027.7,11.2,3.2,2026-02-26,21,3
2026-02-26 22:00:00+00:00,289.7,92.0,1027.8,10.6,5.8,2026-02-26,22,3
2026-02-26 23:00:00+00:00,280.8,91.0,1027.6,10.1,7.6,2026-02-26,23,3
2026-02-27 00:00:00+00:00,279.0,89.0,1027.3,9.3,7.2,2026-02-27,0,4
2026-02-27 01:00:00+00:00,283.7,84.0,1026.9,8.8,7.6,2026-02-27,1,4
2026-02-27 02:00:00+00:00,281.8,80.0,1026.2,8.0,7.2,2026-02-27,2,4
2026-02-27 03:00:00+00:00,279.6,75.0,1025.4,7.5,7.1,2026-02-27,3,4
2026-02-27 04:00:00+00:00,280.3,69.0,1024.8,7.3,7.0,2026-02-27,4,4
2026-02-27 05:00:00+00:00,281.4,64.0,1024.7,7.2,6.9,2026-02-27,5,4
2026-02-27 06:00:00+00:00,283.1,64.5,1024.6,7.1,6.8,2026-02-27,6,4
2026-02-27 07:00:00+00:00,289.2,65.0,1024.7,6.8,5.8,2026-02-27,7,4
2026-02-27 08:00:00+00:00,283.6,58.0,1024.8,8.9,5.4,2026-02-27,8,4
2026-02-27 09:00:00+00:00,228.3,52.0,1024.7,12.1,5.0,2026-02-27,9,4
2026-02-27 10:00:00+00:00,164.3,42.0,1024.6,15.1,6.4,2026-02-27,10,4
2026-02-27 11:00:00+00:00,135.0,40.0,1024.3,17.0,7.9,2026-02-27,11,4
2026-02-27 12:00:00+00:00,120.2,44.0,1023.6,17.8,12.2,2026-02-27,12,4
2026-02-27 13:00:00+00:00,112.8,58.0,1023.0,16.8,13.3,2026-02-27,13,4
2026-02-27 14:00:00+00:00,113.0,64.0,1022.0,16.1,14.4,2026-02-27,14,4
2026-02-27 15:00:00+00:00,108.1,69.0,1021.2,15.7,14.8,2026-02-27,15,4
2026-02-27 16:00:00+00:00,98.8,74.0,1020.9,15.3,14.0,2026-02-27,16,4
2026-02-27 17:00:00+00:00,82.6,81.0,1021.1,14.5,11.9,2026-02-27,17,4
2026-02-27 18:00:00+00:00,36.6,89.0,1021.3,13.0,9.4,2026-02-27,18,4
2026-02-27 19:00:00+00:00,7.5,88.0,1021.8,12.5,10.1,2026-02-27,19,4
2026-02-27 20:00:00+00:00,6.1,86.0,1022.1,12.2,8.3,2026-02-27,20,4
2026-02-27 21:00:00+00:00,357.5,88.0,1022.0,11.7,6.1,2026-02-27,21,4
2026-02-27 22:00:00+00:00,343.8,90.0,1022.0,11.2,5.9,2026-02-27,22,4
2026-02-27 23:00:00+00:00,321.3,95.0,1021.9,10.2,5.8,2026-02-27,23,4
2026-02-28 00:00:00+00:00,326.6,96.0,1021.6,9.5,6.1,2026-02-28,0,5
2026-02-28 01:00:00+00:00,330.2,94.0,1021.5,9.6,7.4,2026-02-28,1,5
2026-02-28 02:00:00+00:00,357.0,91.0,1021.6,10.1,8.6,2026-02-28,2,5
2026-02-28 03:00:00+00:00,19.0,92.0,1021.7,10.5,13.0,2026-02-28,3,5
2026-02-28 04:00:00+00:00,20.7,92.5,1021.8,10.7,15.1,2026-02-28,4,5
2026-02-28 05:00:00+00:00,3.0,93.0,1022.4,10.3,15.5,2026-02-28,5,5
2026-02-28 06:00:00+00:00,348.3,94.0,1022.9,9.7,16.2,2026-02-28,6,5
2026-02-28 07:00:00+00:00,358.0,89.0,1023.5,10.9,14.0,2026-02-28,7,5
2026-02-28 08:00:00+00:00,6.0,81.0,1024.2,12.0,13.3,2026-02-28,8,5
2026-02-28 09:00:00+00:00,34.3,73.0,1024.7,13.2,15.8,2026-02-28,9,5
2026-02-28 10:00:00+00:00,46.7,71.0,1025.0,13.9,16.9,2026-02-28,10,5
2026-02-28 11:00:00+00:00,54.2,63.0,1025.1,15.2,18.0,2026-02-28,11,5
2026-02-28 12:00:00+00:00,61.7,67.0,1024.9,14.8,20.2,2026-02-28,12,5
2026-02-28 13:00:00+00:00,67.1,59.0,1024.7,15.9,16.9,2026-02-28,13,5
2026-02-28 14:00:00+00:00,66.6,56.0,1024.0,16.4,18.0,2026-02-28,14,5
2026-02-28 15:00:00+00:00,72.9,58.0,1023.7,15.9,17.6,2026-02-28,15,5
2026-02-28 16:00:00+00:00,74.1,65.0,1023.8,15.3,16.6,2026-02-28,16,5
2026-02-28 17:00:00+00:00,72.3,74.0,1024.0,14.2,16.9,2026-02-28,17,5
2026-02-28 18:00:00+00:00,55.6,80.0,1024.7,13.5,15.5,2026-02-28,18,5
2026-02-28 19:00:00+00:00,55.0,82.0,1025.4,13.3,14.8,2026-02-28,19,5
2026-02-28 20:00:00+00:00,32.9,85.0,1025.9,13.0,12.6,2026-02-28,20,5
2026-02-28 21:00:00+00:00,10.8,86.0,1026.3,12.6,12.4,2026-02-28,21,5
2026-02-28 22:00:00+00:00,352.4,88.0,1026.4,12.1,12.2,2026-02-28,22,5
2026-02-28 23:00:00+00:00,313.1,90.0,1026.3,10.3,10.8,2026-02-28,23,5
2026-03-01 00:00:00+00:00,299.9,93.0,1026.2,9.6,9.4,2026-03-01,0,6
2026-03-01 01:00:00+00:00,292.2,94.0,1026.1,9.3,6.8,2026-03-01,1,6
2026-03-01 02:00:00+00:00,293.6,95.0,1025.9,8.9,7.6,2026-03-01,2,6
2026-03-01 03:00:00+00:00,300.7,96.0,1025.5,8.5,8.3,2026-03-01,3,6
2026-03-01 04:00:00+00:00,306.3,95.0,1025.4,8.2,7.9,2026-03-01,4,6
2026-03-01 05:00:00+00:00,307.7,94.0,1025.8,7.9,7.2,2026-03-01,5,6
2026-03-01 06:00:00+00:00,307.9,91.0,1026.0,8.0,6.6,2026-03-01,6,6
2026-03-01 07:00:00+00:00,299.7,92.0,1026.3,8.3,6.1,2026-03-01,7,6
2026-03-01 08:00:00+00:00,293.9,84.0,1026.5,10.2,5.8,2026-03-01,8,6
2026-03-01 09:00:00+00:00,304.2,71.0,1026.8,13.3,5.0,2026-03-01,9,6
2026-03-01 10:00:00+00:00,64.2,65.0,1026.6,14.8,9.0,2026-03-01,10,6
2026-03-01 11:00:00+00:00,75.8,61.0,1026.3,15.5,10.8,2026-03-01,11,6
2026-03-01 12:00:00+00:00,79.0,60.0,1026.0,15.8,11.9,2026-03-01,12,6
2026-03-01 13:00:00+00:00,82.9,57.0,1025.0,16.2,12.2,2026-03-01,13,6
2026-03-01 14:00:00+00:00,96.6,61.0,1024.2,15.8,13.3,2026-03-01,14,6
2026-03-01 15:00:00+00:00,112.1,64.0,1023.6,15.4,12.2,2026-03-01,15,6
2026-03-01 16:00:00+00:00,115.0,65.0,1023.4,14.9,11.0,2026-03-01,16,6
2026-03-01 17:00:00+00:00,106.7,66.0,1023.0,14.3,9.7,2026-03-01,17,6
2026-03-01 18:00:00+00:00,99.2,72.0,1023.3,13.2,8.6,2026-03-01,18,6
2026-03-01 19:00:00+00:00,97.8,83.0,1023.6,12.4,6.8,2026-03-01,19,6
2026-03-01 20:00:00+00:00,72.5,86.0,1023.7,11.9,7.0,2026-03-01,20,6
2026-03-01 21:00:00+00:00,21.6,88.0,1023.8,11.4,7.2,2026-03-01,21,6
2026-03-01 22:00:00+00:00,353.0,90.0,1023.6,11.0,6.1,2026-03-01,22,6
2026-03-01 23:00:00+00:00,344.3,90.5,1023.0,10.8,7.2,2026-03-01,23,6
2026-03-02 00:00:00+00:00,342.6,91.0,1022.5,10.4,7.6,2026-03-02,0,0
2026-03-02 01:00:00+00:00,324.9,94.0,1022.4,9.7,6.5,2026-03-02,1,0
2026-03-02 02:00:00+00:00,315.5,93.5,1021.6,9.5,8.3,2026-03-02,2,0
2026-03-02 03:00:00+00:00,313.4,93.0,1020.9,9.6,7.2,2026-03-02,3,0
2026-03-02 04:00:00+00:00,329.4,94.0,1020.6,9.1,6.1,2026-03-02,4,0
2026-03-02 05:00:00+00:00,319.5,93.0,1020.6,9.2,5.8,2026-03-02,5,0
2026-03-02 06:00:00+00:00,322.9,90.0,1020.6,9.4,6.8,2026-03-02,6,0
2026-03-02 07:00:00+00:00,304.4,90.0,1020.6,7.6,7.2,2026-03-02,7,0
